"source_row","standLRT","schavg","normexam","school","X","Y","Z","Group"
1,0.6190592,0.1661752,0.2613242,"1",0.6190592,0.1661752,0.2613242,"1"
2,0.2058022,0.1661752,0.1340672,"1",0.2058022,0.1661752,0.1340672,"1"
3,-1.364576,0.1661752,-1.723882,"1",-1.364576,0.1661752,-1.723882,"1"
4,0.2058022,0.1661752,0.9675862,"1",0.2058022,0.1661752,0.9675862,"1"
5,0.3711052,0.1661752,0.5443412,"1",0.3711052,0.1661752,0.5443412,"1"
6,2.1894372,0.1661752,1.7348992,"1",2.1894372,0.1661752,1.7348992,"1"
7,-1.116621,0.1661752,1.0396082,"1",-1.116621,0.1661752,1.0396082,"1"
8,-1.03397,0.1661752,-0.129085,"1",-1.03397,0.1661752,-0.129085,"1"
9,-0.538061,0.1661752,-0.939378,"1",-0.538061,0.1661752,-0.939378,"1"
10,-1.447227,0.1661752,-1.219486,"1",-1.447227,0.1661752,-1.219486,"1"
11,2.4373912,0.1661752,2.4086922,"1",2.4373912,0.1661752,2.4086922,"1"
12,2.1067862,0.1661752,0.6107292,"1",2.1067862,0.1661752,0.6107292,"1"
13,0.0404992,0.1661752,-1.836687,"1",0.0404992,0.1661752,-1.836687,"1"
14,1.1976192,0.1661752,-0.129085,"1",1.1976192,0.1661752,-0.129085,"1"
15,2.5200432,0.1661752,2.2031212,"1",2.5200432,0.1661752,2.2031212,"1"
16,1.1149682,0.1661752,1.2405332,"1",1.1149682,0.1661752,1.2405332,"1"
17,1.0323172,0.1661752,1.7348992,"1",1.0323172,0.1661752,1.7348992,"1"
18,0.7843622,0.1661752,1.3101422,"1",0.7843622,0.1661752,1.3101422,"1"
19,-1.116621,0.1661752,-0.623051,"1",-1.116621,0.1661752,-0.623051,"1"
20,-1.199273,0.1661752,1.0396082,"1",-1.199273,0.1661752,1.0396082,"1"
21,-0.372758,0.1661752,-1.029067,"1",-0.372758,0.1661752,-1.029067,"1"
22,-1.364576,0.1661752,-1.219486,"1",-1.364576,0.1661752,-1.219486,"1"
23,-0.951318,0.1661752,0.3280722,"1",-0.951318,0.1661752,0.3280722,"1"
24,-2.356393,0.1661752,-0.492781,"1",-2.356393,0.1661752,-0.492781,"1"
25,-0.042152,0.1661752,1.9003352,"1",-0.042152,0.1661752,1.9003352,"1"
26,0.3711052,0.1661752,0.8965662,"1",0.3711052,0.1661752,0.8965662,"1"
27,1.1149682,0.1661752,0.0735362,"1",1.1149682,0.1661752,0.0735362,"1"
28,0.0404992,0.1661752,0.1941492,"1",0.0404992,0.1661752,0.1941492,"1"
29,0.6190592,0.1661752,1.5061852,"1",0.6190592,0.1661752,1.5061852,"1"
30,2.0241342,0.1661752,1.9003352,"1",2.0241342,0.1661752,1.9003352,"1"
31,-0.620713,0.1661752,0.3280722,"1",-0.620713,0.1661752,0.3280722,"1"
32,-1.116621,0.1661752,0.8965662,"1",-1.116621,0.1661752,0.8965662,"1"
33,0.2884532,0.1661752,1.6618062,"1",0.2884532,0.1661752,1.6618062,"1"
34,-0.124804,0.1661752,-0.776109,"1",-0.124804,0.1661752,-0.776109,"1"
35,0.3711052,0.1661752,0.4026692,"1",0.3711052,0.1661752,0.4026692,"1"
36,1.0323172,0.1661752,0.9675862,"1",1.0323172,0.1661752,0.9675862,"1"
37,-0.124804,0.1661752,0.4781942,"1",-0.124804,0.1661752,0.4781942,"1"
38,0.1231502,0.1661752,0.1340672,"1",0.1231502,0.1661752,0.1340672,"1"
39,0.6190592,0.1661752,2.3136012,"1",0.6190592,0.1661752,2.3136012,"1"
40,0.2884532,0.1661752,-0.197611,"1",0.2884532,0.1661752,-0.197611,"1"
41,-0.290107,0.1661752,0.4781942,"1",-0.290107,0.1661752,0.4781942,"1"
42,0.7843622,0.1661752,0.8219882,"1",0.7843622,0.1661752,0.8219882,"1"
43,-0.290107,0.1661752,1.0396082,"1",-0.290107,0.1661752,1.0396082,"1"
44,-1.03397,0.1661752,-0.555112,"1",-1.03397,0.1661752,-0.555112,"1"
45,-0.951318,0.1661752,-1.335315,"1",-0.951318,0.1661752,-1.335315,"1"
46,-2.356393,0.1661752,-0.555112,"1",-2.356393,0.1661752,-0.555112,"1"
47,0.7843622,0.1661752,1.5061852,"1",0.7843622,0.1661752,1.5061852,"1"
48,-0.372758,0.1661752,-0.939378,"1",-0.372758,0.1661752,-0.939378,"1"
49,0.7843622,0.1661752,2.3136012,"1",0.7843622,0.1661752,2.3136012,"1"
50,-0.703364,0.1661752,-0.062088,"1",-0.703364,0.1661752,-0.062088,"1"
51,0.0404992,0.1661752,-0.197611,"1",0.0404992,0.1661752,-0.197611,"1"
52,-0.290107,0.1661752,-0.197611,"1",-0.290107,0.1661752,-0.197611,"1"
53,1.6108772,0.1661752,2.0397092,"1",1.6108772,0.1661752,2.0397092,"1"
54,0.3711052,0.1661752,1.6618062,"1",0.3711052,0.1661752,1.6618062,"1"
55,1.6108772,0.1661752,1.4395322,"1",1.6108772,0.1661752,1.4395322,"1"
56,0.3711052,0.1661752,0.3280722,"1",0.3711052,0.1661752,0.3280722,"1"
57,-0.042152,0.1661752,0.0735362,"1",-0.042152,0.1661752,0.0735362,"1"
58,-0.290107,0.1661752,0.9675862,"1",-0.290107,0.1661752,0.9675862,"1"
59,-0.620713,0.1661752,-1.029067,"1",-0.620713,0.1661752,-1.029067,"1"
60,1.6108772,0.1661752,1.7348992,"1",1.6108772,0.1661752,1.7348992,"1"
61,1.1976192,0.1661752,2.4086922,"1",1.1976192,0.1661752,2.4086922,"1"
62,-0.620713,0.1661752,-1.526653,"1",-0.620713,0.1661752,-1.526653,"1"
63,0.8670142,0.1661752,1.4395322,"1",0.8670142,0.1661752,1.4395322,"1"
64,0.5364082,0.1661752,1.5061852,"1",0.5364082,0.1661752,1.5061852,"1"
65,0.4537562,0.1661752,1.8138272,"1",0.4537562,0.1661752,1.8138272,"1"
66,1.2802712,0.1661752,0.7472282,"1",1.2802712,0.1661752,0.7472282,"1"
67,-1.281924,0.1661752,-1.029067,"1",-1.281924,0.1661752,-1.029067,"1"
68,-0.124804,0.1661752,-0.129085,"1",-0.124804,0.1661752,-0.129085,"1"
69,0.2058022,0.1661752,1.5792202,"1",0.2058022,0.1661752,1.5792202,"1"
70,1.6935282,0.1661752,1.3101422,"1",1.6935282,0.1661752,1.3101422,"1"
71,-0.868667,0.1661752,-1.118624,"1",-0.868667,0.1661752,-1.118624,"1"
72,0.8670142,0.1661752,0.8965662,"1",0.8670142,0.1661752,0.8965662,"1"
73,0.3711052,0.1661752,0.2613242,"1",0.3711052,0.1661752,0.2613242,"1"
74,0.1231502,0.3951492,1.5792202,"2",0.1231502,0.3951492,1.5792202,"2"
75,0.7017112,0.3951492,1.2405332,"2",0.7017112,0.3951492,1.2405332,"2"
76,0.2884532,0.3951492,0.6107292,"2",0.2884532,0.3951492,0.6107292,"2"
77,0.7017112,0.3951492,0.4781942,"2",0.7017112,0.3951492,0.4781942,"2"
78,-0.620713,0.3951492,-1.118624,"2",-0.620713,0.3951492,-1.118624,"2"
79,1.2802712,0.3951492,1.7348992,"2",1.2802712,0.3951492,1.7348992,"2"
80,0.6190592,0.3951492,2.4086922,"2",0.6190592,0.3951492,2.4086922,"2"
81,0.9496652,0.3951492,2.9246672,"2",0.9496652,0.3951492,2.9246672,"2"
82,-0.45541,0.3951492,2.7018012,"2",-0.45541,0.3951492,2.7018012,"2"
83,1.1976192,0.3951492,1.3101422,"2",1.1976192,0.3951492,1.3101422,"2"
84,1.0323172,0.3951492,1.5061852,"2",1.0323172,0.3951492,1.5061852,"2"
85,-1.281924,0.3951492,-0.129085,"2",-1.281924,0.3951492,-0.129085,"2"
86,-0.538061,0.3951492,-0.129085,"2",-0.538061,0.3951492,-0.129085,"2"
87,1.3629222,0.3951492,0.6107292,"2",1.3629222,0.3951492,0.6107292,"2"
88,1.0323172,0.3951492,3.1340482,"2",1.0323172,0.3951492,3.1340482,"2"
89,1.2802712,0.3951492,2.2031212,"2",1.2802712,0.3951492,2.2031212,"2"
90,0.3711052,0.3951492,0.5443412,"2",0.3711052,0.3951492,0.5443412,"2"
91,-0.45541,0.3951492,-0.623051,"2",-0.45541,0.3951492,-0.623051,"2"
92,0.0404992,0.3951492,1.4395322,"2",0.0404992,0.3951492,1.4395322,"2"
93,-0.290107,0.3951492,1.0396082,"2",-0.290107,0.3951492,1.0396082,"2"
94,-0.620713,0.3951492,0.0043222,"2",-0.620713,0.3951492,0.0043222,"2"
95,0.7843622,0.3951492,0.4026692,"2",0.7843622,0.3951492,0.4026692,"2"
96,-0.786016,0.3951492,-0.623051,"2",-0.786016,0.3951492,-0.623051,"2"
97,1.9414832,0.3951492,1.3101422,"2",1.9414832,0.3951492,1.3101422,"2"
98,-0.868667,0.3951492,-1.029067,"2",-0.868667,0.3951492,-1.029067,"2"
99,1.9414832,0.3951492,2.4086922,"2",1.9414832,0.3951492,2.4086922,"2"
100,-0.372758,0.3951492,0.8219882,"2",-0.372758,0.3951492,0.8219882,"2"
101,0.1231502,0.3951492,0.6107292,"2",0.1231502,0.3951492,0.6107292,"2"
102,2.0241342,0.3951492,2.7018012,"2",2.0241342,0.3951492,2.7018012,"2"
103,1.9414832,0.3951492,1.7348992,"2",1.9414832,0.3951492,1.7348992,"2"
104,1.6935282,0.3951492,0.4026692,"2",1.6935282,0.3951492,0.4026692,"2"
105,-0.45541,0.3951492,-1.962075,"2",-0.45541,0.3951492,-1.962075,"2"
106,1.3629222,0.3951492,0.3280722,"2",1.3629222,0.3951492,0.3280722,"2"
107,-2.76965,0.3951492,-1.438662,"2",-2.76965,0.3951492,-1.438662,"2"
108,0.2884532,0.3951492,2.0397092,"2",0.2884532,0.3951492,2.0397092,"2"
109,-0.45541,0.3951492,0.6107292,"2",-0.45541,0.3951492,0.6107292,"2"
110,-0.124804,0.3951492,-0.555112,"2",-0.124804,0.3951492,-0.555112,"2"
111,0.3711052,0.3951492,2.0397092,"2",0.3711052,0.3951492,2.0397092,"2"
112,-1.695182,0.3951492,-0.623051,"2",-1.695182,0.3951492,-0.623051,"2"
113,-0.620713,0.3951492,-1.118624,"2",-0.620713,0.3951492,-1.118624,"2"
114,0.0404992,0.3951492,0.7472282,"2",0.0404992,0.3951492,0.7472282,"2"
115,2.4373912,0.3951492,1.8138272,"2",2.4373912,0.3951492,1.8138272,"2"
116,2.0241342,0.3951492,1.9771072,"2",2.0241342,0.3951492,1.9771072,"2"
117,0.2058022,0.3951492,-1.219486,"2",0.2058022,0.3951492,-1.219486,"2"
118,1.2802712,0.3951492,0.4026692,"2",1.2802712,0.3951492,0.4026692,"2"
119,2.1894372,0.3951492,1.1094382,"2",2.1894372,0.3951492,1.1094382,"2"
120,1.6108772,0.3951492,1.0396082,"2",1.6108772,0.3951492,1.0396082,"2"
121,-0.538061,0.3951492,-0.265159,"2",-0.538061,0.3951492,-0.265159,"2"
122,0.7017112,0.3951492,1.6618062,"2",0.7017112,0.3951492,1.6618062,"2"
123,2.1894372,0.3951492,2.1029752,"2",2.1894372,0.3951492,2.1029752,"2"
124,1.2802712,0.3951492,3.1340482,"2",1.2802712,0.3951492,3.1340482,"2"
125,-0.45541,0.3951492,0.6107292,"2",-0.45541,0.3951492,0.6107292,"2"
126,-0.042152,0.3951492,0.6107292,"2",-0.042152,0.3951492,0.6107292,"2"
127,-1.116621,0.3951492,-1.335315,"2",-1.116621,0.3951492,-1.335315,"2"
128,-1.116621,0.3951492,-0.85267,"2",-1.116621,0.3951492,-0.85267,"2"
129,-0.042152,0.5141552,-0.197611,"3",-0.042152,0.5141552,-0.197611,"3"
130,1.3629222,0.5141552,2.9246672,"3",1.3629222,0.5141552,2.9246672,"3"
131,1.3629222,0.5141552,-0.699505,"3",1.3629222,0.5141552,-0.699505,"3"
132,1.4455742,0.5141552,2.4086922,"3",1.4455742,0.5141552,2.4086922,"3"
133,-0.124804,0.5141552,0.8965662,"3",-0.124804,0.5141552,0.8965662,"3"
134,-0.538061,0.5141552,0.1340672,"3",-0.538061,0.5141552,0.1340672,"3"
135,0.7017112,0.5141552,-0.699505,"3",0.7017112,0.5141552,-0.699505,"3"
136,-0.042152,0.5141552,0.0043222,"3",-0.042152,0.5141552,0.0043222,"3"
137,-1.860484,0.5141552,-0.062088,"3",-1.860484,0.5141552,-0.062088,"3"
138,0.1231502,0.5141552,1.1758492,"3",0.1231502,0.5141552,1.1758492,"3"
139,2.4373912,0.5141552,1.9771072,"3",2.4373912,0.5141552,1.9771072,"3"
140,1.2802712,0.5141552,-0.265159,"3",1.2802712,0.5141552,-0.265159,"3"
141,-0.620713,0.5141552,0.6787592,"3",-0.620713,0.5141552,0.6787592,"3"
142,1.1976192,0.5141552,0.2613242,"3",1.1976192,0.5141552,0.2613242,"3"
143,0.2058022,0.5141552,0.9675862,"3",0.2058022,0.5141552,0.9675862,"3"
144,-0.207455,0.5141552,1.5061852,"3",-0.207455,0.5141552,1.5061852,"3"
145,0.3711052,0.5141552,1.3747412,"3",0.3711052,0.5141552,1.3747412,"3"
146,-0.207455,0.5141552,0.2613242,"3",-0.207455,0.5141552,0.2613242,"3"
147,1.1976192,0.5141552,1.8138272,"3",1.1976192,0.5141552,1.8138272,"3"
148,0.3711052,0.5141552,0.1340672,"3",0.3711052,0.5141552,0.1340672,"3"
149,-1.116621,0.5141552,-1.118624,"3",-1.116621,0.5141552,-1.118624,"3"
150,0.2884532,0.5141552,0.4026692,"3",0.2884532,0.5141552,0.4026692,"3"
151,0.7017112,0.5141552,1.5792202,"3",0.7017112,0.5141552,1.5792202,"3"
152,0.6190592,0.5141552,0.7472282,"3",0.6190592,0.5141552,0.7472282,"3"
153,0.2884532,0.5141552,0.4026692,"3",0.2884532,0.5141552,0.4026692,"3"
154,1.2802712,0.5141552,1.8138272,"3",1.2802712,0.5141552,1.8138272,"3"
155,2.4373912,0.5141552,2.0397092,"3",2.4373912,0.5141552,2.0397092,"3"
156,1.8588312,0.5141552,2.2031212,"3",1.8588312,0.5141552,2.2031212,"3"
157,1.0323172,0.5141552,0.8219882,"3",1.0323172,0.5141552,0.8219882,"3"
158,0.9496652,0.5141552,2.0397092,"3",0.9496652,0.5141552,2.0397092,"3"
159,2.4373912,0.5141552,1.9771072,"3",2.4373912,0.5141552,1.9771072,"3"
160,0.7017112,0.5141552,1.4395322,"3",0.7017112,0.5141552,1.4395322,"3"
161,0.9496652,0.5141552,1.5792202,"3",0.9496652,0.5141552,1.5792202,"3"
162,1.0323172,0.5141552,1.2405332,"3",1.0323172,0.5141552,1.2405332,"3"
163,0.3711052,0.5141552,1.3747412,"3",0.3711052,0.5141552,1.3747412,"3"
164,1.1976192,0.5141552,0.8965662,"3",1.1976192,0.5141552,0.8965662,"3"
165,-0.620713,0.5141552,0.8219882,"3",-0.620713,0.5141552,0.8219882,"3"
166,0.9496652,0.5141552,2.1029752,"3",0.9496652,0.5141552,2.1029752,"3"
167,-0.951318,0.5141552,-0.338842,"3",-0.951318,0.5141552,-0.338842,"3"
168,0.0404992,0.5141552,1.0396082,"3",0.0404992,0.5141552,1.0396082,"3"
169,0.0404992,0.5141552,1.4395322,"3",0.0404992,0.5141552,1.4395322,"3"
170,0.6190592,0.5141552,0.1340672,"3",0.6190592,0.5141552,0.1340672,"3"
171,0.2058022,0.5141552,1.1094382,"3",0.2058022,0.5141552,1.1094382,"3"
172,0.9496652,0.5141552,1.5061852,"3",0.9496652,0.5141552,1.5061852,"3"
173,-0.290107,0.5141552,-0.939378,"3",-0.290107,0.5141552,-0.939378,"3"
174,-0.868667,0.5141552,-0.265159,"3",-0.868667,0.5141552,-0.265159,"3"
175,1.2802712,0.5141552,0.6107292,"3",1.2802712,0.5141552,0.6107292,"3"
176,0.5364082,0.5141552,0.7472282,"3",0.5364082,0.5141552,0.7472282,"3"
177,0.2884532,0.5141552,-0.492781,"3",0.2884532,0.5141552,-0.492781,"3"
178,0.6190592,0.5141552,-0.197611,"3",0.6190592,0.5141552,-0.197611,"3"
179,0.5364082,0.5141552,0.9675862,"3",0.5364082,0.5141552,0.9675862,"3"
180,-0.042152,0.5141552,2.2031212,"3",-0.042152,0.5141552,2.2031212,"3"
181,0.3711052,0.0917642,0.6787592,"4",0.3711052,0.0917642,0.6787592,"4"
182,-0.207455,0.0917642,0.4781942,"4",-0.207455,0.0917642,0.4781942,"4"
183,1.8588312,0.0917642,0.2613242,"4",1.8588312,0.0917642,0.2613242,"4"
184,0.1231502,0.0917642,0.1941492,"4",0.1231502,0.0917642,0.1941492,"4"
185,-1.281924,0.0917642,-1.723882,"4",-1.281924,0.0917642,-1.723882,"4"
186,-0.538061,0.0917642,-0.419801,"4",-0.538061,0.0917642,-0.419801,"4"
187,-0.372758,0.0917642,0.4026692,"4",-0.372758,0.0917642,0.4026692,"4"
188,-0.45541,0.0917642,-0.197611,"4",-0.45541,0.0917642,-0.197611,"4"
189,0.8670142,0.0917642,0.0735362,"4",0.8670142,0.0917642,0.0735362,"4"
190,-0.868667,0.0917642,-1.526653,"4",-0.868667,0.0917642,-1.526653,"4"
191,-0.290107,0.0917642,-0.265159,"4",-0.290107,0.0917642,-0.265159,"4"
192,-1.03397,0.0917642,-0.85267,"4",-1.03397,0.0917642,-0.85267,"4"
193,1.9414832,0.0917642,0.3280722,"4",1.9414832,0.0917642,0.3280722,"4"
194,-0.703364,0.0917642,-0.85267,"4",-0.703364,0.0917642,-0.85267,"4"
195,-0.042152,0.0917642,0.4026692,"4",-0.042152,0.0917642,0.4026692,"4"
196,-0.207455,0.0917642,-0.699505,"4",-0.207455,0.0917642,-0.699505,"4"
197,-0.45541,0.0917642,0.6787592,"4",-0.45541,0.0917642,0.6787592,"4"
198,0.8670142,0.0917642,2.5323522,"4",0.8670142,0.0917642,2.5323522,"4"
199,0.3711052,0.0917642,1.5792202,"4",0.3711052,0.0917642,1.5792202,"4"
200,-2.356393,0.0917642,-1.62373,"4",-2.356393,0.0917642,-1.62373,"4"
201,0.2884532,0.0917642,-0.338842,"4",0.2884532,0.0917642,-0.338842,"4"
202,-0.124804,0.0917642,-0.419801,"4",-0.124804,0.0917642,-0.419801,"4"
203,0.2058022,0.0917642,-0.623051,"4",0.2058022,0.0917642,-0.623051,"4"
204,0.6190592,0.0917642,1.3101422,"4",0.6190592,0.0917642,1.3101422,"4"
205,0.9496652,0.0917642,0.6787592,"4",0.9496652,0.0917642,0.6787592,"4"
206,-0.868667,0.0917642,-0.265159,"4",-0.868667,0.0917642,-0.265159,"4"
207,-0.868667,0.0917642,-2.291731,"4",-0.868667,0.0917642,-2.291731,"4"
208,-1.199273,0.0917642,-0.699505,"4",-1.199273,0.0917642,-0.699505,"4"
209,-1.777833,0.0917642,-1.438662,"4",-1.777833,0.0917642,-1.438662,"4"
210,0.6190592,0.0917642,-0.129085,"4",0.6190592,0.0917642,-0.129085,"4"
211,-0.042152,0.0917642,0.1941492,"4",-0.042152,0.0917642,0.1941492,"4"
212,0.5364082,0.0917642,0.5443412,"4",0.5364082,0.0917642,0.5443412,"4"
213,-0.703364,0.0917642,0.6787592,"4",-0.703364,0.0917642,0.6787592,"4"
214,0.9496652,0.0917642,-0.062088,"4",0.9496652,0.0917642,-0.062088,"4"
215,0.3711052,0.0917642,1.1094382,"4",0.3711052,0.0917642,1.1094382,"4"
216,0.7843622,0.0917642,-0.699505,"4",0.7843622,0.0917642,-0.699505,"4"
217,0.3711052,0.0917642,-0.85267,"4",0.3711052,0.0917642,-0.85267,"4"
218,-1.860484,0.0917642,-1.335315,"4",-1.860484,0.0917642,-1.335315,"4"
219,-1.860484,0.0917642,-2.291731,"4",-1.860484,0.0917642,-2.291731,"4"
220,-0.538061,0.0917642,0.1941492,"4",-0.538061,0.0917642,0.1941492,"4"
221,0.6190592,0.0917642,1.4395322,"4",0.6190592,0.0917642,1.4395322,"4"
222,0.0404992,0.0917642,0.1340672,"4",0.0404992,0.0917642,0.1340672,"4"
223,0.0404992,0.0917642,-0.555112,"4",0.0404992,0.0917642,-0.555112,"4"
224,-0.951318,0.0917642,-0.555112,"4",-0.951318,0.0917642,-0.555112,"4"
225,0.1231502,0.0917642,0.8965662,"4",0.1231502,0.0917642,0.8965662,"4"
226,-0.207455,0.0917642,-0.555112,"4",-0.207455,0.0917642,-0.555112,"4"
227,1.7761802,0.0917642,2.0397092,"4",1.7761802,0.0917642,2.0397092,"4"
228,0.0404992,0.0917642,0.8219882,"4",0.0404992,0.0917642,0.8219882,"4"
229,-0.538061,0.0917642,1.5792202,"4",-0.538061,0.0917642,1.5792202,"4"
230,0.0404992,0.0917642,1.0396082,"4",0.0404992,0.0917642,1.0396082,"4"
231,2.2720892,0.0917642,2.1029752,"4",2.2720892,0.0917642,2.1029752,"4"
232,1.1976192,0.0917642,0.5443412,"4",1.1976192,0.0917642,0.5443412,"4"
233,2.3547402,0.0917642,1.9771072,"4",2.3547402,0.0917642,1.9771072,"4"
234,1.5282252,0.0917642,0.6787592,"4",1.5282252,0.0917642,0.6787592,"4"
235,0.7017112,0.0917642,0.7472282,"4",0.7017112,0.0917642,0.7472282,"4"
236,2.1067862,0.0917642,1.5061852,"4",2.1067862,0.0917642,1.5061852,"4"
237,0.8670142,0.0917642,2.1029752,"4",0.8670142,0.0917642,2.1029752,"4"
238,-0.703364,0.0917642,-0.555112,"4",-0.703364,0.0917642,-0.555112,"4"
239,-0.620713,0.0917642,-0.555112,"4",-0.620713,0.0917642,-0.555112,"4"
240,0.8670142,0.0917642,-0.062088,"4",0.8670142,0.0917642,-0.062088,"4"
241,0.2058022,0.0917642,-1.029067,"4",0.2058022,0.0917642,-1.029067,"4"
242,0.1231502,0.0917642,-0.623051,"4",0.1231502,0.0917642,-0.623051,"4"
243,-0.786016,0.0917642,-0.492781,"4",-0.786016,0.0917642,-0.492781,"4"
244,-1.777833,0.0917642,-0.939378,"4",-1.777833,0.0917642,-0.939378,"4"
245,-0.786016,0.0917642,-1.029067,"4",-0.786016,0.0917642,-1.029067,"4"
246,0.6190592,0.0917642,0.0735362,"4",0.6190592,0.0917642,0.0735362,"4"
247,1.6935282,0.0917642,1.1758492,"4",1.6935282,0.0917642,1.1758492,"4"
248,-0.703364,0.0917642,-1.219486,"4",-0.703364,0.0917642,-1.219486,"4"
249,-0.042152,0.0917642,-0.623051,"4",-0.042152,0.0917642,-0.623051,"4"
250,0.4537562,0.0917642,2.3136012,"4",0.4537562,0.0917642,2.3136012,"4"
251,-0.951318,0.0917642,-1.62373,"4",-0.951318,0.0917642,-1.62373,"4"
252,0.0404992,0.0917642,-0.555112,"4",0.0404992,0.0917642,-0.555112,"4"
253,0.7843622,0.0917642,-0.265159,"4",0.7843622,0.0917642,-0.265159,"4"
254,-0.290107,0.0917642,-0.85267,"4",-0.290107,0.0917642,-0.85267,"4"
255,0.7843622,0.0917642,0.7472282,"4",0.7843622,0.0917642,0.7472282,"4"
256,1.8588312,0.0917642,1.1094382,"4",1.8588312,0.0917642,1.1094382,"4"
257,1.4455742,0.0917642,1.9003352,"4",1.4455742,0.0917642,1.9003352,"4"
258,-0.538061,0.0917642,-0.062088,"4",-0.538061,0.0917642,-0.062088,"4"
259,0.1231502,0.0917642,0.3280722,"4",0.1231502,0.0917642,0.3280722,"4"
260,-0.372758,0.2105252,1.0396082,"5",-0.372758,0.2105252,1.0396082,"5"
261,0.2058022,0.2105252,1.0396082,"5",0.2058022,0.2105252,1.0396082,"5"
262,0.2884532,0.2105252,0.1941492,"5",0.2884532,0.2105252,0.1941492,"5"
263,0.0404992,0.2105252,0.1941492,"5",0.0404992,0.2105252,0.1941492,"5"
264,0.9496652,0.2105252,0.2613242,"5",0.9496652,0.2105252,0.2613242,"5"
265,0.7017112,0.2105252,1.5061852,"5",0.7017112,0.2105252,1.5061852,"5"
266,1.1976192,0.2105252,0.3280722,"5",1.1976192,0.2105252,0.3280722,"5"
267,-0.372758,0.2105252,-0.129085,"5",-0.372758,0.2105252,-0.129085,"5"
268,-0.372758,0.2105252,-1.118624,"5",-0.372758,0.2105252,-1.118624,"5"
269,0.5364082,0.2105252,0.1941492,"5",0.5364082,0.2105252,0.1941492,"5"
270,-0.124804,0.2105252,0.3280722,"5",-0.124804,0.2105252,0.3280722,"5"
271,1.7761802,0.2105252,1.1094382,"5",1.7761802,0.2105252,1.1094382,"5"
272,0.4537562,0.2105252,0.7472282,"5",0.4537562,0.2105252,0.7472282,"5"
273,-0.372758,0.2105252,-0.062088,"5",-0.372758,0.2105252,-0.062088,"5"
274,-0.207455,0.2105252,0.4026692,"5",-0.207455,0.2105252,0.4026692,"5"
275,2.0241342,0.2105252,2.1029752,"5",2.0241342,0.2105252,2.1029752,"5"
276,-0.620713,0.2105252,0.3280722,"5",-0.620713,0.2105252,0.3280722,"5"
277,-0.207455,0.2105252,1.5792202,"5",-0.207455,0.2105252,1.5792202,"5"
278,0.2884532,0.2105252,0.6107292,"5",0.2884532,0.2105252,0.6107292,"5"
279,0.6190592,0.2105252,0.6787592,"5",0.6190592,0.2105252,0.6787592,"5"
280,0.5364082,0.2105252,0.1941492,"5",0.5364082,0.2105252,0.1941492,"5"
281,-1.199273,0.2105252,-0.129085,"5",-1.199273,0.2105252,-0.129085,"5"
282,-0.372758,0.2105252,1.1758492,"5",-0.372758,0.2105252,1.1758492,"5"
283,0.7017112,0.2105252,0.2613242,"5",0.7017112,0.2105252,0.2613242,"5"
284,1.1976192,0.2105252,1.4395322,"5",1.1976192,0.2105252,1.4395322,"5"
285,0.1231502,0.2105252,0.4781942,"5",0.1231502,0.2105252,0.4781942,"5"
286,-0.703364,0.2105252,-1.219486,"5",-0.703364,0.2105252,-1.219486,"5"
287,-0.290107,0.2105252,-0.492781,"5",-0.290107,0.2105252,-0.492781,"5"
288,0.4537562,0.2105252,1.3101422,"5",0.4537562,0.2105252,1.3101422,"5"
289,0.5364082,0.2105252,0.6107292,"5",0.5364082,0.2105252,0.6107292,"5"
290,-0.786016,0.2105252,-0.776109,"5",-0.786016,0.2105252,-0.776109,"5"
291,-0.372758,0.2105252,-1.219486,"5",-0.372758,0.2105252,-1.219486,"5"
292,0.8670142,0.2105252,1.1758492,"5",0.8670142,0.2105252,1.1758492,"5"
293,0.5364082,0.2105252,0.4026692,"5",0.5364082,0.2105252,0.4026692,"5"
294,-0.290107,0.2105252,-0.419801,"5",-0.290107,0.2105252,-0.419801,"5"
295,-0.45541,0.6376562,0.6107292,"6",-0.45541,0.6376562,0.6107292,"6"
296,0.4537562,0.6376562,1.0396082,"6",0.4537562,0.6376562,1.0396082,"6"
297,0.5364082,0.6376562,0.8965662,"6",0.5364082,0.6376562,0.8965662,"6"
298,0.8670142,0.6376562,0.4026692,"6",0.8670142,0.6376562,0.4026692,"6"
299,1.5282252,0.6376562,0.1941492,"6",1.5282252,0.6376562,0.1941492,"6"
300,0.8670142,0.6376562,1.9003352,"6",0.8670142,0.6376562,1.9003352,"6"
301,1.9414832,0.6376562,0.0735362,"6",1.9414832,0.6376562,0.0735362,"6"
302,1.6108772,0.6376562,1.3101422,"6",1.6108772,0.6376562,1.3101422,"6"
303,0.8670142,0.6376562,2.0397092,"6",0.8670142,0.6376562,2.0397092,"6"
304,0.6190592,0.6376562,1.5792202,"6",0.6190592,0.6376562,1.5792202,"6"
305,0.2058022,0.6376562,1.9003352,"6",0.2058022,0.6376562,1.9003352,"6"
306,0.2058022,0.6376562,-0.265159,"6",0.2058022,0.6376562,-0.265159,"6"
307,2.1894372,0.6376562,1.9771072,"6",2.1894372,0.6376562,1.9771072,"6"
308,0.6190592,0.6376562,0.8219882,"6",0.6190592,0.6376562,0.8219882,"6"
309,-1.03397,0.6376562,0.7472282,"6",-1.03397,0.6376562,0.7472282,"6"
310,2.2720892,0.6376562,1.6618062,"6",2.2720892,0.6376562,1.6618062,"6"
311,0.5364082,0.6376562,2.3136012,"6",0.5364082,0.6376562,2.3136012,"6"
312,0.5364082,0.6376562,1.3747412,"6",0.5364082,0.6376562,1.3747412,"6"
313,1.1976192,0.6376562,1.7348992,"6",1.1976192,0.6376562,1.7348992,"6"
314,0.7843622,0.6376562,0.6787592,"6",0.7843622,0.6376562,0.6787592,"6"
315,1.8588312,0.6376562,2.2031212,"6",1.8588312,0.6376562,2.2031212,"6"
316,0.1231502,0.6376562,1.4395322,"6",0.1231502,0.6376562,1.4395322,"6"
317,0.0404992,0.6376562,0.4026692,"6",0.0404992,0.6376562,0.4026692,"6"
318,-0.124804,0.6376562,1.0396082,"6",-0.124804,0.6376562,1.0396082,"6"
319,-0.372758,0.6376562,-0.419801,"6",-0.372758,0.6376562,-0.419801,"6"
320,-1.03397,0.6376562,0.2613242,"6",-1.03397,0.6376562,0.2613242,"6"
321,1.2802712,0.6376562,1.2405332,"6",1.2802712,0.6376562,1.2405332,"6"
322,0.8670142,0.6376562,0.4781942,"6",0.8670142,0.6376562,0.4781942,"6"
323,-0.951318,0.6376562,1.0396082,"6",-0.951318,0.6376562,1.0396082,"6"
324,0.8670142,0.6376562,0.8965662,"6",0.8670142,0.6376562,0.8965662,"6"
325,2.3547402,0.6376562,2.1029752,"6",2.3547402,0.6376562,2.1029752,"6"
326,-0.372758,0.6376562,0.5443412,"6",-0.372758,0.6376562,0.5443412,"6"
327,2.1894372,0.6376562,0.9675862,"6",2.1894372,0.6376562,0.9675862,"6"
328,1.2802712,0.6376562,1.5792202,"6",1.2802712,0.6376562,1.5792202,"6"
329,2.0241342,0.6376562,2.6267392,"6",2.0241342,0.6376562,2.6267392,"6"
330,0.3711052,0.6376562,1.2405332,"6",0.3711052,0.6376562,1.2405332,"6"
331,0.9496652,0.6376562,0.6107292,"6",0.9496652,0.6376562,0.6107292,"6"
332,0.8670142,0.6376562,1.3747412,"6",0.8670142,0.6376562,1.3747412,"6"
333,0.2884532,0.6376562,1.2405332,"6",0.2884532,0.6376562,1.2405332,"6"
334,1.4455742,0.6376562,1.9771072,"6",1.4455742,0.6376562,1.9771072,"6"
335,0.1231502,0.6376562,0.8219882,"6",0.1231502,0.6376562,0.8219882,"6"
336,-1.447227,0.6376562,-1.723882,"6",-1.447227,0.6376562,-1.723882,"6"
337,0.6190592,0.6376562,0.0735362,"6",0.6190592,0.6376562,0.0735362,"6"
338,1.1976192,0.6376562,1.5792202,"6",1.1976192,0.6376562,1.5792202,"6"
339,0.9496652,0.6376562,1.5792202,"6",0.9496652,0.6376562,1.5792202,"6"
340,1.1976192,0.6376562,2.3136012,"6",1.1976192,0.6376562,2.3136012,"6"
341,0.3711052,0.6376562,0.1941492,"6",0.3711052,0.6376562,0.1941492,"6"
342,2.2720892,0.6376562,1.7348992,"6",2.2720892,0.6376562,1.7348992,"6"
343,1.8588312,0.6376562,1.7348992,"6",1.8588312,0.6376562,1.7348992,"6"
344,-0.372758,0.6376562,0.0043222,"6",-0.372758,0.6376562,0.0043222,"6"
345,-0.207455,0.6376562,0.9675862,"6",-0.207455,0.6376562,0.9675862,"6"
346,-0.124804,0.6376562,1.3747412,"6",-0.124804,0.6376562,1.3747412,"6"
347,2.0241342,0.6376562,1.3101422,"6",2.0241342,0.6376562,1.3101422,"6"
348,0.2884532,0.6376562,0.5443412,"6",0.2884532,0.6376562,0.5443412,"6"
349,1.3629222,0.6376562,1.5792202,"6",1.3629222,0.6376562,1.5792202,"6"
350,0.0404992,0.6376562,-0.699505,"6",0.0404992,0.6376562,-0.699505,"6"
351,1.6935282,0.6376562,1.2405332,"6",1.6935282,0.6376562,1.2405332,"6"
352,0.5364082,0.6376562,1.1758492,"6",0.5364082,0.6376562,1.1758492,"6"
353,0.2058022,0.6376562,0.4026692,"6",0.2058022,0.6376562,0.4026692,"6"
354,1.1976192,0.6376562,1.7348992,"6",1.1976192,0.6376562,1.7348992,"6"
355,0.2884532,0.6376562,-0.939378,"6",0.2884532,0.6376562,-0.939378,"6"
356,0.3711052,0.6376562,0.4026692,"6",0.3711052,0.6376562,0.4026692,"6"
357,0.6190592,0.6376562,1.3101422,"6",0.6190592,0.6376562,1.3101422,"6"
358,-0.042152,0.6376562,0.0043222,"6",-0.042152,0.6376562,0.0043222,"6"
359,-0.290107,0.6376562,1.1094382,"6",-0.290107,0.6376562,1.1094382,"6"
360,0.0404992,0.6376562,0.8965662,"6",0.0404992,0.6376562,0.8965662,"6"
361,-0.207455,0.6376562,-0.492781,"6",-0.207455,0.6376562,-0.492781,"6"
362,-0.620713,0.6376562,0.4781942,"6",-0.620713,0.6376562,0.4781942,"6"
363,0.8670142,0.6376562,0.8219882,"6",0.8670142,0.6376562,0.8219882,"6"
364,0.1231502,0.6376562,0.6787592,"6",0.1231502,0.6376562,0.6787592,"6"
365,1.0323172,0.6376562,1.8138272,"6",1.0323172,0.6376562,1.8138272,"6"
366,1.1149682,0.6376562,1.5061852,"6",1.1149682,0.6376562,1.5061852,"6"
367,0.1231502,0.6376562,0.9675862,"6",0.1231502,0.6376562,0.9675862,"6"
368,-0.372758,0.6376562,0.3280722,"6",-0.372758,0.6376562,0.3280722,"6"
369,0.4537562,0.6376562,-0.419801,"6",0.4537562,0.6376562,-0.419801,"6"
370,-0.124804,0.6376562,0.3280722,"6",-0.124804,0.6376562,0.3280722,"6"
371,1.6108772,0.6376562,0.3280722,"6",1.6108772,0.6376562,0.3280722,"6"
372,0.5364082,0.6376562,-0.623051,"6",0.5364082,0.6376562,-0.623051,"6"
373,1.1149682,0.6376562,1.9771072,"6",1.1149682,0.6376562,1.9771072,"6"
374,0.2884532,0.6376562,1.3101422,"6",0.2884532,0.6376562,1.3101422,"6"
375,0.2884532,-0.029003,-2.108644,"7",0.2884532,-0.029003,-2.108644,"7"
376,-2.356393,-0.029003,-0.419801,"7",-2.356393,-0.029003,-0.419801,"7"
377,-0.703364,-0.029003,0.4781942,"7",-0.703364,-0.029003,0.4781942,"7"
378,-0.372758,-0.029003,0.2613242,"7",-0.372758,-0.029003,0.2613242,"7"
379,-1.116621,-0.029003,-1.335315,"7",-1.116621,-0.029003,-1.335315,"7"
380,0.2058022,-0.029003,0.7472282,"7",0.2058022,-0.029003,0.7472282,"7"
381,0.1231502,-0.029003,-0.419801,"7",0.1231502,-0.029003,-0.419801,"7"
382,-0.45541,-0.029003,0.0043222,"7",-0.45541,-0.029003,0.0043222,"7"
383,0.0404992,-0.029003,0.4781942,"7",0.0404992,-0.029003,0.4781942,"7"
384,1.0323172,-0.029003,1.5792202,"7",1.0323172,-0.029003,1.5792202,"7"
385,-1.03397,-0.029003,1.6618062,"7",-1.03397,-0.029003,1.6618062,"7"
386,-0.124804,-0.029003,0.8965662,"7",-0.124804,-0.029003,0.8965662,"7"
387,0.0404992,-0.029003,0.9675862,"7",0.0404992,-0.029003,0.9675862,"7"
388,0.9496652,-0.029003,1.3747412,"7",0.9496652,-0.029003,1.3747412,"7"
389,-0.207455,-0.029003,0.8219882,"7",-0.207455,-0.029003,0.8219882,"7"
390,-0.372758,-0.029003,0.3280722,"7",-0.372758,-0.029003,0.3280722,"7"
391,0.4537562,-0.029003,1.2405332,"7",0.4537562,-0.029003,1.2405332,"7"
392,0.5364082,-0.029003,0.0043222,"7",0.5364082,-0.029003,0.0043222,"7"
393,-0.538061,-0.029003,-0.492781,"7",-0.538061,-0.029003,-0.492781,"7"
394,-0.207455,-0.029003,0.8965662,"7",-0.207455,-0.029003,0.8965662,"7"
395,-0.290107,-0.029003,0.5443412,"7",-0.290107,-0.029003,0.5443412,"7"
396,-0.042152,-0.029003,-0.265159,"7",-0.042152,-0.029003,-0.265159,"7"
397,-0.538061,-0.029003,0.1941492,"7",-0.538061,-0.029003,0.1941492,"7"
398,1.6935282,-0.029003,1.9771072,"7",1.6935282,-0.029003,1.9771072,"7"
399,-0.124804,-0.029003,1.3101422,"7",-0.124804,-0.029003,1.3101422,"7"
400,-0.290107,-0.029003,1.7348992,"7",-0.290107,-0.029003,1.7348992,"7"
401,-0.703364,-0.029003,0.4781942,"7",-0.703364,-0.029003,0.4781942,"7"
402,-0.207455,-0.029003,1.1094382,"7",-0.207455,-0.029003,1.1094382,"7"
403,2.4373912,-0.029003,1.2405332,"7",2.4373912,-0.029003,1.2405332,"7"
404,1.8588312,-0.029003,0.6787592,"7",1.8588312,-0.029003,0.6787592,"7"
405,-0.868667,-0.029003,-0.85267,"7",-0.868667,-0.029003,-0.85267,"7"
406,-0.703364,-0.029003,0.6107292,"7",-0.703364,-0.029003,0.6107292,"7"
407,-0.042152,-0.029003,-0.555112,"7",-0.042152,-0.029003,-0.555112,"7"
408,1.9414832,-0.029003,1.4395322,"7",1.9414832,-0.029003,1.4395322,"7"
409,-0.538061,-0.029003,0.1941492,"7",-0.538061,-0.029003,0.1941492,"7"
410,-0.207455,-0.029003,0.7472282,"7",-0.207455,-0.029003,0.7472282,"7"
411,2.2720892,-0.029003,0.8219882,"7",2.2720892,-0.029003,0.8219882,"7"
412,0.0404992,-0.029003,1.2405332,"7",0.0404992,-0.029003,1.2405332,"7"
413,0.1231502,-0.029003,0.3280722,"7",0.1231502,-0.029003,0.3280722,"7"
414,-0.124804,-0.029003,0.8219882,"7",-0.124804,-0.029003,0.8219882,"7"
415,1.3629222,-0.029003,1.1758492,"7",1.3629222,-0.029003,1.1758492,"7"
416,-0.45541,-0.029003,0.0735362,"7",-0.45541,-0.029003,0.0735362,"7"
417,-0.45541,-0.029003,0.8219882,"7",-0.45541,-0.029003,0.8219882,"7"
418,-0.372758,-0.029003,-0.623051,"7",-0.372758,-0.029003,-0.623051,"7"
419,-1.281924,-0.029003,1.1758492,"7",-1.281924,-0.029003,1.1758492,"7"
420,-0.290107,-0.029003,-0.623051,"7",-0.290107,-0.029003,-0.623051,"7"
421,-0.786016,-0.029003,-0.197611,"7",-0.786016,-0.029003,-0.197611,"7"
422,-0.207455,-0.029003,0.4781942,"7",-0.207455,-0.029003,0.4781942,"7"
423,-0.124804,-0.029003,-0.129085,"7",-0.124804,-0.029003,-0.129085,"7"
424,0.0404992,-0.029003,0.1340672,"7",0.0404992,-0.029003,0.1340672,"7"
425,0.1231502,-0.029003,0.5443412,"7",0.1231502,-0.029003,0.5443412,"7"
426,0.6190592,-0.029003,0.4781942,"7",0.6190592,-0.029003,0.4781942,"7"
427,0.0404992,-0.029003,0.1941492,"7",0.0404992,-0.029003,0.1941492,"7"
428,-1.695182,-0.029003,1.6618062,"7",-1.695182,-0.029003,1.6618062,"7"
429,-0.868667,-0.029003,-1.335315,"7",-0.868667,-0.029003,-1.335315,"7"
430,-0.45541,-0.029003,0.9675862,"7",-0.45541,-0.029003,0.9675862,"7"
431,0.2884532,-0.029003,0.2613242,"7",0.2884532,-0.029003,0.2613242,"7"
432,0.7843622,-0.029003,1.1094382,"7",0.7843622,-0.029003,1.1094382,"7"
433,-0.124804,-0.029003,0.3280722,"7",-0.124804,-0.029003,0.3280722,"7"
434,-0.951318,-0.029003,0.2613242,"7",-0.951318,-0.029003,0.2613242,"7"
435,1.1976192,-0.029003,-0.623051,"7",1.1976192,-0.029003,-0.623051,"7"
436,1.0323172,-0.029003,-1.029067,"7",1.0323172,-0.029003,-1.029067,"7"
437,1.3629222,-0.029003,0.9675862,"7",1.3629222,-0.029003,0.9675862,"7"
438,0.6190592,-0.029003,1.0396082,"7",0.6190592,-0.029003,1.0396082,"7"
439,-0.620713,-0.029003,0.4781942,"7",-0.620713,-0.029003,0.4781942,"7"
440,-0.786016,-0.029003,0.3280722,"7",-0.786016,-0.029003,0.3280722,"7"
441,-1.943136,-0.029003,-0.85267,"7",-1.943136,-0.029003,-0.85267,"7"
442,-0.207455,-0.029003,1.1094382,"7",-0.207455,-0.029003,1.1094382,"7"
443,-0.45541,-0.029003,-0.062088,"7",-0.45541,-0.029003,-0.062088,"7"
444,0.2058022,-0.029003,0.8219882,"7",0.2058022,-0.029003,0.8219882,"7"
445,1.3629222,-0.029003,0.3280722,"7",1.3629222,-0.029003,0.3280722,"7"
446,-0.786016,-0.029003,-0.419801,"7",-0.786016,-0.029003,-0.419801,"7"
447,2.0241342,-0.029003,-0.197611,"7",2.0241342,-0.029003,-0.197611,"7"
448,-0.951318,-0.029003,-0.197611,"7",-0.951318,-0.029003,-0.197611,"7"
449,0.2884532,-0.029003,-0.939378,"7",0.2884532,-0.029003,-0.939378,"7"
450,0.3711052,-0.029003,0.9675862,"7",0.3711052,-0.029003,0.9675862,"7"
451,-0.207455,-0.029003,0.1941492,"7",-0.207455,-0.029003,0.1941492,"7"
452,-0.703364,-0.029003,-0.338842,"7",-0.703364,-0.029003,-0.338842,"7"
453,-0.703364,-0.029003,0.3280722,"7",-0.703364,-0.029003,0.3280722,"7"
454,-0.290107,-0.029003,1.5061852,"7",-0.290107,-0.029003,1.5061852,"7"
455,0.4537562,-0.029003,0.1941492,"7",0.4537562,-0.029003,0.1941492,"7"
456,0.2884532,-0.029003,0.0735362,"7",0.2884532,-0.029003,0.0735362,"7"
457,0.5364082,-0.029003,0.6787592,"7",0.5364082,-0.029003,0.6787592,"7"
458,-0.372758,-0.029003,1.0396082,"7",-0.372758,-0.029003,1.0396082,"7"
459,-0.042152,-0.029003,1.5061852,"7",-0.042152,-0.029003,1.5061852,"7"
460,0.2058022,-0.029003,0.4781942,"7",0.2058022,-0.029003,0.4781942,"7"
461,-1.03397,-0.029003,-0.776109,"7",-1.03397,-0.029003,-0.776109,"7"
462,-0.45541,-0.029003,0.3280722,"7",-0.45541,-0.029003,0.3280722,"7"
463,-0.703364,-0.040532,-0.419801,"8",-0.703364,-0.040532,-0.419801,"8"
464,1.6108772,-0.040532,0.1340672,"8",1.6108772,-0.040532,0.1340672,"8"
465,0.9496652,-0.040532,1.3747412,"8",0.9496652,-0.040532,1.3747412,"8"
466,2.5200432,-0.040532,0.9675862,"8",2.5200432,-0.040532,0.9675862,"8"
467,-0.290107,-0.040532,-1.029067,"8",-0.290107,-0.040532,-1.029067,"8"
468,-2.273742,-0.040532,-1.118624,"8",-2.273742,-0.040532,-1.118624,"8"
469,0.9496652,-0.040532,1.9003352,"8",0.9496652,-0.040532,1.9003352,"8"
470,1.1976192,-0.040532,0.7472282,"8",1.1976192,-0.040532,0.7472282,"8"
471,-1.116621,-0.040532,-1.62373,"8",-1.116621,-0.040532,-1.62373,"8"
472,-0.786016,-0.040532,-1.118624,"8",-0.786016,-0.040532,-1.118624,"8"
473,1.6108772,-0.040532,2.3136012,"8",1.6108772,-0.040532,2.3136012,"8"
474,0.0404992,-0.040532,0.7472282,"8",0.0404992,-0.040532,0.7472282,"8"
475,1.2802712,-0.040532,1.0396082,"8",1.2802712,-0.040532,1.0396082,"8"
476,0.1231502,-0.040532,-0.85267,"8",0.1231502,-0.040532,-0.85267,"8"
477,-2.19109,-0.040532,0.0735362,"8",-2.19109,-0.040532,0.0735362,"8"
478,0.6190592,-0.040532,0.8219882,"8",0.6190592,-0.040532,0.8219882,"8"
479,-0.951318,-0.040532,-0.555112,"8",-0.951318,-0.040532,-0.555112,"8"
480,-2.19109,-0.040532,-0.129085,"8",-2.19109,-0.040532,-0.129085,"8"
481,-1.364576,-0.040532,-0.338842,"8",-1.364576,-0.040532,-0.338842,"8"
482,-0.042152,-0.040532,-1.335315,"8",-0.042152,-0.040532,-1.335315,"8"
483,-0.372758,-0.040532,0.7472282,"8",-0.372758,-0.040532,0.7472282,"8"
484,-1.199273,-0.040532,0.0043222,"8",-1.199273,-0.040532,0.0043222,"8"
485,1.9414832,-0.040532,-0.129085,"8",1.9414832,-0.040532,-0.129085,"8"
486,0.9496652,-0.040532,0.0735362,"8",0.9496652,-0.040532,0.0735362,"8"
487,0.8670142,-0.040532,0.6787592,"8",0.8670142,-0.040532,0.6787592,"8"
488,-0.620713,-0.040532,0.8219882,"8",-0.620713,-0.040532,0.8219882,"8"
489,0.2884532,-0.040532,1.1094382,"8",0.2884532,-0.040532,1.1094382,"8"
490,0.5364082,-0.040532,0.1941492,"8",0.5364082,-0.040532,0.1941492,"8"
491,-0.45541,-0.040532,-1.438662,"8",-0.45541,-0.040532,-1.438662,"8"
492,-0.45541,-0.040532,-0.85267,"8",-0.45541,-0.040532,-0.85267,"8"
493,-0.620713,-0.040532,-0.699505,"8",-0.620713,-0.040532,-0.699505,"8"
494,-1.03397,-0.040532,-0.85267,"8",-1.03397,-0.040532,-0.85267,"8"
495,-0.538061,-0.040532,-0.939378,"8",-0.538061,-0.040532,-0.939378,"8"
496,0.2058022,-0.040532,-0.265159,"8",0.2058022,-0.040532,-0.265159,"8"
497,-0.042152,-0.040532,0.7472282,"8",-0.042152,-0.040532,0.7472282,"8"
498,1.0323172,-0.040532,0.3280722,"8",1.0323172,-0.040532,0.3280722,"8"
499,-0.45541,-0.040532,0.2613242,"8",-0.45541,-0.040532,0.2613242,"8"
500,0.2884532,-0.040532,-0.419801,"8",0.2884532,-0.040532,-0.419801,"8"
501,0.0404992,-0.040532,0.5443412,"8",0.0404992,-0.040532,0.5443412,"8"
502,-0.703364,-0.040532,-0.129085,"8",-0.703364,-0.040532,-0.129085,"8"
503,0.9496652,-0.040532,0.9675862,"8",0.9496652,-0.040532,0.9675862,"8"
504,0.7843622,-0.040532,0.0043222,"8",0.7843622,-0.040532,0.0043222,"8"
505,0.7843622,-0.040532,1.9003352,"8",0.7843622,-0.040532,1.9003352,"8"
506,-0.703364,-0.040532,-0.265159,"8",-0.703364,-0.040532,-0.265159,"8"
507,-1.364576,-0.040532,-1.029067,"8",-1.364576,-0.040532,-1.029067,"8"
508,-1.199273,-0.040532,-1.62373,"8",-1.199273,-0.040532,-1.62373,"8"
509,0.6190592,-0.040532,0.9675862,"8",0.6190592,-0.040532,0.9675862,"8"
510,-1.447227,-0.040532,-0.129085,"8",-1.447227,-0.040532,-0.129085,"8"
511,-0.703364,-0.040532,-0.197611,"8",-0.703364,-0.040532,-0.197611,"8"
512,-0.042152,-0.040532,0.6107292,"8",-0.042152,-0.040532,0.6107292,"8"
513,-0.786016,-0.040532,-1.836687,"8",-0.786016,-0.040532,-1.836687,"8"
514,2.8506492,-0.040532,-0.419801,"8",2.8506492,-0.040532,-0.419801,"8"
515,-0.620713,-0.040532,-1.029067,"8",-0.620713,-0.040532,-1.029067,"8"
516,-0.703364,-0.040532,0.5443412,"8",-0.703364,-0.040532,0.5443412,"8"
517,0.9496652,-0.040532,1.8138272,"8",0.9496652,-0.040532,1.8138272,"8"
518,0.2884532,-0.040532,0.0043222,"8",0.2884532,-0.040532,0.0043222,"8"
519,0.6190592,-0.040532,-1.335315,"8",0.6190592,-0.040532,-1.335315,"8"
520,0.1231502,-0.040532,0.1941492,"8",0.1231502,-0.040532,0.1941492,"8"
521,-1.281924,-0.040532,-0.776109,"8",-1.281924,-0.040532,-0.776109,"8"
522,0.2058022,-0.040532,-0.062088,"8",0.2058022,-0.040532,-0.062088,"8"
523,0.1231502,-0.040532,1.4395322,"8",0.1231502,-0.040532,1.4395322,"8"
524,-0.372758,-0.040532,0.3280722,"8",-0.372758,-0.040532,0.3280722,"8"
525,-0.372758,-0.040532,0.1941492,"8",-0.372758,-0.040532,0.1941492,"8"
526,-0.207455,-0.040532,1.8138272,"8",-0.207455,-0.040532,1.8138272,"8"
527,2.8506492,-0.040532,2.5323522,"8",2.8506492,-0.040532,2.5323522,"8"
528,-0.290107,-0.040532,0.3280722,"8",-0.290107,-0.040532,0.3280722,"8"
529,-0.620713,-0.040532,-0.419801,"8",-0.620713,-0.040532,-0.419801,"8"
530,0.8670142,-0.040532,-1.962075,"8",0.8670142,-0.040532,-1.962075,"8"
531,-1.943136,-0.040532,-1.836687,"8",-1.943136,-0.040532,-1.836687,"8"
532,3.0159522,-0.040532,2.3136012,"8",3.0159522,-0.040532,2.3136012,"8"
533,-0.868667,-0.040532,-0.776109,"8",-0.868667,-0.040532,-0.776109,"8"
534,0.2884532,-0.040532,0.4026692,"8",0.2884532,-0.040532,0.4026692,"8"
535,-0.45541,-0.040532,-0.197611,"8",-0.45541,-0.040532,-0.197611,"8"
536,-0.207455,-0.040532,-0.129085,"8",-0.207455,-0.040532,-0.129085,"8"
537,0.3711052,-0.040532,-2.108644,"8",0.3711052,-0.040532,-2.108644,"8"
538,0.1231502,-0.040532,0.1340672,"8",0.1231502,-0.040532,0.1340672,"8"
539,2.0241342,-0.040532,1.7348992,"8",2.0241342,-0.040532,1.7348992,"8"
540,-0.042152,-0.040532,0.0735362,"8",-0.042152,-0.040532,0.0735362,"8"
541,-0.207455,-0.040532,-0.555112,"8",-0.207455,-0.040532,-0.555112,"8"
542,0.1231502,-0.040532,0.1941492,"8",0.1231502,-0.040532,0.1941492,"8"
543,-0.538061,-0.040532,-0.555112,"8",-0.538061,-0.040532,-0.555112,"8"
544,-2.025787,-0.040532,-1.438662,"8",-2.025787,-0.040532,-1.438662,"8"
545,1.2802712,-0.040532,-0.492781,"8",1.2802712,-0.040532,-0.492781,"8"
546,-0.290107,-0.040532,-0.492781,"8",-0.290107,-0.040532,-0.492781,"8"
547,1.2802712,-0.040532,1.6618062,"8",1.2802712,-0.040532,1.6618062,"8"
548,-0.538061,-0.040532,-0.555112,"8",-0.538061,-0.040532,-0.555112,"8"
549,-2.19109,-0.040532,-1.438662,"8",-2.19109,-0.040532,-1.438662,"8"
550,-1.03397,-0.040532,-0.623051,"8",-1.03397,-0.040532,-0.623051,"8"
551,1.0323172,-0.040532,-0.939378,"8",1.0323172,-0.040532,-0.939378,"8"
552,0.0404992,-0.040532,-0.338842,"8",0.0404992,-0.040532,-0.338842,"8"
553,0.5364082,-0.040532,1.2405332,"8",0.5364082,-0.040532,1.2405332,"8"
554,0.6190592,-0.040532,0.6107292,"8",0.6190592,-0.040532,0.6107292,"8"
555,-0.538061,-0.040532,-0.062088,"8",-0.538061,-0.040532,-0.062088,"8"
556,-2.439045,-0.040532,-2.291731,"8",-2.439045,-0.040532,-2.291731,"8"
557,-0.620713,-0.040532,0.0735362,"8",-0.620713,-0.040532,0.0735362,"8"
558,0.0404992,-0.040532,-0.492781,"8",0.0404992,-0.040532,-0.492781,"8"
559,-0.45541,-0.040532,-0.699505,"8",-0.45541,-0.040532,-0.699505,"8"
560,-0.868667,-0.040532,-1.836687,"8",-0.868667,-0.040532,-1.836687,"8"
561,-0.786016,-0.040532,-1.335315,"8",-0.786016,-0.040532,-1.335315,"8"
562,0.2058022,-0.040532,0.3280722,"8",0.2058022,-0.040532,0.3280722,"8"
563,0.2058022,-0.040532,0.2613242,"8",0.2058022,-0.040532,0.2613242,"8"
564,0.7843622,-0.040532,1.3101422,"8",0.7843622,-0.040532,1.3101422,"8"
565,0.2058022,-0.494304,-1.526653,"9",0.2058022,-0.494304,-1.526653,"9"
566,0.2058022,-0.494304,-1.118624,"9",0.2058022,-0.494304,-1.118624,"9"
567,-2.934953,-0.494304,-1.335315,"9",-2.934953,-0.494304,-1.335315,"9"
568,-0.703364,-0.494304,1.5792202,"9",-0.703364,-0.494304,1.5792202,"9"
569,-1.61253,-0.494304,-0.492781,"9",-1.61253,-0.494304,-0.492781,"9"
570,-0.703364,-0.494304,-0.555112,"9",-0.703364,-0.494304,-0.555112,"9"
571,-2.19109,-0.494304,-0.699505,"9",-2.19109,-0.494304,-0.699505,"9"
572,0.6190592,-0.494304,0.4026692,"9",0.6190592,-0.494304,0.4026692,"9"
573,-1.61253,-0.494304,-0.939378,"9",-1.61253,-0.494304,-0.939378,"9"
574,-1.777833,-0.494304,-0.623051,"9",-1.777833,-0.494304,-0.623051,"9"
575,1.0323172,-0.494304,0.8965662,"9",1.0323172,-0.494304,0.8965662,"9"
576,0.2058022,-0.494304,0.0735362,"9",0.2058022,-0.494304,0.0735362,"9"
577,0.6190592,-0.494304,0.7472282,"9",0.6190592,-0.494304,0.7472282,"9"
578,-0.703364,-0.494304,-0.062088,"9",-0.703364,-0.494304,-0.062088,"9"
579,-0.786016,-0.494304,-0.623051,"9",-0.786016,-0.494304,-0.623051,"9"
580,0.5364082,-0.494304,-0.699505,"9",0.5364082,-0.494304,-0.699505,"9"
581,-0.290107,-0.494304,-1.029067,"9",-0.290107,-0.494304,-1.029067,"9"
582,0.9496652,-0.494304,-0.555112,"9",0.9496652,-0.494304,-0.555112,"9"
583,-1.777833,-0.494304,-0.265159,"9",-1.777833,-0.494304,-0.265159,"9"
584,-1.364576,-0.494304,-1.335315,"9",-1.364576,-0.494304,-1.335315,"9"
585,0.1231502,-0.494304,0.4781942,"9",0.1231502,-0.494304,0.4781942,"9"
586,-0.124804,-0.494304,-0.265159,"9",-0.124804,-0.494304,-0.265159,"9"
587,-0.042152,-0.494304,0.5443412,"9",-0.042152,-0.494304,0.5443412,"9"
588,-2.686999,-0.494304,-1.62373,"9",-2.686999,-0.494304,-1.62373,"9"
589,-2.934953,-0.494304,-2.108644,"9",-2.934953,-0.494304,-2.108644,"9"
590,0.3711052,-0.494304,-0.129085,"9",0.3711052,-0.494304,-0.129085,"9"
591,0.8670142,-0.494304,0.0735362,"9",0.8670142,-0.494304,0.0735362,"9"
592,0.8670142,-0.494304,0.0735362,"9",0.8670142,-0.494304,0.0735362,"9"
593,-0.620713,-0.494304,-1.335315,"9",-0.620713,-0.494304,-1.335315,"9"
594,-0.620713,-0.494304,-1.118624,"9",-0.620713,-0.494304,-1.118624,"9"
595,-0.45541,-0.494304,-1.526653,"9",-0.45541,-0.494304,-1.526653,"9"
596,1.1976192,-0.494304,0.4781942,"9",1.1976192,-0.494304,0.4781942,"9"
597,-0.786016,-0.494304,-0.197611,"9",-0.786016,-0.494304,-0.197611,"9"
598,0.1231502,-0.494304,0.0043222,"9",0.1231502,-0.494304,0.0043222,"9"
599,1.1149682,0.1892722,0.4026692,"10",1.1149682,0.1892722,0.4026692,"10"
600,-0.538061,0.1892722,-0.338842,"10",-0.538061,0.1892722,-0.338842,"10"
601,-1.447227,0.1892722,0.2613242,"10",-1.447227,0.1892722,0.2613242,"10"
602,-0.372758,0.1892722,-0.419801,"10",-0.372758,0.1892722,-0.419801,"10"
603,0.7017112,0.1892722,0.1340672,"10",0.7017112,0.1892722,0.1340672,"10"
604,-0.372758,0.1892722,-0.338842,"10",-0.372758,0.1892722,-0.338842,"10"
605,0.2884532,0.1892722,1.5792202,"10",0.2884532,0.1892722,1.5792202,"10"
606,-0.207455,0.1892722,0.0735362,"10",-0.207455,0.1892722,0.0735362,"10"
607,0.2884532,0.1892722,0.1340672,"10",0.2884532,0.1892722,0.1340672,"10"
608,-0.042152,0.1892722,0.0043222,"10",-0.042152,0.1892722,0.0043222,"10"
609,0.5364082,0.1892722,0.0043222,"10",0.5364082,0.1892722,0.0043222,"10"
610,1.0323172,0.1892722,-0.623051,"10",1.0323172,0.1892722,-0.623051,"10"
611,0.7017112,0.1892722,-0.062088,"10",0.7017112,0.1892722,-0.062088,"10"
612,1.1149682,0.1892722,-0.419801,"10",1.1149682,0.1892722,-0.419801,"10"
613,-0.042152,0.1892722,0.1340672,"10",-0.042152,0.1892722,0.1340672,"10"
614,0.0404992,0.1892722,0.0043222,"10",0.0404992,0.1892722,0.0043222,"10"
615,0.2058022,0.1892722,-0.419801,"10",0.2058022,0.1892722,-0.419801,"10"
616,0.1231502,0.1892722,-0.939378,"10",0.1231502,0.1892722,-0.939378,"10"
617,0.0404992,0.1892722,-0.129085,"10",0.0404992,0.1892722,-0.129085,"10"
618,0.1231502,0.1892722,-0.265159,"10",0.1231502,0.1892722,-0.265159,"10"
619,0.6190592,0.1892722,-0.338842,"10",0.6190592,0.1892722,-0.338842,"10"
620,-0.45541,0.1892722,-0.939378,"10",-0.45541,0.1892722,-0.939378,"10"
621,0.5364082,0.1892722,0.4026692,"10",0.5364082,0.1892722,0.4026692,"10"
622,1.0323172,0.1892722,-0.623051,"10",1.0323172,0.1892722,-0.623051,"10"
623,-0.207455,0.1892722,-0.623051,"10",-0.207455,0.1892722,-0.623051,"10"
624,0.6190592,0.1892722,-1.118624,"10",0.6190592,0.1892722,-1.118624,"10"
625,-0.786016,0.1892722,-0.338842,"10",-0.786016,0.1892722,-0.338842,"10"
626,0.5364082,0.1892722,-0.265159,"10",0.5364082,0.1892722,-0.265159,"10"
627,0.0404992,0.1892722,-0.776109,"10",0.0404992,0.1892722,-0.776109,"10"
628,1.8588312,0.1892722,0.0043222,"10",1.8588312,0.1892722,0.0043222,"10"
629,0.5364082,0.1892722,-1.62373,"10",0.5364082,0.1892722,-1.62373,"10"
630,-0.868667,0.1892722,-1.029067,"10",-0.868667,0.1892722,-1.029067,"10"
631,-0.290107,0.1892722,0.2613242,"10",-0.290107,0.1892722,0.2613242,"10"
632,0.1231502,0.1892722,0.0735362,"10",0.1231502,0.1892722,0.0735362,"10"
633,-1.116621,0.1892722,-1.029067,"10",-1.116621,0.1892722,-1.029067,"10"
634,2.0241342,0.1892722,1.5792202,"10",2.0241342,0.1892722,1.5792202,"10"
635,0.0404992,0.1892722,-0.492781,"10",0.0404992,0.1892722,-0.492781,"10"
636,-0.703364,0.1892722,-1.526653,"10",-0.703364,0.1892722,-1.526653,"10"
637,0.9496652,0.1892722,0.2613242,"10",0.9496652,0.1892722,0.2613242,"10"
638,-0.042152,0.1892722,-0.492781,"10",-0.042152,0.1892722,-0.492781,"10"
639,-0.042152,0.1892722,-1.219486,"10",-0.042152,0.1892722,-1.219486,"10"
640,1.6108772,0.1892722,-0.129085,"10",1.6108772,0.1892722,-0.129085,"10"
641,0.8670142,0.1892722,-0.265159,"10",0.8670142,0.1892722,-0.265159,"10"
642,1.3629222,0.1892722,0.6787592,"10",1.3629222,0.1892722,0.6787592,"10"
643,0.4537562,0.1892722,-1.526653,"10",0.4537562,0.1892722,-1.526653,"10"
644,-0.45541,0.1892722,-0.699505,"10",-0.45541,0.1892722,-0.699505,"10"
645,-0.290107,0.1892722,-0.062088,"10",-0.290107,0.1892722,-0.062088,"10"
646,-0.951318,0.1892722,-0.939378,"10",-0.951318,0.1892722,-0.939378,"10"
647,-0.786016,0.1892722,0.0735362,"10",-0.786016,0.1892722,0.0735362,"10"
648,-0.042152,0.1892722,0.4781942,"10",-0.042152,0.1892722,0.4781942,"10"
649,0.4537562,0.6350562,0.3280722,"11",0.4537562,0.6350562,0.3280722,"11"
650,-0.620713,0.6350562,0.0043222,"11",-0.620713,0.6350562,0.0043222,"11"
651,1.1976192,0.6350562,0.5443412,"11",1.1976192,0.6350562,0.5443412,"11"
652,-0.45541,0.6350562,0.8965662,"11",-0.45541,0.6350562,0.8965662,"11"
653,-0.372758,0.6350562,1.0396082,"11",-0.372758,0.6350562,1.0396082,"11"
654,0.2884532,0.6350562,1.6618062,"11",0.2884532,0.6350562,1.6618062,"11"
655,1.6935282,0.6350562,0.8219882,"11",1.6935282,0.6350562,0.8219882,"11"
656,1.9414832,0.6350562,2.0397092,"11",1.9414832,0.6350562,2.0397092,"11"
657,0.6190592,0.6350562,0.4026692,"11",0.6190592,0.6350562,0.4026692,"11"
658,0.7017112,0.6350562,1.9003352,"11",0.7017112,0.6350562,1.9003352,"11"
659,1.3629222,0.6350562,1.3101422,"11",1.3629222,0.6350562,1.3101422,"11"
660,0.1231502,0.6350562,0.0043222,"11",0.1231502,0.6350562,0.0043222,"11"
661,-1.364576,0.6350562,-1.62373,"11",-1.364576,0.6350562,-1.62373,"11"
662,1.1149682,0.6350562,0.0735362,"11",1.1149682,0.6350562,0.0735362,"11"
663,1.9414832,0.6350562,0.0043222,"11",1.9414832,0.6350562,0.0043222,"11"
664,-0.124804,0.6350562,0.0735362,"11",-0.124804,0.6350562,0.0735362,"11"
665,1.2802712,0.6350562,2.2031212,"11",1.2802712,0.6350562,2.2031212,"11"
666,0.0404992,0.6350562,-0.623051,"11",0.0404992,0.6350562,-0.623051,"11"
667,2.4373912,0.6350562,2.2031212,"11",2.4373912,0.6350562,2.2031212,"11"
668,0.0404992,0.6350562,0.3280722,"11",0.0404992,0.6350562,0.3280722,"11"
669,0.1231502,0.6350562,0.6787592,"11",0.1231502,0.6350562,0.6787592,"11"
670,-0.538061,0.6350562,0.4781942,"11",-0.538061,0.6350562,0.4781942,"11"
671,0.5364082,0.6350562,1.9003352,"11",0.5364082,0.6350562,1.9003352,"11"
672,0.6190592,0.6350562,0.5443412,"11",0.6190592,0.6350562,0.5443412,"11"
673,0.2058022,0.6350562,0.3280722,"11",0.2058022,0.6350562,0.3280722,"11"
674,0.3711052,0.6350562,0.0043222,"11",0.3711052,0.6350562,0.0043222,"11"
675,0.5364082,0.6350562,0.1340672,"11",0.5364082,0.6350562,0.1340672,"11"
676,0.6190592,0.6350562,-1.029067,"11",0.6190592,0.6350562,-1.029067,"11"
677,1.4455742,0.6350562,1.7348992,"11",1.4455742,0.6350562,1.7348992,"11"
678,-1.116621,0.6350562,0.1941492,"11",-1.116621,0.6350562,0.1941492,"11"
679,-0.538061,0.6350562,0.4781942,"11",-0.538061,0.6350562,0.4781942,"11"
680,1.2802712,0.6350562,0.1941492,"11",1.2802712,0.6350562,0.1941492,"11"
681,-0.538061,0.6350562,-2.108644,"11",-0.538061,0.6350562,-2.108644,"11"
682,-0.290107,0.6350562,-0.85267,"11",-0.290107,0.6350562,-0.85267,"11"
683,2.2720892,0.6350562,1.5061852,"11",2.2720892,0.6350562,1.5061852,"11"
684,2.8506492,0.6350562,0.1340672,"11",2.8506492,0.6350562,0.1340672,"11"
685,0.0404992,0.6350562,1.1758492,"11",0.0404992,0.6350562,1.1758492,"11"
686,-0.951318,0.6350562,0.2613242,"11",-0.951318,0.6350562,0.2613242,"11"
687,-0.951318,0.6350562,0.8219882,"11",-0.951318,0.6350562,0.8219882,"11"
688,0.2884532,0.6350562,0.9675862,"11",0.2884532,0.6350562,0.9675862,"11"
689,0.7843622,0.6350562,0.1941492,"11",0.7843622,0.6350562,0.1941492,"11"
690,1.1149682,0.6350562,1.3747412,"11",1.1149682,0.6350562,1.3747412,"11"
691,1.1149682,0.6350562,0.6787592,"11",1.1149682,0.6350562,0.6787592,"11"
692,2.0241342,0.6350562,1.9003352,"11",2.0241342,0.6350562,1.9003352,"11"
693,0.2884532,0.6350562,-0.492781,"11",0.2884532,0.6350562,-0.492781,"11"
694,1.0323172,0.6350562,-0.062088,"11",1.0323172,0.6350562,-0.062088,"11"
695,0.5364082,0.6350562,0.3280722,"11",0.5364082,0.6350562,0.3280722,"11"
696,1.3629222,0.6350562,1.3747412,"11",1.3629222,0.6350562,1.3747412,"11"
697,1.6108772,0.6350562,1.0396082,"11",1.6108772,0.6350562,1.0396082,"11"
698,1.8588312,0.6350562,0.7472282,"11",1.8588312,0.6350562,0.7472282,"11"
699,-1.447227,0.6350562,-0.419801,"11",-1.447227,0.6350562,-0.419801,"11"
700,1.6935282,0.6350562,1.5792202,"11",1.6935282,0.6350562,1.5792202,"11"
701,0.3711052,0.6350562,0.5443412,"11",0.3711052,0.6350562,0.5443412,"11"
702,0.3711052,0.6350562,0.3280722,"11",0.3711052,0.6350562,0.3280722,"11"
703,1.6935282,0.6350562,1.0396082,"11",1.6935282,0.6350562,1.0396082,"11"
704,2.1067862,0.6350562,0.9675862,"11",2.1067862,0.6350562,0.9675862,"11"
705,1.2802712,0.6350562,0.1941492,"11",1.2802712,0.6350562,0.1941492,"11"
706,1.1976192,0.6350562,1.1758492,"11",1.1976192,0.6350562,1.1758492,"11"
707,-0.124804,0.6350562,-0.85267,"11",-0.124804,0.6350562,-0.85267,"11"
708,-0.207455,0.6350562,0.4781942,"11",-0.207455,0.6350562,0.4781942,"11"
709,1.3629222,0.6350562,0.7472282,"11",1.3629222,0.6350562,0.7472282,"11"
710,0.7843622,0.6350562,0.5443412,"11",0.7843622,0.6350562,0.5443412,"11"
711,-0.951318,-0.00874,-0.623051,"12",-0.951318,-0.00874,-0.623051,"12"
712,0.6190592,-0.00874,0.7472282,"12",0.6190592,-0.00874,0.7472282,"12"
713,-1.116621,-0.00874,-1.723882,"12",-1.116621,-0.00874,-1.723882,"12"
714,1.1149682,-0.00874,0.0043222,"12",1.1149682,-0.00874,0.0043222,"12"
715,0.7017112,-0.00874,0.5443412,"12",0.7017112,-0.00874,0.5443412,"12"
716,0.1231502,-0.00874,0.4026692,"12",0.1231502,-0.00874,0.4026692,"12"
717,0.7017112,-0.00874,0.5443412,"12",0.7017112,-0.00874,0.5443412,"12"
718,-0.703364,-0.00874,-1.118624,"12",-0.703364,-0.00874,-1.118624,"12"
719,-0.45541,-0.00874,-2.108644,"12",-0.45541,-0.00874,-2.108644,"12"
720,-0.042152,-0.00874,1.1094382,"12",-0.042152,-0.00874,1.1094382,"12"
721,0.1231502,-0.00874,0.6787592,"12",0.1231502,-0.00874,0.6787592,"12"
722,-0.372758,-0.00874,0.2613242,"12",-0.372758,-0.00874,0.2613242,"12"
723,0.2884532,-0.00874,0.8965662,"12",0.2884532,-0.00874,0.8965662,"12"
724,-0.207455,-0.00874,-0.419801,"12",-0.207455,-0.00874,-0.419801,"12"
725,1.1149682,-0.00874,1.2405332,"12",1.1149682,-0.00874,1.2405332,"12"
726,-0.951318,-0.00874,-0.265159,"12",-0.951318,-0.00874,-0.265159,"12"
727,0.4537562,-0.00874,0.1941492,"12",0.4537562,-0.00874,0.1941492,"12"
728,1.1149682,-0.00874,0.2613242,"12",1.1149682,-0.00874,0.2613242,"12"
729,-0.45541,-0.00874,-0.939378,"12",-0.45541,-0.00874,-0.939378,"12"
730,0.0404992,-0.00874,0.8219882,"12",0.0404992,-0.00874,0.8219882,"12"
731,-0.868667,-0.00874,-0.419801,"12",-0.868667,-0.00874,-0.419801,"12"
732,-0.703364,-0.00874,-0.197611,"12",-0.703364,-0.00874,-0.197611,"12"
733,-0.207455,-0.00874,-1.335315,"12",-0.207455,-0.00874,-1.335315,"12"
734,-0.703364,-0.00874,-0.338842,"12",-0.703364,-0.00874,-0.338842,"12"
735,1.1149682,-0.00874,-0.492781,"12",1.1149682,-0.00874,-0.492781,"12"
736,-1.281924,-0.00874,-0.555112,"12",-1.281924,-0.00874,-0.555112,"12"
737,0.8670142,-0.00874,0.0735362,"12",0.8670142,-0.00874,0.0735362,"12"
738,-1.61253,-0.00874,-1.62373,"12",-1.61253,-0.00874,-1.62373,"12"
739,0.7843622,-0.00874,0.8965662,"12",0.7843622,-0.00874,0.8965662,"12"
740,1.1976192,-0.00874,-0.265159,"12",1.1976192,-0.00874,-0.265159,"12"
741,-0.868667,-0.00874,-1.526653,"12",-0.868667,-0.00874,-1.526653,"12"
742,-1.943136,-0.00874,-0.699505,"12",-1.943136,-0.00874,-0.699505,"12"
743,1.5282252,-0.00874,0.0043222,"12",1.5282252,-0.00874,0.0043222,"12"
744,0.7843622,-0.00874,0.1340672,"12",0.7843622,-0.00874,0.1340672,"12"
745,0.3711052,-0.00874,0.8965662,"12",0.3711052,-0.00874,0.8965662,"12"
746,-0.207455,-0.00874,0.0043222,"12",-0.207455,-0.00874,0.0043222,"12"
747,0.7843622,-0.00874,-0.555112,"12",0.7843622,-0.00874,-0.555112,"12"
748,0.0404992,-0.00874,0.1941492,"12",0.0404992,-0.00874,0.1941492,"12"
749,-0.620713,-0.00874,0.8965662,"12",-0.620713,-0.00874,0.8965662,"12"
750,-1.199273,-0.00874,0.1340672,"12",-1.199273,-0.00874,0.1340672,"12"
751,-0.703364,-0.00874,-0.197611,"12",-0.703364,-0.00874,-0.197611,"12"
752,-0.372758,-0.00874,0.3280722,"12",-0.372758,-0.00874,0.3280722,"12"
753,1.2802712,-0.00874,0.3280722,"12",1.2802712,-0.00874,0.3280722,"12"
754,0.6190592,-0.00874,0.6787592,"12",0.6190592,-0.00874,0.6787592,"12"
755,0.0404992,-0.00874,0.6787592,"12",0.0404992,-0.00874,0.6787592,"12"
756,-0.124804,-0.00874,-1.029067,"12",-0.124804,-0.00874,-1.029067,"12"
757,0.4537562,-0.00874,0.0735362,"12",0.4537562,-0.00874,0.0735362,"12"
758,-1.199273,-0.149341,-0.555112,"13",-1.199273,-0.149341,-0.555112,"13"
759,-0.786016,-0.149341,-0.699505,"13",-0.786016,-0.149341,-0.699505,"13"
760,-1.777833,-0.149341,-0.939378,"13",-1.777833,-0.149341,-0.939378,"13"
761,-0.290107,-0.149341,0.2613242,"13",-0.290107,-0.149341,0.2613242,"13"
762,1.0323172,-0.149341,0.1340672,"13",1.0323172,-0.149341,0.1340672,"13"
763,0.2058022,-0.149341,0.5443412,"13",0.2058022,-0.149341,0.5443412,"13"
764,-0.786016,-0.149341,-0.555112,"13",-0.786016,-0.149341,-0.555112,"13"
765,0.6190592,-0.149341,-0.419801,"13",0.6190592,-0.149341,-0.419801,"13"
766,-0.538061,-0.149341,-1.836687,"13",-0.538061,-0.149341,-1.836687,"13"
767,-1.116621,-0.149341,-1.723882,"13",-1.116621,-0.149341,-1.723882,"13"
768,-0.042152,-0.149341,0.1340672,"13",-0.042152,-0.149341,0.1340672,"13"
769,-1.943136,-0.149341,-1.526653,"13",-1.943136,-0.149341,-1.526653,"13"
770,-0.45541,-0.149341,0.0735362,"13",-0.45541,-0.149341,0.0735362,"13"
771,-2.934953,-0.149341,-1.219486,"13",-2.934953,-0.149341,-1.219486,"13"
772,-0.207455,-0.149341,-0.623051,"13",-0.207455,-0.149341,-0.623051,"13"
773,1.4455742,-0.149341,1.5061852,"13",1.4455742,-0.149341,1.5061852,"13"
774,1.2802712,-0.149341,1.1094382,"13",1.2802712,-0.149341,1.1094382,"13"
775,-1.116621,-0.149341,-1.962075,"13",-1.116621,-0.149341,-1.962075,"13"
776,0.6190592,-0.149341,-1.335315,"13",0.6190592,-0.149341,-1.335315,"13"
777,1.6108772,-0.149341,2.3136012,"13",1.6108772,-0.149341,2.3136012,"13"
778,-2.108439,-0.149341,-1.438662,"13",-2.108439,-0.149341,-1.438662,"13"
779,-1.03397,-0.149341,-1.438662,"13",-1.03397,-0.149341,-1.438662,"13"
780,-0.868667,-0.149341,-0.85267,"13",-0.868667,-0.149341,-0.85267,"13"
781,-0.372758,-0.149341,-0.265159,"13",-0.372758,-0.149341,-0.265159,"13"
782,-0.372758,-0.149341,-1.029067,"13",-0.372758,-0.149341,-1.029067,"13"
783,-0.290107,-0.149341,0.2613242,"13",-0.290107,-0.149341,0.2613242,"13"
784,-0.372758,-0.149341,-0.419801,"13",-0.372758,-0.149341,-0.419801,"13"
785,0.2884532,-0.149341,-0.197611,"13",0.2884532,-0.149341,-0.197611,"13"
786,-0.207455,-0.149341,-1.219486,"13",-0.207455,-0.149341,-1.219486,"13"
787,-1.529879,-0.149341,-2.75266,"13",-1.529879,-0.149341,-2.75266,"13"
788,-0.290107,-0.149341,0.3280722,"13",-0.290107,-0.149341,0.3280722,"13"
789,1.1976192,-0.149341,0.8965662,"13",1.1976192,-0.149341,0.8965662,"13"
790,-1.695182,-0.149341,-0.555112,"13",-1.695182,-0.149341,-0.555112,"13"
791,-0.290107,-0.149341,0.5443412,"13",-0.290107,-0.149341,0.5443412,"13"
792,-0.290107,-0.149341,-0.419801,"13",-0.290107,-0.149341,-0.419801,"13"
793,0.7843622,-0.149341,0.0043222,"13",0.7843622,-0.149341,0.0043222,"13"
794,0.2058022,-0.149341,-0.197611,"13",0.2058022,-0.149341,-0.197611,"13"
795,2.8506492,-0.149341,0.9675862,"13",2.8506492,-0.149341,0.9675862,"13"
796,0.3711052,-0.149341,1.1758492,"13",0.3711052,-0.149341,1.1758492,"13"
797,0.9496652,-0.149341,0.9675862,"13",0.9496652,-0.149341,0.9675862,"13"
798,-1.199273,-0.149341,1.0396082,"13",-1.199273,-0.149341,1.0396082,"13"
799,1.2802712,-0.149341,0.4781942,"13",1.2802712,-0.149341,0.4781942,"13"
800,-2.025787,-0.149341,-1.438662,"13",-2.025787,-0.149341,-1.438662,"13"
801,-0.538061,-0.149341,-0.419801,"13",-0.538061,-0.149341,-0.419801,"13"
802,-0.042152,-0.149341,0.8219882,"13",-0.042152,-0.149341,0.8219882,"13"
803,-1.03397,-0.149341,-0.129085,"13",-1.03397,-0.149341,-0.129085,"13"
804,-0.124804,-0.149341,0.4781942,"13",-0.124804,-0.149341,0.4781942,"13"
805,-0.290107,-0.149341,-0.623051,"13",-0.290107,-0.149341,-0.623051,"13"
806,0.4537562,-0.149341,-0.776109,"13",0.4537562,-0.149341,-0.776109,"13"
807,-0.207455,-0.149341,-1.118624,"13",-0.207455,-0.149341,-1.118624,"13"
808,1.6108772,-0.149341,-0.555112,"13",1.6108772,-0.149341,-0.555112,"13"
809,0.3711052,-0.149341,1.2405332,"13",0.3711052,-0.149341,1.2405332,"13"
810,0.3711052,-0.149341,0.1340672,"13",0.3711052,-0.149341,0.1340672,"13"
811,0.5364082,-0.149341,0.1941492,"13",0.5364082,-0.149341,0.1941492,"13"
812,1.6108772,-0.149341,1.7348992,"13",1.6108772,-0.149341,1.7348992,"13"
813,-0.124804,-0.149341,-0.623051,"13",-0.124804,-0.149341,-0.623051,"13"
814,0.7017112,-0.149341,0.8219882,"13",0.7017112,-0.149341,0.8219882,"13"
815,0.0404992,-0.149341,0.2613242,"13",0.0404992,-0.149341,0.2613242,"13"
816,-0.951318,-0.149341,-1.219486,"13",-0.951318,-0.149341,-1.219486,"13"
817,-0.124804,-0.149341,-0.129085,"13",-0.124804,-0.149341,-0.129085,"13"
818,-0.45541,-0.149341,-1.335315,"13",-0.45541,-0.149341,-1.335315,"13"
819,0.0404992,-0.149341,-0.197611,"13",0.0404992,-0.149341,-0.197611,"13"
820,-0.45541,-0.149341,-0.555112,"13",-0.45541,-0.149341,-0.555112,"13"
821,0.4537562,-0.149341,-0.85267,"13",0.4537562,-0.149341,-0.85267,"13"
822,1.2802712,0.3264402,1.6618062,"14",1.2802712,0.3264402,1.6618062,"14"
823,-0.372758,0.3264402,0.4781942,"14",-0.372758,0.3264402,0.4781942,"14"
824,0.6190592,0.3264402,0.4026692,"14",0.6190592,0.3264402,0.4026692,"14"
825,0.2058022,0.3264402,-0.265159,"14",0.2058022,0.3264402,-0.265159,"14"
826,0.7017112,0.3264402,1.1758492,"14",0.7017112,0.3264402,1.1758492,"14"
827,0.2058022,0.3264402,0.2613242,"14",0.2058022,0.3264402,0.2613242,"14"
828,0.2058022,0.3264402,-0.776109,"14",0.2058022,0.3264402,-0.776109,"14"
829,0.0404992,0.3264402,0.4026692,"14",0.0404992,0.3264402,0.4026692,"14"
830,0.7017112,0.3264402,-0.492781,"14",0.7017112,0.3264402,-0.492781,"14"
831,-0.290107,0.3264402,-0.062088,"14",-0.290107,0.3264402,-0.062088,"14"
832,0.8670142,0.3264402,0.9675862,"14",0.8670142,0.3264402,0.9675862,"14"
833,-2.108439,0.3264402,-0.776109,"14",-2.108439,0.3264402,-0.776109,"14"
834,0.5364082,0.3264402,0.2613242,"14",0.5364082,0.3264402,0.2613242,"14"
835,0.7843622,0.3264402,-0.776109,"14",0.7843622,0.3264402,-0.776109,"14"
836,-0.620713,0.3264402,0.1941492,"14",-0.620713,0.3264402,0.1941492,"14"
837,2.1894372,0.3264402,0.4026692,"14",2.1894372,0.3264402,0.4026692,"14"
838,-0.207455,0.3264402,-1.526653,"14",-0.207455,0.3264402,-1.526653,"14"
839,1.4455742,0.3264402,1.4395322,"14",1.4455742,0.3264402,1.4395322,"14"
840,-0.538061,0.3264402,-0.492781,"14",-0.538061,0.3264402,-0.492781,"14"
841,0.4537562,0.3264402,-0.062088,"14",0.4537562,0.3264402,-0.062088,"14"
842,-0.703364,0.3264402,-0.062088,"14",-0.703364,0.3264402,-0.062088,"14"
843,0.9496652,0.3264402,-0.419801,"14",0.9496652,0.3264402,-0.419801,"14"
844,-0.207455,0.3264402,-0.129085,"14",-0.207455,0.3264402,-0.129085,"14"
845,1.4455742,0.3264402,1.1758492,"14",1.4455742,0.3264402,1.1758492,"14"
846,0.5364082,0.3264402,-0.555112,"14",0.5364082,0.3264402,-0.555112,"14"
847,-0.042152,0.3264402,2.2031212,"14",-0.042152,0.3264402,2.2031212,"14"
848,1.3629222,0.3264402,-0.129085,"14",1.3629222,0.3264402,-0.129085,"14"
849,1.6108772,0.3264402,0.1941492,"14",1.6108772,0.3264402,0.1941492,"14"
850,0.7017112,0.3264402,1.3101422,"14",0.7017112,0.3264402,1.3101422,"14"
851,-0.951318,0.3264402,-1.438662,"14",-0.951318,0.3264402,-1.438662,"14"
852,-1.61253,0.3264402,-2.291731,"14",-1.61253,0.3264402,-2.291731,"14"
853,-0.372758,0.3264402,-0.699505,"14",-0.372758,0.3264402,-0.699505,"14"
854,-0.124804,0.3264402,-0.129085,"14",-0.124804,0.3264402,-0.129085,"14"
855,-1.116621,0.3264402,-2.291731,"14",-1.116621,0.3264402,-2.291731,"14"
856,1.1976192,0.3264402,-0.419801,"14",1.1976192,0.3264402,-0.419801,"14"
857,0.0404992,0.3264402,0.4026692,"14",0.0404992,0.3264402,0.4026692,"14"
858,0.7017112,0.3264402,-0.129085,"14",0.7017112,0.3264402,-0.129085,"14"
859,-0.951318,0.3264402,-2.108644,"14",-0.951318,0.3264402,-2.108644,"14"
860,0.3711052,0.3264402,0.3280722,"14",0.3711052,0.3264402,0.3280722,"14"
861,0.8670142,0.3264402,0.6787592,"14",0.8670142,0.3264402,0.6787592,"14"
862,-1.199273,0.3264402,-1.62373,"14",-1.199273,0.3264402,-1.62373,"14"
863,0.3711052,0.3264402,-1.526653,"14",0.3711052,0.3264402,-1.526653,"14"
864,1.3629222,0.3264402,0.8219882,"14",1.3629222,0.3264402,0.8219882,"14"
865,-0.207455,0.3264402,-0.338842,"14",-0.207455,0.3264402,-0.338842,"14"
866,-0.538061,0.3264402,-1.118624,"14",-0.538061,0.3264402,-1.118624,"14"
867,-0.951318,0.3264402,-0.338842,"14",-0.951318,0.3264402,-0.338842,"14"
868,0.7843622,0.3264402,0.7472282,"14",0.7843622,0.3264402,0.7472282,"14"
869,0.5364082,0.3264402,1.3101422,"14",0.5364082,0.3264402,1.3101422,"14"
870,-0.703364,0.3264402,-0.555112,"14",-0.703364,0.3264402,-0.555112,"14"
871,1.5282252,0.3264402,1.1758492,"14",1.5282252,0.3264402,1.1758492,"14"
872,0.8670142,0.3264402,0.4781942,"14",0.8670142,0.3264402,0.4781942,"14"
873,-0.042152,0.3264402,-0.699505,"14",-0.042152,0.3264402,-0.699505,"14"
874,1.4455742,0.3264402,0.2613242,"14",1.4455742,0.3264402,0.2613242,"14"
875,-1.116621,0.3264402,-0.623051,"14",-1.116621,0.3264402,-0.623051,"14"
876,0.5364082,0.3264402,0.4026692,"14",0.5364082,0.3264402,0.4026692,"14"
877,-0.124804,0.3264402,0.0043222,"14",-0.124804,0.3264402,0.0043222,"14"
878,0.3711052,0.3264402,-0.699505,"14",0.3711052,0.3264402,-0.699505,"14"
879,1.0323172,0.3264402,0.9675862,"14",1.0323172,0.3264402,0.9675862,"14"
880,-0.703364,0.3264402,-0.939378,"14",-0.703364,0.3264402,-0.939378,"14"
881,-0.207455,0.3264402,-0.129085,"14",-0.207455,0.3264402,-0.129085,"14"
882,-0.290107,0.3264402,-1.335315,"14",-0.290107,0.3264402,-1.335315,"14"
883,2.1067862,0.3264402,0.0043222,"14",2.1067862,0.3264402,0.0043222,"14"
884,-0.042152,0.3264402,-1.219486,"14",-0.042152,0.3264402,-1.219486,"14"
885,0.4537562,0.3264402,-0.699505,"14",0.4537562,0.3264402,-0.699505,"14"
886,0.5364082,0.3264402,-1.118624,"14",0.5364082,0.3264402,-1.118624,"14"
887,0.2884532,0.3264402,1.1094382,"14",0.2884532,0.3264402,1.1094382,"14"
888,1.8588312,0.3264402,1.5792202,"14",1.8588312,0.3264402,1.5792202,"14"
889,0.9496652,0.3264402,-1.118624,"14",0.9496652,0.3264402,-1.118624,"14"
890,-0.703364,0.3264402,-0.492781,"14",-0.703364,0.3264402,-0.492781,"14"
891,1.4455742,0.3264402,1.7348992,"14",1.4455742,0.3264402,1.7348992,"14"
892,0.7843622,0.3264402,-1.219486,"14",0.7843622,0.3264402,-1.219486,"14"
893,-1.116621,0.3264402,-0.555112,"14",-1.116621,0.3264402,-0.555112,"14"
894,-0.042152,0.3264402,-0.265159,"14",-0.042152,0.3264402,-0.265159,"14"
895,0.4537562,0.3264402,0.1941492,"14",0.4537562,0.3264402,0.1941492,"14"
896,1.1976192,0.3264402,1.4395322,"14",1.1976192,0.3264402,1.4395322,"14"
897,-0.124804,0.3264402,1.3101422,"14",-0.124804,0.3264402,1.3101422,"14"
898,0.7017112,0.3264402,0.1941492,"14",0.7017112,0.3264402,0.1941492,"14"
899,-1.364576,0.3264402,-1.029067,"14",-1.364576,0.3264402,-1.029067,"14"
900,-0.372758,0.3264402,0.4781942,"14",-0.372758,0.3264402,0.4781942,"14"
901,1.3629222,0.3264402,1.2405332,"14",1.3629222,0.3264402,1.2405332,"14"
902,0.6190592,0.3264402,-0.265159,"14",0.6190592,0.3264402,-0.265159,"14"
903,2.0241342,0.3264402,1.6618062,"14",2.0241342,0.3264402,1.6618062,"14"
904,0.7843622,0.3264402,-0.129085,"14",0.7843622,0.3264402,-0.129085,"14"
905,-0.538061,0.3264402,0.1941492,"14",-0.538061,0.3264402,0.1941492,"14"
906,1.0323172,0.3264402,0.0735362,"14",1.0323172,0.3264402,0.0735362,"14"
907,0.7843622,0.3264402,0.7472282,"14",0.7843622,0.3264402,0.7472282,"14"
908,-0.538061,0.3264402,-0.338842,"14",-0.538061,0.3264402,-0.338842,"14"
909,0.2884532,0.3264402,-1.335315,"14",0.2884532,0.3264402,-1.335315,"14"
910,1.0323172,0.3264402,-0.197611,"14",1.0323172,0.3264402,-0.197611,"14"
911,2.8506492,0.3264402,0.7472282,"14",2.8506492,0.3264402,0.7472282,"14"
912,-1.116621,0.3264402,-0.699505,"14",-1.116621,0.3264402,-0.699505,"14"
913,0.2058022,0.3264402,-0.555112,"14",0.2058022,0.3264402,-0.555112,"14"
914,1.8588312,0.3264402,0.6107292,"14",1.8588312,0.3264402,0.6107292,"14"
915,1.5282252,0.3264402,0.9675862,"14",1.5282252,0.3264402,0.9675862,"14"
916,1.5282252,0.3264402,0.7472282,"14",1.5282252,0.3264402,0.7472282,"14"
917,1.6108772,0.3264402,0.5443412,"14",1.6108772,0.3264402,0.5443412,"14"
918,0.2884532,0.3264402,0.8219882,"14",0.2884532,0.3264402,0.8219882,"14"
919,-0.042152,0.3264402,-0.776109,"14",-0.042152,0.3264402,-0.776109,"14"
920,0.7017112,0.3264402,0.4026692,"14",0.7017112,0.3264402,0.4026692,"14"
921,-1.943136,0.3264402,-0.939378,"14",-1.943136,0.3264402,-0.939378,"14"
922,0.3711052,0.3264402,-0.338842,"14",0.3711052,0.3264402,-0.338842,"14"
923,-0.45541,0.3264402,-1.723882,"14",-0.45541,0.3264402,-1.723882,"14"
924,0.2058022,0.3264402,0.1340672,"14",0.2058022,0.3264402,0.1340672,"14"
925,0.4537562,0.3264402,-0.492781,"14",0.4537562,0.3264402,-0.492781,"14"
926,-1.860484,0.3264402,0.6107292,"14",-1.860484,0.3264402,0.6107292,"14"
927,-1.116621,0.3264402,-1.219486,"14",-1.116621,0.3264402,-1.219486,"14"
928,0.3711052,0.3264402,0.5443412,"14",0.3711052,0.3264402,0.5443412,"14"
929,0.3711052,0.3264402,-0.129085,"14",0.3711052,0.3264402,-0.129085,"14"
930,-1.529879,0.3264402,-1.962075,"14",-1.529879,0.3264402,-1.962075,"14"
931,0.5364082,0.3264402,-1.438662,"14",0.5364082,0.3264402,-1.438662,"14"
932,1.9414832,0.3264402,1.1094382,"14",1.9414832,0.3264402,1.1094382,"14"
933,1.3629222,0.3264402,0.8219882,"14",1.3629222,0.3264402,0.8219882,"14"
934,0.9496652,0.3264402,0.6107292,"14",0.9496652,0.3264402,0.6107292,"14"
935,-0.538061,0.3264402,-1.118624,"14",-0.538061,0.3264402,-1.118624,"14"
936,0.1231502,0.3264402,1.3747412,"14",0.1231502,0.3264402,1.3747412,"14"
937,0.3711052,0.3264402,-0.197611,"14",0.3711052,0.3264402,-0.197611,"14"
938,0.8670142,0.3264402,-0.265159,"14",0.8670142,0.3264402,-0.265159,"14"
939,0.6190592,0.3264402,-1.029067,"14",0.6190592,0.3264402,-1.029067,"14"
940,2.3547402,0.3264402,1.3747412,"14",2.3547402,0.3264402,1.3747412,"14"
941,-0.620713,0.3264402,-0.419801,"14",-0.620713,0.3264402,-0.419801,"14"
942,0.2884532,0.3264402,1.1758492,"14",0.2884532,0.3264402,1.1758492,"14"
943,1.7761802,0.3264402,1.2405332,"14",1.7761802,0.3264402,1.2405332,"14"
944,-0.207455,0.3264402,0.7472282,"14",-0.207455,0.3264402,0.7472282,"14"
945,0.3711052,0.3264402,0.9675862,"14",0.3711052,0.3264402,0.9675862,"14"
946,-1.116621,0.3264402,-0.85267,"14",-1.116621,0.3264402,-0.85267,"14"
947,0.9496652,0.3264402,-0.197611,"14",0.9496652,0.3264402,-0.197611,"14"
948,1.1976192,0.3264402,0.4026692,"14",1.1976192,0.3264402,0.4026692,"14"
949,1.8588312,0.3264402,0.5443412,"14",1.8588312,0.3264402,0.5443412,"14"
950,0.5364082,0.3264402,1.1094382,"14",0.5364082,0.3264402,1.1094382,"14"
951,0.6190592,0.3264402,0.2613242,"14",0.6190592,0.3264402,0.2613242,"14"
952,1.8588312,0.3264402,0.0043222,"14",1.8588312,0.3264402,0.0043222,"14"
953,-0.042152,0.3264402,0.1941492,"14",-0.042152,0.3264402,0.1941492,"14"
954,-0.290107,0.3264402,0.1340672,"14",-0.290107,0.3264402,0.1340672,"14"
955,-0.868667,0.3264402,-1.62373,"14",-0.868667,0.3264402,-1.62373,"14"
956,0.1231502,0.3264402,0.0735362,"14",0.1231502,0.3264402,0.0735362,"14"
957,1.8588312,0.3264402,1.8138272,"14",1.8588312,0.3264402,1.8138272,"14"
958,-0.786016,0.3264402,0.1340672,"14",-0.786016,0.3264402,0.1340672,"14"
959,0.2884532,0.3264402,-1.526653,"14",0.2884532,0.3264402,-1.526653,"14"
960,0.0404992,0.3264402,-1.438662,"14",0.0404992,0.3264402,-1.438662,"14"
961,1.6935282,0.3264402,1.1758492,"14",1.6935282,0.3264402,1.1758492,"14"
962,0.2058022,0.3264402,0.8219882,"14",0.2058022,0.3264402,0.8219882,"14"
963,0.6190592,0.3264402,-0.062088,"14",0.6190592,0.3264402,-0.062088,"14"
964,-0.620713,0.3264402,-0.338842,"14",-0.620713,0.3264402,-0.338842,"14"
965,1.4455742,0.3264402,1.8138272,"14",1.4455742,0.3264402,1.8138272,"14"
966,-1.116621,0.3264402,0.0735362,"14",-1.116621,0.3264402,0.0735362,"14"
967,-0.703364,0.3264402,-1.526653,"14",-0.703364,0.3264402,-1.526653,"14"
968,-0.124804,0.3264402,-0.062088,"14",-0.124804,0.3264402,-0.062088,"14"
969,0.9496652,0.3264402,0.6107292,"14",0.9496652,0.3264402,0.6107292,"14"
970,-0.868667,0.3264402,-2.291731,"14",-0.868667,0.3264402,-2.291731,"14"
971,0.2884532,0.3264402,-0.197611,"14",0.2884532,0.3264402,-0.197611,"14"
972,-0.786016,0.3264402,-0.197611,"14",-0.786016,0.3264402,-0.197611,"14"
973,0.2884532,0.3264402,0.6107292,"14",0.2884532,0.3264402,0.6107292,"14"
974,0.1231502,0.3264402,-0.129085,"14",0.1231502,0.3264402,-0.129085,"14"
975,1.7761802,0.3264402,1.9003352,"14",1.7761802,0.3264402,1.9003352,"14"
976,0.6190592,0.3264402,0.3280722,"14",0.6190592,0.3264402,0.3280722,"14"
977,1.2802712,0.3264402,0.9675862,"14",1.2802712,0.3264402,0.9675862,"14"
978,1.0323172,0.3264402,0.5443412,"14",1.0323172,0.3264402,0.5443412,"14"
979,0.8670142,0.3264402,1.1758492,"14",0.8670142,0.3264402,1.1758492,"14"
980,0.5364082,0.3264402,-0.062088,"14",0.5364082,0.3264402,-0.062088,"14"
981,0.4537562,0.3264402,1.1758492,"14",0.4537562,0.3264402,1.1758492,"14"
982,1.4455742,0.3264402,0.0735362,"14",1.4455742,0.3264402,0.0735362,"14"
983,0.4537562,0.3264402,0.1340672,"14",0.4537562,0.3264402,0.1340672,"14"
984,0.7843622,0.3264402,-0.062088,"14",0.7843622,0.3264402,-0.062088,"14"
985,0.7843622,0.3264402,0.4026692,"14",0.7843622,0.3264402,0.4026692,"14"
986,-1.03397,0.3264402,-1.118624,"14",-1.03397,0.3264402,-1.118624,"14"
987,0.5364082,0.3264402,0.6107292,"14",0.5364082,0.3264402,0.6107292,"14"
988,-0.124804,0.3264402,-1.962075,"14",-0.124804,0.3264402,-1.962075,"14"
989,1.4455742,0.3264402,1.1094382,"14",1.4455742,0.3264402,1.1094382,"14"
990,0.2884532,0.3264402,-1.219486,"14",0.2884532,0.3264402,-1.219486,"14"
991,0.2884532,0.3264402,0.4781942,"14",0.2884532,0.3264402,0.4781942,"14"
992,-0.703364,0.3264402,-0.699505,"14",-0.703364,0.3264402,-0.699505,"14"
993,-0.042152,0.3264402,-0.699505,"14",-0.042152,0.3264402,-0.699505,"14"
994,0.6190592,0.3264402,-1.029067,"14",0.6190592,0.3264402,-1.029067,"14"
995,0.2884532,0.3264402,-0.699505,"14",0.2884532,0.3264402,-0.699505,"14"
996,0.9496652,0.3264402,0.7472282,"14",0.9496652,0.3264402,0.7472282,"14"
997,0.3711052,0.3264402,1.1758492,"14",0.3711052,0.3264402,1.1758492,"14"
998,0.1231502,0.3264402,-0.129085,"14",0.1231502,0.3264402,-0.129085,"14"
999,1.7761802,0.3264402,1.5792202,"14",1.7761802,0.3264402,1.5792202,"14"
1000,1.0323172,0.3264402,0.8219882,"14",1.0323172,0.3264402,0.8219882,"14"
1001,-0.538061,0.3264402,-0.265159,"14",-0.538061,0.3264402,-0.265159,"14"
1002,0.1231502,0.3264402,-0.129085,"14",0.1231502,0.3264402,-0.129085,"14"
1003,0.3711052,0.3264402,1.1094382,"14",0.3711052,0.3264402,1.1094382,"14"
1004,0.1231502,0.3264402,0.4781942,"14",0.1231502,0.3264402,0.4781942,"14"
1005,-0.868667,0.3264402,0.2613242,"14",-0.868667,0.3264402,0.2613242,"14"
1006,-0.207455,0.3264402,0.6107292,"14",-0.207455,0.3264402,0.6107292,"14"
1007,0.2058022,0.3264402,-0.265159,"14",0.2058022,0.3264402,-0.265159,"14"
1008,0.4537562,0.3264402,0.8965662,"14",0.4537562,0.3264402,0.8965662,"14"
1009,0.2058022,0.3264402,-0.338842,"14",0.2058022,0.3264402,-0.338842,"14"
1010,-1.03397,0.3264402,0.9675862,"14",-1.03397,0.3264402,0.9675862,"14"
1011,0.0404992,0.3264402,-0.555112,"14",0.0404992,0.3264402,-0.555112,"14"
1012,-1.116621,0.3264402,-0.623051,"14",-1.116621,0.3264402,-0.623051,"14"
1013,1.3629222,0.3264402,0.0043222,"14",1.3629222,0.3264402,0.0043222,"14"
1014,0.5364082,0.3264402,0.2613242,"14",0.5364082,0.3264402,0.2613242,"14"
1015,-0.45541,0.3264402,-1.526653,"14",-0.45541,0.3264402,-1.526653,"14"
1016,0.6190592,0.3264402,-0.939378,"14",0.6190592,0.3264402,-0.939378,"14"
1017,-1.281924,0.3264402,-1.836687,"14",-1.281924,0.3264402,-1.836687,"14"
1018,0.7017112,0.3264402,1.1758492,"14",0.7017112,0.3264402,1.1758492,"14"
1019,1.0323172,0.3264402,0.5443412,"14",1.0323172,0.3264402,0.5443412,"14"
1020,-0.620713,0.2702882,-0.85267,"15",-0.620713,0.2702882,-0.85267,"15"
1021,0.2058022,0.2702882,-0.197611,"15",0.2058022,0.2702882,-0.197611,"15"
1022,-0.786016,0.2702882,-0.623051,"15",-0.786016,0.2702882,-0.623051,"15"
1023,-0.042152,0.2702882,-0.129085,"15",-0.042152,0.2702882,-0.129085,"15"
1024,0.8670142,0.2702882,0.1340672,"15",0.8670142,0.2702882,0.1340672,"15"
1025,0.9496652,0.2702882,2.2031212,"15",0.9496652,0.2702882,2.2031212,"15"
1026,1.6108772,0.2702882,1.5792202,"15",1.6108772,0.2702882,1.5792202,"15"
1027,1.0323172,0.2702882,0.2613242,"15",1.0323172,0.2702882,0.2613242,"15"
1028,1.0323172,0.2702882,-1.219486,"15",1.0323172,0.2702882,-1.219486,"15"
1029,1.6935282,0.2702882,1.5792202,"15",1.6935282,0.2702882,1.5792202,"15"
1030,1.3629222,0.2702882,1.8138272,"15",1.3629222,0.2702882,1.8138272,"15"
1031,0.0404992,0.2702882,0.6107292,"15",0.0404992,0.2702882,0.6107292,"15"
1032,0.2058022,0.2702882,0.0735362,"15",0.2058022,0.2702882,0.0735362,"15"
1033,-0.207455,0.2702882,0.1941492,"15",-0.207455,0.2702882,0.1941492,"15"
1034,-0.042152,0.2702882,0.4781942,"15",-0.042152,0.2702882,0.4781942,"15"
1035,0.2058022,0.2702882,-0.492781,"15",0.2058022,0.2702882,-0.492781,"15"
1036,-0.786016,0.2702882,-0.623051,"15",-0.786016,0.2702882,-0.623051,"15"
1037,1.1149682,0.2702882,0.6107292,"15",1.1149682,0.2702882,0.6107292,"15"
1038,-1.03397,0.2702882,-0.419801,"15",-1.03397,0.2702882,-0.419801,"15"
1039,-0.868667,0.2702882,-1.962075,"15",-0.868667,0.2702882,-1.962075,"15"
1040,1.1149682,0.2702882,1.1094382,"15",1.1149682,0.2702882,1.1094382,"15"
1041,-0.620713,0.2702882,-0.85267,"15",-0.620713,0.2702882,-0.85267,"15"
1042,0.2884532,0.2702882,0.3280722,"15",0.2884532,0.2702882,0.3280722,"15"
1043,-0.207455,0.2702882,-1.335315,"15",-0.207455,0.2702882,-1.335315,"15"
1044,1.1976192,0.2702882,0.8219882,"15",1.1976192,0.2702882,0.8219882,"15"
1045,1.3629222,0.2702882,0.3280722,"15",1.3629222,0.2702882,0.3280722,"15"
1046,1.1976192,0.2702882,1.1094382,"15",1.1976192,0.2702882,1.1094382,"15"
1047,0.7017112,0.2702882,-0.492781,"15",0.7017112,0.2702882,-0.492781,"15"
1048,1.2802712,0.2702882,-0.338842,"15",1.2802712,0.2702882,-0.338842,"15"
1049,-0.290107,0.2702882,-0.197611,"15",-0.290107,0.2702882,-0.197611,"15"
1050,0.0404992,0.2702882,-0.85267,"15",0.0404992,0.2702882,-0.85267,"15"
1051,0.1231502,0.2702882,-1.62373,"15",0.1231502,0.2702882,-1.62373,"15"
1052,-0.042152,0.2702882,0.1941492,"15",-0.042152,0.2702882,0.1941492,"15"
1053,-0.951318,0.2702882,-1.62373,"15",-0.951318,0.2702882,-1.62373,"15"
1054,-0.290107,0.2702882,-0.129085,"15",-0.290107,0.2702882,-0.129085,"15"
1055,-0.372758,0.2702882,-0.85267,"15",-0.372758,0.2702882,-0.85267,"15"
1056,-0.538061,0.2702882,-0.197611,"15",-0.538061,0.2702882,-0.197611,"15"
1057,1.1149682,0.2702882,0.6787592,"15",1.1149682,0.2702882,0.6787592,"15"
1058,-0.207455,0.2702882,-0.939378,"15",-0.207455,0.2702882,-0.939378,"15"
1059,-0.207455,0.2702882,-0.939378,"15",-0.207455,0.2702882,-0.939378,"15"
1060,0.5364082,0.2702882,0.1340672,"15",0.5364082,0.2702882,0.1340672,"15"
1061,0.5364082,0.2702882,-0.265159,"15",0.5364082,0.2702882,-0.265159,"15"
1062,-1.03397,0.2702882,-1.118624,"15",-1.03397,0.2702882,-1.118624,"15"
1063,-1.364576,0.2702882,-1.029067,"15",-1.364576,0.2702882,-1.029067,"15"
1064,-0.951318,0.2702882,-0.85267,"15",-0.951318,0.2702882,-0.85267,"15"
1065,-0.124804,0.2702882,-0.062088,"15",-0.124804,0.2702882,-0.062088,"15"
1066,0.2884532,0.2702882,1.4395322,"15",0.2884532,0.2702882,1.4395322,"15"
1067,0.1231502,0.2702882,-0.265159,"15",0.1231502,0.2702882,-0.265159,"15"
1068,0.7843622,0.2702882,1.9003352,"15",0.7843622,0.2702882,1.9003352,"15"
1069,-0.620713,0.2702882,-0.062088,"15",-0.620713,0.2702882,-0.062088,"15"
1070,0.2058022,0.2702882,-1.219486,"15",0.2058022,0.2702882,-1.219486,"15"
1071,-1.03397,0.2702882,-1.118624,"15",-1.03397,0.2702882,-1.118624,"15"
1072,1.4455742,0.2702882,0.0043222,"15",1.4455742,0.2702882,0.0043222,"15"
1073,-0.538061,0.2702882,-0.623051,"15",-0.538061,0.2702882,-0.623051,"15"
1074,1.6108772,0.2702882,2.1029752,"15",1.6108772,0.2702882,2.1029752,"15"
1075,1.1976192,0.2702882,0.9675862,"15",1.1976192,0.2702882,0.9675862,"15"
1076,-0.620713,0.2702882,-0.699505,"15",-0.620713,0.2702882,-0.699505,"15"
1077,-0.703364,0.2702882,-0.85267,"15",-0.703364,0.2702882,-0.85267,"15"
1078,-0.45541,0.2702882,0.4781942,"15",-0.45541,0.2702882,0.4781942,"15"
1079,2.1067862,0.2702882,0.4026692,"15",2.1067862,0.2702882,0.4026692,"15"
1080,1.2802712,0.2702882,1.1094382,"15",1.2802712,0.2702882,1.1094382,"15"
1081,0.7017112,0.2702882,1.5792202,"15",0.7017112,0.2702882,1.5792202,"15"
1082,0.3711052,0.2702882,-0.062088,"15",0.3711052,0.2702882,-0.062088,"15"
1083,0.2884532,0.2702882,0.1340672,"15",0.2884532,0.2702882,0.1340672,"15"
1084,0.3711052,0.2702882,-0.419801,"15",0.3711052,0.2702882,-0.419801,"15"
1085,0.3711052,0.2702882,0.6107292,"15",0.3711052,0.2702882,0.6107292,"15"
1086,-0.372758,0.2702882,-0.197611,"15",-0.372758,0.2702882,-0.197611,"15"
1087,1.5282252,0.2702882,0.6107292,"15",1.5282252,0.2702882,0.6107292,"15"
1088,-0.620713,0.2702882,-2.510121,"15",-0.620713,0.2702882,-2.510121,"15"
1089,0.6190592,0.2702882,1.3101422,"15",0.6190592,0.2702882,1.3101422,"15"
1090,1.1149682,0.2702882,1.1758492,"15",1.1149682,0.2702882,1.1758492,"15"
1091,0.2884532,0.2702882,-1.438662,"15",0.2884532,0.2702882,-1.438662,"15"
1092,-0.042152,0.2702882,0.1941492,"15",-0.042152,0.2702882,0.1941492,"15"
1093,0.9496652,0.2702882,-0.623051,"15",0.9496652,0.2702882,-0.623051,"15"
1094,0.0404992,0.2702882,-0.197611,"15",0.0404992,0.2702882,-0.197611,"15"
1095,0.5364082,0.2702882,-0.555112,"15",0.5364082,0.2702882,-0.555112,"15"
1096,1.6108772,0.2702882,-0.555112,"15",1.6108772,0.2702882,-0.555112,"15"
1097,0.7843622,0.2702882,1.5792202,"15",0.7843622,0.2702882,1.5792202,"15"
1098,-0.042152,0.2702882,-1.029067,"15",-0.042152,0.2702882,-1.029067,"15"
1099,0.0404992,0.2702882,-0.062088,"15",0.0404992,0.2702882,-0.062088,"15"
1100,-0.45541,0.2702882,-1.62373,"15",-0.45541,0.2702882,-1.62373,"15"
1101,-0.620713,0.2702882,0.6787592,"15",-0.620713,0.2702882,0.6787592,"15"
1102,1.6108772,0.2702882,1.1094382,"15",1.6108772,0.2702882,1.1094382,"15"
1103,-1.03397,0.2702882,-0.265159,"15",-1.03397,0.2702882,-0.265159,"15"
1104,-0.042152,0.2702882,0.6107292,"15",-0.042152,0.2702882,0.6107292,"15"
1105,1.4455742,0.2702882,0.7472282,"15",1.4455742,0.2702882,0.7472282,"15"
1106,0.7017112,0.2702882,-0.419801,"15",0.7017112,0.2702882,-0.419801,"15"
1107,-0.124804,0.2702882,-0.776109,"15",-0.124804,0.2702882,-0.776109,"15"
1108,0.6190592,0.2702882,-0.623051,"15",0.6190592,0.2702882,-0.623051,"15"
1109,0.0404992,0.2702882,-0.265159,"15",0.0404992,0.2702882,-0.265159,"15"
1110,0.6190592,0.2702882,0.0043222,"15",0.6190592,0.2702882,0.0043222,"15"
1111,0.9496652,0.3232042,0.4781942,"16",0.9496652,0.3232042,0.4781942,"16"
1112,0.4537562,0.3232042,-0.85267,"16",0.4537562,0.3232042,-0.85267,"16"
1113,-1.281924,0.3232042,0.7472282,"16",-1.281924,0.3232042,0.7472282,"16"
1114,0.5364082,0.3232042,1.0396082,"16",0.5364082,0.3232042,1.0396082,"16"
1115,1.1149682,0.3232042,0.8219882,"16",1.1149682,0.3232042,0.8219882,"16"
1116,0.6190592,0.3232042,-0.776109,"16",0.6190592,0.3232042,-0.776109,"16"
1117,0.8670142,0.3232042,-0.129085,"16",0.8670142,0.3232042,-0.129085,"16"
1118,1.4455742,0.3232042,0.0043222,"16",1.4455742,0.3232042,0.0043222,"16"
1119,1.9414832,0.3232042,0.6787592,"16",1.9414832,0.3232042,0.6787592,"16"
1120,1.3629222,0.3232042,-0.062088,"16",1.3629222,0.3232042,-0.062088,"16"
1121,-0.538061,0.3232042,-0.062088,"16",-0.538061,0.3232042,-0.062088,"16"
1122,2.2720892,0.3232042,-0.85267,"16",2.2720892,0.3232042,-0.85267,"16"
1123,0.9496652,0.3232042,0.1941492,"16",0.9496652,0.3232042,0.1941492,"16"
1124,0.3711052,0.3232042,0.0043222,"16",0.3711052,0.3232042,0.0043222,"16"
1125,-0.042152,0.3232042,-0.265159,"16",-0.042152,0.3232042,-0.265159,"16"
1126,-0.042152,0.3232042,-1.962075,"16",-0.042152,0.3232042,-1.962075,"16"
1127,1.1149682,0.3232042,0.6107292,"16",1.1149682,0.3232042,0.6107292,"16"
1128,1.0323172,0.3232042,0.0043222,"16",1.0323172,0.3232042,0.0043222,"16"
1129,-0.620713,0.3232042,-0.939378,"16",-0.620713,0.3232042,-0.939378,"16"
1130,-0.45541,0.3232042,0.3280722,"16",-0.45541,0.3232042,0.3280722,"16"
1131,0.3711052,0.3232042,-0.492781,"16",0.3711052,0.3232042,-0.492781,"16"
1132,1.4455742,0.3232042,0.4026692,"16",1.4455742,0.3232042,0.4026692,"16"
1133,0.3711052,0.3232042,-0.129085,"16",0.3711052,0.3232042,-0.129085,"16"
1134,-0.290107,0.3232042,-1.723882,"16",-0.290107,0.3232042,-1.723882,"16"
1135,0.0404992,0.3232042,-2.108644,"16",0.0404992,0.3232042,-2.108644,"16"
1136,0.4537562,0.3232042,-0.939378,"16",0.4537562,0.3232042,-0.939378,"16"
1137,-0.042152,0.3232042,0.3280722,"16",-0.042152,0.3232042,0.3280722,"16"
1138,0.6190592,0.3232042,0.3280722,"16",0.6190592,0.3232042,0.3280722,"16"
1139,-0.620713,0.3232042,-0.699505,"16",-0.620713,0.3232042,-0.699505,"16"
1140,1.2802712,0.3232042,-0.419801,"16",1.2802712,0.3232042,-0.419801,"16"
1141,0.6190592,0.3232042,-0.265159,"16",0.6190592,0.3232042,-0.265159,"16"
1142,0.5364082,0.3232042,-0.062088,"16",0.5364082,0.3232042,-0.062088,"16"
1143,-0.207455,0.3232042,-0.492781,"16",-0.207455,0.3232042,-0.492781,"16"
1144,-0.786016,0.3232042,-1.029067,"16",-0.786016,0.3232042,-1.029067,"16"
1145,-0.620713,0.3232042,-1.962075,"16",-0.620713,0.3232042,-1.962075,"16"
1146,0.8670142,0.3232042,0.3280722,"16",0.8670142,0.3232042,0.3280722,"16"
1147,0.2884532,0.3232042,-1.62373,"16",0.2884532,0.3232042,-1.62373,"16"
1148,0.5364082,0.3232042,0.4781942,"16",0.5364082,0.3232042,0.4781942,"16"
1149,0.1231502,0.3232042,0.8219882,"16",0.1231502,0.3232042,0.8219882,"16"
1150,-0.372758,0.3232042,-0.776109,"16",-0.372758,0.3232042,-0.776109,"16"
1151,0.5364082,0.3232042,0.6107292,"16",0.5364082,0.3232042,0.6107292,"16"
1152,-0.290107,0.3232042,-0.623051,"16",-0.290107,0.3232042,-0.623051,"16"
1153,0.6190592,0.3232042,-0.419801,"16",0.6190592,0.3232042,-0.419801,"16"
1154,-0.620713,0.3232042,-1.526653,"16",-0.620713,0.3232042,-1.526653,"16"
1155,1.2802712,0.3232042,-0.555112,"16",1.2802712,0.3232042,-0.555112,"16"
1156,-1.529879,0.3232042,-1.335315,"16",-1.529879,0.3232042,-1.335315,"16"
1157,-0.124804,0.3232042,-0.265159,"16",-0.124804,0.3232042,-0.265159,"16"
1158,-0.372758,0.3232042,-1.219486,"16",-0.372758,0.3232042,-1.219486,"16"
1159,0.8670142,0.3232042,-0.197611,"16",0.8670142,0.3232042,-0.197611,"16"
1160,0.2884532,0.3232042,-0.419801,"16",0.2884532,0.3232042,-0.419801,"16"
1161,0.2058022,0.3232042,-0.129085,"16",0.2058022,0.3232042,-0.129085,"16"
1162,-1.695182,0.3232042,-0.338842,"16",-1.695182,0.3232042,-0.338842,"16"
1163,1.6108772,0.3232042,-0.419801,"16",1.6108772,0.3232042,-0.419801,"16"
1164,-1.364576,0.3232042,-0.776109,"16",-1.364576,0.3232042,-0.776109,"16"
1165,-0.124804,0.3232042,-0.623051,"16",-0.124804,0.3232042,-0.623051,"16"
1166,0.6190592,0.3232042,0.1340672,"16",0.6190592,0.3232042,0.1340672,"16"
1167,0.0404992,0.3232042,0.1340672,"16",0.0404992,0.3232042,0.1340672,"16"
1168,1.4455742,0.3232042,0.6787592,"16",1.4455742,0.3232042,0.6787592,"16"
1169,0.2058022,0.3232042,0.4026692,"16",0.2058022,0.3232042,0.4026692,"16"
1170,0.7017112,0.3232042,0.6107292,"16",0.7017112,0.3232042,0.6107292,"16"
1171,1.1976192,0.3232042,1.2405332,"16",1.1976192,0.3232042,1.2405332,"16"
1172,-0.042152,0.3232042,-1.219486,"16",-0.042152,0.3232042,-1.219486,"16"
1173,0.6190592,0.3232042,0.0043222,"16",0.6190592,0.3232042,0.0043222,"16"
1174,0.8670142,0.3232042,0.1340672,"16",0.8670142,0.3232042,0.1340672,"16"
1175,-0.124804,0.3232042,-0.338842,"16",-0.124804,0.3232042,-0.338842,"16"
1176,1.1976192,0.3232042,0.9675862,"16",1.1976192,0.3232042,0.9675862,"16"
1177,1.4455742,0.3232042,0.6107292,"16",1.4455742,0.3232042,0.6107292,"16"
1178,0.7017112,0.3232042,0.6787592,"16",0.7017112,0.3232042,0.6787592,"16"
1179,-0.290107,0.3232042,-0.555112,"16",-0.290107,0.3232042,-0.555112,"16"
1180,0.1231502,0.3232042,-0.129085,"16",0.1231502,0.3232042,-0.129085,"16"
1181,1.0323172,0.3232042,-0.265159,"16",1.0323172,0.3232042,-0.265159,"16"
1182,-0.868667,0.3232042,-0.699505,"16",-0.868667,0.3232042,-0.699505,"16"
1183,1.0323172,0.3232042,0.5443412,"16",1.0323172,0.3232042,0.5443412,"16"
1184,-1.61253,0.3232042,-1.219486,"16",-1.61253,0.3232042,-1.219486,"16"
1185,0.2058022,0.3232042,-0.939378,"16",0.2058022,0.3232042,-0.939378,"16"
1186,0.1231502,0.3232042,-0.776109,"16",0.1231502,0.3232042,-0.776109,"16"
1187,-0.951318,0.3232042,-0.338842,"16",-0.951318,0.3232042,-0.338842,"16"
1188,0.6190592,0.3232042,-0.338842,"16",0.6190592,0.3232042,-0.338842,"16"
1189,-0.620713,0.3232042,-0.492781,"16",-0.620713,0.3232042,-0.492781,"16"
1190,1.9414832,0.3232042,0.0043222,"16",1.9414832,0.3232042,0.0043222,"16"
1191,-0.290107,0.3232042,-0.85267,"16",-0.290107,0.3232042,-0.85267,"16"
1192,1.1976192,0.3232042,-0.129085,"16",1.1976192,0.3232042,-0.129085,"16"
1193,0.4537562,0.3232042,-0.776109,"16",0.4537562,0.3232042,-0.776109,"16"
1194,0.5364082,0.3232042,0.8965662,"16",0.5364082,0.3232042,0.8965662,"16"
1195,0.3711052,0.3232042,-0.776109,"16",0.3711052,0.3232042,-0.776109,"16"
1196,0.5364082,0.3232042,0.0043222,"16",0.5364082,0.3232042,0.0043222,"16"
1197,1.1149682,0.3232042,0.4026692,"16",1.1149682,0.3232042,0.4026692,"16"
1198,-1.03397,0.3232042,-0.699505,"16",-1.03397,0.3232042,-0.699505,"16"
1199,-0.786016,-0.118244,-0.85267,"17",-0.786016,-0.118244,-0.85267,"17"
1200,-0.290107,-0.118244,0.5443412,"17",-0.290107,-0.118244,0.5443412,"17"
1201,0.9496652,-0.118244,0.3280722,"17",0.9496652,-0.118244,0.3280722,"17"
1202,-1.695182,-0.118244,-2.510121,"17",-1.695182,-0.118244,-2.510121,"17"
1203,-0.538061,-0.118244,-0.338842,"17",-0.538061,-0.118244,-0.338842,"17"
1204,-2.19109,-0.118244,-0.265159,"17",-2.19109,-0.118244,-0.265159,"17"
1205,-2.025787,-0.118244,-1.62373,"17",-2.025787,-0.118244,-1.62373,"17"
1206,-0.124804,-0.118244,-0.197611,"17",-0.124804,-0.118244,-0.197611,"17"
1207,0.2058022,-0.118244,-0.555112,"17",0.2058022,-0.118244,-0.555112,"17"
1208,-1.199273,-0.118244,-1.219486,"17",-1.199273,-0.118244,-1.219486,"17"
1209,-0.538061,-0.118244,-1.526653,"17",-0.538061,-0.118244,-1.526653,"17"
1210,1.3629222,-0.118244,0.8219882,"17",1.3629222,-0.118244,0.8219882,"17"
1211,-0.703364,-0.118244,0.0735362,"17",-0.703364,-0.118244,0.0735362,"17"
1212,-0.207455,-0.118244,0.8965662,"17",-0.207455,-0.118244,0.8965662,"17"
1213,-1.695182,-0.118244,-0.197611,"17",-1.695182,-0.118244,-0.197611,"17"
1214,-0.372758,-0.118244,-0.85267,"17",-0.372758,-0.118244,-0.85267,"17"
1215,1.1976192,-0.118244,0.5443412,"17",1.1976192,-0.118244,0.5443412,"17"
1216,1.6935282,-0.118244,1.3747412,"17",1.6935282,-0.118244,1.3747412,"17"
1217,0.0404992,-0.118244,-1.335315,"17",0.0404992,-0.118244,-1.335315,"17"
1218,-0.538061,-0.118244,-1.118624,"17",-0.538061,-0.118244,-1.118624,"17"
1219,-1.777833,-0.118244,-2.510121,"17",-1.777833,-0.118244,-2.510121,"17"
1220,0.3711052,-0.118244,0.3280722,"17",0.3711052,-0.118244,0.3280722,"17"
1221,0.3711052,-0.118244,-0.419801,"17",0.3711052,-0.118244,-0.419801,"17"
1222,-2.356393,-0.118244,0.0735362,"17",-2.356393,-0.118244,0.0735362,"17"
1223,-0.703364,-0.118244,-0.939378,"17",-0.703364,-0.118244,-0.939378,"17"
1224,-0.207455,-0.118244,-0.265159,"17",-0.207455,-0.118244,-0.265159,"17"
1225,0.5364082,-0.118244,0.0043222,"17",0.5364082,-0.118244,0.0043222,"17"
1226,0.9496652,-0.118244,-0.419801,"17",0.9496652,-0.118244,-0.419801,"17"
1227,-0.538061,-0.118244,0.3280722,"17",-0.538061,-0.118244,0.3280722,"17"
1228,-1.116621,-0.118244,-0.197611,"17",-1.116621,-0.118244,-0.197611,"17"
1229,0.6190592,-0.118244,0.4026692,"17",0.6190592,-0.118244,0.4026692,"17"
1230,2.2720892,-0.118244,0.3280722,"17",2.2720892,-0.118244,0.3280722,"17"
1231,-0.207455,-0.118244,-0.419801,"17",-0.207455,-0.118244,-0.419801,"17"
1232,-0.290107,-0.118244,-1.029067,"17",-0.290107,-0.118244,-1.029067,"17"
1233,-0.124804,-0.118244,0.6107292,"17",-0.124804,-0.118244,0.6107292,"17"
1234,-2.108439,-0.118244,-1.836687,"17",-2.108439,-0.118244,-1.836687,"17"
1235,0.6190592,-0.118244,1.1758492,"17",0.6190592,-0.118244,1.1758492,"17"
1236,-1.695182,-0.118244,-0.419801,"17",-1.695182,-0.118244,-0.419801,"17"
1237,1.0323172,-0.118244,0.1340672,"17",1.0323172,-0.118244,0.1340672,"17"
1238,1.8588312,-0.118244,1.1758492,"17",1.8588312,-0.118244,1.1758492,"17"
1239,0.7017112,-0.118244,-0.555112,"17",0.7017112,-0.118244,-0.555112,"17"
1240,1.6935282,-0.118244,1.3101422,"17",1.6935282,-0.118244,1.3101422,"17"
1241,-0.45541,-0.118244,0.5443412,"17",-0.45541,-0.118244,0.5443412,"17"
1242,0.7843622,-0.118244,-0.197611,"17",0.7843622,-0.118244,-0.197611,"17"
1243,-1.529879,-0.118244,-2.510121,"17",-1.529879,-0.118244,-2.510121,"17"
1244,-0.538061,-0.118244,-0.062088,"17",-0.538061,-0.118244,-0.062088,"17"
1245,-1.03397,-0.118244,-1.118624,"17",-1.03397,-0.118244,-1.118624,"17"
1246,0.2058022,-0.118244,-1.335315,"17",0.2058022,-0.118244,-1.335315,"17"
1247,0.9496652,-0.118244,1.1094382,"17",0.9496652,-0.118244,1.1094382,"17"
1248,2.2720892,-0.118244,0.4026692,"17",2.2720892,-0.118244,0.4026692,"17"
1249,-0.868667,-0.118244,-0.338842,"17",-0.868667,-0.118244,-0.338842,"17"
1250,0.2884532,-0.118244,-0.338842,"17",0.2884532,-0.118244,-0.338842,"17"
1251,-0.124804,-0.118244,-0.129085,"17",-0.124804,-0.118244,-0.129085,"17"
1252,0.6190592,-0.118244,0.2613242,"17",0.6190592,-0.118244,0.2613242,"17"
1253,0.3711052,-0.118244,-0.776109,"17",0.3711052,-0.118244,-0.776109,"17"
1254,-2.686999,-0.118244,-1.335315,"17",-2.686999,-0.118244,-1.335315,"17"
1255,0.6190592,-0.118244,0.7472282,"17",0.6190592,-0.118244,0.7472282,"17"
1256,0.6190592,-0.118244,0.8965662,"17",0.6190592,-0.118244,0.8965662,"17"
1257,-1.199273,-0.118244,-0.419801,"17",-1.199273,-0.118244,-0.419801,"17"
1258,1.6935282,-0.118244,1.2405332,"17",1.6935282,-0.118244,1.2405332,"17"
1259,-0.372758,-0.118244,-0.776109,"17",-0.372758,-0.118244,-0.776109,"17"
1260,-0.042152,-0.118244,0.3280722,"17",-0.042152,-0.118244,0.3280722,"17"
1261,0.4537562,-0.118244,1.5061852,"17",0.4537562,-0.118244,1.5061852,"17"
1262,-0.703364,-0.118244,-0.197611,"17",-0.703364,-0.118244,-0.197611,"17"
1263,-1.943136,-0.118244,0.2613242,"17",-1.943136,-0.118244,0.2613242,"17"
1264,-0.868667,-0.118244,0.4026692,"17",-0.868667,-0.118244,0.4026692,"17"
1265,-0.45541,-0.118244,-0.197611,"17",-0.45541,-0.118244,-0.197611,"17"
1266,-1.447227,-0.118244,-1.438662,"17",-1.447227,-0.118244,-1.438662,"17"
1267,-0.786016,-0.118244,-0.492781,"17",-0.786016,-0.118244,-0.492781,"17"
1268,0.1231502,-0.118244,-0.939378,"17",0.1231502,-0.118244,-0.939378,"17"
1269,1.1149682,-0.118244,0.8965662,"17",1.1149682,-0.118244,0.8965662,"17"
1270,0.9496652,-0.118244,1.4395322,"17",0.9496652,-0.118244,1.4395322,"17"
1271,0.2884532,-0.118244,0.0043222,"17",0.2884532,-0.118244,0.0043222,"17"
1272,0.7017112,-0.118244,-0.338842,"17",0.7017112,-0.118244,-0.338842,"17"
1273,-0.124804,-0.118244,-1.118624,"17",-0.124804,-0.118244,-1.118624,"17"
1274,-0.290107,-0.118244,-1.438662,"17",-0.290107,-0.118244,-1.438662,"17"
1275,-0.45541,-0.118244,0.0735362,"17",-0.45541,-0.118244,0.0735362,"17"
1276,-1.447227,-0.118244,-1.219486,"17",-1.447227,-0.118244,-1.219486,"17"
1277,0.5364082,-0.118244,-0.492781,"17",0.5364082,-0.118244,-0.492781,"17"
1278,0.5364082,-0.118244,0.0043222,"17",0.5364082,-0.118244,0.0043222,"17"
1279,-0.042152,-0.118244,-0.265159,"17",-0.042152,-0.118244,-0.265159,"17"
1280,0.6190592,-0.118244,0.1340672,"17",0.6190592,-0.118244,0.1340672,"17"
1281,-0.207455,-0.118244,0.1941492,"17",-0.207455,-0.118244,0.1941492,"17"
1282,-0.042152,-0.118244,-1.029067,"17",-0.042152,-0.118244,-1.029067,"17"
1283,-0.042152,-0.118244,-1.723882,"17",-0.042152,-0.118244,-1.723882,"17"
1284,0.4537562,-0.118244,0.0043222,"17",0.4537562,-0.118244,0.0043222,"17"
1285,-1.447227,-0.118244,-0.265159,"17",-1.447227,-0.118244,-0.265159,"17"
1286,-0.620713,-0.118244,-0.623051,"17",-0.620713,-0.118244,-0.623051,"17"
1287,-0.620713,-0.118244,-0.623051,"17",-0.620713,-0.118244,-0.623051,"17"
1288,1.6108772,-0.118244,-0.129085,"17",1.6108772,-0.118244,-0.129085,"17"
1289,1.6108772,-0.118244,-0.338842,"17",1.6108772,-0.118244,-0.338842,"17"
1290,0.2058022,-0.118244,-0.939378,"17",0.2058022,-0.118244,-0.939378,"17"
1291,-0.290107,-0.118244,-0.939378,"17",-0.290107,-0.118244,-0.939378,"17"
1292,0.7017112,-0.118244,-0.555112,"17",0.7017112,-0.118244,-0.555112,"17"
1293,1.1149682,-0.118244,1.0396082,"17",1.1149682,-0.118244,1.0396082,"17"
1294,-0.372758,-0.118244,-0.623051,"17",-0.372758,-0.118244,-0.623051,"17"
1295,0.1231502,-0.118244,-1.836687,"17",0.1231502,-0.118244,-1.836687,"17"
1296,0.0404992,-0.118244,0.6787592,"17",0.0404992,-0.118244,0.6787592,"17"
1297,-0.45541,-0.118244,-1.526653,"17",-0.45541,-0.118244,-1.526653,"17"
1298,0.0404992,-0.118244,0.7472282,"17",0.0404992,-0.118244,0.7472282,"17"
1299,3.0159522,-0.118244,1.0396082,"17",3.0159522,-0.118244,1.0396082,"17"
1300,-1.116621,-0.118244,-0.129085,"17",-1.116621,-0.118244,-0.129085,"17"
1301,-0.951318,-0.118244,0.2613242,"17",-0.951318,-0.118244,0.2613242,"17"
1302,0.2884532,-0.118244,0.4026692,"17",0.2884532,-0.118244,0.4026692,"17"
1303,0.3711052,-0.118244,0.4026692,"17",0.3711052,-0.118244,0.4026692,"17"
1304,-0.868667,-0.118244,1.3101422,"17",-0.868667,-0.118244,1.3101422,"17"
1305,-0.45541,-0.118244,1.1758492,"17",-0.45541,-0.118244,1.1758492,"17"
1306,-0.951318,-0.118244,-2.108644,"17",-0.951318,-0.118244,-2.108644,"17"
1307,0.1231502,-0.118244,-0.062088,"17",0.1231502,-0.118244,-0.062088,"17"
1308,-0.290107,-0.118244,-0.85267,"17",-0.290107,-0.118244,-0.85267,"17"
1309,0.2058022,-0.118244,0.0735362,"17",0.2058022,-0.118244,0.0735362,"17"
1310,0.2884532,-0.118244,0.2613242,"17",0.2884532,-0.118244,0.2613242,"17"
1311,0.7843622,-0.118244,0.7472282,"17",0.7843622,-0.118244,0.7472282,"17"
1312,-1.695182,-0.118244,-0.419801,"17",-1.695182,-0.118244,-0.419801,"17"
1313,-0.207455,-0.118244,-0.419801,"17",-0.207455,-0.118244,-0.419801,"17"
1314,0.4537562,-0.118244,1.0396082,"17",0.4537562,-0.118244,1.0396082,"17"
1315,1.3629222,-0.118244,0.2613242,"17",1.3629222,-0.118244,0.2613242,"17"
1316,0.0404992,-0.118244,0.4026692,"17",0.0404992,-0.118244,0.4026692,"17"
1317,0.0404992,-0.118244,-0.492781,"17",0.0404992,-0.118244,-0.492781,"17"
1318,0.5364082,-0.118244,0.6107292,"17",0.5364082,-0.118244,0.6107292,"17"
1319,-0.868667,-0.118244,-0.338842,"17",-0.868667,-0.118244,-0.338842,"17"
1320,-0.290107,-0.118244,-0.699505,"17",-0.290107,-0.118244,-0.699505,"17"
1321,-0.620713,-0.118244,-0.85267,"17",-0.620713,-0.118244,-0.85267,"17"
1322,-2.934953,-0.118244,-1.836687,"17",-2.934953,-0.118244,-1.836687,"17"
1323,0.1231502,-0.118244,-0.776109,"17",0.1231502,-0.118244,-0.776109,"17"
1324,-1.860484,-0.118244,-3.059543,"17",-1.860484,-0.118244,-3.059543,"17"
1325,0.0404992,0.1424362,-1.335315,"18",0.0404992,0.1424362,-1.335315,"18"
1326,1.6108772,0.1424362,2.2031212,"18",1.6108772,0.1424362,2.2031212,"18"
1327,-0.620713,0.1424362,-0.699505,"18",-0.620713,0.1424362,-0.699505,"18"
1328,-0.620713,0.1424362,-0.129085,"18",-0.620713,0.1424362,-0.129085,"18"
1329,0.5364082,0.1424362,-0.419801,"18",0.5364082,0.1424362,-0.419801,"18"
1330,-0.45541,0.1424362,0.8219882,"18",-0.45541,0.1424362,0.8219882,"18"
1331,-0.124804,0.1424362,-0.419801,"18",-0.124804,0.1424362,-0.419801,"18"
1332,0.0404992,0.1424362,-0.492781,"18",0.0404992,0.1424362,-0.492781,"18"
1333,0.9496652,0.1424362,-0.699505,"18",0.9496652,0.1424362,-0.699505,"18"
1334,-0.042152,0.1424362,-0.129085,"18",-0.042152,0.1424362,-0.129085,"18"
1335,-0.042152,0.1424362,0.6787592,"18",-0.042152,0.1424362,0.6787592,"18"
1336,0.2058022,0.1424362,0.7472282,"18",0.2058022,0.1424362,0.7472282,"18"
1337,0.2884532,0.1424362,-0.492781,"18",0.2884532,0.1424362,-0.492781,"18"
1338,-1.03397,0.1424362,-0.699505,"18",-1.03397,0.1424362,-0.699505,"18"
1339,0.6190592,0.1424362,-1.118624,"18",0.6190592,0.1424362,-1.118624,"18"
1340,0.7843622,0.1424362,-0.197611,"18",0.7843622,0.1424362,-0.197611,"18"
1341,0.9496652,0.1424362,0.3280722,"18",0.9496652,0.1424362,0.3280722,"18"
1342,0.2884532,0.1424362,-1.029067,"18",0.2884532,0.1424362,-1.029067,"18"
1343,0.0404992,0.1424362,0.0043222,"18",0.0404992,0.1424362,0.0043222,"18"
1344,0.8670142,0.1424362,0.9675862,"18",0.8670142,0.1424362,0.9675862,"18"
1345,0.0404992,0.1424362,-0.338842,"18",0.0404992,0.1424362,-0.338842,"18"
1346,0.4537562,0.1424362,0.4026692,"18",0.4537562,0.1424362,0.4026692,"18"
1347,0.5364082,0.1424362,0.0043222,"18",0.5364082,0.1424362,0.0043222,"18"
1348,-0.042152,0.1424362,0.5443412,"18",-0.042152,0.1424362,0.5443412,"18"
1349,-0.372758,0.1424362,-0.265159,"18",-0.372758,0.1424362,-0.265159,"18"
1350,0.5364082,0.1424362,-0.419801,"18",0.5364082,0.1424362,-0.419801,"18"
1351,0.1231502,0.1424362,-0.776109,"18",0.1231502,0.1424362,-0.776109,"18"
1352,-0.290107,0.1424362,-1.723882,"18",-0.290107,0.1424362,-1.723882,"18"
1353,-0.868667,0.1424362,-0.129085,"18",-0.868667,0.1424362,-0.129085,"18"
1354,0.5364082,0.1424362,-1.118624,"18",0.5364082,0.1424362,-1.118624,"18"
1355,0.1231502,0.1424362,0.2613242,"18",0.1231502,0.1424362,0.2613242,"18"
1356,0.0404992,0.1424362,-0.699505,"18",0.0404992,0.1424362,-0.699505,"18"
1357,-1.447227,0.1424362,1.2405332,"18",-1.447227,0.1424362,1.2405332,"18"
1358,-0.207455,0.1424362,-0.776109,"18",-0.207455,0.1424362,-0.776109,"18"
1359,-0.703364,0.1424362,0.4781942,"18",-0.703364,0.1424362,0.4781942,"18"
1360,-0.620713,0.1424362,-1.335315,"18",-0.620713,0.1424362,-1.335315,"18"
1361,0.3711052,0.1424362,0.1941492,"18",0.3711052,0.1424362,0.1941492,"18"
1362,0.2884532,0.1424362,0.8965662,"18",0.2884532,0.1424362,0.8965662,"18"
1363,-0.538061,0.1424362,1.6618062,"18",-0.538061,0.1424362,1.6618062,"18"
1364,-0.620713,0.1424362,-0.555112,"18",-0.620713,0.1424362,-0.555112,"18"
1365,0.8670142,0.1424362,-0.062088,"18",0.8670142,0.1424362,-0.062088,"18"
1366,-0.042152,0.1424362,0.5443412,"18",-0.042152,0.1424362,0.5443412,"18"
1367,0.4537562,0.1424362,-0.129085,"18",0.4537562,0.1424362,-0.129085,"18"
1368,0.5364082,0.1424362,1.4395322,"18",0.5364082,0.1424362,1.4395322,"18"
1369,0.5364082,0.1424362,0.0043222,"18",0.5364082,0.1424362,0.0043222,"18"
1370,0.6190592,0.1424362,0.0043222,"18",0.6190592,0.1424362,0.0043222,"18"
1371,0.0404992,0.1424362,-0.265159,"18",0.0404992,0.1424362,-0.265159,"18"
1372,0.1231502,0.1424362,0.2613242,"18",0.1231502,0.1424362,0.2613242,"18"
1373,0.7017112,0.1424362,-1.029067,"18",0.7017112,0.1424362,-1.029067,"18"
1374,0.3711052,0.1424362,0.0043222,"18",0.3711052,0.1424362,0.0043222,"18"
1375,-0.951318,0.1424362,-0.699505,"18",-0.951318,0.1424362,-0.699505,"18"
1376,-0.620713,0.1424362,-0.062088,"18",-0.620713,0.1424362,-0.062088,"18"
1377,-0.207455,0.1424362,-0.265159,"18",-0.207455,0.1424362,-0.265159,"18"
1378,-0.786016,0.1424362,-0.492781,"18",-0.786016,0.1424362,-0.492781,"18"
1379,0.4537562,0.1424362,-0.623051,"18",0.4537562,0.1424362,-0.623051,"18"
1380,0.2058022,0.1424362,1.4395322,"18",0.2058022,0.1424362,1.4395322,"18"
1381,-0.538061,0.1424362,-1.118624,"18",-0.538061,0.1424362,-1.118624,"18"
1382,0.3711052,0.1424362,0.6787592,"18",0.3711052,0.1424362,0.6787592,"18"
1383,0.1231502,0.1424362,-0.265159,"18",0.1231502,0.1424362,-0.265159,"18"
1384,0.3711052,0.1424362,-0.129085,"18",0.3711052,0.1424362,-0.129085,"18"
1385,-1.447227,0.1424362,0.8219882,"18",-1.447227,0.1424362,0.8219882,"18"
1386,-0.620713,0.1424362,-0.265159,"18",-0.620713,0.1424362,-0.265159,"18"
1387,1.6108772,0.1424362,1.5061852,"18",1.6108772,0.1424362,1.5061852,"18"
1388,0.6190592,0.1424362,0.2613242,"18",0.6190592,0.1424362,0.2613242,"18"
1389,-0.372758,0.1424362,-0.129085,"18",-0.372758,0.1424362,-0.129085,"18"
1390,1.9414832,0.1424362,1.4395322,"18",1.9414832,0.1424362,1.4395322,"18"
1391,1.1976192,0.1424362,-0.939378,"18",1.1976192,0.1424362,-0.939378,"18"
1392,0.6190592,0.1424362,0.6787592,"18",0.6190592,0.1424362,0.6787592,"18"
1393,-0.124804,0.1424362,0.9675862,"18",-0.124804,0.1424362,0.9675862,"18"
1394,-0.45541,0.1424362,0.6787592,"18",-0.45541,0.1424362,0.6787592,"18"
1395,-0.042152,0.1424362,-0.699505,"18",-0.042152,0.1424362,-0.699505,"18"
1396,1.2802712,0.1424362,1.3747412,"18",1.2802712,0.1424362,1.3747412,"18"
1397,1.1149682,0.1424362,-0.419801,"18",1.1149682,0.1424362,-0.419801,"18"
1398,-1.03397,0.1424362,-1.219486,"18",-1.03397,0.1424362,-1.219486,"18"
1399,0.9496652,0.1424362,-0.419801,"18",0.9496652,0.1424362,-0.419801,"18"
1400,0.3711052,0.1424362,-0.623051,"18",0.3711052,0.1424362,-0.623051,"18"
1401,-0.620713,0.1424362,-1.438662,"18",-0.620713,0.1424362,-1.438662,"18"
1402,-0.372758,0.1424362,-1.029067,"18",-0.372758,0.1424362,-1.029067,"18"
1403,0.6190592,0.1424362,0.6107292,"18",0.6190592,0.1424362,0.6107292,"18"
1404,0.5364082,0.1424362,0.9675862,"18",0.5364082,0.1424362,0.9675862,"18"
1405,1.2802712,0.1424362,1.4395322,"18",1.2802712,0.1424362,1.4395322,"18"
1406,-0.786016,0.1424362,-0.492781,"18",-0.786016,0.1424362,-0.492781,"18"
1407,-0.124804,0.1424362,-0.555112,"18",-0.124804,0.1424362,-0.555112,"18"
1408,0.7017112,0.1424362,0.0043222,"18",0.7017112,0.1424362,0.0043222,"18"
1409,-0.042152,0.1424362,1.3101422,"18",-0.042152,0.1424362,1.3101422,"18"
1410,-1.529879,0.1424362,0.7472282,"18",-1.529879,0.1424362,0.7472282,"18"
1411,-0.372758,0.1424362,-1.029067,"18",-0.372758,0.1424362,-1.029067,"18"
1412,-0.042152,0.1424362,1.2405332,"18",-0.042152,0.1424362,1.2405332,"18"
1413,-0.538061,0.1424362,-0.129085,"18",-0.538061,0.1424362,-0.129085,"18"
1414,-0.620713,0.1424362,-1.962075,"18",-0.620713,0.1424362,-1.962075,"18"
1415,0.3711052,0.1424362,0.4781942,"18",0.3711052,0.1424362,0.4781942,"18"
1416,0.3711052,0.1424362,-0.85267,"18",0.3711052,0.1424362,-0.85267,"18"
1417,-0.207455,0.1424362,-1.029067,"18",-0.207455,0.1424362,-1.029067,"18"
1418,0.4537562,0.1424362,0.3280722,"18",0.4537562,0.1424362,0.3280722,"18"
1419,0.2058022,0.1424362,-2.108644,"18",0.2058022,0.1424362,-2.108644,"18"
1420,0.4537562,0.1424362,-1.029067,"18",0.4537562,0.1424362,-1.029067,"18"
1421,0.2884532,0.1424362,0.0043222,"18",0.2884532,0.1424362,0.0043222,"18"
1422,0.4537562,0.1424362,1.1758492,"18",0.4537562,0.1424362,1.1758492,"18"
1423,-0.786016,0.1424362,0.3280722,"18",-0.786016,0.1424362,0.3280722,"18"
1424,-0.372758,0.1424362,-0.776109,"18",-0.372758,0.1424362,-0.776109,"18"
1425,0.5364082,0.1424362,0.8219882,"18",0.5364082,0.1424362,0.8219882,"18"
1426,0.8670142,0.1424362,1.0396082,"18",0.8670142,0.1424362,1.0396082,"18"
1427,0.1231502,0.1424362,0.8965662,"18",0.1231502,0.1424362,0.8965662,"18"
1428,0.1231502,0.1424362,0.3280722,"18",0.1231502,0.1424362,0.3280722,"18"
1429,0.3711052,0.1424362,0.6787592,"18",0.3711052,0.1424362,0.6787592,"18"
1430,1.1976192,0.1424362,0.9675862,"18",1.1976192,0.1424362,0.9675862,"18"
1431,0.7017112,0.1424362,0.8219882,"18",0.7017112,0.1424362,0.8219882,"18"
1432,-0.124804,0.1424362,-0.939378,"18",-0.124804,0.1424362,-0.939378,"18"
1433,-0.703364,0.1424362,0.0735362,"18",-0.703364,0.1424362,0.0735362,"18"
1434,0.3711052,0.1424362,0.0735362,"18",0.3711052,0.1424362,0.0735362,"18"
1435,0.7843622,0.1424362,-0.129085,"18",0.7843622,0.1424362,-0.129085,"18"
1436,0.6190592,0.1424362,0.4781942,"18",0.6190592,0.1424362,0.4781942,"18"
1437,-0.290107,0.1424362,0.2613242,"18",-0.290107,0.1424362,0.2613242,"18"
1438,-0.207455,0.1424362,0.0735362,"18",-0.207455,0.1424362,0.0735362,"18"
1439,1.1149682,0.1424362,0.4026692,"18",1.1149682,0.1424362,0.4026692,"18"
1440,0.7843622,0.1424362,-0.129085,"18",0.7843622,0.1424362,-0.129085,"18"
1441,0.2884532,0.1424362,-0.555112,"18",0.2884532,0.1424362,-0.555112,"18"
1442,0.1231502,0.1424362,-0.338842,"18",0.1231502,0.1424362,-0.338842,"18"
1443,0.5364082,0.1424362,0.5443412,"18",0.5364082,0.1424362,0.5443412,"18"
1444,0.7017112,0.1424362,0.0043222,"18",0.7017112,0.1424362,0.0043222,"18"
1445,-1.447227,0.3846302,-1.62373,"19",-1.447227,0.3846302,-1.62373,"19"
1446,0.5364082,0.3846302,0.3280722,"19",0.5364082,0.3846302,0.3280722,"19"
1447,0.2884532,0.3846302,0.4781942,"19",0.2884532,0.3846302,0.4781942,"19"
1448,0.5364082,0.3846302,1.4395322,"19",0.5364082,0.3846302,1.4395322,"19"
1449,1.1149682,0.3846302,-0.129085,"19",1.1149682,0.3846302,-0.129085,"19"
1450,0.7017112,0.3846302,1.5792202,"19",0.7017112,0.3846302,1.5792202,"19"
1451,1.6935282,0.3846302,1.3101422,"19",1.6935282,0.3846302,1.3101422,"19"
1452,0.2884532,0.3846302,-1.029067,"19",0.2884532,0.3846302,-1.029067,"19"
1453,0.2058022,0.3846302,-0.338842,"19",0.2058022,0.3846302,-0.338842,"19"
1454,0.8670142,0.3846302,0.3280722,"19",0.8670142,0.3846302,0.3280722,"19"
1455,0.8670142,0.3846302,0.2613242,"19",0.8670142,0.3846302,0.2613242,"19"
1456,0.2884532,0.3846302,0.4781942,"19",0.2884532,0.3846302,0.4781942,"19"
1457,-0.372758,0.3846302,0.6107292,"19",-0.372758,0.3846302,0.6107292,"19"
1458,-0.290107,0.3846302,-0.776109,"19",-0.290107,0.3846302,-0.776109,"19"
1459,1.0323172,0.3846302,1.4395322,"19",1.0323172,0.3846302,1.4395322,"19"
1460,0.4537562,0.3846302,-0.623051,"19",0.4537562,0.3846302,-0.623051,"19"
1461,-0.042152,0.3846302,-1.335315,"19",-0.042152,0.3846302,-1.335315,"19"
1462,0.2058022,0.3846302,1.4395322,"19",0.2058022,0.3846302,1.4395322,"19"
1463,0.2884532,0.3846302,-0.062088,"19",0.2884532,0.3846302,-0.062088,"19"
1464,1.1976192,0.3846302,1.3101422,"19",1.1976192,0.3846302,1.3101422,"19"
1465,0.6190592,0.3846302,-0.776109,"19",0.6190592,0.3846302,-0.776109,"19"
1466,0.1231502,0.3846302,-0.699505,"19",0.1231502,0.3846302,-0.699505,"19"
1467,0.8670142,0.3846302,1.9771072,"19",0.8670142,0.3846302,1.9771072,"19"
1468,-0.042152,0.3846302,0.7472282,"19",-0.042152,0.3846302,0.7472282,"19"
1469,0.2058022,0.3846302,-0.062088,"19",0.2058022,0.3846302,-0.062088,"19"
1470,-0.786016,0.3846302,-0.623051,"19",-0.786016,0.3846302,-0.623051,"19"
1471,1.1149682,0.3846302,0.9675862,"19",1.1149682,0.3846302,0.9675862,"19"
1472,0.7843622,0.3846302,-0.623051,"19",0.7843622,0.3846302,-0.623051,"19"
1473,0.2058022,0.3846302,-0.776109,"19",0.2058022,0.3846302,-0.776109,"19"
1474,-0.124804,0.3846302,-0.197611,"19",-0.124804,0.3846302,-0.197611,"19"
1475,-0.042152,0.3846302,0.4026692,"19",-0.042152,0.3846302,0.4026692,"19"
1476,0.1231502,0.3846302,-0.129085,"19",0.1231502,0.3846302,-0.129085,"19"
1477,1.0323172,0.3846302,0.4781942,"19",1.0323172,0.3846302,0.4781942,"19"
1478,-0.45541,0.3846302,-0.197611,"19",-0.45541,0.3846302,-0.197611,"19"
1479,1.1149682,0.3846302,0.0043222,"19",1.1149682,0.3846302,0.0043222,"19"
1480,0.5364082,0.3846302,0.2613242,"19",0.5364082,0.3846302,0.2613242,"19"
1481,0.9496652,0.3846302,0.5443412,"19",0.9496652,0.3846302,0.5443412,"19"
1482,0.6190592,0.3846302,0.4026692,"19",0.6190592,0.3846302,0.4026692,"19"
1483,0.2058022,0.3846302,1.1094382,"19",0.2058022,0.3846302,1.1094382,"19"
1484,1.1976192,0.3846302,1.3101422,"19",1.1976192,0.3846302,1.3101422,"19"
1485,-0.124804,0.3846302,0.6787592,"19",-0.124804,0.3846302,0.6787592,"19"
1486,1.0323172,0.3846302,0.7472282,"19",1.0323172,0.3846302,0.7472282,"19"
1487,-0.372758,0.3846302,-0.699505,"19",-0.372758,0.3846302,-0.699505,"19"
1488,-1.199273,0.3846302,-0.776109,"19",-1.199273,0.3846302,-0.776109,"19"
1489,0.7017112,0.3846302,1.5792202,"19",0.7017112,0.3846302,1.5792202,"19"
1490,-0.868667,0.3846302,-1.219486,"19",-0.868667,0.3846302,-1.219486,"19"
1491,1.1149682,0.3846302,-0.623051,"19",1.1149682,0.3846302,-0.623051,"19"
1492,0.8670142,0.3846302,1.7348992,"19",0.8670142,0.3846302,1.7348992,"19"
1493,0.8670142,0.3846302,0.0735362,"19",0.8670142,0.3846302,0.0735362,"19"
1494,-0.207455,0.3846302,0.4026692,"19",-0.207455,0.3846302,0.4026692,"19"
1495,1.1149682,0.3846302,0.5443412,"19",1.1149682,0.3846302,0.5443412,"19"
1496,0.2884532,0.3846302,-1.526653,"19",0.2884532,0.3846302,-1.526653,"19"
1497,1.3629222,0.3846302,1.6618062,"19",1.3629222,0.3846302,1.6618062,"19"
1498,0.2884532,0.3846302,0.2613242,"19",0.2884532,0.3846302,0.2613242,"19"
1499,-0.372758,0.3846302,-0.699505,"19",-0.372758,0.3846302,-0.699505,"19"
1500,0.2884532,0.4410412,-0.939378,"20",0.2884532,0.4410412,-0.939378,"20"
1501,2.4373912,0.4410412,0.8965662,"20",2.4373912,0.4410412,0.8965662,"20"
1502,0.7017112,0.4410412,0.1941492,"20",0.7017112,0.4410412,0.1941492,"20"
1503,-0.951318,0.4410412,0.2613242,"20",-0.951318,0.4410412,0.2613242,"20"
1504,-0.124804,0.4410412,-0.265159,"20",-0.124804,0.4410412,-0.265159,"20"
1505,-0.042152,0.4410412,1.2405332,"20",-0.042152,0.4410412,1.2405332,"20"
1506,-0.042152,0.4410412,-0.623051,"20",-0.042152,0.4410412,-0.623051,"20"
1507,0.9496652,0.4410412,1.8138272,"20",0.9496652,0.4410412,1.8138272,"20"
1508,-0.868667,0.4410412,0.0735362,"20",-0.868667,0.4410412,0.0735362,"20"
1509,-1.03397,0.4410412,0.4781942,"20",-1.03397,0.4410412,0.4781942,"20"
1510,0.0404992,0.4410412,1.3747412,"20",0.0404992,0.4410412,1.3747412,"20"
1511,-1.364576,0.4410412,-2.291731,"20",-1.364576,0.4410412,-2.291731,"20"
1512,0.0404992,0.4410412,-0.062088,"20",0.0404992,0.4410412,-0.062088,"20"
1513,1.1149682,0.4410412,1.3101422,"20",1.1149682,0.4410412,1.3101422,"20"
1514,-0.538061,0.4410412,-0.419801,"20",-0.538061,0.4410412,-0.419801,"20"
1515,-0.951318,0.4410412,0.0735362,"20",-0.951318,0.4410412,0.0735362,"20"
1516,-0.620713,0.4410412,0.5443412,"20",-0.620713,0.4410412,0.5443412,"20"
1517,1.5282252,0.4410412,1.3101422,"20",1.5282252,0.4410412,1.3101422,"20"
1518,0.7017112,0.4410412,-0.129085,"20",0.7017112,0.4410412,-0.129085,"20"
1519,-0.620713,0.4410412,-0.197611,"20",-0.620713,0.4410412,-0.197611,"20"
1520,0.5364082,0.4410412,1.1094382,"20",0.5364082,0.4410412,1.1094382,"20"
1521,1.9414832,0.4410412,1.0396082,"20",1.9414832,0.4410412,1.0396082,"20"
1522,-0.042152,0.4410412,-0.265159,"20",-0.042152,0.4410412,-0.265159,"20"
1523,0.7017112,0.4410412,-0.338842,"20",0.7017112,0.4410412,-0.338842,"20"
1524,0.2884532,0.4410412,0.1340672,"20",0.2884532,0.4410412,0.1340672,"20"
1525,2.3547402,0.4410412,1.6618062,"20",2.3547402,0.4410412,1.6618062,"20"
1526,1.6108772,0.4410412,1.6618062,"20",1.6108772,0.4410412,1.6618062,"20"
1527,1.4455742,0.4410412,1.2405332,"20",1.4455742,0.4410412,1.2405332,"20"
1528,0.0404992,0.4410412,0.6787592,"20",0.0404992,0.4410412,0.6787592,"20"
1529,1.6108772,0.4410412,1.2405332,"20",1.6108772,0.4410412,1.2405332,"20"
1530,2.3547402,0.4410412,1.5792202,"20",2.3547402,0.4410412,1.5792202,"20"
1531,0.7843622,0.4410412,0.1941492,"20",0.7843622,0.4410412,0.1941492,"20"
1532,0.5364082,0.4410412,0.6107292,"20",0.5364082,0.4410412,0.6107292,"20"
1533,0.6190592,0.4410412,1.2405332,"20",0.6190592,0.4410412,1.2405332,"20"
1534,0.8670142,0.4410412,0.8965662,"20",0.8670142,0.4410412,0.8965662,"20"
1535,1.6108772,0.4410412,1.0396082,"20",1.6108772,0.4410412,1.0396082,"20"
1536,0.0404992,0.4410412,-0.197611,"20",0.0404992,0.4410412,-0.197611,"20"
1537,-0.951318,0.4410412,0.9675862,"20",-0.951318,0.4410412,0.9675862,"20"
1538,0.2058022,0.4410412,0.3280722,"20",0.2058022,0.4410412,0.3280722,"20"
1539,-1.03397,0.2012732,-0.419801,"21",-1.03397,0.2012732,-0.419801,"21"
1540,0.2884532,0.2012732,0.6787592,"21",0.2884532,0.2012732,0.6787592,"21"
1541,-0.786016,0.2012732,0.7472282,"21",-0.786016,0.2012732,0.7472282,"21"
1542,0.0404992,0.2012732,-0.338842,"21",0.0404992,0.2012732,-0.338842,"21"
1543,-0.207455,0.2012732,-0.492781,"21",-0.207455,0.2012732,-0.492781,"21"
1544,-0.372758,0.2012732,0.3280722,"21",-0.372758,0.2012732,0.3280722,"21"
1545,0.7017112,0.2012732,0.3280722,"21",0.7017112,0.2012732,0.3280722,"21"
1546,1.1149682,0.2012732,0.6107292,"21",1.1149682,0.2012732,0.6107292,"21"
1547,0.0404992,0.2012732,0.4026692,"21",0.0404992,0.2012732,0.4026692,"21"
1548,0.8670142,0.2012732,0.4026692,"21",0.8670142,0.2012732,0.4026692,"21"
1549,-0.207455,0.2012732,1.1094382,"21",-0.207455,0.2012732,1.1094382,"21"
1550,-0.620713,0.2012732,-0.062088,"21",-0.620713,0.2012732,-0.062088,"21"
1551,0.7843622,0.2012732,1.3101422,"21",0.7843622,0.2012732,1.3101422,"21"
1552,1.1149682,0.2012732,1.4395322,"21",1.1149682,0.2012732,1.4395322,"21"
1553,-0.620713,0.2012732,0.4026692,"21",-0.620713,0.2012732,0.4026692,"21"
1554,0.4537562,0.2012732,1.1758492,"21",0.4537562,0.2012732,1.1758492,"21"
1555,1.9414832,0.2012732,1.9003352,"21",1.9414832,0.2012732,1.9003352,"21"
1556,-0.207455,0.2012732,0.0043222,"21",-0.207455,0.2012732,0.0043222,"21"
1557,0.9496652,0.2012732,1.1758492,"21",0.9496652,0.2012732,1.1758492,"21"
1558,0.2884532,0.2012732,-0.939378,"21",0.2884532,0.2012732,-0.939378,"21"
1559,1.3629222,0.2012732,1.1094382,"21",1.3629222,0.2012732,1.1094382,"21"
1560,1.0323172,0.2012732,0.6107292,"21",1.0323172,0.2012732,0.6107292,"21"
1561,0.2884532,0.2012732,-0.338842,"21",0.2884532,0.2012732,-0.338842,"21"
1562,0.7017112,0.2012732,-1.029067,"21",0.7017112,0.2012732,-1.029067,"21"
1563,1.5282252,0.2012732,1.7348992,"21",1.5282252,0.2012732,1.7348992,"21"
1564,-0.042152,0.2012732,0.1340672,"21",-0.042152,0.2012732,0.1340672,"21"
1565,0.1231502,0.2012732,1.1758492,"21",0.1231502,0.2012732,1.1758492,"21"
1566,2.3547402,0.2012732,1.9003352,"21",2.3547402,0.2012732,1.9003352,"21"
1567,0.1231502,0.2012732,0.4026692,"21",0.1231502,0.2012732,0.4026692,"21"
1568,-0.786016,0.2012732,-0.699505,"21",-0.786016,0.2012732,-0.699505,"21"
1569,-0.786016,0.2012732,0.0043222,"21",-0.786016,0.2012732,0.0043222,"21"
1570,-0.290107,0.2012732,0.5443412,"21",-0.290107,0.2012732,0.5443412,"21"
1571,0.3711052,0.2012732,0.2613242,"21",0.3711052,0.2012732,0.2613242,"21"
1572,0.2058022,0.2012732,0.8965662,"21",0.2058022,0.2012732,0.8965662,"21"
1573,2.0241342,0.2012732,1.1094382,"21",2.0241342,0.2012732,1.1094382,"21"
1574,0.3711052,0.2012732,1.3747412,"21",0.3711052,0.2012732,1.3747412,"21"
1575,0.5364082,0.2012732,0.7472282,"21",0.5364082,0.2012732,0.7472282,"21"
1576,-1.281924,0.2012732,-0.197611,"21",-1.281924,0.2012732,-0.197611,"21"
1577,-2.356393,0.2012732,-1.118624,"21",-2.356393,0.2012732,-1.118624,"21"
1578,0.3711052,0.2012732,1.4395322,"21",0.3711052,0.2012732,1.4395322,"21"
1579,0.4537562,0.2012732,1.1094382,"21",0.4537562,0.2012732,1.1094382,"21"
1580,0.5364082,0.2012732,0.0735362,"21",0.5364082,0.2012732,0.0735362,"21"
1581,-1.61253,0.2012732,-1.219486,"21",-1.61253,0.2012732,-1.219486,"21"
1582,0.6190592,0.2012732,0.6787592,"21",0.6190592,0.2012732,0.6787592,"21"
1583,0.9496652,0.2012732,-0.265159,"21",0.9496652,0.2012732,-0.265159,"21"
1584,0.8670142,0.2012732,1.2405332,"21",0.8670142,0.2012732,1.2405332,"21"
1585,-1.61253,0.2012732,-0.197611,"21",-1.61253,0.2012732,-0.197611,"21"
1586,1.1976192,0.2012732,0.9675862,"21",1.1976192,0.2012732,0.9675862,"21"
1587,-0.868667,0.2012732,-0.492781,"21",-0.868667,0.2012732,-0.492781,"21"
1588,-1.860484,0.2012732,-1.62373,"21",-1.860484,0.2012732,-1.62373,"21"
1589,-0.207455,0.2012732,0.8965662,"21",-0.207455,0.2012732,0.8965662,"21"
1590,0.5364082,0.2012732,0.2613242,"21",0.5364082,0.2012732,0.2613242,"21"
1591,0.5364082,0.2012732,0.4026692,"21",0.5364082,0.2012732,0.4026692,"21"
1592,-0.372758,0.2012732,0.1941492,"21",-0.372758,0.2012732,0.1941492,"21"
1593,-0.620713,0.2012732,0.0043222,"21",-0.620713,0.2012732,0.0043222,"21"
1594,0.7017112,0.2012732,0.0735362,"21",0.7017112,0.2012732,0.0735362,"21"
1595,-0.042152,0.2012732,0.0043222,"21",-0.042152,0.2012732,0.0043222,"21"
1596,-0.786016,0.2012732,-0.623051,"21",-0.786016,0.2012732,-0.623051,"21"
1597,0.9496652,0.2012732,1.1094382,"21",0.9496652,0.2012732,1.1094382,"21"
1598,-1.199273,0.2012732,0.1941492,"21",-1.199273,0.2012732,0.1941492,"21"
1599,0.8670142,0.2012732,1.3747412,"21",0.8670142,0.2012732,1.3747412,"21"
1600,-0.042152,0.2012732,0.1941492,"21",-0.042152,0.2012732,0.1941492,"21"
1601,0.4537562,0.2012732,0.4026692,"21",0.4537562,0.2012732,0.4026692,"21"
1602,0.2884532,0.2012732,-0.129085,"21",0.2884532,0.2012732,-0.129085,"21"
1603,0.4537562,0.2012732,-0.062088,"21",0.4537562,0.2012732,-0.062088,"21"
1604,-0.042152,0.2012732,1.5061852,"21",-0.042152,0.2012732,1.5061852,"21"
1605,-0.45541,0.2012732,0.4026692,"21",-0.45541,0.2012732,0.4026692,"21"
1606,0.7843622,0.2012732,0.6787592,"21",0.7843622,0.2012732,0.6787592,"21"
1607,1.0323172,0.2012732,0.0043222,"21",1.0323172,0.2012732,0.0043222,"21"
1608,1.3629222,0.2012732,1.5792202,"21",1.3629222,0.2012732,1.5792202,"21"
1609,0.3711052,0.2012732,-0.265159,"21",0.3711052,0.2012732,-0.265159,"21"
1610,1.1976192,0.2012732,-0.197611,"21",1.1976192,0.2012732,-0.197611,"21"
1611,-0.124804,0.2012732,-0.338842,"21",-0.124804,0.2012732,-0.338842,"21"
1612,-0.868667,-0.062356,-0.265159,"22",-0.868667,-0.062356,-0.265159,"22"
1613,3.0159522,-0.062356,1.7348992,"22",3.0159522,-0.062356,1.7348992,"22"
1614,0.2884532,-0.062356,-1.526653,"22",0.2884532,-0.062356,-1.526653,"22"
1615,1.4455742,-0.062356,0.8965662,"22",1.4455742,-0.062356,0.8965662,"22"
1616,1.7761802,-0.062356,-0.129085,"22",1.7761802,-0.062356,-0.129085,"22"
1617,0.5364082,-0.062356,-0.419801,"22",0.5364082,-0.062356,-0.419801,"22"
1618,-0.124804,-0.062356,0.4026692,"22",-0.124804,-0.062356,0.4026692,"22"
1619,1.2802712,-0.062356,0.2613242,"22",1.2802712,-0.062356,0.2613242,"22"
1620,-0.620713,-0.062356,0.3280722,"22",-0.620713,-0.062356,0.3280722,"22"
1621,1.2802712,-0.062356,0.3280722,"22",1.2802712,-0.062356,0.3280722,"22"
1622,-0.372758,-0.062356,-0.265159,"22",-0.372758,-0.062356,-0.265159,"22"
1623,-0.290107,-0.062356,-1.118624,"22",-0.290107,-0.062356,-1.118624,"22"
1624,0.4537562,-0.062356,-0.623051,"22",0.4537562,-0.062356,-0.623051,"22"
1625,0.4537562,-0.062356,-1.335315,"22",0.4537562,-0.062356,-1.335315,"22"
1626,-0.703364,-0.062356,-0.338842,"22",-0.703364,-0.062356,-0.338842,"22"
1627,0.2884532,-0.062356,-0.776109,"22",0.2884532,-0.062356,-0.776109,"22"
1628,0.9496652,-0.062356,0.8219882,"22",0.9496652,-0.062356,0.8219882,"22"
1629,0.2058022,-0.062356,-0.492781,"22",0.2058022,-0.062356,-0.492781,"22"
1630,-1.199273,-0.062356,-1.118624,"22",-1.199273,-0.062356,-1.118624,"22"
1631,1.3629222,-0.062356,0.9675862,"22",1.3629222,-0.062356,0.9675862,"22"
1632,0.2884532,-0.062356,0.6107292,"22",0.2884532,-0.062356,0.6107292,"22"
1633,-2.273742,-0.062356,-1.526653,"22",-2.273742,-0.062356,-1.526653,"22"
1634,-2.025787,-0.062356,-0.555112,"22",-2.025787,-0.062356,-0.555112,"22"
1635,-0.042152,-0.062356,-0.492781,"22",-0.042152,-0.062356,-0.492781,"22"
1636,0.2058022,-0.062356,-0.062088,"22",0.2058022,-0.062356,-0.062088,"22"
1637,0.4537562,-0.062356,0.5443412,"22",0.4537562,-0.062356,0.5443412,"22"
1638,-1.116621,-0.062356,-1.335315,"22",-1.116621,-0.062356,-1.335315,"22"
1639,-0.207455,-0.062356,0.5443412,"22",-0.207455,-0.062356,0.5443412,"22"
1640,-0.290107,-0.062356,0.6107292,"22",-0.290107,-0.062356,0.6107292,"22"
1641,0.1231502,-0.062356,0.0043222,"22",0.1231502,-0.062356,0.0043222,"22"
1642,-0.124804,-0.062356,-0.129085,"22",-0.124804,-0.062356,-0.129085,"22"
1643,-0.538061,-0.062356,-0.062088,"22",-0.538061,-0.062356,-0.062088,"22"
1644,0.6190592,-0.062356,0.1941492,"22",0.6190592,-0.062356,0.1941492,"22"
1645,-0.538061,-0.062356,-0.419801,"22",-0.538061,-0.062356,-0.419801,"22"
1646,0.3711052,-0.062356,-0.555112,"22",0.3711052,-0.062356,-0.555112,"22"
1647,0.7843622,-0.062356,0.1941492,"22",0.7843622,-0.062356,0.1941492,"22"
1648,-1.364576,-0.062356,0.4026692,"22",-1.364576,-0.062356,0.4026692,"22"
1649,-1.860484,-0.062356,-1.836687,"22",-1.860484,-0.062356,-1.836687,"22"
1650,1.2802712,-0.062356,-0.492781,"22",1.2802712,-0.062356,-0.492781,"22"
1651,-0.786016,-0.062356,-2.291731,"22",-0.786016,-0.062356,-2.291731,"22"
1652,-0.868667,-0.062356,-1.118624,"22",-0.868667,-0.062356,-1.118624,"22"
1653,0.2058022,-0.062356,-0.776109,"22",0.2058022,-0.062356,-0.776109,"22"
1654,-0.538061,-0.062356,-0.492781,"22",-0.538061,-0.062356,-0.492781,"22"
1655,0.7017112,-0.062356,-0.939378,"22",0.7017112,-0.062356,-0.939378,"22"
1656,-1.364576,-0.062356,-0.85267,"22",-1.364576,-0.062356,-0.85267,"22"
1657,0.0404992,-0.062356,-0.623051,"22",0.0404992,-0.062356,-0.623051,"22"
1658,0.8670142,-0.062356,1.4395322,"22",0.8670142,-0.062356,1.4395322,"22"
1659,-0.703364,-0.062356,-0.939378,"22",-0.703364,-0.062356,-0.939378,"22"
1660,-0.620713,-0.062356,-0.85267,"22",-0.620713,-0.062356,-0.85267,"22"
1661,1.6108772,-0.062356,-0.85267,"22",1.6108772,-0.062356,-0.85267,"22"
1662,0.0404992,-0.062356,-0.623051,"22",0.0404992,-0.062356,-0.623051,"22"
1663,-0.538061,-0.062356,-1.836687,"22",-0.538061,-0.062356,-1.836687,"22"
1664,1.6108772,-0.062356,-0.197611,"22",1.6108772,-0.062356,-0.197611,"22"
1665,0.6190592,-0.062356,-0.776109,"22",0.6190592,-0.062356,-0.776109,"22"
1666,-0.372758,-0.062356,-1.438662,"22",-0.372758,-0.062356,-1.438662,"22"
1667,2.1067862,-0.062356,-0.197611,"22",2.1067862,-0.062356,-0.197611,"22"
1668,0.8670142,-0.062356,1.2405332,"22",0.8670142,-0.062356,1.2405332,"22"
1669,-1.03397,-0.062356,-1.962075,"22",-1.03397,-0.062356,-1.962075,"22"
1670,-0.786016,-0.062356,-0.939378,"22",-0.786016,-0.062356,-0.939378,"22"
1671,-0.45541,-0.062356,-0.939378,"22",-0.45541,-0.062356,-0.939378,"22"
1672,0.0404992,-0.062356,-0.419801,"22",0.0404992,-0.062356,-0.419801,"22"
1673,-2.273742,-0.062356,-0.939378,"22",-2.273742,-0.062356,-0.939378,"22"
1674,-1.529879,-0.062356,-1.526653,"22",-1.529879,-0.062356,-1.526653,"22"
1675,-0.703364,-0.062356,-1.526653,"22",-0.703364,-0.062356,-1.526653,"22"
1676,0.8670142,-0.062356,0.6107292,"22",0.8670142,-0.062356,0.6107292,"22"
1677,-1.116621,-0.062356,-2.291731,"22",-1.116621,-0.062356,-2.291731,"22"
1678,0.7017112,-0.062356,0.3280722,"22",0.7017112,-0.062356,0.3280722,"22"
1679,-0.042152,-0.062356,0.1941492,"22",-0.042152,-0.062356,0.1941492,"22"
1680,-1.695182,-0.062356,-0.338842,"22",-1.695182,-0.062356,-0.338842,"22"
1681,-1.447227,-0.062356,-1.962075,"22",-1.447227,-0.062356,-1.962075,"22"
1682,-0.703364,-0.062356,-0.699505,"22",-0.703364,-0.062356,-0.699505,"22"
1683,-0.868667,-0.062356,-2.510121,"22",-0.868667,-0.062356,-2.510121,"22"
1684,0.2058022,-0.062356,-1.219486,"22",0.2058022,-0.062356,-1.219486,"22"
1685,-0.207455,-0.062356,-0.419801,"22",-0.207455,-0.062356,-0.419801,"22"
1686,-1.03397,-0.062356,-0.419801,"22",-1.03397,-0.062356,-0.419801,"22"
1687,1.7761802,-0.062356,0.9675862,"22",1.7761802,-0.062356,0.9675862,"22"
1688,0.4537562,-0.062356,-0.129085,"22",0.4537562,-0.062356,-0.129085,"22"
1689,0.1231502,-0.062356,-0.338842,"22",0.1231502,-0.062356,-0.338842,"22"
1690,0.8670142,-0.062356,0.1941492,"22",0.8670142,-0.062356,0.1941492,"22"
1691,-0.951318,-0.062356,-0.85267,"22",-0.951318,-0.062356,-0.85267,"22"
1692,-1.281924,-0.062356,-2.291731,"22",-1.281924,-0.062356,-2.291731,"22"
1693,-0.290107,-0.062356,-0.419801,"22",-0.290107,-0.062356,-0.419801,"22"
1694,-1.860484,-0.062356,-2.291731,"22",-1.860484,-0.062356,-2.291731,"22"
1695,-0.868667,-0.062356,-1.219486,"22",-0.868667,-0.062356,-1.219486,"22"
1696,-0.207455,-0.062356,0.1340672,"22",-0.207455,-0.062356,0.1340672,"22"
1697,0.0404992,-0.062356,0.0735362,"22",0.0404992,-0.062356,0.0735362,"22"
1698,1.8588312,-0.062356,0.0735362,"22",1.8588312,-0.062356,0.0735362,"22"
1699,-0.042152,-0.062356,-1.335315,"22",-0.042152,-0.062356,-1.335315,"22"
1700,-0.372758,-0.062356,-1.335315,"22",-0.372758,-0.062356,-1.335315,"22"
1701,1.4455742,-0.062356,0.0735362,"22",1.4455742,-0.062356,0.0735362,"22"
1702,-0.207455,-0.254685,0.3280722,"23",-0.207455,-0.254685,0.3280722,"23"
1703,-0.703364,-0.254685,-2.291731,"23",-0.703364,-0.254685,-2.291731,"23"
1704,0.3711052,-0.254685,-0.85267,"23",0.3711052,-0.254685,-0.85267,"23"
1705,1.6935282,-0.254685,-0.555112,"23",1.6935282,-0.254685,-0.555112,"23"
1706,-1.281924,-0.254685,-1.029067,"23",-1.281924,-0.254685,-1.029067,"23"
1707,-1.777833,-0.254685,0.7472282,"23",-1.777833,-0.254685,0.7472282,"23"
1708,1.1149682,-0.254685,-0.338842,"23",1.1149682,-0.254685,-0.338842,"23"
1709,-1.116621,-0.254685,-1.723882,"23",-1.116621,-0.254685,-1.723882,"23"
1710,0.1231502,-0.254685,0.5443412,"23",0.1231502,-0.254685,0.5443412,"23"
1711,0.4537562,-0.254685,-0.555112,"23",0.4537562,-0.254685,-0.555112,"23"
1712,-0.207455,-0.254685,0.7472282,"23",-0.207455,-0.254685,0.7472282,"23"
1713,0.5364082,-0.254685,-0.776109,"23",0.5364082,-0.254685,-0.776109,"23"
1714,0.9496652,-0.254685,0.6107292,"23",0.9496652,-0.254685,0.6107292,"23"
1715,-1.116621,-0.254685,-2.108644,"23",-1.116621,-0.254685,-2.108644,"23"
1716,-2.356393,-0.254685,-2.75266,"23",-2.356393,-0.254685,-2.75266,"23"
1717,1.4455742,-0.254685,0.7472282,"23",1.4455742,-0.254685,0.7472282,"23"
1718,0.0404992,-0.254685,-0.776109,"23",0.0404992,-0.254685,-0.776109,"23"
1719,-0.290107,-0.254685,-1.029067,"23",-0.290107,-0.254685,-1.029067,"23"
1720,-1.61253,-0.254685,-1.029067,"23",-1.61253,-0.254685,-1.029067,"23"
1721,0.2884532,-0.254685,-0.062088,"23",0.2884532,-0.254685,-0.062088,"23"
1722,0.7843622,-0.254685,-0.338842,"23",0.7843622,-0.254685,-0.338842,"23"
1723,0.0404992,-0.254685,-2.291731,"23",0.0404992,-0.254685,-2.291731,"23"
1724,0.6190592,-0.254685,-0.939378,"23",0.6190592,-0.254685,-0.939378,"23"
1725,-0.703364,-0.254685,-0.338842,"23",-0.703364,-0.254685,-0.338842,"23"
1726,-1.61253,-0.254685,-2.510121,"23",-1.61253,-0.254685,-2.510121,"23"
1727,-1.03397,-0.254685,0.8219882,"23",-1.03397,-0.254685,0.8219882,"23"
1728,0.2058022,-0.254685,-1.962075,"23",0.2058022,-0.254685,-1.962075,"23"
1729,-1.777833,-0.254685,-0.939378,"23",-1.777833,-0.254685,-0.939378,"23"
1730,1.4455742,-0.415201,0.2613242,"24",1.4455742,-0.415201,0.2613242,"24"
1731,0.7017112,-0.415201,1.9003352,"24",0.7017112,-0.415201,1.9003352,"24"
1732,-0.538061,-0.415201,-0.197611,"24",-0.538061,-0.415201,-0.197611,"24"
1733,-0.620713,-0.415201,0.8965662,"24",-0.620713,-0.415201,0.8965662,"24"
1734,-0.124804,-0.415201,0.1941492,"24",-0.124804,-0.415201,0.1941492,"24"
1735,0.1231502,-0.415201,1.4395322,"24",0.1231502,-0.415201,1.4395322,"24"
1736,-2.934953,-0.415201,-0.699505,"24",-2.934953,-0.415201,-0.699505,"24"
1737,-1.447227,-0.415201,-1.219486,"24",-1.447227,-0.415201,-1.219486,"24"
1738,-0.868667,-0.415201,-0.555112,"24",-0.868667,-0.415201,-0.555112,"24"
1739,-0.124804,-0.415201,-0.129085,"24",-0.124804,-0.415201,-0.129085,"24"
1740,-0.042152,-0.415201,0.9675862,"24",-0.042152,-0.415201,0.9675862,"24"
1741,1.1976192,-0.415201,1.7348992,"24",1.1976192,-0.415201,1.7348992,"24"
1742,0.2884532,-0.415201,-0.265159,"24",0.2884532,-0.415201,-0.265159,"24"
1743,0.2884532,-0.415201,-0.492781,"24",0.2884532,-0.415201,-0.492781,"24"
1744,-2.273742,-0.415201,0.0043222,"24",-2.273742,-0.415201,0.0043222,"24"
1745,-0.207455,-0.415201,-1.438662,"24",-0.207455,-0.415201,-1.438662,"24"
1746,-0.951318,-0.415201,1.5061852,"24",-0.951318,-0.415201,1.5061852,"24"
1747,1.2802712,-0.415201,0.2613242,"24",1.2802712,-0.415201,0.2613242,"24"
1748,0.6190592,-0.415201,1.8138272,"24",0.6190592,-0.415201,1.8138272,"24"
1749,-1.695182,-0.415201,0.4781942,"24",-1.695182,-0.415201,0.4781942,"24"
1750,-0.538061,-0.415201,-2.510121,"24",-0.538061,-0.415201,-2.510121,"24"
1751,0.1231502,-0.415201,-0.419801,"24",0.1231502,-0.415201,-0.419801,"24"
1752,0.4537562,-0.415201,0.4781942,"24",0.4537562,-0.415201,0.4781942,"24"
1753,-0.042152,-0.415201,0.0735362,"24",-0.042152,-0.415201,0.0735362,"24"
1754,-0.951318,-0.415201,-0.699505,"24",-0.951318,-0.415201,-0.699505,"24"
1755,-0.45541,-0.415201,-0.85267,"24",-0.45541,-0.415201,-0.85267,"24"
1756,-0.372758,-0.415201,0.5443412,"24",-0.372758,-0.415201,0.5443412,"24"
1757,-1.281924,-0.415201,-0.699505,"24",-1.281924,-0.415201,-0.699505,"24"
1758,-1.364576,-0.415201,-1.526653,"24",-1.364576,-0.415201,-1.526653,"24"
1759,-1.281924,-0.415201,0.6107292,"24",-1.281924,-0.415201,0.6107292,"24"
1760,-0.042152,-0.415201,-0.776109,"24",-0.042152,-0.415201,-0.776109,"24"
1761,0.0404992,-0.415201,-0.555112,"24",0.0404992,-0.415201,-0.555112,"24"
1762,-1.529879,-0.415201,-0.939378,"24",-1.529879,-0.415201,-0.939378,"24"
1763,-0.786016,-0.415201,1.0396082,"24",-0.786016,-0.415201,1.0396082,"24"
1764,-0.703364,-0.415201,0.7472282,"24",-0.703364,-0.415201,0.7472282,"24"
1765,-0.042152,-0.415201,0.6107292,"24",-0.042152,-0.415201,0.6107292,"24"
1766,-0.703364,-0.415201,-1.118624,"24",-0.703364,-0.415201,-1.118624,"24"
1767,0.2884532,-0.649018,-0.85267,"25",0.2884532,-0.649018,-0.85267,"25"
1768,-1.61253,-0.649018,-0.338842,"25",-1.61253,-0.649018,-0.338842,"25"
1769,-0.372758,-0.649018,0.1941492,"25",-0.372758,-0.649018,0.1941492,"25"
1770,0.6190592,-0.649018,-0.129085,"25",0.6190592,-0.649018,-0.129085,"25"
1771,-1.03397,-0.649018,0.0043222,"25",-1.03397,-0.649018,0.0043222,"25"
1772,-1.116621,-0.649018,-0.197611,"25",-1.116621,-0.649018,-0.197611,"25"
1773,-1.777833,-0.649018,-0.492781,"25",-1.777833,-0.649018,-0.492781,"25"
1774,-0.786016,-0.649018,0.8219882,"25",-0.786016,-0.649018,0.8219882,"25"
1775,1.0323172,-0.649018,-0.338842,"25",1.0323172,-0.649018,-0.338842,"25"
1776,-1.03397,-0.649018,-1.219486,"25",-1.03397,-0.649018,-1.219486,"25"
1777,-1.61253,-0.649018,-0.85267,"25",-1.61253,-0.649018,-0.85267,"25"
1778,1.3629222,-0.649018,0.0735362,"25",1.3629222,-0.649018,0.0735362,"25"
1779,-0.124804,-0.649018,0.1340672,"25",-0.124804,-0.649018,0.1340672,"25"
1780,0.2058022,-0.649018,-0.129085,"25",0.2058022,-0.649018,-0.129085,"25"
1781,-0.786016,-0.649018,-0.265159,"25",-0.786016,-0.649018,-0.265159,"25"
1782,-2.108439,-0.649018,-1.836687,"25",-2.108439,-0.649018,-1.836687,"25"
1783,1.4455742,-0.649018,0.4781942,"25",1.4455742,-0.649018,0.4781942,"25"
1784,-1.777833,-0.649018,-2.510121,"25",-1.777833,-0.649018,-2.510121,"25"
1785,-2.356393,-0.649018,-3.059543,"25",-2.356393,-0.649018,-3.059543,"25"
1786,-1.943136,-0.649018,-3.059543,"25",-1.943136,-0.649018,-3.059543,"25"
1787,0.3711052,-0.649018,-0.623051,"25",0.3711052,-0.649018,-0.623051,"25"
1788,-2.108439,-0.649018,-1.723882,"25",-2.108439,-0.649018,-1.723882,"25"
1789,-0.042152,-0.649018,0.5443412,"25",-0.042152,-0.649018,0.5443412,"25"
1790,-2.604348,-0.649018,-1.723882,"25",-2.604348,-0.649018,-1.723882,"25"
1791,-1.447227,-0.649018,-0.265159,"25",-1.447227,-0.649018,-0.265159,"25"
1792,-0.45541,-0.649018,-1.335315,"25",-0.45541,-0.649018,-1.335315,"25"
1793,-0.786016,-0.649018,-1.118624,"25",-0.786016,-0.649018,-1.118624,"25"
1794,1.1976192,-0.649018,0.1941492,"25",1.1976192,-0.649018,0.1941492,"25"
1795,-0.372758,-0.649018,-0.062088,"25",-0.372758,-0.649018,-0.062088,"25"
1796,0.5364082,-0.649018,0.8965662,"25",0.5364082,-0.649018,0.8965662,"25"
1797,0.2884532,-0.649018,-0.197611,"25",0.2884532,-0.649018,-0.197611,"25"
1798,-1.695182,-0.649018,-0.85267,"25",-1.695182,-0.649018,-0.85267,"25"
1799,-1.943136,-0.649018,-1.118624,"25",-1.943136,-0.649018,-1.118624,"25"
1800,-0.620713,-0.649018,-0.776109,"25",-0.620713,-0.649018,-0.776109,"25"
1801,-0.042152,-0.649018,0.3280722,"25",-0.042152,-0.649018,0.3280722,"25"
1802,0.0404992,-0.649018,-0.197611,"25",0.0404992,-0.649018,-0.197611,"25"
1803,-2.108439,-0.649018,-0.85267,"25",-2.108439,-0.649018,-0.85267,"25"
1804,-1.116621,-0.649018,-0.338842,"25",-1.116621,-0.649018,-0.338842,"25"
1805,-0.538061,-0.649018,-0.419801,"25",-0.538061,-0.649018,-0.419801,"25"
1806,0.0404992,-0.649018,-0.699505,"25",0.0404992,-0.649018,-0.699505,"25"
1807,-0.620713,-0.649018,-0.699505,"25",-0.620713,-0.649018,-0.699505,"25"
1808,-0.207455,-0.649018,-1.723882,"25",-0.207455,-0.649018,-1.723882,"25"
1809,0.1231502,-0.649018,0.2613242,"25",0.1231502,-0.649018,0.2613242,"25"
1810,-0.042152,-0.649018,-0.338842,"25",-0.042152,-0.649018,-0.338842,"25"
1811,1.1976192,-0.649018,0.0735362,"25",1.1976192,-0.649018,0.0735362,"25"
1812,-0.703364,-0.649018,-0.555112,"25",-0.703364,-0.649018,-0.555112,"25"
1813,-1.03397,-0.649018,-0.776109,"25",-1.03397,-0.649018,-0.776109,"25"
1814,0.0404992,-0.649018,-0.555112,"25",0.0404992,-0.649018,-0.555112,"25"
1815,0.7017112,-0.649018,-0.062088,"25",0.7017112,-0.649018,-0.062088,"25"
1816,0.5364082,-0.649018,0.6107292,"25",0.5364082,-0.649018,0.6107292,"25"
1817,-0.786016,-0.649018,-0.129085,"25",-0.786016,-0.649018,-0.129085,"25"
1818,-0.538061,-0.649018,-0.623051,"25",-0.538061,-0.649018,-0.623051,"25"
1819,-1.943136,-0.649018,-0.939378,"25",-1.943136,-0.649018,-0.939378,"25"
1820,-0.207455,-0.649018,0.6787592,"25",-0.207455,-0.649018,0.6787592,"25"
1821,-1.281924,-0.649018,-0.699505,"25",-1.281924,-0.649018,-0.699505,"25"
1822,1.7761802,-0.649018,0.3280722,"25",1.7761802,-0.649018,0.3280722,"25"
1823,-1.447227,-0.649018,-1.118624,"25",-1.447227,-0.649018,-1.118624,"25"
1824,-1.529879,-0.649018,-0.265159,"25",-1.529879,-0.649018,-0.265159,"25"
1825,-1.199273,-0.649018,-0.699505,"25",-1.199273,-0.649018,-0.699505,"25"
1826,-2.934953,-0.649018,-3.059543,"25",-2.934953,-0.649018,-3.059543,"25"
1827,-0.290107,-0.649018,-0.419801,"25",-0.290107,-0.649018,-0.419801,"25"
1828,-1.199273,-0.649018,0.4026692,"25",-1.199273,-0.649018,0.4026692,"25"
1829,-0.703364,-0.649018,-0.419801,"25",-0.703364,-0.649018,-0.419801,"25"
1830,-0.538061,-0.649018,-0.939378,"25",-0.538061,-0.649018,-0.939378,"25"
1831,-0.786016,-0.649018,-1.723882,"25",-0.786016,-0.649018,-1.723882,"25"
1832,-1.777833,-0.649018,-0.555112,"25",-1.777833,-0.649018,-0.555112,"25"
1833,-1.529879,-0.649018,-0.623051,"25",-1.529879,-0.649018,-0.623051,"25"
1834,0.2058022,-0.649018,-1.526653,"25",0.2058022,-0.649018,-1.526653,"25"
1835,-0.538061,-0.649018,0.0735362,"25",-0.538061,-0.649018,0.0735362,"25"
1836,-1.199273,-0.649018,-1.219486,"25",-1.199273,-0.649018,-1.219486,"25"
1837,-1.364576,-0.649018,-1.219486,"25",-1.364576,-0.649018,-1.219486,"25"
1838,-2.025787,-0.649018,-2.510121,"25",-2.025787,-0.649018,-2.510121,"25"
1839,1.3629222,-0.649018,0.1340672,"25",1.3629222,-0.649018,0.1340672,"25"
1840,-2.108439,-0.654875,-0.623051,"26",-2.108439,-0.654875,-0.623051,"26"
1841,0.1231502,-0.654875,0.1941492,"26",0.1231502,-0.654875,0.1941492,"26"
1842,-1.116621,-0.654875,1.0396082,"26",-1.116621,-0.654875,1.0396082,"26"
1843,-1.199273,-0.654875,-0.129085,"26",-1.199273,-0.654875,-0.129085,"26"
1844,0.1231502,-0.654875,0.0735362,"26",0.1231502,-0.654875,0.0735362,"26"
1845,-0.703364,-0.654875,0.4026692,"26",-0.703364,-0.654875,0.4026692,"26"
1846,0.2058022,-0.654875,0.1941492,"26",0.2058022,-0.654875,0.1941492,"26"
1847,-0.786016,-0.654875,-0.939378,"26",-0.786016,-0.654875,-0.939378,"26"
1848,0.4537562,-0.654875,-0.197611,"26",0.4537562,-0.654875,-0.197611,"26"
1849,-0.786016,-0.654875,0.7472282,"26",-0.786016,-0.654875,0.7472282,"26"
1850,-0.703364,-0.654875,-0.939378,"26",-0.703364,-0.654875,-0.939378,"26"
1851,-1.695182,-0.654875,-2.108644,"26",-1.695182,-0.654875,-2.108644,"26"
1852,-1.281924,-0.654875,-0.699505,"26",-1.281924,-0.654875,-0.699505,"26"
1853,-1.116621,-0.654875,-1.219486,"26",-1.116621,-0.654875,-1.219486,"26"
1854,0.6190592,-0.654875,0.4026692,"26",0.6190592,-0.654875,0.4026692,"26"
1855,0.0404992,-0.654875,0.6787592,"26",0.0404992,-0.654875,0.6787592,"26"
1856,-0.620713,-0.654875,-0.492781,"26",-0.620713,-0.654875,-0.492781,"26"
1857,-1.447227,-0.654875,-0.492781,"26",-1.447227,-0.654875,-0.492781,"26"
1858,0.0404992,-0.654875,1.0396082,"26",0.0404992,-0.654875,1.0396082,"26"
1859,-0.620713,-0.654875,0.1340672,"26",-0.620713,-0.654875,0.1340672,"26"
1860,-0.703364,-0.654875,0.0735362,"26",-0.703364,-0.654875,0.0735362,"26"
1861,-2.686999,-0.654875,-1.438662,"26",-2.686999,-0.654875,-1.438662,"26"
1862,-1.116621,-0.654875,0.1340672,"26",-1.116621,-0.654875,0.1340672,"26"
1863,0.2058022,-0.654875,-0.623051,"26",0.2058022,-0.654875,-0.623051,"26"
1864,0.5364082,-0.654875,1.1758492,"26",0.5364082,-0.654875,1.1758492,"26"
1865,-0.124804,-0.654875,-0.699505,"26",-0.124804,-0.654875,-0.699505,"26"
1866,0.9496652,-0.654875,1.1758492,"26",0.9496652,-0.654875,1.1758492,"26"
1867,0.9496652,-0.654875,-1.526653,"26",0.9496652,-0.654875,-1.526653,"26"
1868,0.1231502,-0.654875,0.1941492,"26",0.1231502,-0.654875,0.1941492,"26"
1869,0.4537562,-0.654875,0.8219882,"26",0.4537562,-0.654875,0.8219882,"26"
1870,0.2884532,-0.654875,-1.219486,"26",0.2884532,-0.654875,-1.219486,"26"
1871,-0.951318,-0.654875,-0.419801,"26",-0.951318,-0.654875,-0.419801,"26"
1872,-0.868667,-0.654875,-1.219486,"26",-0.868667,-0.654875,-1.219486,"26"
1873,-0.620713,-0.654875,-1.219486,"26",-0.620713,-0.654875,-1.219486,"26"
1874,-1.777833,-0.654875,-0.419801,"26",-1.777833,-0.654875,-0.419801,"26"
1875,-0.372758,-0.654875,-0.419801,"26",-0.372758,-0.654875,-0.419801,"26"
1876,-0.538061,-0.654875,-1.219486,"26",-0.538061,-0.654875,-1.219486,"26"
1877,0.5364082,-0.654875,0.6107292,"26",0.5364082,-0.654875,0.6107292,"26"
1878,-1.529879,-0.654875,-0.197611,"26",-1.529879,-0.654875,-0.197611,"26"
1879,-1.695182,-0.654875,-0.419801,"26",-1.695182,-0.654875,-0.419801,"26"
1880,0.0404992,-0.654875,-0.492781,"26",0.0404992,-0.654875,-0.492781,"26"
1881,-1.777833,-0.654875,-1.029067,"26",-1.777833,-0.654875,-1.029067,"26"
1882,-0.620713,-0.654875,-1.219486,"26",-0.620713,-0.654875,-1.219486,"26"
1883,0.2058022,-0.654875,-0.265159,"26",0.2058022,-0.654875,-0.265159,"26"
1884,-1.199273,-0.654875,-0.492781,"26",-1.199273,-0.654875,-0.492781,"26"
1885,-1.943136,-0.654875,-1.335315,"26",-1.943136,-0.654875,-1.335315,"26"
1886,-1.116621,-0.654875,-0.85267,"26",-1.116621,-0.654875,-0.85267,"26"
1887,0.4537562,-0.654875,0.1340672,"26",0.4537562,-0.654875,0.1340672,"26"
1888,-2.521696,-0.654875,-0.492781,"26",-2.521696,-0.654875,-0.492781,"26"
1889,-2.19109,-0.654875,-1.62373,"26",-2.19109,-0.654875,-1.62373,"26"
1890,-0.951318,-0.654875,0.0043222,"26",-0.951318,-0.654875,0.0043222,"26"
1891,-0.042152,-0.654875,-0.419801,"26",-0.042152,-0.654875,-0.419801,"26"
1892,1.5282252,-0.654875,0.4781942,"26",1.5282252,-0.654875,0.4781942,"26"
1893,-0.951318,-0.654875,-0.419801,"26",-0.951318,-0.654875,-0.419801,"26"
1894,-0.207455,-0.654875,0.7472282,"26",-0.207455,-0.654875,0.7472282,"26"
1895,-0.124804,-0.654875,0.1941492,"26",-0.124804,-0.654875,0.1941492,"26"
1896,-2.439045,-0.654875,-1.962075,"26",-2.439045,-0.654875,-1.962075,"26"
1897,-0.290107,-0.654875,-0.555112,"26",-0.290107,-0.654875,-0.555112,"26"
1898,-0.124804,-0.654875,0.4781942,"26",-0.124804,-0.654875,0.4781942,"26"
1899,-0.951318,-0.654875,-0.338842,"26",-0.951318,-0.654875,-0.338842,"26"
1900,0.7017112,-0.654875,0.4026692,"26",0.7017112,-0.654875,0.4026692,"26"
1901,-0.703364,-0.654875,-1.526653,"26",-0.703364,-0.654875,-1.526653,"26"
1902,0.9496652,-0.654875,1.5792202,"26",0.9496652,-0.654875,1.5792202,"26"
1903,-1.695182,-0.654875,-0.492781,"26",-1.695182,-0.654875,-0.492781,"26"
1904,-1.61253,-0.654875,-1.029067,"26",-1.61253,-0.654875,-1.029067,"26"
1905,-0.124804,-0.654875,0.4026692,"26",-0.124804,-0.654875,0.4026692,"26"
1906,-0.207455,-0.654875,0.6787592,"26",-0.207455,-0.654875,0.6787592,"26"
1907,-0.951318,-0.654875,-2.75266,"26",-0.951318,-0.654875,-2.75266,"26"
1908,-0.620713,-0.654875,-0.776109,"26",-0.620713,-0.654875,-0.776109,"26"
1909,-1.860484,-0.654875,-1.335315,"26",-1.860484,-0.654875,-1.335315,"26"
1910,-2.76965,-0.654875,-2.108644,"26",-2.76965,-0.654875,-2.108644,"26"
1911,-0.124804,-0.654875,-0.197611,"26",-0.124804,-0.654875,-0.197611,"26"
1912,-0.703364,-0.654875,-0.776109,"26",-0.703364,-0.654875,-0.776109,"26"
1913,-0.951318,-0.654875,-0.776109,"26",-0.951318,-0.654875,-0.776109,"26"
1914,-1.695182,-0.654875,-1.438662,"26",-1.695182,-0.654875,-1.438662,"26"
1915,0.7017112,-0.635548,1.3101422,"27",0.7017112,-0.635548,1.3101422,"27"
1916,-2.934953,-0.635548,0.0043222,"27",-2.934953,-0.635548,0.0043222,"27"
1917,-0.951318,-0.635548,0.2613242,"27",-0.951318,-0.635548,0.2613242,"27"
1918,0.1231502,-0.635548,0.5443412,"27",0.1231502,-0.635548,0.5443412,"27"
1919,-2.356393,-0.635548,-2.291731,"27",-2.356393,-0.635548,-2.291731,"27"
1920,-0.290107,-0.635548,-0.062088,"27",-0.290107,-0.635548,-0.062088,"27"
1921,-0.620713,-0.635548,-0.699505,"27",-0.620713,-0.635548,-0.699505,"27"
1922,-1.943136,-0.635548,-1.723882,"27",-1.943136,-0.635548,-1.723882,"27"
1923,0.1231502,-0.635548,0.0735362,"27",0.1231502,-0.635548,0.0735362,"27"
1924,-0.207455,-0.635548,0.3280722,"27",-0.207455,-0.635548,0.3280722,"27"
1925,0.2884532,-0.635548,0.4026692,"27",0.2884532,-0.635548,0.4026692,"27"
1926,0.0404992,-0.635548,-1.029067,"27",0.0404992,-0.635548,-1.029067,"27"
1927,-0.042152,-0.635548,-0.85267,"27",-0.042152,-0.635548,-0.85267,"27"
1928,1.0323172,-0.635548,0.7472282,"27",1.0323172,-0.635548,0.7472282,"27"
1929,-0.620713,-0.635548,-0.197611,"27",-0.620713,-0.635548,-0.197611,"27"
1930,0.7017112,-0.635548,0.7472282,"27",0.7017112,-0.635548,0.7472282,"27"
1931,-1.364576,-0.635548,-1.029067,"27",-1.364576,-0.635548,-1.029067,"27"
1932,-2.521696,-0.635548,-1.526653,"27",-2.521696,-0.635548,-1.526653,"27"
1933,-1.03397,-0.635548,-1.029067,"27",-1.03397,-0.635548,-1.029067,"27"
1934,-1.529879,-0.635548,0.1340672,"27",-1.529879,-0.635548,0.1340672,"27"
1935,-0.951318,-0.635548,-1.029067,"27",-0.951318,-0.635548,-1.029067,"27"
1936,0.7843622,-0.635548,0.6787592,"27",0.7843622,-0.635548,0.6787592,"27"
1937,0.5364082,-0.635548,-0.062088,"27",0.5364082,-0.635548,-0.062088,"27"
1938,-1.364576,-0.635548,-0.85267,"27",-1.364576,-0.635548,-0.85267,"27"
1939,-0.703364,-0.635548,-0.062088,"27",-0.703364,-0.635548,-0.062088,"27"
1940,-1.03397,-0.635548,-1.118624,"27",-1.03397,-0.635548,-1.118624,"27"
1941,-0.290107,-0.635548,0.0735362,"27",-0.290107,-0.635548,0.0735362,"27"
1942,-0.786016,-0.635548,0.5443412,"27",-0.786016,-0.635548,0.5443412,"27"
1943,-2.686999,-0.635548,-0.699505,"27",-2.686999,-0.635548,-0.699505,"27"
1944,0.5364082,-0.635548,1.3747412,"27",0.5364082,-0.635548,1.3747412,"27"
1945,-0.620713,-0.635548,-0.419801,"27",-0.620713,-0.635548,-0.419801,"27"
1946,-0.786016,-0.635548,-1.118624,"27",-0.786016,-0.635548,-1.118624,"27"
1947,-0.786016,-0.635548,-1.526653,"27",-0.786016,-0.635548,-1.526653,"27"
1948,-1.281924,-0.635548,-0.623051,"27",-1.281924,-0.635548,-0.623051,"27"
1949,-0.207455,-0.635548,-1.335315,"27",-0.207455,-0.635548,-1.335315,"27"
1950,-1.447227,-0.635548,-1.438662,"27",-1.447227,-0.635548,-1.438662,"27"
1951,-0.042152,-0.635548,0.1941492,"27",-0.042152,-0.635548,0.1941492,"27"
1952,-0.45541,-0.635548,-0.265159,"27",-0.45541,-0.635548,-0.265159,"27"
1953,0.2058022,-0.635548,0.7472282,"27",0.2058022,-0.635548,0.7472282,"27"
1954,0.3711052,-0.353908,-1.029067,"28",0.3711052,-0.353908,-1.029067,"28"
1955,0.8670142,-0.353908,-0.939378,"28",0.8670142,-0.353908,-0.939378,"28"
1956,-0.703364,-0.353908,0.1941492,"28",-0.703364,-0.353908,0.1941492,"28"
1957,-0.124804,-0.353908,-0.85267,"28",-0.124804,-0.353908,-0.85267,"28"
1958,0.1231502,-0.353908,-0.419801,"28",0.1231502,-0.353908,-0.419801,"28"
1959,-1.61253,-0.353908,-1.029067,"28",-1.61253,-0.353908,-1.029067,"28"
1960,-0.124804,-0.353908,-0.623051,"28",-0.124804,-0.353908,-0.623051,"28"
1961,0.7843622,-0.353908,0.0043222,"28",0.7843622,-0.353908,0.0043222,"28"
1962,-2.025787,-0.353908,-1.836687,"28",-2.025787,-0.353908,-1.836687,"28"
1963,-0.45541,-0.353908,-1.219486,"28",-0.45541,-0.353908,-1.219486,"28"
1964,1.6108772,-0.353908,-0.419801,"28",1.6108772,-0.353908,-0.419801,"28"
1965,-0.620713,-0.353908,-1.335315,"28",-0.620713,-0.353908,-1.335315,"28"
1966,-0.124804,-0.353908,-0.623051,"28",-0.124804,-0.353908,-0.623051,"28"
1967,-0.868667,-0.353908,-0.776109,"28",-0.868667,-0.353908,-0.776109,"28"
1968,-0.868667,-0.353908,-1.438662,"28",-0.868667,-0.353908,-1.438662,"28"
1969,0.2058022,-0.353908,-1.118624,"28",0.2058022,-0.353908,-1.118624,"28"
1970,0.3711052,-0.353908,-1.118624,"28",0.3711052,-0.353908,-1.118624,"28"
1971,-0.290107,-0.353908,-0.555112,"28",-0.290107,-0.353908,-0.555112,"28"
1972,0.2884532,-0.353908,-1.335315,"28",0.2884532,-0.353908,-1.335315,"28"
1973,-0.207455,-0.353908,-0.062088,"28",-0.207455,-0.353908,-0.062088,"28"
1974,0.7843622,-0.353908,0.0735362,"28",0.7843622,-0.353908,0.0735362,"28"
1975,0.1231502,-0.353908,-0.419801,"28",0.1231502,-0.353908,-0.419801,"28"
1976,-1.116621,-0.353908,-1.526653,"28",-1.116621,-0.353908,-1.526653,"28"
1977,-0.868667,-0.353908,-1.526653,"28",-0.868667,-0.353908,-1.526653,"28"
1978,0.1231502,-0.353908,-1.962075,"28",0.1231502,-0.353908,-1.962075,"28"
1979,-0.290107,-0.353908,-1.335315,"28",-0.290107,-0.353908,-1.335315,"28"
1980,0.4537562,-0.353908,0.0735362,"28",0.4537562,-0.353908,0.0735362,"28"
1981,-1.364576,-0.353908,-0.338842,"28",-1.364576,-0.353908,-0.338842,"28"
1982,-1.364576,-0.353908,-1.335315,"28",-1.364576,-0.353908,-1.335315,"28"
1983,0.7843622,-0.353908,-0.265159,"28",0.7843622,-0.353908,-0.265159,"28"
1984,0.5364082,-0.353908,-1.526653,"28",0.5364082,-0.353908,-1.526653,"28"
1985,0.3711052,-0.353908,-1.62373,"28",0.3711052,-0.353908,-1.62373,"28"
1986,-1.199273,-0.353908,-1.118624,"28",-1.199273,-0.353908,-1.118624,"28"
1987,0.6190592,-0.353908,-0.338842,"28",0.6190592,-0.353908,-0.338842,"28"
1988,-1.116621,-0.353908,-1.219486,"28",-1.116621,-0.353908,-1.219486,"28"
1989,-0.868667,-0.353908,-1.335315,"28",-0.868667,-0.353908,-1.335315,"28"
1990,-1.695182,-0.353908,-1.62373,"28",-1.695182,-0.353908,-1.62373,"28"
1991,0.3711052,-0.353908,-1.335315,"28",0.3711052,-0.353908,-1.335315,"28"
1992,-0.207455,-0.353908,-0.85267,"28",-0.207455,-0.353908,-0.85267,"28"
1993,0.2884532,-0.353908,-0.265159,"28",0.2884532,-0.353908,-0.265159,"28"
1994,-0.45541,-0.353908,-0.419801,"28",-0.45541,-0.353908,-0.419801,"28"
1995,-0.703364,-0.353908,-0.776109,"28",-0.703364,-0.353908,-0.776109,"28"
1996,-2.19109,-0.353908,-1.526653,"28",-2.19109,-0.353908,-1.526653,"28"
1997,-0.042152,-0.353908,0.0043222,"28",-0.042152,-0.353908,0.0043222,"28"
1998,1.2802712,-0.353908,-0.129085,"28",1.2802712,-0.353908,-0.129085,"28"
1999,-2.934953,-0.353908,-2.510121,"28",-2.934953,-0.353908,-2.510121,"28"
2000,0.3711052,-0.353908,-0.555112,"28",0.3711052,-0.353908,-0.555112,"28"
2001,-1.529879,-0.353908,-0.623051,"28",-1.529879,-0.353908,-0.623051,"28"
2002,-1.61253,-0.353908,0.4781942,"28",-1.61253,-0.353908,0.4781942,"28"
2003,-0.372758,-0.353908,-0.939378,"28",-0.372758,-0.353908,-0.939378,"28"
2004,0.0404992,-0.353908,-1.219486,"28",0.0404992,-0.353908,-1.219486,"28"
2005,0.2884532,-0.353908,-1.029067,"28",0.2884532,-0.353908,-1.029067,"28"
2006,-0.620713,-0.353908,0.0735362,"28",-0.620713,-0.353908,0.0735362,"28"
2007,-0.703364,-0.353908,-1.029067,"28",-0.703364,-0.353908,-1.029067,"28"
2008,-0.868667,-0.353908,-1.62373,"28",-0.868667,-0.353908,-1.62373,"28"
2009,-0.290107,-0.353908,-0.555112,"28",-0.290107,-0.353908,-0.555112,"28"
2010,-0.786016,-0.353908,-1.029067,"28",-0.786016,-0.353908,-1.029067,"28"
2011,0.9496652,-0.351834,0.5443412,"29",0.9496652,-0.351834,0.5443412,"29"
2012,-1.03397,-0.351834,-0.623051,"29",-1.03397,-0.351834,-0.623051,"29"
2013,0.7843622,-0.351834,1.3747412,"29",0.7843622,-0.351834,1.3747412,"29"
2014,-1.529879,-0.351834,0.6107292,"29",-1.529879,-0.351834,0.6107292,"29"
2015,-0.45541,-0.351834,-0.129085,"29",-0.45541,-0.351834,-0.129085,"29"
2016,0.5364082,-0.351834,-0.129085,"29",0.5364082,-0.351834,-0.129085,"29"
2017,0.2058022,-0.351834,0.9675862,"29",0.2058022,-0.351834,0.9675862,"29"
2018,0.7843622,-0.351834,0.4781942,"29",0.7843622,-0.351834,0.4781942,"29"
2019,-0.372758,-0.351834,0.0735362,"29",-0.372758,-0.351834,0.0735362,"29"
2020,-0.868667,-0.351834,-0.419801,"29",-0.868667,-0.351834,-0.419801,"29"
2021,-0.45541,-0.351834,0.8965662,"29",-0.45541,-0.351834,0.8965662,"29"
2022,-1.447227,-0.351834,-0.939378,"29",-1.447227,-0.351834,-0.939378,"29"
2023,1.1149682,-0.351834,1.3747412,"29",1.1149682,-0.351834,1.3747412,"29"
2024,-0.45541,-0.351834,-0.776109,"29",-0.45541,-0.351834,-0.776109,"29"
2025,-2.439045,-0.351834,-1.118624,"29",-2.439045,-0.351834,-1.118624,"29"
2026,0.0404992,-0.351834,-0.338842,"29",0.0404992,-0.351834,-0.338842,"29"
2027,-0.786016,-0.351834,0.2613242,"29",-0.786016,-0.351834,0.2613242,"29"
2028,0.2884532,-0.351834,1.2405332,"29",0.2884532,-0.351834,1.2405332,"29"
2029,-0.868667,-0.351834,0.0735362,"29",-0.868667,-0.351834,0.0735362,"29"
2030,0.2884532,-0.351834,1.2405332,"29",0.2884532,-0.351834,1.2405332,"29"
2031,-1.943136,-0.351834,-1.219486,"29",-1.943136,-0.351834,-1.219486,"29"
2032,-0.45541,-0.351834,0.3280722,"29",-0.45541,-0.351834,0.3280722,"29"
2033,0.1231502,-0.351834,-0.265159,"29",0.1231502,-0.351834,-0.265159,"29"
2034,-1.03397,-0.351834,-0.265159,"29",-1.03397,-0.351834,-0.265159,"29"
2035,-1.03397,-0.351834,-0.623051,"29",-1.03397,-0.351834,-0.623051,"29"
2036,-0.786016,-0.351834,0.1941492,"29",-0.786016,-0.351834,0.1941492,"29"
2037,-0.207455,-0.351834,0.8965662,"29",-0.207455,-0.351834,0.8965662,"29"
2038,0.2884532,-0.351834,0.2613242,"29",0.2884532,-0.351834,0.2613242,"29"
2039,0.4537562,-0.351834,0.6107292,"29",0.4537562,-0.351834,0.6107292,"29"
2040,-0.042152,-0.351834,-0.776109,"29",-0.042152,-0.351834,-0.776109,"29"
2041,-1.943136,-0.351834,-0.265159,"29",-1.943136,-0.351834,-0.265159,"29"
2042,-0.868667,-0.351834,0.2613242,"29",-0.868667,-0.351834,0.2613242,"29"
2043,0.3711052,-0.351834,0.3280722,"29",0.3711052,-0.351834,0.3280722,"29"
2044,0.2884532,-0.351834,-0.265159,"29",0.2884532,-0.351834,-0.265159,"29"
2045,-0.786016,-0.351834,0.0043222,"29",-0.786016,-0.351834,0.0043222,"29"
2046,-0.372758,-0.351834,1.1758492,"29",-0.372758,-0.351834,1.1758492,"29"
2047,1.0323172,-0.351834,0.6787592,"29",1.0323172,-0.351834,0.6787592,"29"
2048,-1.529879,-0.351834,0.6107292,"29",-1.529879,-0.351834,0.6107292,"29"
2049,-1.116621,-0.351834,-0.062088,"29",-1.116621,-0.351834,-0.062088,"29"
2050,0.1231502,-0.351834,0.8219882,"29",0.1231502,-0.351834,0.8219882,"29"
2051,-0.538061,-0.351834,0.2613242,"29",-0.538061,-0.351834,0.2613242,"29"
2052,-0.703364,-0.351834,0.0043222,"29",-0.703364,-0.351834,0.0043222,"29"
2053,-0.868667,-0.351834,0.3280722,"29",-0.868667,-0.351834,0.3280722,"29"
2054,-1.199273,-0.351834,-0.939378,"29",-1.199273,-0.351834,-0.939378,"29"
2055,-0.951318,-0.351834,-0.776109,"29",-0.951318,-0.351834,-0.776109,"29"
2056,0.6190592,-0.351834,0.6107292,"29",0.6190592,-0.351834,0.6107292,"29"
2057,1.2802712,-0.351834,0.4026692,"29",1.2802712,-0.351834,0.4026692,"29"
2058,-1.199273,-0.351834,0.1340672,"29",-1.199273,-0.351834,0.1340672,"29"
2059,-0.207455,-0.351834,0.5443412,"29",-0.207455,-0.351834,0.5443412,"29"
2060,-0.372758,-0.351834,-0.85267,"29",-0.372758,-0.351834,-0.85267,"29"
2061,-0.45541,-0.351834,-0.265159,"29",-0.45541,-0.351834,-0.265159,"29"
2062,0.7843622,-0.351834,0.9675862,"29",0.7843622,-0.351834,0.9675862,"29"
2063,0.3711052,-0.351834,1.3747412,"29",0.3711052,-0.351834,1.3747412,"29"
2064,-0.372758,-0.351834,-0.062088,"29",-0.372758,-0.351834,-0.062088,"29"
2065,-0.124804,-0.351834,0.9675862,"29",-0.124804,-0.351834,0.9675862,"29"
2066,-2.273742,-0.351834,0.6787592,"29",-2.273742,-0.351834,0.6787592,"29"
2067,-1.199273,-0.351834,-0.338842,"29",-1.199273,-0.351834,-0.338842,"29"
2068,-1.199273,-0.351834,-1.219486,"29",-1.199273,-0.351834,-1.219486,"29"
2069,-1.116621,-0.351834,0.8965662,"29",-1.116621,-0.351834,0.8965662,"29"
2070,-1.03397,-0.351834,-1.335315,"29",-1.03397,-0.351834,-1.335315,"29"
2071,0.6190592,-0.351834,0.4026692,"29",0.6190592,-0.351834,0.4026692,"29"
2072,0.6190592,-0.351834,-0.555112,"29",0.6190592,-0.351834,-0.555112,"29"
2073,-0.45541,-0.351834,-0.623051,"29",-0.45541,-0.351834,-0.623051,"29"
2074,-0.620713,-0.351834,0.0043222,"29",-0.620713,-0.351834,0.0043222,"29"
2075,2.8506492,-0.351834,1.6618062,"29",2.8506492,-0.351834,1.6618062,"29"
2076,-0.042152,-0.351834,-0.555112,"29",-0.042152,-0.351834,-0.555112,"29"
2077,0.5364082,-0.351834,-0.623051,"29",0.5364082,-0.351834,-0.623051,"29"
2078,0.5364082,-0.351834,0.1340672,"29",0.5364082,-0.351834,0.1340672,"29"
2079,-1.943136,-0.351834,-1.335315,"29",-1.943136,-0.351834,-1.335315,"29"
2080,-1.116621,-0.351834,0.0735362,"29",-1.116621,-0.351834,0.0735362,"29"
2081,-1.943136,-0.351834,-0.939378,"29",-1.943136,-0.351834,-0.939378,"29"
2082,0.4537562,-0.351834,0.4026692,"29",0.4537562,-0.351834,0.4026692,"29"
2083,-0.124804,-0.351834,-0.939378,"29",-0.124804,-0.351834,-0.939378,"29"
2084,0.2884532,-0.351834,-1.723882,"29",0.2884532,-0.351834,-1.723882,"29"
2085,-0.45541,-0.351834,0.1340672,"29",-0.45541,-0.351834,0.1340672,"29"
2086,-0.620713,-0.351834,0.4026692,"29",-0.620713,-0.351834,0.4026692,"29"
2087,0.7843622,-0.351834,0.6787592,"29",0.7843622,-0.351834,0.6787592,"29"
2088,-0.786016,-0.351834,0.0043222,"29",-0.786016,-0.351834,0.0043222,"29"
2089,-0.45541,-0.351834,-0.062088,"29",-0.45541,-0.351834,-0.062088,"29"
2090,-0.290107,0.2687752,0.1340672,"30",-0.290107,0.2687752,0.1340672,"30"
2091,-0.124804,0.2687752,0.3280722,"30",-0.124804,0.2687752,0.3280722,"30"
2092,0.1231502,0.2687752,0.8219882,"30",0.1231502,0.2687752,0.8219882,"30"
2093,0.0404992,0.2687752,0.1340672,"30",0.0404992,0.2687752,0.1340672,"30"
2094,-2.025787,0.2687752,-0.338842,"30",-2.025787,0.2687752,-0.338842,"30"
2095,0.6190592,0.2687752,1.1094382,"30",0.6190592,0.2687752,1.1094382,"30"
2096,-0.538061,0.2687752,-1.335315,"30",-0.538061,0.2687752,-1.335315,"30"
2097,1.8588312,0.2687752,2.1029752,"30",1.8588312,0.2687752,2.1029752,"30"
2098,-2.19109,0.2687752,0.9675862,"30",-2.19109,0.2687752,0.9675862,"30"
2099,-0.786016,0.2687752,-1.723882,"30",-0.786016,0.2687752,-1.723882,"30"
2100,-0.372758,0.2687752,-0.129085,"30",-0.372758,0.2687752,-0.129085,"30"
2101,-0.290107,0.2687752,-1.335315,"30",-0.290107,0.2687752,-1.335315,"30"
2102,0.3711052,0.2687752,0.4781942,"30",0.3711052,0.2687752,0.4781942,"30"
2103,-0.951318,0.2687752,-1.836687,"30",-0.951318,0.2687752,-1.836687,"30"
2104,1.6108772,0.2687752,1.8138272,"30",1.6108772,0.2687752,1.8138272,"30"
2105,-0.45541,0.2687752,-1.723882,"30",-0.45541,0.2687752,-1.723882,"30"
2106,0.7843622,0.2687752,-0.419801,"30",0.7843622,0.2687752,-0.419801,"30"
2107,0.2058022,0.2687752,0.8965662,"30",0.2058022,0.2687752,0.8965662,"30"
2108,1.4455742,0.2687752,2.5323522,"30",1.4455742,0.2687752,2.5323522,"30"
2109,0.6190592,0.2687752,0.6787592,"30",0.6190592,0.2687752,0.6787592,"30"
2110,-0.207455,0.2687752,-1.219486,"30",-0.207455,0.2687752,-1.219486,"30"
2111,0.7843622,0.2687752,0.6787592,"30",0.7843622,0.2687752,0.6787592,"30"
2112,0.1231502,0.2687752,0.8219882,"30",0.1231502,0.2687752,0.8219882,"30"
2113,0.7843622,0.2687752,1.8138272,"30",0.7843622,0.2687752,1.8138272,"30"
2114,-0.786016,0.2687752,-0.197611,"30",-0.786016,0.2687752,-0.197611,"30"
2115,2.1067862,0.2687752,1.0396082,"30",2.1067862,0.2687752,1.0396082,"30"
2116,1.2802712,0.2687752,1.0396082,"30",1.2802712,0.2687752,1.0396082,"30"
2117,0.5364082,0.2687752,0.9675862,"30",0.5364082,0.2687752,0.9675862,"30"
2118,1.1149682,0.2687752,0.1941492,"30",1.1149682,0.2687752,0.1941492,"30"
2119,-0.124804,0.2687752,-1.335315,"30",-0.124804,0.2687752,-1.335315,"30"
2120,-1.03397,0.2687752,-1.219486,"30",-1.03397,0.2687752,-1.219486,"30"
2121,-1.695182,0.2687752,-1.335315,"30",-1.695182,0.2687752,-1.335315,"30"
2122,0.7017112,0.2687752,1.3101422,"30",0.7017112,0.2687752,1.3101422,"30"
2123,0.9496652,0.2687752,1.1758492,"30",0.9496652,0.2687752,1.1758492,"30"
2124,-0.45541,0.2687752,-0.338842,"30",-0.45541,0.2687752,-0.338842,"30"
2125,-0.372758,0.2687752,-1.118624,"30",-0.372758,0.2687752,-1.118624,"30"
2126,2.8506492,0.2687752,0.8965662,"30",2.8506492,0.2687752,0.8965662,"30"
2127,-0.538061,0.2687752,-0.555112,"30",-0.538061,0.2687752,-0.555112,"30"
2128,2.8506492,0.2687752,2.7018012,"30",2.8506492,0.2687752,2.7018012,"30"
2129,1.8588312,0.2687752,3.6660912,"30",1.8588312,0.2687752,3.6660912,"30"
2130,1.1149682,0.2687752,1.8138272,"30",1.1149682,0.2687752,1.8138272,"30"
2131,-0.207455,0.2687752,0.1340672,"30",-0.207455,0.2687752,0.1340672,"30"
2132,0.2058022,-0.490832,0.5443412,"31",0.2058022,-0.490832,0.5443412,"31"
2133,-0.951318,-0.490832,-0.939378,"31",-0.951318,-0.490832,-0.939378,"31"
2134,-0.620713,-0.490832,0.1340672,"31",-0.620713,-0.490832,0.1340672,"31"
2135,-0.124804,-0.490832,-1.118624,"31",-0.124804,-0.490832,-1.118624,"31"
2136,-0.620713,-0.490832,-1.029067,"31",-0.620713,-0.490832,-1.029067,"31"
2137,-0.124804,-0.490832,0.2613242,"31",-0.124804,-0.490832,0.2613242,"31"
2138,0.2058022,-0.490832,-0.338842,"31",0.2058022,-0.490832,-0.338842,"31"
2139,0.0404992,-0.490832,0.7472282,"31",0.0404992,-0.490832,0.7472282,"31"
2140,-0.372758,-0.490832,0.7472282,"31",-0.372758,-0.490832,0.7472282,"31"
2141,-0.951318,-0.490832,0.1941492,"31",-0.951318,-0.490832,0.1941492,"31"
2142,-0.124804,-0.490832,-0.939378,"31",-0.124804,-0.490832,-0.939378,"31"
2143,0.2058022,-0.490832,-0.419801,"31",0.2058022,-0.490832,-0.419801,"31"
2144,-1.447227,-0.490832,-0.699505,"31",-1.447227,-0.490832,-0.699505,"31"
2145,0.4537562,-0.490832,0.4781942,"31",0.4537562,-0.490832,0.4781942,"31"
2146,0.2058022,-0.490832,0.0043222,"31",0.2058022,-0.490832,0.0043222,"31"
2147,-1.199273,-0.490832,-1.029067,"31",-1.199273,-0.490832,-1.029067,"31"
2148,-0.538061,-0.490832,-0.492781,"31",-0.538061,-0.490832,-0.492781,"31"
2149,-0.124804,-0.490832,-1.029067,"31",-0.124804,-0.490832,-1.029067,"31"
2150,-2.356393,-0.490832,-0.265159,"31",-2.356393,-0.490832,-0.265159,"31"
2151,-2.025787,-0.490832,0.1340672,"31",-2.025787,-0.490832,0.1340672,"31"
2152,-0.290107,-0.490832,-0.776109,"31",-0.290107,-0.490832,-0.776109,"31"
2153,0.4537562,-0.490832,1.1094382,"31",0.4537562,-0.490832,1.1094382,"31"
2154,-0.372758,-0.490832,0.1941492,"31",-0.372758,-0.490832,0.1941492,"31"
2155,-1.860484,-0.490832,-0.419801,"31",-1.860484,-0.490832,-0.419801,"31"
2156,-0.703364,-0.490832,-1.526653,"31",-0.703364,-0.490832,-1.526653,"31"
2157,-0.124804,-0.490832,1.4395322,"31",-0.124804,-0.490832,1.4395322,"31"
2158,-0.290107,-0.490832,0.4781942,"31",-0.290107,-0.490832,0.4781942,"31"
2159,-0.042152,-0.490832,-0.265159,"31",-0.042152,-0.490832,-0.265159,"31"
2160,0.1231502,-0.490832,0.7472282,"31",0.1231502,-0.490832,0.7472282,"31"
2161,0.6190592,-0.490832,0.1340672,"31",0.6190592,-0.490832,0.1340672,"31"
2162,0.2058022,-0.490832,0.4026692,"31",0.2058022,-0.490832,0.4026692,"31"
2163,-0.868667,-0.490832,-0.129085,"31",-0.868667,-0.490832,-0.129085,"31"
2164,-1.364576,-0.490832,-1.836687,"31",-1.364576,-0.490832,-1.836687,"31"
2165,-0.620713,-0.490832,-0.338842,"31",-0.620713,-0.490832,-0.338842,"31"
2166,-0.45541,-0.490832,-1.219486,"31",-0.45541,-0.490832,-1.219486,"31"
2167,-1.116621,-0.490832,-0.776109,"31",-1.116621,-0.490832,-0.776109,"31"
2168,-0.207455,-0.490832,-1.029067,"31",-0.207455,-0.490832,-1.029067,"31"
2169,-0.951318,-0.490832,-0.776109,"31",-0.951318,-0.490832,-0.776109,"31"
2170,0.5364082,-0.490832,0.4781942,"31",0.5364082,-0.490832,0.4781942,"31"
2171,-0.042152,-0.490832,0.2613242,"31",-0.042152,-0.490832,0.2613242,"31"
2172,-1.199273,-0.490832,-0.939378,"31",-1.199273,-0.490832,-0.939378,"31"
2173,-1.03397,-0.490832,-0.265159,"31",-1.03397,-0.490832,-0.265159,"31"
2174,-1.116621,-0.490832,-0.85267,"31",-1.116621,-0.490832,-0.85267,"31"
2175,-0.620713,-0.490832,-0.699505,"31",-0.620713,-0.490832,-0.699505,"31"
2176,-0.042152,-0.490832,-0.062088,"31",-0.042152,-0.490832,-0.062088,"31"
2177,-0.207455,-0.490832,-0.699505,"31",-0.207455,-0.490832,-0.699505,"31"
2178,-1.777833,-0.490832,0.0735362,"31",-1.777833,-0.490832,0.0735362,"31"
2179,-0.290107,-0.490832,0.7472282,"31",-0.290107,-0.490832,0.7472282,"31"
2180,-0.124804,-0.490832,0.0043222,"31",-0.124804,-0.490832,0.0043222,"31"
2181,-1.695182,-0.650231,-0.939378,"32",-1.695182,-0.650231,-0.939378,"32"
2182,-1.860484,-0.650231,-0.338842,"32",-1.860484,-0.650231,-0.338842,"32"
2183,-0.207455,-0.650231,-0.555112,"32",-0.207455,-0.650231,-0.555112,"32"
2184,-0.703364,-0.650231,-0.85267,"32",-0.703364,-0.650231,-0.85267,"32"
2185,1.1149682,-0.650231,0.1941492,"32",1.1149682,-0.650231,0.1941492,"32"
2186,-2.604348,-0.650231,-1.438662,"32",-2.604348,-0.650231,-1.438662,"32"
2187,-2.934953,-0.650231,-1.118624,"32",-2.934953,-0.650231,-1.118624,"32"
2188,0.5364082,-0.650231,0.0043222,"32",0.5364082,-0.650231,0.0043222,"32"
2189,-0.207455,-0.650231,-0.419801,"32",-0.207455,-0.650231,-0.419801,"32"
2190,1.0323172,-0.650231,1.0396082,"32",1.0323172,-0.650231,1.0396082,"32"
2191,0.4537562,-0.650231,1.0396082,"32",0.4537562,-0.650231,1.0396082,"32"
2192,0.3711052,-0.650231,0.4026692,"32",0.3711052,-0.650231,0.4026692,"32"
2193,-1.281924,-0.650231,-0.265159,"32",-1.281924,-0.650231,-0.265159,"32"
2194,-1.777833,-0.650231,-1.62373,"32",-1.777833,-0.650231,-1.62373,"32"
2195,-1.777833,-0.650231,-1.438662,"32",-1.777833,-0.650231,-1.438662,"32"
2196,0.5364082,-0.650231,1.2405332,"32",0.5364082,-0.650231,1.2405332,"32"
2197,-1.116621,-0.650231,0.1340672,"32",-1.116621,-0.650231,0.1340672,"32"
2198,-2.604348,-0.650231,-3.059543,"32",-2.604348,-0.650231,-3.059543,"32"
2199,-0.620713,-0.650231,0.5443412,"32",-0.620713,-0.650231,0.5443412,"32"
2200,-0.538061,-0.650231,0.3280722,"32",-0.538061,-0.650231,0.3280722,"32"
2201,-0.538061,-0.650231,-1.836687,"32",-0.538061,-0.650231,-1.836687,"32"
2202,1.6935282,-0.650231,1.5061852,"32",1.6935282,-0.650231,1.5061852,"32"
2203,-0.951318,-0.650231,-0.338842,"32",-0.951318,-0.650231,-0.338842,"32"
2204,-1.695182,-0.650231,-1.836687,"32",-1.695182,-0.650231,-1.836687,"32"
2205,0.0404992,-0.650231,-1.029067,"32",0.0404992,-0.650231,-1.029067,"32"
2206,0.2058022,-0.650231,-0.129085,"32",0.2058022,-0.650231,-0.129085,"32"
2207,-0.538061,-0.650231,-1.962075,"32",-0.538061,-0.650231,-1.962075,"32"
2208,0.4537562,-0.650231,0.1941492,"32",0.4537562,-0.650231,0.1941492,"32"
2209,-0.124804,-0.650231,0.6787592,"32",-0.124804,-0.650231,0.6787592,"32"
2210,-1.364576,-0.650231,-0.623051,"32",-1.364576,-0.650231,-0.623051,"32"
2211,0.0404992,-0.650231,-0.338842,"32",0.0404992,-0.650231,-0.338842,"32"
2212,0.5364082,-0.650231,0.2613242,"32",0.5364082,-0.650231,0.2613242,"32"
2213,-0.124804,-0.650231,-0.623051,"32",-0.124804,-0.650231,-0.623051,"32"
2214,-1.03397,-0.650231,0.0043222,"32",-1.03397,-0.650231,0.0043222,"32"
2215,-1.529879,-0.650231,-0.265159,"32",-1.529879,-0.650231,-0.265159,"32"
2216,-1.860484,-0.650231,-0.939378,"32",-1.860484,-0.650231,-0.939378,"32"
2217,-1.199273,-0.650231,-0.129085,"32",-1.199273,-0.650231,-0.129085,"32"
2218,1.0323172,-0.650231,0.9675862,"32",1.0323172,-0.650231,0.9675862,"32"
2219,-0.538061,-0.650231,0.7472282,"32",-0.538061,-0.650231,0.7472282,"32"
2220,-1.61253,-0.650231,-1.62373,"32",-1.61253,-0.650231,-1.62373,"32"
2221,-0.042152,-0.650231,0.6787592,"32",-0.042152,-0.650231,0.6787592,"32"
2222,-2.273742,-0.650231,-1.836687,"32",-2.273742,-0.650231,-1.836687,"32"
2223,0.9496652,0.0759212,0.1340672,"33",0.9496652,0.0759212,0.1340672,"33"
2224,1.1149682,0.0759212,0.5443412,"33",1.1149682,0.0759212,0.5443412,"33"
2225,0.0404992,0.0759212,0.4781942,"33",0.0404992,0.0759212,0.4781942,"33"
2226,0.0404992,0.0759212,0.0735362,"33",0.0404992,0.0759212,0.0735362,"33"
2227,-0.124804,0.0759212,-1.335315,"33",-0.124804,0.0759212,-1.335315,"33"
2228,-1.61253,0.0759212,-1.335315,"33",-1.61253,0.0759212,-1.335315,"33"
2229,-1.281924,0.0759212,-0.555112,"33",-1.281924,0.0759212,-0.555112,"33"
2230,-0.951318,0.0759212,-0.338842,"33",-0.951318,0.0759212,-0.338842,"33"
2231,0.0404992,0.0759212,0.0043222,"33",0.0404992,0.0759212,0.0043222,"33"
2232,1.3629222,0.0759212,0.7472282,"33",1.3629222,0.0759212,0.7472282,"33"
2233,-1.199273,0.0759212,0.2613242,"33",-1.199273,0.0759212,0.2613242,"33"
2234,0.5364082,0.0759212,0.8965662,"33",0.5364082,0.0759212,0.8965662,"33"
2235,0.2058022,0.0759212,0.3280722,"33",0.2058022,0.0759212,0.3280722,"33"
2236,-0.45541,0.0759212,-0.85267,"33",-0.45541,0.0759212,-0.85267,"33"
2237,-0.290107,0.0759212,-0.776109,"33",-0.290107,0.0759212,-0.776109,"33"
2238,-0.538061,0.0759212,0.0043222,"33",-0.538061,0.0759212,0.0043222,"33"
2239,1.1976192,0.0759212,0.4026692,"33",1.1976192,0.0759212,0.4026692,"33"
2240,1.3629222,0.0759212,0.7472282,"33",1.3629222,0.0759212,0.7472282,"33"
2241,0.6190592,0.0759212,0.0735362,"33",0.6190592,0.0759212,0.0735362,"33"
2242,-0.290107,0.0759212,-0.338842,"33",-0.290107,0.0759212,-0.338842,"33"
2243,1.1976192,0.0759212,0.8965662,"33",1.1976192,0.0759212,0.8965662,"33"
2244,2.1067862,0.0759212,1.0396082,"33",2.1067862,0.0759212,1.0396082,"33"
2245,0.7843622,0.0759212,-0.265159,"33",0.7843622,0.0759212,-0.265159,"33"
2246,-0.042152,0.0759212,1.0396082,"33",-0.042152,0.0759212,1.0396082,"33"
2247,0.0404992,0.0759212,0.6787592,"33",0.0404992,0.0759212,0.6787592,"33"
2248,-0.124804,0.0759212,-0.062088,"33",-0.124804,0.0759212,-0.062088,"33"
2249,-0.124804,0.0759212,-0.555112,"33",-0.124804,0.0759212,-0.555112,"33"
2250,-0.620713,0.0759212,-0.338842,"33",-0.620713,0.0759212,-0.338842,"33"
2251,0.5364082,0.0759212,0.4026692,"33",0.5364082,0.0759212,0.4026692,"33"
2252,-0.45541,0.0759212,-0.197611,"33",-0.45541,0.0759212,-0.197611,"33"
2253,0.7843622,0.0759212,0.1340672,"33",0.7843622,0.0759212,0.1340672,"33"
2254,0.0404992,0.0759212,-0.419801,"33",0.0404992,0.0759212,-0.419801,"33"
2255,-1.860484,0.0759212,-1.335315,"33",-1.860484,0.0759212,-1.335315,"33"
2256,-1.116621,0.0759212,-0.338842,"33",-1.116621,0.0759212,-0.338842,"33"
2257,0.2884532,0.0759212,0.6107292,"33",0.2884532,0.0759212,0.6107292,"33"
2258,0.3711052,0.0759212,0.4026692,"33",0.3711052,0.0759212,0.4026692,"33"
2259,-0.45541,0.0759212,-0.699505,"33",-0.45541,0.0759212,-0.699505,"33"
2260,0.0404992,0.0759212,-0.197611,"33",0.0404992,0.0759212,-0.197611,"33"
2261,-0.207455,0.0759212,-1.335315,"33",-0.207455,0.0759212,-1.335315,"33"
2262,-0.290107,0.0759212,-1.118624,"33",-0.290107,0.0759212,-1.118624,"33"
2263,0.9496652,0.0759212,0.4026692,"33",0.9496652,0.0759212,0.4026692,"33"
2264,0.2884532,0.0759212,1.9003352,"33",0.2884532,0.0759212,1.9003352,"33"
2265,-2.852302,0.0759212,-1.438662,"33",-2.852302,0.0759212,-1.438662,"33"
2266,0.0404992,0.0759212,1.1094382,"33",0.0404992,0.0759212,1.1094382,"33"
2267,1.6108772,0.0759212,-0.062088,"33",1.6108772,0.0759212,-0.062088,"33"
2268,2.3547402,0.0759212,0.6787592,"33",2.3547402,0.0759212,0.6787592,"33"
2269,-0.207455,0.0759212,-0.699505,"33",-0.207455,0.0759212,-0.699505,"33"
2270,0.3711052,0.0759212,0.0735362,"33",0.3711052,0.0759212,0.0735362,"33"
2271,0.2058022,0.0759212,0.7472282,"33",0.2058022,0.0759212,0.7472282,"33"
2272,-0.042152,0.0759212,-0.939378,"33",-0.042152,0.0759212,-0.939378,"33"
2273,-0.45541,0.0759212,0.3280722,"33",-0.45541,0.0759212,0.3280722,"33"
2274,0.1231502,0.0759212,0.4026692,"33",0.1231502,0.0759212,0.4026692,"33"
2275,-0.538061,0.0759212,-0.265159,"33",-0.538061,0.0759212,-0.265159,"33"
2276,0.2058022,0.0759212,1.4395322,"33",0.2058022,0.0759212,1.4395322,"33"
2277,0.2058022,0.0759212,1.0396082,"33",0.2058022,0.0759212,1.0396082,"33"
2278,0.3711052,0.0759212,0.6787592,"33",0.3711052,0.0759212,0.6787592,"33"
2279,1.1976192,0.0759212,1.3747412,"33",1.1976192,0.0759212,1.3747412,"33"
2280,-0.207455,0.0759212,1.4395322,"33",-0.207455,0.0759212,1.4395322,"33"
2281,-0.45541,0.0759212,-0.338842,"33",-0.45541,0.0759212,-0.338842,"33"
2282,-1.116621,0.0759212,0.1941492,"33",-1.116621,0.0759212,0.1941492,"33"
2283,-0.207455,0.0759212,-0.85267,"33",-0.207455,0.0759212,-0.85267,"33"
2284,0.2884532,0.0759212,1.8138272,"33",0.2884532,0.0759212,1.8138272,"33"
2285,-0.538061,0.0759212,-0.85267,"33",-0.538061,0.0759212,-0.85267,"33"
2286,-0.124804,0.0759212,-0.062088,"33",-0.124804,0.0759212,-0.062088,"33"
2287,0.2058022,0.0759212,0.2613242,"33",0.2058022,0.0759212,0.2613242,"33"
2288,0.8670142,0.0759212,-0.776109,"33",0.8670142,0.0759212,-0.776109,"33"
2289,0.0404992,0.0759212,0.5443412,"33",0.0404992,0.0759212,0.5443412,"33"
2290,-0.290107,0.0759212,-0.062088,"33",-0.290107,0.0759212,-0.062088,"33"
2291,0.1231502,0.0759212,0.0043222,"33",0.1231502,0.0759212,0.0043222,"33"
2292,1.1149682,0.0759212,0.6787592,"33",1.1149682,0.0759212,0.6787592,"33"
2293,0.8670142,0.0759212,1.1094382,"33",0.8670142,0.0759212,1.1094382,"33"
2294,0.2058022,0.0759212,-0.699505,"33",0.2058022,0.0759212,-0.699505,"33"
2295,-0.290107,0.0759212,-0.85267,"33",-0.290107,0.0759212,-0.85267,"33"
2296,-0.207455,0.0759212,-0.338842,"33",-0.207455,0.0759212,-0.338842,"33"
2297,0.3711052,0.0759212,0.9675862,"33",0.3711052,0.0759212,0.9675862,"33"
2298,0.0404992,0.0759212,-0.776109,"33",0.0404992,0.0759212,-0.776109,"33"
2299,-0.290107,0.0759212,0.2613242,"33",-0.290107,0.0759212,0.2613242,"33"
2300,1.8588312,-0.360043,0.4781942,"34",1.8588312,-0.360043,0.4781942,"34"
2301,-0.538061,-0.360043,0.0735362,"34",-0.538061,-0.360043,0.0735362,"34"
2302,0.2884532,-0.360043,-0.338842,"34",0.2884532,-0.360043,-0.338842,"34"
2303,-1.860484,-0.360043,-2.75266,"34",-1.860484,-0.360043,-2.75266,"34"
2304,-2.604348,-0.360043,-2.291731,"34",-2.604348,-0.360043,-2.291731,"34"
2305,0.1231502,-0.360043,0.6107292,"34",0.1231502,-0.360043,0.6107292,"34"
2306,-1.281924,-0.360043,-1.836687,"34",-1.281924,-0.360043,-1.836687,"34"
2307,0.1231502,-0.360043,1.4395322,"34",0.1231502,-0.360043,1.4395322,"34"
2308,0.8670142,-0.360043,-0.623051,"34",0.8670142,-0.360043,-0.623051,"34"
2309,-0.207455,-0.360043,0.9675862,"34",-0.207455,-0.360043,0.9675862,"34"
2310,-0.868667,-0.360043,-3.059543,"34",-0.868667,-0.360043,-3.059543,"34"
2311,0.4537562,-0.360043,0.1941492,"34",0.4537562,-0.360043,0.1941492,"34"
2312,-1.199273,-0.360043,-1.438662,"34",-1.199273,-0.360043,-1.438662,"34"
2313,-2.273742,-0.360043,-1.62373,"34",-2.273742,-0.360043,-1.62373,"34"
2314,0.9496652,-0.360043,1.2405332,"34",0.9496652,-0.360043,1.2405332,"34"
2315,0.8670142,-0.360043,1.3747412,"34",0.8670142,-0.360043,1.3747412,"34"
2316,1.3629222,-0.360043,1.4395322,"34",1.3629222,-0.360043,1.4395322,"34"
2317,-2.852302,-0.360043,-1.62373,"34",-2.852302,-0.360043,-1.62373,"34"
2318,-0.538061,-0.360043,-1.526653,"34",-0.538061,-0.360043,-1.526653,"34"
2319,2.3547402,-0.360043,1.3747412,"34",2.3547402,-0.360043,1.3747412,"34"
2320,-0.786016,-0.360043,-0.338842,"34",-0.786016,-0.360043,-0.338842,"34"
2321,-2.273742,-0.360043,-1.219486,"34",-2.273742,-0.360043,-1.219486,"34"
2322,0.2058022,-0.360043,-0.699505,"34",0.2058022,-0.360043,-0.699505,"34"
2323,-1.447227,-0.360043,0.4781942,"34",-1.447227,-0.360043,0.4781942,"34"
2324,0.3711052,-0.360043,0.4781942,"34",0.3711052,-0.360043,0.4781942,"34"
2325,-0.45541,-0.360043,-0.419801,"34",-0.45541,-0.360043,-0.419801,"34"
2326,-0.538061,-0.120454,-0.419801,"35",-0.538061,-0.120454,-0.419801,"35"
2327,-0.620713,-0.120454,0.3280722,"35",-0.620713,-0.120454,0.3280722,"35"
2328,-0.207455,-0.120454,0.0043222,"35",-0.207455,-0.120454,0.0043222,"35"
2329,0.4537562,-0.120454,0.8219882,"35",0.4537562,-0.120454,0.8219882,"35"
2330,-0.207455,-0.120454,0.5443412,"35",-0.207455,-0.120454,0.5443412,"35"
2331,0.1231502,-0.120454,1.3101422,"35",0.1231502,-0.120454,1.3101422,"35"
2332,0.5364082,-0.120454,-0.129085,"35",0.5364082,-0.120454,-0.129085,"35"
2333,0.8670142,-0.120454,0.7472282,"35",0.8670142,-0.120454,0.7472282,"35"
2334,-0.207455,-0.120454,0.4026692,"35",-0.207455,-0.120454,0.4026692,"35"
2335,-0.290107,-0.120454,0.6787592,"35",-0.290107,-0.120454,0.6787592,"35"
2336,1.2802712,-0.120454,0.6107292,"35",1.2802712,-0.120454,0.6107292,"35"
2337,-0.538061,-0.120454,0.4026692,"35",-0.538061,-0.120454,0.4026692,"35"
2338,-0.290107,-0.120454,-0.338842,"35",-0.290107,-0.120454,-0.338842,"35"
2339,-1.03397,-0.120454,0.0735362,"35",-1.03397,-0.120454,0.0735362,"35"
2340,-0.290107,-0.120454,-1.029067,"35",-0.290107,-0.120454,-1.029067,"35"
2341,-0.124804,-0.120454,-0.338842,"35",-0.124804,-0.120454,-0.338842,"35"
2342,-0.45541,-0.120454,-0.555112,"35",-0.45541,-0.120454,-0.555112,"35"
2343,0.0404992,-0.120454,0.8965662,"35",0.0404992,-0.120454,0.8965662,"35"
2344,1.6108772,-0.120454,0.9675862,"35",1.6108772,-0.120454,0.9675862,"35"
2345,-1.03397,-0.120454,-0.699505,"35",-1.03397,-0.120454,-0.699505,"35"
2346,-0.290107,-0.120454,-0.555112,"35",-0.290107,-0.120454,-0.555112,"35"
2347,-1.199273,-0.120454,-0.197611,"35",-1.199273,-0.120454,-0.197611,"35"
2348,-1.364576,-0.120454,0.8965662,"35",-1.364576,-0.120454,0.8965662,"35"
2349,0.5364082,-0.120454,-0.338842,"35",0.5364082,-0.120454,-0.338842,"35"
2350,-0.372758,-0.120454,-0.699505,"35",-0.372758,-0.120454,-0.699505,"35"
2351,0.0404992,-0.120454,-1.029067,"35",0.0404992,-0.120454,-1.029067,"35"
2352,-0.703364,-0.120454,-1.723882,"35",-0.703364,-0.120454,-1.723882,"35"
2353,1.2802712,-0.120454,0.8965662,"35",1.2802712,-0.120454,0.8965662,"35"
2354,-0.45541,-0.120454,-1.118624,"35",-0.45541,-0.120454,-1.118624,"35"
2355,-0.042152,-0.120454,0.1340672,"35",-0.042152,-0.120454,0.1340672,"35"
2356,-0.372758,-0.120454,-0.699505,"35",-0.372758,-0.120454,-0.699505,"35"
2357,-0.620713,-0.120454,0.9675862,"35",-0.620713,-0.120454,0.9675862,"35"
2358,1.6108772,-0.120454,1.3101422,"35",1.6108772,-0.120454,1.3101422,"35"
2359,-0.786016,-0.120454,0.3280722,"35",-0.786016,-0.120454,0.3280722,"35"
2360,0.9496652,-0.120454,0.6107292,"35",0.9496652,-0.120454,0.6107292,"35"
2361,0.0404992,-0.120454,0.2613242,"35",0.0404992,-0.120454,0.2613242,"35"
2362,-1.529879,-0.120454,0.1340672,"35",-1.529879,-0.120454,0.1340672,"35"
2363,-0.372758,-0.120454,-0.265159,"35",-0.372758,-0.120454,-0.265159,"35"
2364,-1.61253,-0.096466,-0.265159,"36",-1.61253,-0.096466,-0.265159,"36"
2365,-1.199273,-0.096466,-1.723882,"36",-1.199273,-0.096466,-1.723882,"36"
2366,1.8588312,-0.096466,1.0396082,"36",1.8588312,-0.096466,1.0396082,"36"
2367,-1.364576,-0.096466,-1.723882,"36",-1.364576,-0.096466,-1.723882,"36"
2368,-0.868667,-0.096466,0.0043222,"36",-0.868667,-0.096466,0.0043222,"36"
2369,-0.951318,-0.096466,-1.723882,"36",-0.951318,-0.096466,-1.723882,"36"
2370,0.2884532,-0.096466,1.4395322,"36",0.2884532,-0.096466,1.4395322,"36"
2371,-1.860484,-0.096466,-0.85267,"36",-1.860484,-0.096466,-0.85267,"36"
2372,0.2884532,-0.096466,-0.939378,"36",0.2884532,-0.096466,-0.939378,"36"
2373,-1.529879,-0.096466,1.1094382,"36",-1.529879,-0.096466,1.1094382,"36"
2374,-0.538061,-0.096466,-0.419801,"36",-0.538061,-0.096466,-0.419801,"36"
2375,-0.124804,-0.096466,-0.85267,"36",-0.124804,-0.096466,-0.85267,"36"
2376,0.7017112,-0.096466,-0.776109,"36",0.7017112,-0.096466,-0.776109,"36"
2377,-1.364576,-0.096466,-0.776109,"36",-1.364576,-0.096466,-0.776109,"36"
2378,-0.538061,-0.096466,0.4026692,"36",-0.538061,-0.096466,0.4026692,"36"
2379,-1.447227,-0.096466,-1.962075,"36",-1.447227,-0.096466,-1.962075,"36"
2380,-1.529879,-0.096466,-1.962075,"36",-1.529879,-0.096466,-1.962075,"36"
2381,-0.124804,-0.096466,-1.836687,"36",-0.124804,-0.096466,-1.836687,"36"
2382,1.0323172,-0.096466,0.3280722,"36",1.0323172,-0.096466,0.3280722,"36"
2383,1.0323172,-0.096466,-1.118624,"36",1.0323172,-0.096466,-1.118624,"36"
2384,0.2058022,-0.096466,0.1941492,"36",0.2058022,-0.096466,0.1941492,"36"
2385,-0.703364,-0.096466,0.6787592,"36",-0.703364,-0.096466,0.6787592,"36"
2386,1.3629222,-0.096466,0.6107292,"36",1.3629222,-0.096466,0.6107292,"36"
2387,-0.372758,-0.096466,-1.62373,"36",-0.372758,-0.096466,-1.62373,"36"
2388,0.8670142,-0.096466,-0.492781,"36",0.8670142,-0.096466,-0.492781,"36"
2389,-0.372758,-0.096466,-1.118624,"36",-0.372758,-0.096466,-1.118624,"36"
2390,-0.868667,-0.096466,-2.108644,"36",-0.868667,-0.096466,-2.108644,"36"
2391,0.6190592,-0.096466,0.3280722,"36",0.6190592,-0.096466,0.3280722,"36"
2392,0.6190592,-0.096466,0.3280722,"36",0.6190592,-0.096466,0.3280722,"36"
2393,0.3711052,-0.096466,-0.699505,"36",0.3711052,-0.096466,-0.699505,"36"
2394,-0.372758,-0.096466,-0.776109,"36",-0.372758,-0.096466,-0.776109,"36"
2395,0.4537562,-0.096466,-0.129085,"36",0.4537562,-0.096466,-0.129085,"36"
2396,-0.538061,-0.096466,-0.555112,"36",-0.538061,-0.096466,-0.555112,"36"
2397,-1.695182,-0.096466,-1.62373,"36",-1.695182,-0.096466,-1.62373,"36"
2398,-2.604348,-0.096466,-1.219486,"36",-2.604348,-0.096466,-1.219486,"36"
2399,0.7843622,-0.096466,1.9003352,"36",0.7843622,-0.096466,1.9003352,"36"
2400,1.5282252,-0.096466,0.8219882,"36",1.5282252,-0.096466,0.8219882,"36"
2401,0.6190592,-0.096466,0.8965662,"36",0.6190592,-0.096466,0.8965662,"36"
2402,1.0323172,-0.096466,0.0735362,"36",1.0323172,-0.096466,0.0735362,"36"
2403,-0.124804,-0.096466,-0.939378,"36",-0.124804,-0.096466,-0.939378,"36"
2404,1.2802712,-0.096466,0.6787592,"36",1.2802712,-0.096466,0.6787592,"36"
2405,1.2802712,-0.096466,0.5443412,"36",1.2802712,-0.096466,0.5443412,"36"
2406,0.5364082,-0.096466,0.4026692,"36",0.5364082,-0.096466,0.4026692,"36"
2407,0.1231502,-0.096466,-0.338842,"36",0.1231502,-0.096466,-0.338842,"36"
2408,1.0323172,-0.096466,0.7472282,"36",1.0323172,-0.096466,0.7472282,"36"
2409,-0.207455,-0.096466,0.0043222,"36",-0.207455,-0.096466,0.0043222,"36"
2410,0.1231502,-0.096466,-0.492781,"36",0.1231502,-0.096466,-0.492781,"36"
2411,-2.686999,-0.096466,0.3280722,"36",-2.686999,-0.096466,0.3280722,"36"
2412,0.3711052,-0.096466,0.5443412,"36",0.3711052,-0.096466,0.5443412,"36"
2413,-0.124804,-0.096466,0.0735362,"36",-0.124804,-0.096466,0.0735362,"36"
2414,1.6935282,-0.096466,1.5792202,"36",1.6935282,-0.096466,1.5792202,"36"
2415,1.6935282,-0.096466,-0.623051,"36",1.6935282,-0.096466,-0.623051,"36"
2416,-0.951318,-0.096466,0.1340672,"36",-0.951318,-0.096466,0.1340672,"36"
2417,-1.199273,-0.096466,0.0735362,"36",-1.199273,-0.096466,0.0735362,"36"
2418,2.9333002,-0.096466,1.9003352,"36",2.9333002,-0.096466,1.9003352,"36"
2419,-0.290107,-0.096466,0.6107292,"36",-0.290107,-0.096466,0.6107292,"36"
2420,1.6935282,-0.096466,0.5443412,"36",1.6935282,-0.096466,0.5443412,"36"
2421,-1.199273,-0.096466,-0.197611,"36",-1.199273,-0.096466,-0.197611,"36"
2422,-0.124804,-0.096466,-0.265159,"36",-0.124804,-0.096466,-0.265159,"36"
2423,-2.273742,-0.096466,-0.338842,"36",-2.273742,-0.096466,-0.338842,"36"
2424,-1.199273,-0.096466,-0.197611,"36",-1.199273,-0.096466,-0.197611,"36"
2425,-1.199273,-0.096466,-1.438662,"36",-1.199273,-0.096466,-1.438662,"36"
2426,-1.199273,-0.096466,-0.85267,"36",-1.199273,-0.096466,-0.85267,"36"
2427,-0.124804,-0.096466,-0.062088,"36",-0.124804,-0.096466,-0.062088,"36"
2428,2.0241342,-0.096466,0.4781942,"36",2.0241342,-0.096466,0.4781942,"36"
2429,-0.45541,-0.096466,-1.836687,"36",-0.45541,-0.096466,-1.836687,"36"
2430,0.4537562,-0.096466,0.2613242,"36",0.4537562,-0.096466,0.2613242,"36"
2431,1.3629222,-0.096466,0.0735362,"36",1.3629222,-0.096466,0.0735362,"36"
2432,-1.199273,-0.096466,-0.939378,"36",-1.199273,-0.096466,-0.939378,"36"
2433,0.1231502,-0.096466,-0.776109,"36",0.1231502,-0.096466,-0.776109,"36"
2434,1.6108772,-0.755961,0.5443412,"37",1.6108772,-0.755961,0.5443412,"37"
2435,-2.025787,-0.755961,0.0043222,"37",-2.025787,-0.755961,0.0043222,"37"
2436,-0.620713,-0.755961,-0.699505,"37",-0.620713,-0.755961,-0.699505,"37"
2437,-0.703364,-0.755961,-0.419801,"37",-0.703364,-0.755961,-0.419801,"37"
2438,-0.538061,-0.755961,0.1340672,"37",-0.538061,-0.755961,0.1340672,"37"
2439,0.2058022,-0.755961,-0.197611,"37",0.2058022,-0.755961,-0.197611,"37"
2440,-2.108439,-0.755961,-2.108644,"37",-2.108439,-0.755961,-2.108644,"37"
2441,-2.108439,-0.755961,-1.62373,"37",-2.108439,-0.755961,-1.62373,"37"
2442,-1.199273,-0.755961,-1.219486,"37",-1.199273,-0.755961,-1.219486,"37"
2443,-2.19109,-0.755961,-0.776109,"37",-2.19109,-0.755961,-0.776109,"37"
2444,-1.199273,-0.755961,0.0043222,"37",-1.199273,-0.755961,0.0043222,"37"
2445,1.0323172,-0.755961,-0.776109,"37",1.0323172,-0.755961,-0.776109,"37"
2446,-0.620713,-0.755961,-0.699505,"37",-0.620713,-0.755961,-0.699505,"37"
2447,-2.19109,-0.755961,-0.776109,"37",-2.19109,-0.755961,-0.776109,"37"
2448,-2.439045,-0.755961,-1.335315,"37",-2.439045,-0.755961,-1.335315,"37"
2449,0.5364082,-0.755961,-0.939378,"37",0.5364082,-0.755961,-0.939378,"37"
2450,-0.290107,-0.755961,0.0043222,"37",-0.290107,-0.755961,0.0043222,"37"
2451,0.0404992,-0.755961,-1.836687,"37",0.0404992,-0.755961,-1.836687,"37"
2452,-0.538061,-0.755961,-1.526653,"37",-0.538061,-0.755961,-1.526653,"37"
2453,0.0404992,-0.755961,-0.338842,"37",0.0404992,-0.755961,-0.338842,"37"
2454,-1.116621,-0.755961,0.0735362,"37",-1.116621,-0.755961,0.0735362,"37"
2455,-0.207455,-0.755961,-0.129085,"37",-0.207455,-0.755961,-0.129085,"37"
2456,-0.290107,-0.212047,0.4026692,"38",-0.290107,-0.212047,0.4026692,"38"
2457,-2.19109,-0.212047,-1.723882,"38",-2.19109,-0.212047,-1.723882,"38"
2458,0.7017112,-0.212047,0.9675862,"38",0.7017112,-0.212047,0.9675862,"38"
2459,0.2058022,-0.212047,0.6787592,"38",0.2058022,-0.212047,0.6787592,"38"
2460,-0.207455,-0.212047,-0.939378,"38",-0.207455,-0.212047,-0.939378,"38"
2461,-0.951318,-0.212047,-0.338842,"38",-0.951318,-0.212047,-0.338842,"38"
2462,0.8670142,-0.212047,0.6787592,"38",0.8670142,-0.212047,0.6787592,"38"
2463,-0.951318,-0.212047,-0.338842,"38",-0.951318,-0.212047,-0.338842,"38"
2464,0.5364082,-0.212047,0.8965662,"38",0.5364082,-0.212047,0.8965662,"38"
2465,0.0404992,-0.212047,-0.129085,"38",0.0404992,-0.212047,-0.129085,"38"
2466,1.8588312,-0.212047,0.2613242,"38",1.8588312,-0.212047,0.2613242,"38"
2467,-0.868667,-0.212047,-0.197611,"38",-0.868667,-0.212047,-0.197611,"38"
2468,0.5364082,-0.212047,1.5061852,"38",0.5364082,-0.212047,1.5061852,"38"
2469,-0.868667,-0.212047,-0.939378,"38",-0.868667,-0.212047,-0.939378,"38"
2470,0.3711052,-0.212047,-0.939378,"38",0.3711052,-0.212047,-0.939378,"38"
2471,-0.703364,-0.212047,-0.85267,"38",-0.703364,-0.212047,-0.85267,"38"
2472,-0.45541,-0.212047,0.4026692,"38",-0.45541,-0.212047,0.4026692,"38"
2473,-0.620713,-0.212047,-1.335315,"38",-0.620713,-0.212047,-1.335315,"38"
2474,-1.03397,-0.212047,-0.939378,"38",-1.03397,-0.212047,-0.939378,"38"
2475,2.0241342,-0.212047,1.8138272,"38",2.0241342,-0.212047,1.8138272,"38"
2476,1.1976192,-0.212047,0.5443412,"38",1.1976192,-0.212047,0.5443412,"38"
2477,-1.943136,-0.212047,-1.962075,"38",-1.943136,-0.212047,-1.962075,"38"
2478,0.5364082,-0.212047,1.3101422,"38",0.5364082,-0.212047,1.3101422,"38"
2479,1.3629222,-0.212047,0.7472282,"38",1.3629222,-0.212047,0.7472282,"38"
2480,-1.199273,-0.212047,0.0043222,"38",-1.199273,-0.212047,0.0043222,"38"
2481,-1.199273,-0.212047,-0.85267,"38",-1.199273,-0.212047,-0.85267,"38"
2482,-2.521696,-0.212047,-1.962075,"38",-2.521696,-0.212047,-1.962075,"38"
2483,0.4537562,-0.212047,-0.623051,"38",0.4537562,-0.212047,-0.623051,"38"
2484,0.3711052,-0.212047,0.0043222,"38",0.3711052,-0.212047,0.0043222,"38"
2485,-0.124804,-0.212047,-1.118624,"38",-0.124804,-0.212047,-1.118624,"38"
2486,-1.695182,-0.212047,-1.335315,"38",-1.695182,-0.212047,-1.335315,"38"
2487,-2.025787,-0.212047,-1.335315,"38",-2.025787,-0.212047,-1.335315,"38"
2488,0.2884532,-0.212047,-0.062088,"38",0.2884532,-0.212047,-0.062088,"38"
2489,1.1149682,-0.212047,0.2613242,"38",1.1149682,-0.212047,0.2613242,"38"
2490,-0.290107,-0.212047,-1.836687,"38",-0.290107,-0.212047,-1.836687,"38"
2491,-1.447227,-0.212047,-1.335315,"38",-1.447227,-0.212047,-1.335315,"38"
2492,1.6108772,-0.212047,1.1094382,"38",1.6108772,-0.212047,1.1094382,"38"
2493,-1.03397,-0.212047,-0.939378,"38",-1.03397,-0.212047,-0.939378,"38"
2494,0.5364082,-0.212047,-1.526653,"38",0.5364082,-0.212047,-1.526653,"38"
2495,0.5364082,-0.212047,0.1941492,"38",0.5364082,-0.212047,0.1941492,"38"
2496,0.6190592,-0.212047,0.8965662,"38",0.6190592,-0.212047,0.8965662,"38"
2497,-0.786016,-0.212047,-0.419801,"38",-0.786016,-0.212047,-0.419801,"38"
2498,1.4455742,-0.212047,0.0735362,"38",1.4455742,-0.212047,0.0735362,"38"
2499,-0.45541,-0.212047,-1.219486,"38",-0.45541,-0.212047,-1.219486,"38"
2500,0.2058022,-0.212047,-0.419801,"38",0.2058022,-0.212047,-0.419801,"38"
2501,-0.372758,-0.212047,-1.335315,"38",-0.372758,-0.212047,-1.335315,"38"
2502,-0.45541,-0.212047,-1.118624,"38",-0.45541,-0.212047,-1.118624,"38"
2503,-0.124804,-0.212047,1.2405332,"38",-0.124804,-0.212047,1.2405332,"38"
2504,0.3711052,-0.212047,-0.699505,"38",0.3711052,-0.212047,-0.699505,"38"
2505,0.1231502,-0.212047,0.6787592,"38",0.1231502,-0.212047,0.6787592,"38"
2506,0.3711052,-0.212047,0.9675862,"38",0.3711052,-0.212047,0.9675862,"38"
2507,-2.108439,-0.212047,0.0735362,"38",-2.108439,-0.212047,0.0735362,"38"
2508,-1.61253,-0.212047,-0.939378,"38",-1.61253,-0.212047,-0.939378,"38"
2509,-1.199273,-0.212047,-1.526653,"38",-1.199273,-0.212047,-1.526653,"38"
2510,-1.03397,-0.197124,0.5443412,"39",-1.03397,-0.197124,0.5443412,"39"
2511,-0.124804,-0.197124,-0.419801,"39",-0.124804,-0.197124,-0.419801,"39"
2512,0.5364082,-0.197124,0.5443412,"39",0.5364082,-0.197124,0.5443412,"39"
2513,-0.703364,-0.197124,-0.265159,"39",-0.703364,-0.197124,-0.265159,"39"
2514,1.2802712,-0.197124,0.4026692,"39",1.2802712,-0.197124,0.4026692,"39"
2515,1.3629222,-0.197124,0.5443412,"39",1.3629222,-0.197124,0.5443412,"39"
2516,-2.934953,-0.197124,-0.419801,"39",-2.934953,-0.197124,-0.419801,"39"
2517,0.7017112,-0.197124,-0.197611,"39",0.7017112,-0.197124,-0.197611,"39"
2518,-0.951318,-0.197124,-0.699505,"39",-0.951318,-0.197124,-0.699505,"39"
2519,-0.786016,-0.197124,-0.492781,"39",-0.786016,-0.197124,-0.492781,"39"
2520,-2.025787,-0.197124,-0.129085,"39",-2.025787,-0.197124,-0.129085,"39"
2521,-1.03397,-0.197124,-0.939378,"39",-1.03397,-0.197124,-0.939378,"39"
2522,-0.207455,-0.197124,-0.062088,"39",-0.207455,-0.197124,-0.062088,"39"
2523,-0.951318,-0.197124,-1.335315,"39",-0.951318,-0.197124,-1.335315,"39"
2524,-0.207455,-0.197124,0.0043222,"39",-0.207455,-0.197124,0.0043222,"39"
2525,-0.620713,-0.197124,-0.197611,"39",-0.620713,-0.197124,-0.197611,"39"
2526,-0.290107,-0.197124,-0.197611,"39",-0.290107,-0.197124,-0.197611,"39"
2527,0.3711052,-0.197124,0.2613242,"39",0.3711052,-0.197124,0.2613242,"39"
2528,1.9414832,-0.197124,1.5792202,"39",1.9414832,-0.197124,1.5792202,"39"
2529,0.0404992,-0.197124,0.6107292,"39",0.0404992,-0.197124,0.6107292,"39"
2530,1.5282252,-0.197124,0.0043222,"39",1.5282252,-0.197124,0.0043222,"39"
2531,-2.025787,-0.197124,-1.029067,"39",-2.025787,-0.197124,-1.029067,"39"
2532,1.6935282,-0.197124,1.7348992,"39",1.6935282,-0.197124,1.7348992,"39"
2533,-1.364576,-0.197124,-0.85267,"39",-1.364576,-0.197124,-0.85267,"39"
2534,1.3629222,-0.197124,1.3101422,"39",1.3629222,-0.197124,1.3101422,"39"
2535,-0.45541,-0.197124,-0.492781,"39",-0.45541,-0.197124,-0.492781,"39"
2536,1.1149682,-0.197124,1.1094382,"39",1.1149682,-0.197124,1.1094382,"39"
2537,-0.786016,-0.197124,0.5443412,"39",-0.786016,-0.197124,0.5443412,"39"
2538,-1.777833,-0.197124,-0.338842,"39",-1.777833,-0.197124,-0.338842,"39"
2539,-0.042152,-0.197124,0.3280722,"39",-0.042152,-0.197124,0.3280722,"39"
2540,-0.45541,-0.197124,-1.029067,"39",-0.45541,-0.197124,-1.029067,"39"
2541,-0.620713,-0.197124,-0.338842,"39",-0.620713,-0.197124,-0.338842,"39"
2542,1.4455742,-0.197124,0.2613242,"39",1.4455742,-0.197124,0.2613242,"39"
2543,-0.538061,-0.197124,-0.699505,"39",-0.538061,-0.197124,-0.699505,"39"
2544,-0.042152,-0.197124,0.1340672,"39",-0.042152,-0.197124,0.1340672,"39"
2545,-1.860484,-0.197124,-0.492781,"39",-1.860484,-0.197124,-0.492781,"39"
2546,0.6190592,-0.197124,1.1758492,"39",0.6190592,-0.197124,1.1758492,"39"
2547,0.5364082,-0.197124,0.5443412,"39",0.5364082,-0.197124,0.5443412,"39"
2548,-1.03397,-0.197124,0.3280722,"39",-1.03397,-0.197124,0.3280722,"39"
2549,-0.703364,-0.197124,-0.555112,"39",-0.703364,-0.197124,-0.555112,"39"
2550,1.8588312,-0.197124,0.9675862,"39",1.8588312,-0.197124,0.9675862,"39"
2551,-1.943136,-0.197124,-1.029067,"39",-1.943136,-0.197124,-1.029067,"39"
2552,-0.124804,-0.197124,1.2405332,"39",-0.124804,-0.197124,1.2405332,"39"
2553,0.2884532,-0.197124,0.6787592,"39",0.2884532,-0.197124,0.6787592,"39"
2554,-0.372758,-0.197124,-0.419801,"39",-0.372758,-0.197124,-0.419801,"39"
2555,-0.124804,-0.197124,-1.118624,"39",-0.124804,-0.197124,-1.118624,"39"
2556,-0.45541,-0.197124,0.1941492,"39",-0.45541,-0.197124,0.1941492,"39"
2557,0.4537562,-0.197124,0.5443412,"39",0.4537562,-0.197124,0.5443412,"39"
2558,0.0404992,-0.01305,0.2613242,"40",0.0404992,-0.01305,0.2613242,"40"
2559,-1.61253,-0.01305,-2.510121,"40",-1.61253,-0.01305,-2.510121,"40"
2560,2.3547402,-0.01305,0.8219882,"40",2.3547402,-0.01305,0.8219882,"40"
2561,0.7843622,-0.01305,1.2405332,"40",0.7843622,-0.01305,1.2405332,"40"
2562,-0.124804,-0.01305,0.7472282,"40",-0.124804,-0.01305,0.7472282,"40"
2563,-0.372758,-0.01305,-1.836687,"40",-0.372758,-0.01305,-1.836687,"40"
2564,-0.124804,-0.01305,-0.776109,"40",-0.124804,-0.01305,-0.776109,"40"
2565,0.0404992,-0.01305,1.2405332,"40",0.0404992,-0.01305,1.2405332,"40"
2566,0.1231502,-0.01305,0.8219882,"40",0.1231502,-0.01305,0.8219882,"40"
2567,-0.868667,-0.01305,0.3280722,"40",-0.868667,-0.01305,0.3280722,"40"
2568,0.5364082,-0.01305,1.5061852,"40",0.5364082,-0.01305,1.5061852,"40"
2569,-1.281924,-0.01305,-1.219486,"40",-1.281924,-0.01305,-1.219486,"40"
2570,1.0323172,-0.01305,0.7472282,"40",1.0323172,-0.01305,0.7472282,"40"
2571,-0.45541,-0.01305,0.0043222,"40",-0.45541,-0.01305,0.0043222,"40"
2572,0.7843622,-0.01305,-0.85267,"40",0.7843622,-0.01305,-0.85267,"40"
2573,1.2802712,-0.01305,0.0735362,"40",1.2802712,-0.01305,0.0735362,"40"
2574,-0.786016,-0.01305,-0.555112,"40",-0.786016,-0.01305,-0.555112,"40"
2575,-0.620713,-0.01305,-1.219486,"40",-0.620713,-0.01305,-1.219486,"40"
2576,-2.19109,-0.01305,-2.75266,"40",-2.19109,-0.01305,-2.75266,"40"
2577,0.6190592,-0.01305,1.5061852,"40",0.6190592,-0.01305,1.5061852,"40"
2578,-1.03397,-0.01305,-0.062088,"40",-1.03397,-0.01305,-0.062088,"40"
2579,0.3711052,-0.01305,-1.526653,"40",0.3711052,-0.01305,-1.526653,"40"
2580,0.3711052,-0.01305,0.0735362,"40",0.3711052,-0.01305,0.0735362,"40"
2581,-0.868667,-0.01305,0.1340672,"40",-0.868667,-0.01305,0.1340672,"40"
2582,0.5364082,-0.01305,-0.776109,"40",0.5364082,-0.01305,-0.776109,"40"
2583,-1.61253,-0.01305,-1.118624,"40",-1.61253,-0.01305,-1.118624,"40"
2584,1.4455742,-0.01305,-0.197611,"40",1.4455742,-0.01305,-0.197611,"40"
2585,0.4537562,-0.01305,0.8965662,"40",0.4537562,-0.01305,0.8965662,"40"
2586,1.4455742,-0.01305,1.3101422,"40",1.4455742,-0.01305,1.3101422,"40"
2587,0.9496652,-0.01305,-0.419801,"40",0.9496652,-0.01305,-0.419801,"40"
2588,-0.042152,-0.01305,0.8965662,"40",-0.042152,-0.01305,0.8965662,"40"
2589,-1.03397,-0.01305,-0.939378,"40",-1.03397,-0.01305,-0.939378,"40"
2590,0.4537562,-0.01305,0.4781942,"40",0.4537562,-0.01305,0.4781942,"40"
2591,-2.356393,-0.01305,-2.510121,"40",-2.356393,-0.01305,-2.510121,"40"
2592,-1.199273,-0.01305,-2.108644,"40",-1.199273,-0.01305,-2.108644,"40"
2593,0.0404992,-0.01305,0.6107292,"40",0.0404992,-0.01305,0.6107292,"40"
2594,-0.290107,-0.01305,0.0043222,"40",-0.290107,-0.01305,0.0043222,"40"
2595,0.1231502,-0.01305,-2.108644,"40",0.1231502,-0.01305,-2.108644,"40"
2596,-0.868667,-0.01305,-0.492781,"40",-0.868667,-0.01305,-0.492781,"40"
2597,1.6108772,-0.01305,0.7472282,"40",1.6108772,-0.01305,0.7472282,"40"
2598,-0.45541,-0.01305,0.9675862,"40",-0.45541,-0.01305,0.9675862,"40"
2599,0.2884532,-0.01305,0.7472282,"40",0.2884532,-0.01305,0.7472282,"40"
2600,-0.620713,-0.01305,-0.265159,"40",-0.620713,-0.01305,-0.265159,"40"
2601,0.2884532,-0.01305,0.4781942,"40",0.2884532,-0.01305,0.4781942,"40"
2602,-1.281924,-0.01305,-0.623051,"40",-1.281924,-0.01305,-0.623051,"40"
2603,0.6190592,-0.01305,1.2405332,"40",0.6190592,-0.01305,1.2405332,"40"
2604,0.7017112,-0.01305,-0.338842,"40",0.7017112,-0.01305,-0.338842,"40"
2605,-1.199273,-0.01305,-2.510121,"40",-1.199273,-0.01305,-2.510121,"40"
2606,-0.124804,-0.01305,0.9675862,"40",-0.124804,-0.01305,0.9675862,"40"
2607,0.3711052,-0.01305,1.1094382,"40",0.3711052,-0.01305,1.1094382,"40"
2608,0.8670142,-0.01305,-0.555112,"40",0.8670142,-0.01305,-0.555112,"40"
2609,-2.19109,-0.01305,-1.335315,"40",-2.19109,-0.01305,-1.335315,"40"
2610,-0.868667,-0.01305,-0.419801,"40",-0.868667,-0.01305,-0.419801,"40"
2611,1.3629222,-0.01305,1.0396082,"40",1.3629222,-0.01305,1.0396082,"40"
2612,-0.45541,-0.01305,-2.510121,"40",-0.45541,-0.01305,-2.510121,"40"
2613,0.9496652,-0.01305,1.3101422,"40",0.9496652,-0.01305,1.3101422,"40"
2614,-1.943136,-0.01305,-1.438662,"40",-1.943136,-0.01305,-1.438662,"40"
2615,-0.620713,-0.01305,-2.108644,"40",-0.620713,-0.01305,-2.108644,"40"
2616,-0.042152,-0.01305,-0.338842,"40",-0.042152,-0.01305,-0.338842,"40"
2617,1.4455742,-0.01305,1.5061852,"40",1.4455742,-0.01305,1.5061852,"40"
2618,2.5200432,-0.01305,1.1758492,"40",2.5200432,-0.01305,1.1758492,"40"
2619,1.4455742,-0.01305,1.2405332,"40",1.4455742,-0.01305,1.2405332,"40"
2620,-0.703364,-0.01305,-0.492781,"40",-0.703364,-0.01305,-0.492781,"40"
2621,-0.786016,-0.01305,-2.510121,"40",-0.786016,-0.01305,-2.510121,"40"
2622,1.2802712,-0.01305,1.1758492,"40",1.2802712,-0.01305,1.1758492,"40"
2623,-0.45541,-0.01305,0.3280722,"40",-0.45541,-0.01305,0.3280722,"40"
2624,0.2884532,-0.01305,-2.291731,"40",0.2884532,-0.01305,-2.291731,"40"
2625,-0.45541,-0.01305,-2.291731,"40",-0.45541,-0.01305,-2.291731,"40"
2626,0.6190592,-0.01305,-0.623051,"40",0.6190592,-0.01305,-0.623051,"40"
2627,-0.620713,-0.01305,-0.419801,"40",-0.620713,-0.01305,-0.419801,"40"
2628,1.1976192,-0.01305,-1.118624,"40",1.1976192,-0.01305,-1.118624,"40"
2629,0.7017112,-0.288729,-0.419801,"41",0.7017112,-0.288729,-0.419801,"41"
2630,0.2058022,-0.288729,0.9675862,"41",0.2058022,-0.288729,0.9675862,"41"
2631,-0.786016,-0.288729,0.3280722,"41",-0.786016,-0.288729,0.3280722,"41"
2632,0.3711052,-0.288729,0.8219882,"41",0.3711052,-0.288729,0.8219882,"41"
2633,-2.521696,-0.288729,-0.776109,"41",-2.521696,-0.288729,-0.776109,"41"
2634,-2.934953,-0.288729,-1.335315,"41",-2.934953,-0.288729,-1.335315,"41"
2635,-1.03397,-0.288729,-0.555112,"41",-1.03397,-0.288729,-0.555112,"41"
2636,-1.199273,-0.288729,-1.335315,"41",-1.199273,-0.288729,-1.335315,"41"
2637,0.3711052,-0.288729,-0.623051,"41",0.3711052,-0.288729,-0.623051,"41"
2638,-0.620713,-0.288729,-1.526653,"41",-0.620713,-0.288729,-1.526653,"41"
2639,0.5364082,-0.288729,-0.555112,"41",0.5364082,-0.288729,-0.555112,"41"
2640,-1.943136,-0.288729,0.4781942,"41",-1.943136,-0.288729,0.4781942,"41"
2641,-0.372758,-0.288729,1.5792202,"41",-0.372758,-0.288729,1.5792202,"41"
2642,-0.868667,-0.288729,0.3280722,"41",-0.868667,-0.288729,0.3280722,"41"
2643,-1.03397,-0.288729,0.1941492,"41",-1.03397,-0.288729,0.1941492,"41"
2644,-0.951318,-0.288729,-1.335315,"41",-0.951318,-0.288729,-1.335315,"41"
2645,-1.61253,-0.288729,-0.419801,"41",-1.61253,-0.288729,-0.419801,"41"
2646,0.2884532,-0.288729,1.2405332,"41",0.2884532,-0.288729,1.2405332,"41"
2647,-0.868667,-0.288729,-1.723882,"41",-0.868667,-0.288729,-1.723882,"41"
2648,-0.372758,-0.288729,-0.419801,"41",-0.372758,-0.288729,-0.419801,"41"
2649,-0.290107,-0.288729,0.6787592,"41",-0.290107,-0.288729,0.6787592,"41"
2650,0.7017112,-0.288729,1.9771072,"41",0.7017112,-0.288729,1.9771072,"41"
2651,0.4537562,-0.288729,1.3101422,"41",0.4537562,-0.288729,1.3101422,"41"
2652,-0.372758,-0.288729,0.4781942,"41",-0.372758,-0.288729,0.4781942,"41"
2653,1.2802712,-0.288729,0.7472282,"41",1.2802712,-0.288729,0.7472282,"41"
2654,0.7843622,-0.288729,-0.129085,"41",0.7843622,-0.288729,-0.129085,"41"
2655,0.2058022,-0.288729,0.0735362,"41",0.2058022,-0.288729,0.0735362,"41"
2656,-1.364576,-0.288729,-0.419801,"41",-1.364576,-0.288729,-0.419801,"41"
2657,-2.356393,-0.288729,-0.338842,"41",-2.356393,-0.288729,-0.338842,"41"
2658,-0.124804,-0.288729,1.0396082,"41",-0.124804,-0.288729,1.0396082,"41"
2659,-1.695182,-0.288729,-0.939378,"41",-1.695182,-0.288729,-0.939378,"41"
2660,0.7843622,-0.288729,1.0396082,"41",0.7843622,-0.288729,1.0396082,"41"
2661,0.2058022,-0.288729,1.0396082,"41",0.2058022,-0.288729,1.0396082,"41"
2662,0.7017112,-0.288729,1.3101422,"41",0.7017112,-0.288729,1.3101422,"41"
2663,0.2058022,-0.288729,0.7472282,"41",0.2058022,-0.288729,0.7472282,"41"
2664,0.7843622,-0.288729,-0.699505,"41",0.7843622,-0.288729,-0.699505,"41"
2665,-0.290107,-0.288729,-0.419801,"41",-0.290107,-0.288729,-0.419801,"41"
2666,0.2058022,-0.288729,-0.623051,"41",0.2058022,-0.288729,-0.623051,"41"
2667,0.8670142,-0.288729,0.0735362,"41",0.8670142,-0.288729,0.0735362,"41"
2668,0.0404992,-0.288729,1.4395322,"41",0.0404992,-0.288729,1.4395322,"41"
2669,-1.281924,-0.288729,-1.219486,"41",-1.281924,-0.288729,-1.219486,"41"
2670,0.7017112,-0.288729,-0.062088,"41",0.7017112,-0.288729,-0.062088,"41"
2671,0.5364082,-0.288729,1.4395322,"41",0.5364082,-0.288729,1.4395322,"41"
2672,0.0404992,-0.288729,0.0043222,"41",0.0404992,-0.288729,0.0043222,"41"
2673,0.2058022,-0.288729,0.1340672,"41",0.2058022,-0.288729,0.1340672,"41"
2674,-0.124804,-0.288729,1.1094382,"41",-0.124804,-0.288729,1.1094382,"41"
2675,-1.199273,-0.288729,-1.438662,"41",-1.199273,-0.288729,-1.438662,"41"
2676,-0.042152,-0.288729,-0.85267,"41",-0.042152,-0.288729,-0.85267,"41"
2677,-0.538061,-0.288729,0.4026692,"41",-0.538061,-0.288729,0.4026692,"41"
2678,-1.447227,-0.288729,-1.118624,"41",-1.447227,-0.288729,-1.118624,"41"
2679,-0.538061,-0.288729,0.5443412,"41",-0.538061,-0.288729,0.5443412,"41"
2680,0.0404992,-0.288729,0.3280722,"41",0.0404992,-0.288729,0.3280722,"41"
2681,0.1231502,-0.288729,-0.265159,"41",0.1231502,-0.288729,-0.265159,"41"
2682,0.3711052,-0.288729,0.7472282,"41",0.3711052,-0.288729,0.7472282,"41"
2683,0.8670142,-0.288729,0.8219882,"41",0.8670142,-0.288729,0.8219882,"41"
2684,-1.447227,-0.288729,-0.555112,"41",-1.447227,-0.288729,-0.555112,"41"
2685,0.8670142,-0.288729,0.3280722,"41",0.8670142,-0.288729,0.3280722,"41"
2686,0.7843622,-0.288729,0.4026692,"41",0.7843622,-0.288729,0.4026692,"41"
2687,-0.868667,-0.288729,0.7472282,"41",-0.868667,-0.288729,0.7472282,"41"
2688,-0.45541,-0.288729,-0.419801,"41",-0.45541,-0.288729,-0.419801,"41"
2689,0.2884532,-0.146179,0.4026692,"42",0.2884532,-0.146179,0.4026692,"42"
2690,-0.372758,-0.146179,-0.419801,"42",-0.372758,-0.146179,-0.419801,"42"
2691,-0.042152,-0.146179,0.4781942,"42",-0.042152,-0.146179,0.4781942,"42"
2692,0.0404992,-0.146179,-0.062088,"42",0.0404992,-0.146179,-0.062088,"42"
2693,0.3711052,-0.146179,0.1941492,"42",0.3711052,-0.146179,0.1941492,"42"
2694,-1.199273,-0.146179,0.0043222,"42",-1.199273,-0.146179,0.0043222,"42"
2695,0.5364082,-0.146179,-0.129085,"42",0.5364082,-0.146179,-0.129085,"42"
2696,0.0404992,-0.146179,-0.492781,"42",0.0404992,-0.146179,-0.492781,"42"
2697,-0.042152,-0.146179,-0.623051,"42",-0.042152,-0.146179,-0.623051,"42"
2698,-1.281924,-0.146179,-0.85267,"42",-1.281924,-0.146179,-0.85267,"42"
2699,-1.281924,-0.146179,-0.776109,"42",-1.281924,-0.146179,-0.776109,"42"
2700,-0.45541,-0.146179,-0.492781,"42",-0.45541,-0.146179,-0.492781,"42"
2701,0.8670142,-0.146179,0.0735362,"42",0.8670142,-0.146179,0.0735362,"42"
2702,0.0404992,-0.146179,-0.776109,"42",0.0404992,-0.146179,-0.776109,"42"
2703,-0.372758,-0.146179,-0.265159,"42",-0.372758,-0.146179,-0.265159,"42"
2704,-0.372758,-0.146179,0.4026692,"42",-0.372758,-0.146179,0.4026692,"42"
2705,-0.042152,-0.146179,0.0043222,"42",-0.042152,-0.146179,0.0043222,"42"
2706,-0.124804,-0.146179,-0.062088,"42",-0.124804,-0.146179,-0.062088,"42"
2707,-0.703364,-0.146179,-1.335315,"42",-0.703364,-0.146179,-1.335315,"42"
2708,-1.03397,-0.146179,-0.699505,"42",-1.03397,-0.146179,-0.699505,"42"
2709,0.6190592,-0.146179,1.3747412,"42",0.6190592,-0.146179,1.3747412,"42"
2710,-1.199273,-0.146179,-0.338842,"42",-1.199273,-0.146179,-0.338842,"42"
2711,0.2058022,-0.146179,0.8219882,"42",0.2058022,-0.146179,0.8219882,"42"
2712,0.1231502,-0.146179,-0.338842,"42",0.1231502,-0.146179,-0.338842,"42"
2713,-2.273742,-0.146179,-0.699505,"42",-2.273742,-0.146179,-0.699505,"42"
2714,0.5364082,-0.146179,0.2613242,"42",0.5364082,-0.146179,0.2613242,"42"
2715,0.3711052,-0.146179,1.0396082,"42",0.3711052,-0.146179,1.0396082,"42"
2716,1.0323172,-0.146179,0.9675862,"42",1.0323172,-0.146179,0.9675862,"42"
2717,-0.45541,-0.146179,-1.118624,"42",-0.45541,-0.146179,-1.118624,"42"
2718,0.5364082,-0.146179,0.4781942,"42",0.5364082,-0.146179,0.4781942,"42"
2719,-1.447227,-0.146179,0.9675862,"42",-1.447227,-0.146179,0.9675862,"42"
2720,-0.868667,-0.146179,0.6787592,"42",-0.868667,-0.146179,0.6787592,"42"
2721,1.6108772,-0.146179,1.5792202,"42",1.6108772,-0.146179,1.5792202,"42"
2722,0.7017112,-0.146179,-1.219486,"42",0.7017112,-0.146179,-1.219486,"42"
2723,0.2884532,-0.146179,0.2613242,"42",0.2884532,-0.146179,0.2613242,"42"
2724,0.2058022,-0.146179,0.0735362,"42",0.2058022,-0.146179,0.0735362,"42"
2725,1.1976192,-0.146179,0.8219882,"42",1.1976192,-0.146179,0.8219882,"42"
2726,1.4455742,-0.146179,1.2405332,"42",1.4455742,-0.146179,1.2405332,"42"
2727,-0.703364,-0.146179,0.2613242,"42",-0.703364,-0.146179,0.2613242,"42"
2728,-1.447227,-0.146179,0.1340672,"42",-1.447227,-0.146179,0.1340672,"42"
2729,-0.538061,-0.146179,0.0735362,"42",-0.538061,-0.146179,0.0735362,"42"
2730,0.1231502,-0.146179,0.1941492,"42",0.1231502,-0.146179,0.1941492,"42"
2731,-0.868667,-0.146179,0.6787592,"42",-0.868667,-0.146179,0.6787592,"42"
2732,-0.207455,-0.146179,0.1941492,"42",-0.207455,-0.146179,0.1941492,"42"
2733,-0.45541,-0.146179,-0.265159,"42",-0.45541,-0.146179,-0.265159,"42"
2734,-1.199273,-0.146179,-0.062088,"42",-1.199273,-0.146179,-0.062088,"42"
2735,1.0323172,-0.146179,1.0396082,"42",1.0323172,-0.146179,1.0396082,"42"
2736,-0.620713,-0.146179,0.3280722,"42",-0.620713,-0.146179,0.3280722,"42"
2737,0.0404992,-0.146179,-0.265159,"42",0.0404992,-0.146179,-0.265159,"42"
2738,-0.042152,-0.146179,0.1340672,"42",-0.042152,-0.146179,0.1340672,"42"
2739,0.6190592,-0.146179,0.0735362,"42",0.6190592,-0.146179,0.0735362,"42"
2740,-0.868667,-0.146179,-0.062088,"42",-0.868667,-0.146179,-0.062088,"42"
2741,-1.529879,-0.146179,-1.219486,"42",-1.529879,-0.146179,-1.219486,"42"
2742,-0.703364,-0.146179,-0.85267,"42",-0.703364,-0.146179,-0.85267,"42"
2743,1.6935282,-0.146179,0.8965662,"42",1.6935282,-0.146179,0.8965662,"42"
2744,-0.951318,-0.146179,-0.699505,"42",-0.951318,-0.146179,-0.699505,"42"
2745,0.4537562,-0.146179,-0.492781,"42",0.4537562,-0.146179,-0.492781,"42"
2746,0.2058022,-0.146179,-0.197611,"42",0.2058022,-0.146179,-0.197611,"42"
2747,0.1231502,0.4334322,2.1029752,"43",0.1231502,0.4334322,2.1029752,"43"
2748,-0.538061,0.4334322,0.0735362,"43",-0.538061,0.4334322,0.0735362,"43"
2749,0.2058022,0.4334322,-0.939378,"43",0.2058022,0.4334322,-0.939378,"43"
2750,0.3711052,0.4334322,-0.265159,"43",0.3711052,0.4334322,-0.265159,"43"
2751,-0.372758,0.4334322,0.5443412,"43",-0.372758,0.4334322,0.5443412,"43"
2752,1.2802712,0.4334322,1.1758492,"43",1.2802712,0.4334322,1.1758492,"43"
2753,-0.703364,0.4334322,-0.492781,"43",-0.703364,0.4334322,-0.492781,"43"
2754,0.9496652,0.4334322,0.0043222,"43",0.9496652,0.4334322,0.0043222,"43"
2755,-0.290107,0.4334322,-1.438662,"43",-0.290107,0.4334322,-1.438662,"43"
2756,-0.868667,0.4334322,-0.939378,"43",-0.868667,0.4334322,-0.939378,"43"
2757,0.1231502,0.4334322,0.8965662,"43",0.1231502,0.4334322,0.8965662,"43"
2758,0.1231502,0.4334322,-0.85267,"43",0.1231502,0.4334322,-0.85267,"43"
2759,-0.042152,0.4334322,0.8219882,"43",-0.042152,0.4334322,0.8219882,"43"
2760,0.1231502,0.4334322,-0.062088,"43",0.1231502,0.4334322,-0.062088,"43"
2761,-0.538061,0.4334322,-1.62373,"43",-0.538061,0.4334322,-1.62373,"43"
2762,0.4537562,0.4334322,0.8219882,"43",0.4537562,0.4334322,0.8219882,"43"
2763,0.7017112,0.4334322,0.4781942,"43",0.7017112,0.4334322,0.4781942,"43"
2764,0.7017112,0.4334322,0.6107292,"43",0.7017112,0.4334322,0.6107292,"43"
2765,1.5282252,0.4334322,1.5061852,"43",1.5282252,0.4334322,1.5061852,"43"
2766,1.1976192,0.4334322,0.5443412,"43",1.1976192,0.4334322,0.5443412,"43"
2767,1.1149682,0.4334322,1.0396082,"43",1.1149682,0.4334322,1.0396082,"43"
2768,0.4537562,0.4334322,-0.129085,"43",0.4537562,0.4334322,-0.129085,"43"
2769,0.5364082,0.4334322,0.8219882,"43",0.5364082,0.4334322,0.8219882,"43"
2770,0.5364082,0.4334322,-1.219486,"43",0.5364082,0.4334322,-1.219486,"43"
2771,1.3629222,0.4334322,0.0735362,"43",1.3629222,0.4334322,0.0735362,"43"
2772,0.6190592,0.4334322,-1.029067,"43",0.6190592,0.4334322,-1.029067,"43"
2773,0.0404992,0.4334322,-0.939378,"43",0.0404992,0.4334322,-0.939378,"43"
2774,-1.364576,0.4334322,-0.623051,"43",-1.364576,0.4334322,-0.623051,"43"
2775,1.1976192,0.4334322,0.4781942,"43",1.1976192,0.4334322,0.4781942,"43"
2776,1.8588312,0.4334322,-0.419801,"43",1.8588312,0.4334322,-0.419801,"43"
2777,0.5364082,0.4334322,0.4781942,"43",0.5364082,0.4334322,0.4781942,"43"
2778,2.4373912,0.4334322,2.5323522,"43",2.4373912,0.4334322,2.5323522,"43"
2779,-0.042152,0.4334322,0.0043222,"43",-0.042152,0.4334322,0.0043222,"43"
2780,1.3629222,0.4334322,2.2031212,"43",1.3629222,0.4334322,2.2031212,"43"
2781,0.7017112,0.4334322,0.2613242,"43",0.7017112,0.4334322,0.2613242,"43"
2782,0.8670142,0.4334322,0.5443412,"43",0.8670142,0.4334322,0.5443412,"43"
2783,0.8670142,0.4334322,0.0735362,"43",0.8670142,0.4334322,0.0735362,"43"
2784,0.1231502,0.4334322,0.3280722,"43",0.1231502,0.4334322,0.3280722,"43"
2785,0.6190592,0.4334322,0.4781942,"43",0.6190592,0.4334322,0.4781942,"43"
2786,0.0404992,0.4334322,-0.338842,"43",0.0404992,0.4334322,-0.338842,"43"
2787,0.8670142,0.4334322,0.4026692,"43",0.8670142,0.4334322,0.4026692,"43"
2788,-0.45541,0.4334322,-0.338842,"43",-0.45541,0.4334322,-0.338842,"43"
2789,0.6190592,0.4334322,-0.265159,"43",0.6190592,0.4334322,-0.265159,"43"
2790,0.7843622,0.4334322,0.7472282,"43",0.7843622,0.4334322,0.7472282,"43"
2791,0.4537562,0.4334322,0.0043222,"43",0.4537562,0.4334322,0.0043222,"43"
2792,-0.207455,0.4334322,-1.62373,"43",-0.207455,0.4334322,-1.62373,"43"
2793,-0.372758,0.4334322,-0.699505,"43",-0.372758,0.4334322,-0.699505,"43"
2794,0.9496652,0.4334322,0.8219882,"43",0.9496652,0.4334322,0.8219882,"43"
2795,1.3629222,0.4334322,1.0396082,"43",1.3629222,0.4334322,1.0396082,"43"
2796,1.6108772,0.4334322,1.3747412,"43",1.6108772,0.4334322,1.3747412,"43"
2797,0.8670142,0.4334322,-0.555112,"43",0.8670142,0.4334322,-0.555112,"43"
2798,-0.124804,0.4334322,1.1094382,"43",-0.124804,0.4334322,1.1094382,"43"
2799,0.0404992,0.4334322,-0.338842,"43",0.0404992,0.4334322,-0.338842,"43"
2800,-0.620713,0.4334322,-0.623051,"43",-0.620713,0.4334322,-0.623051,"43"
2801,2.1067862,0.4334322,1.3101422,"43",2.1067862,0.4334322,1.3101422,"43"
2802,0.3711052,0.4334322,1.1094382,"43",0.3711052,0.4334322,1.1094382,"43"
2803,0.2884532,0.4334322,0.8965662,"43",0.2884532,0.4334322,0.8965662,"43"
2804,0.1231502,0.4334322,0.0735362,"43",0.1231502,0.4334322,0.0735362,"43"
2805,0.8670142,0.4334322,-0.062088,"43",0.8670142,0.4334322,-0.062088,"43"
2806,-1.447227,0.4334322,-1.438662,"43",-1.447227,0.4334322,-1.438662,"43"
2807,-0.042152,0.4334322,-1.526653,"43",-0.042152,0.4334322,-1.526653,"43"
2808,0.0404992,-0.241656,-0.623051,"44",0.0404992,-0.241656,-0.623051,"44"
2809,-0.786016,-0.241656,-0.699505,"44",-0.786016,-0.241656,-0.699505,"44"
2810,-0.620713,-0.241656,-0.85267,"44",-0.620713,-0.241656,-0.85267,"44"
2811,-0.042152,-0.241656,0.1941492,"44",-0.042152,-0.241656,0.1941492,"44"
2812,1.9414832,-0.241656,0.4781942,"44",1.9414832,-0.241656,0.4781942,"44"
2813,0.2884532,-0.241656,-0.129085,"44",0.2884532,-0.241656,-0.129085,"44"
2814,-0.372758,-0.241656,0.0735362,"44",-0.372758,-0.241656,0.0735362,"44"
2815,-1.116621,-0.241656,-1.029067,"44",-1.116621,-0.241656,-1.029067,"44"
2816,-0.538061,-0.241656,-0.265159,"44",-0.538061,-0.241656,-0.265159,"44"
2817,-0.042152,-0.241656,-1.118624,"44",-0.042152,-0.241656,-1.118624,"44"
2818,0.3711052,-0.241656,0.4781942,"44",0.3711052,-0.241656,0.4781942,"44"
2819,-0.45541,-0.241656,-1.219486,"44",-0.45541,-0.241656,-1.219486,"44"
2820,-1.860484,-0.241656,-1.62373,"44",-1.860484,-0.241656,-1.62373,"44"
2821,-0.538061,-0.241656,-1.029067,"44",-0.538061,-0.241656,-1.029067,"44"
2822,0.6190592,-0.241656,0.1340672,"44",0.6190592,-0.241656,0.1340672,"44"
2823,-0.042152,-0.241656,-0.062088,"44",-0.042152,-0.241656,-0.062088,"44"
2824,-0.290107,-0.241656,-1.335315,"44",-0.290107,-0.241656,-1.335315,"44"
2825,1.6108772,-0.241656,0.5443412,"44",1.6108772,-0.241656,0.5443412,"44"
2826,0.5364082,-0.241656,0.8965662,"44",0.5364082,-0.241656,0.8965662,"44"
2827,-2.356393,-0.241656,-1.219486,"44",-2.356393,-0.241656,-1.219486,"44"
2828,0.2058022,-0.241656,-0.265159,"44",0.2058022,-0.241656,-0.265159,"44"
2829,-2.76965,-0.241656,-0.265159,"44",-2.76965,-0.241656,-0.265159,"44"
2830,-0.868667,-0.241656,-1.219486,"44",-0.868667,-0.241656,-1.219486,"44"
2831,-0.124804,-0.241656,0.2613242,"44",-0.124804,-0.241656,0.2613242,"44"
2832,0.5364082,-0.241656,-1.118624,"44",0.5364082,-0.241656,-1.118624,"44"
2833,-2.025787,-0.241656,-0.85267,"44",-2.025787,-0.241656,-0.85267,"44"
2834,0.2884532,-0.241656,-0.129085,"44",0.2884532,-0.241656,-0.129085,"44"
2835,0.5364082,-0.241656,-0.776109,"44",0.5364082,-0.241656,-0.776109,"44"
2836,0.8670142,-0.241656,0.1941492,"44",0.8670142,-0.241656,0.1941492,"44"
2837,0.3711052,-0.187182,-0.129085,"45",0.3711052,-0.187182,-0.129085,"45"
2838,0.6190592,-0.187182,0.8219882,"45",0.6190592,-0.187182,0.8219882,"45"
2839,0.6190592,-0.187182,0.3280722,"45",0.6190592,-0.187182,0.3280722,"45"
2840,0.2058022,-0.187182,0.4781942,"45",0.2058022,-0.187182,0.4781942,"45"
2841,0.4537562,-0.187182,0.5443412,"45",0.4537562,-0.187182,0.5443412,"45"
2842,1.2802712,-0.187182,-0.419801,"45",1.2802712,-0.187182,-0.419801,"45"
2843,1.0323172,-0.187182,0.4026692,"45",1.0323172,-0.187182,0.4026692,"45"
2844,1.3629222,-0.187182,0.2613242,"45",1.3629222,-0.187182,0.2613242,"45"
2845,-1.943136,-0.187182,-0.555112,"45",-1.943136,-0.187182,-0.555112,"45"
2846,0.1231502,-0.187182,-0.062088,"45",0.1231502,-0.187182,-0.062088,"45"
2847,-1.447227,-0.187182,-1.029067,"45",-1.447227,-0.187182,-1.029067,"45"
2848,-0.703364,-0.187182,-0.338842,"45",-0.703364,-0.187182,-0.338842,"45"
2849,0.2058022,-0.187182,0.4026692,"45",0.2058022,-0.187182,0.4026692,"45"
2850,-0.786016,-0.187182,-0.85267,"45",-0.786016,-0.187182,-0.85267,"45"
2851,-0.703364,-0.187182,-0.062088,"45",-0.703364,-0.187182,-0.062088,"45"
2852,-2.439045,-0.187182,-0.699505,"45",-2.439045,-0.187182,-0.699505,"45"
2853,0.6190592,-0.187182,0.3280722,"45",0.6190592,-0.187182,0.3280722,"45"
2854,0.1231502,-0.187182,0.4026692,"45",0.1231502,-0.187182,0.4026692,"45"
2855,-0.951318,-0.187182,-0.555112,"45",-0.951318,-0.187182,-0.555112,"45"
2856,-0.042152,-0.187182,0.5443412,"45",-0.042152,-0.187182,0.5443412,"45"
2857,-1.695182,-0.187182,-1.219486,"45",-1.695182,-0.187182,-1.219486,"45"
2858,-0.951318,-0.187182,0.6787592,"45",-0.951318,-0.187182,0.6787592,"45"
2859,-0.868667,-0.187182,-1.723882,"45",-0.868667,-0.187182,-1.723882,"45"
2860,-0.290107,-0.187182,0.4781942,"45",-0.290107,-0.187182,0.4781942,"45"
2861,-0.290107,-0.187182,-0.265159,"45",-0.290107,-0.187182,-0.265159,"45"
2862,-0.786016,-0.187182,-1.219486,"45",-0.786016,-0.187182,-1.219486,"45"
2863,-1.447227,-0.187182,-0.555112,"45",-1.447227,-0.187182,-0.555112,"45"
2864,0.2884532,-0.187182,-0.197611,"45",0.2884532,-0.187182,-0.197611,"45"
2865,-0.786016,-0.187182,-0.939378,"45",-0.786016,-0.187182,-0.939378,"45"
2866,-0.372758,-0.187182,-0.338842,"45",-0.372758,-0.187182,-0.338842,"45"
2867,0.3711052,-0.187182,-1.029067,"45",0.3711052,-0.187182,-1.029067,"45"
2868,-0.124804,-0.187182,-0.197611,"45",-0.124804,-0.187182,-0.197611,"45"
2869,-0.207455,-0.187182,0.4026692,"45",-0.207455,-0.187182,0.4026692,"45"
2870,-1.695182,-0.187182,-1.62373,"45",-1.695182,-0.187182,-1.62373,"45"
2871,0.9496652,-0.187182,-0.85267,"45",0.9496652,-0.187182,-0.85267,"45"
2872,-1.116621,-0.187182,-1.62373,"45",-1.116621,-0.187182,-1.62373,"45"
2873,1.8588312,-0.187182,0.4026692,"45",1.8588312,-0.187182,0.4026692,"45"
2874,-0.290107,-0.187182,-0.062088,"45",-0.290107,-0.187182,-0.062088,"45"
2875,-0.207455,-0.187182,-0.419801,"45",-0.207455,-0.187182,-0.419801,"45"
2876,-0.538061,-0.187182,0.1941492,"45",-0.538061,-0.187182,0.1941492,"45"
2877,-0.703364,-0.187182,-1.836687,"45",-0.703364,-0.187182,-1.836687,"45"
2878,0.0404992,-0.187182,0.0043222,"45",0.0404992,-0.187182,0.0043222,"45"
2879,0.7017112,-0.187182,0.6787592,"45",0.7017112,-0.187182,0.6787592,"45"
2880,-0.868667,-0.187182,-0.062088,"45",-0.868667,-0.187182,-0.062088,"45"
2881,0.2058022,-0.187182,-0.129085,"45",0.2058022,-0.187182,-0.129085,"45"
2882,0.5364082,-0.187182,0.7472282,"45",0.5364082,-0.187182,0.7472282,"45"
2883,-1.860484,-0.187182,-1.723882,"45",-1.860484,-0.187182,-1.723882,"45"
2884,0.1231502,-0.187182,-0.338842,"45",0.1231502,-0.187182,-0.338842,"45"
2885,1.6108772,-0.187182,1.8138272,"45",1.6108772,-0.187182,1.8138272,"45"
2886,0.9496652,-0.187182,0.8965662,"45",0.9496652,-0.187182,0.8965662,"45"
2887,0.2058022,-0.187182,0.0043222,"45",0.2058022,-0.187182,0.0043222,"45"
2888,0.8670142,-0.187182,0.4026692,"45",0.8670142,-0.187182,0.4026692,"45"
2889,-1.529879,-0.187182,-2.108644,"45",-1.529879,-0.187182,-2.108644,"45"
2890,-0.207455,-0.143724,-0.062088,"46",-0.207455,-0.143724,-0.062088,"46"
2891,-0.290107,-0.143724,-1.836687,"46",-0.290107,-0.143724,-1.836687,"46"
2892,1.0323172,-0.143724,0.6787592,"46",1.0323172,-0.143724,0.6787592,"46"
2893,-0.290107,-0.143724,-0.623051,"46",-0.290107,-0.143724,-0.623051,"46"
2894,1.1976192,-0.143724,-0.129085,"46",1.1976192,-0.143724,-0.129085,"46"
2895,0.3711052,-0.143724,0.7472282,"46",0.3711052,-0.143724,0.7472282,"46"
2896,-1.116621,-0.143724,-0.699505,"46",-1.116621,-0.143724,-0.699505,"46"
2897,0.3711052,-0.143724,-0.338842,"46",0.3711052,-0.143724,-0.338842,"46"
2898,0.6190592,-0.143724,0.1941492,"46",0.6190592,-0.143724,0.1941492,"46"
2899,0.4537562,-0.143724,0.0735362,"46",0.4537562,-0.143724,0.0735362,"46"
2900,0.8670142,-0.143724,0.5443412,"46",0.8670142,-0.143724,0.5443412,"46"
2901,-0.372758,-0.143724,-0.623051,"46",-0.372758,-0.143724,-0.623051,"46"
2902,0.7843622,-0.143724,0.8965662,"46",0.7843622,-0.143724,0.8965662,"46"
2903,0.9496652,-0.143724,0.6107292,"46",0.9496652,-0.143724,0.6107292,"46"
2904,-1.695182,-0.143724,-1.219486,"46",-1.695182,-0.143724,-1.219486,"46"
2905,0.0404992,-0.143724,0.2613242,"46",0.0404992,-0.143724,0.2613242,"46"
2906,-0.786016,-0.143724,-0.699505,"46",-0.786016,-0.143724,-0.699505,"46"
2907,-1.03397,-0.143724,-1.029067,"46",-1.03397,-0.143724,-1.029067,"46"
2908,-1.447227,-0.143724,-1.335315,"46",-1.447227,-0.143724,-1.335315,"46"
2909,0.6190592,-0.143724,0.4781942,"46",0.6190592,-0.143724,0.4781942,"46"
2910,1.0323172,-0.143724,-0.699505,"46",1.0323172,-0.143724,-0.699505,"46"
2911,0.3711052,-0.143724,0.4781942,"46",0.3711052,-0.143724,0.4781942,"46"
2912,-0.538061,-0.143724,0.0043222,"46",-0.538061,-0.143724,0.0043222,"46"
2913,-0.207455,-0.143724,-0.939378,"46",-0.207455,-0.143724,-0.939378,"46"
2914,0.4537562,-0.143724,-0.338842,"46",0.4537562,-0.143724,-0.338842,"46"
2915,-1.116621,-0.143724,-1.219486,"46",-1.116621,-0.143724,-1.219486,"46"
2916,-0.45541,-0.143724,-1.335315,"46",-0.45541,-0.143724,-1.335315,"46"
2917,-0.703364,-0.143724,-0.419801,"46",-0.703364,-0.143724,-0.419801,"46"
2918,-0.951318,-0.143724,-1.118624,"46",-0.951318,-0.143724,-1.118624,"46"
2919,-1.116621,-0.143724,-1.723882,"46",-1.116621,-0.143724,-1.723882,"46"
2920,-0.951318,-0.143724,-0.338842,"46",-0.951318,-0.143724,-0.338842,"46"
2921,-1.61253,-0.143724,-1.219486,"46",-1.61253,-0.143724,-1.219486,"46"
2922,-0.372758,-0.143724,-0.492781,"46",-0.372758,-0.143724,-0.492781,"46"
2923,0.5364082,-0.143724,-0.419801,"46",0.5364082,-0.143724,-0.419801,"46"
2924,0.4537562,-0.143724,-0.85267,"46",0.4537562,-0.143724,-0.85267,"46"
2925,2.1067862,-0.143724,0.5443412,"46",2.1067862,-0.143724,0.5443412,"46"
2926,1.0323172,-0.143724,0.4026692,"46",1.0323172,-0.143724,0.4026692,"46"
2927,1.6108772,-0.143724,-0.129085,"46",1.6108772,-0.143724,-0.129085,"46"
2928,-0.951318,-0.143724,-0.062088,"46",-0.951318,-0.143724,-0.062088,"46"
2929,0.2058022,-0.143724,-0.197611,"46",0.2058022,-0.143724,-0.197611,"46"
2930,1.8588312,-0.143724,-1.335315,"46",1.8588312,-0.143724,-1.335315,"46"
2931,0.6190592,-0.143724,-0.492781,"46",0.6190592,-0.143724,-0.492781,"46"
2932,0.1231502,-0.143724,-0.197611,"46",0.1231502,-0.143724,-0.197611,"46"
2933,-0.207455,-0.143724,-0.492781,"46",-0.207455,-0.143724,-0.492781,"46"
2934,-0.372758,-0.143724,-1.029067,"46",-0.372758,-0.143724,-1.029067,"46"
2935,0.2058022,-0.143724,0.1340672,"46",0.2058022,-0.143724,0.1340672,"46"
2936,-0.042152,-0.143724,-0.939378,"46",-0.042152,-0.143724,-0.939378,"46"
2937,0.9496652,-0.143724,-0.85267,"46",0.9496652,-0.143724,-0.85267,"46"
2938,-0.124804,-0.143724,-0.265159,"46",-0.124804,-0.143724,-0.265159,"46"
2939,-0.290107,-0.143724,-0.419801,"46",-0.290107,-0.143724,-0.419801,"46"
2940,0.3711052,-0.143724,0.4026692,"46",0.3711052,-0.143724,0.4026692,"46"
2941,0.2884532,-0.143724,-0.197611,"46",0.2884532,-0.143724,-0.197611,"46"
2942,0.5364082,-0.143724,-0.776109,"46",0.5364082,-0.143724,-0.776109,"46"
2943,0.4537562,-0.143724,-0.062088,"46",0.4537562,-0.143724,-0.062088,"46"
2944,-0.45541,-0.143724,-0.265159,"46",-0.45541,-0.143724,-0.265159,"46"
2945,-2.025787,-0.143724,-1.335315,"46",-2.025787,-0.143724,-1.335315,"46"
2946,-0.124804,-0.143724,-0.419801,"46",-0.124804,-0.143724,-0.419801,"46"
2947,0.7843622,-0.143724,-0.338842,"46",0.7843622,-0.143724,-0.338842,"46"
2948,-0.620713,-0.143724,-0.419801,"46",-0.620713,-0.143724,-0.419801,"46"
2949,0.0404992,-0.143724,0.0735362,"46",0.0404992,-0.143724,0.0735362,"46"
2950,0.2884532,-0.143724,0.2613242,"46",0.2884532,-0.143724,0.2613242,"46"
2951,0.2058022,-0.143724,0.8219882,"46",0.2058022,-0.143724,0.8219882,"46"
2952,-0.042152,-0.143724,-0.939378,"46",-0.042152,-0.143724,-0.939378,"46"
2953,-0.372758,-0.143724,-0.699505,"46",-0.372758,-0.143724,-0.699505,"46"
2954,-0.124804,-0.143724,-1.836687,"46",-0.124804,-0.143724,-1.836687,"46"
2955,0.1231502,-0.143724,0.0043222,"46",0.1231502,-0.143724,0.0043222,"46"
2956,0.9496652,-0.143724,0.1941492,"46",0.9496652,-0.143724,0.1941492,"46"
2957,-0.951318,-0.143724,-1.219486,"46",-0.951318,-0.143724,-1.219486,"46"
2958,-1.03397,-0.143724,-0.623051,"46",-1.03397,-0.143724,-0.623051,"46"
2959,-2.025787,-0.143724,-1.219486,"46",-2.025787,-0.143724,-1.219486,"46"
2960,0.2884532,-0.143724,0.0043222,"46",0.2884532,-0.143724,0.0043222,"46"
2961,-0.372758,-0.143724,0.1941492,"46",-0.372758,-0.143724,0.1941492,"46"
2962,-0.620713,-0.143724,-1.029067,"46",-0.620713,-0.143724,-1.029067,"46"
2963,-2.025787,-0.143724,-2.291731,"46",-2.025787,-0.143724,-2.291731,"46"
2964,-1.61253,-0.143724,-0.555112,"46",-1.61253,-0.143724,-0.555112,"46"
2965,-0.538061,-0.143724,-0.265159,"46",-0.538061,-0.143724,-0.265159,"46"
2966,-1.116621,-0.143724,-0.555112,"46",-1.116621,-0.143724,-0.555112,"46"
2967,-2.025787,-0.143724,-1.723882,"46",-2.025787,-0.143724,-1.723882,"46"
2968,0.6190592,-0.143724,0.7472282,"46",0.6190592,-0.143724,0.7472282,"46"
2969,-0.124804,-0.143724,-1.335315,"46",-0.124804,-0.143724,-1.335315,"46"
2970,-1.03397,-0.143724,-0.776109,"46",-1.03397,-0.143724,-0.776109,"46"
2971,-0.124804,-0.143724,-0.85267,"46",-0.124804,-0.143724,-0.85267,"46"
2972,-1.116621,-0.143724,-0.85267,"46",-1.116621,-0.143724,-0.85267,"46"
2973,-1.281924,-0.139923,-1.836687,"47",-1.281924,-0.139923,-1.836687,"47"
2974,0.8670142,-0.139923,-0.338842,"47",0.8670142,-0.139923,-0.338842,"47"
2975,-0.372758,-0.139923,0.0043222,"47",-0.372758,-0.139923,0.0043222,"47"
2976,0.6190592,-0.139923,1.8138272,"47",0.6190592,-0.139923,1.8138272,"47"
2977,0.2058022,-0.139923,0.1941492,"47",0.2058022,-0.139923,0.1941492,"47"
2978,0.2058022,-0.139923,-0.129085,"47",0.2058022,-0.139923,-0.129085,"47"
2979,-1.61253,-0.139923,-1.219486,"47",-1.61253,-0.139923,-1.219486,"47"
2980,0.5364082,-0.139923,-0.129085,"47",0.5364082,-0.139923,-0.129085,"47"
2981,-0.45541,-0.139923,0.1340672,"47",-0.45541,-0.139923,0.1340672,"47"
2982,0.0404992,-0.139923,0.3280722,"47",0.0404992,-0.139923,0.3280722,"47"
2983,0.3711052,-0.139923,0.6787592,"47",0.3711052,-0.139923,0.6787592,"47"
2984,-0.620713,-0.139923,0.2613242,"47",-0.620713,-0.139923,0.2613242,"47"
2985,0.8670142,-0.139923,0.4026692,"47",0.8670142,-0.139923,0.4026692,"47"
2986,0.2058022,-0.139923,0.6107292,"47",0.2058022,-0.139923,0.6107292,"47"
2987,-0.786016,-0.139923,-0.197611,"47",-0.786016,-0.139923,-0.197611,"47"
2988,-1.116621,-0.139923,-0.197611,"47",-1.116621,-0.139923,-0.197611,"47"
2989,-0.45541,-0.139923,-0.419801,"47",-0.45541,-0.139923,-0.419801,"47"
2990,-1.61253,-0.139923,-2.510121,"47",-1.61253,-0.139923,-2.510121,"47"
2991,0.6190592,-0.139923,-0.699505,"47",0.6190592,-0.139923,-0.699505,"47"
2992,-2.108439,-0.139923,-2.75266,"47",-2.108439,-0.139923,-2.75266,"47"
2993,-0.786016,-0.139923,-0.062088,"47",-0.786016,-0.139923,-0.062088,"47"
2994,-1.03397,-0.139923,-0.197611,"47",-1.03397,-0.139923,-0.197611,"47"
2995,0.2058022,-0.139923,0.6107292,"47",0.2058022,-0.139923,0.6107292,"47"
2996,-1.03397,-0.139923,1.5061852,"47",-1.03397,-0.139923,1.5061852,"47"
2997,-2.108439,-0.139923,-1.118624,"47",-2.108439,-0.139923,-1.118624,"47"
2998,-0.538061,-0.139923,-0.85267,"47",-0.538061,-0.139923,-0.85267,"47"
2999,-0.951318,-0.139923,-0.492781,"47",-0.951318,-0.139923,-0.492781,"47"
3000,0.1231502,-0.139923,0.7472282,"47",0.1231502,-0.139923,0.7472282,"47"
3001,-2.025787,-0.139923,-0.492781,"47",-2.025787,-0.139923,-0.492781,"47"
3002,0.8670142,-0.139923,0.4026692,"47",0.8670142,-0.139923,0.4026692,"47"
3003,0.7017112,-0.139923,0.8219882,"47",0.7017112,-0.139923,0.8219882,"47"
3004,1.3629222,-0.139923,-0.197611,"47",1.3629222,-0.139923,-0.197611,"47"
3005,-0.868667,-0.139923,-0.129085,"47",-0.868667,-0.139923,-0.129085,"47"
3006,1.1149682,-0.139923,1.7348992,"47",1.1149682,-0.139923,1.7348992,"47"
3007,1.6108772,-0.139923,0.5443412,"47",1.6108772,-0.139923,0.5443412,"47"
3008,0.4537562,-0.139923,-0.338842,"47",0.4537562,-0.139923,-0.338842,"47"
3009,-0.620713,-0.139923,-0.939378,"47",-0.620713,-0.139923,-0.939378,"47"
3010,-0.45541,-0.139923,-0.197611,"47",-0.45541,-0.139923,-0.197611,"47"
3011,0.3711052,-0.139923,-1.438662,"47",0.3711052,-0.139923,-1.438662,"47"
3012,0.5364082,-0.139923,-0.623051,"47",0.5364082,-0.139923,-0.623051,"47"
3013,-0.620713,-0.139923,-0.555112,"47",-0.620713,-0.139923,-0.555112,"47"
3014,0.9496652,-0.139923,-0.062088,"47",0.9496652,-0.139923,-0.062088,"47"
3015,-0.207455,-0.139923,-0.699505,"47",-0.207455,-0.139923,-0.699505,"47"
3016,-0.45541,-0.139923,-0.129085,"47",-0.45541,-0.139923,-0.129085,"47"
3017,1.0323172,-0.139923,0.6787592,"47",1.0323172,-0.139923,0.6787592,"47"
3018,0.3711052,-0.139923,0.0043222,"47",0.3711052,-0.139923,0.0043222,"47"
3019,-1.199273,-0.139923,-2.108644,"47",-1.199273,-0.139923,-2.108644,"47"
3020,-0.042152,-0.139923,-0.939378,"47",-0.042152,-0.139923,-0.939378,"47"
3021,0.6190592,-0.139923,-0.129085,"47",0.6190592,-0.139923,-0.129085,"47"
3022,-0.620713,-0.139923,0.3280722,"47",-0.620713,-0.139923,0.3280722,"47"
3023,1.0323172,-0.139923,0.9675862,"47",1.0323172,-0.139923,0.9675862,"47"
3024,-0.951318,-0.139923,-0.623051,"47",-0.951318,-0.139923,-0.623051,"47"
3025,0.0404992,-0.139923,0.8219882,"47",0.0404992,-0.139923,0.8219882,"47"
3026,0.4537562,-0.139923,1.3747412,"47",0.4537562,-0.139923,1.3747412,"47"
3027,-0.868667,-0.139923,-1.962075,"47",-0.868667,-0.139923,-1.962075,"47"
3028,-0.703364,-0.139923,0.3280722,"47",-0.703364,-0.139923,0.3280722,"47"
3029,1.9414832,-0.139923,1.2405332,"47",1.9414832,-0.139923,1.2405332,"47"
3030,-1.695182,-0.139923,-1.962075,"47",-1.695182,-0.139923,-1.962075,"47"
3031,0.4537562,-0.139923,-0.555112,"47",0.4537562,-0.139923,-0.555112,"47"
3032,-0.538061,-0.139923,-0.699505,"47",-0.538061,-0.139923,-0.699505,"47"
3033,0.0404992,-0.139923,-0.338842,"47",0.0404992,-0.139923,-0.338842,"47"
3034,0.1231502,-0.139923,0.8219882,"47",0.1231502,-0.139923,0.8219882,"47"
3035,0.0404992,-0.139923,-0.492781,"47",0.0404992,-0.139923,-0.492781,"47"
3036,-0.042152,-0.139923,1.0396082,"47",-0.042152,-0.139923,1.0396082,"47"
3037,-0.45541,-0.139923,0.0735362,"47",-0.45541,-0.139923,0.0735362,"47"
3038,-0.703364,-0.139923,-1.438662,"47",-0.703364,-0.139923,-1.438662,"47"
3039,-1.03397,-0.139923,1.2405332,"47",-1.03397,-0.139923,1.2405332,"47"
3040,0.2058022,-0.139923,0.9675862,"47",0.2058022,-0.139923,0.9675862,"47"
3041,-0.538061,-0.139923,-1.029067,"47",-0.538061,-0.139923,-1.029067,"47"
3042,-0.042152,-0.139923,1.0396082,"47",-0.042152,-0.139923,1.0396082,"47"
3043,-0.538061,-0.139923,-1.118624,"47",-0.538061,-0.139923,-1.118624,"47"
3044,1.4455742,-0.139923,1.6618062,"47",1.4455742,-0.139923,1.6618062,"47"
3045,-0.45541,-0.139923,0.4026692,"47",-0.45541,-0.139923,0.4026692,"47"
3046,-0.124804,-0.139923,0.6787592,"47",-0.124804,-0.139923,0.6787592,"47"
3047,0.4537562,-0.139923,0.8219882,"47",0.4537562,-0.139923,0.8219882,"47"
3048,0.7843622,-0.139923,0.4781942,"47",0.7843622,-0.139923,0.4781942,"47"
3049,0.1231502,-0.139923,-0.492781,"47",0.1231502,-0.139923,-0.492781,"47"
3050,0.2058022,-0.139923,1.0396082,"47",0.2058022,-0.139923,1.0396082,"47"
3051,-0.620713,-0.139923,-0.776109,"47",-0.620713,-0.139923,-0.776109,"47"
3052,-0.042152,-0.139923,-0.623051,"47",-0.042152,-0.139923,-0.623051,"47"
3053,-0.042152,-0.139923,-0.623051,"47",-0.042152,-0.139923,-0.623051,"47"
3054,-0.290107,-0.139923,-1.962075,"47",-0.290107,-0.139923,-1.962075,"47"
3055,-0.372758,-0.414084,-0.699505,"48",-0.372758,-0.414084,-0.699505,"48"
3056,-0.45541,-0.414084,-0.129085,"48",-0.45541,-0.414084,-0.129085,"48"
3057,0.5364082,-0.001192,0.6787592,"49",0.5364082,-0.001192,0.6787592,"49"
3058,-1.281924,-0.001192,-0.419801,"49",-1.281924,-0.001192,-0.419801,"49"
3059,0.1231502,-0.001192,0.4026692,"49",0.1231502,-0.001192,0.4026692,"49"
3060,0.7843622,-0.001192,1.1758492,"49",0.7843622,-0.001192,1.1758492,"49"
3061,0.7017112,-0.001192,0.6787592,"49",0.7017112,-0.001192,0.6787592,"49"
3062,0.9496652,-0.001192,-0.419801,"49",0.9496652,-0.001192,-0.419801,"49"
3063,0.7843622,-0.001192,1.4395322,"49",0.7843622,-0.001192,1.4395322,"49"
3064,-0.290107,-0.001192,0.4026692,"49",-0.290107,-0.001192,0.4026692,"49"
3065,0.3711052,-0.001192,-1.118624,"49",0.3711052,-0.001192,-1.118624,"49"
3066,0.6190592,-0.001192,-0.699505,"49",0.6190592,-0.001192,-0.699505,"49"
3067,0.6190592,-0.001192,1.1758492,"49",0.6190592,-0.001192,1.1758492,"49"
3068,0.1231502,-0.001192,0.1941492,"49",0.1231502,-0.001192,0.1941492,"49"
3069,0.6190592,-0.001192,-0.062088,"49",0.6190592,-0.001192,-0.062088,"49"
3070,-0.124804,-0.001192,-0.939378,"49",-0.124804,-0.001192,-0.939378,"49"
3071,0.7843622,-0.001192,0.9675862,"49",0.7843622,-0.001192,0.9675862,"49"
3072,-1.199273,-0.001192,-0.939378,"49",-1.199273,-0.001192,-0.939378,"49"
3073,0.2058022,-0.001192,-0.555112,"49",0.2058022,-0.001192,-0.555112,"49"
3074,0.3711052,-0.001192,0.0735362,"49",0.3711052,-0.001192,0.0735362,"49"
3075,0.1231502,-0.001192,1.1758492,"49",0.1231502,-0.001192,1.1758492,"49"
3076,0.8670142,-0.001192,-0.062088,"49",0.8670142,-0.001192,-0.062088,"49"
3077,0.0404992,-0.001192,-0.265159,"49",0.0404992,-0.001192,-0.265159,"49"
3078,0.1231502,-0.001192,0.8219882,"49",0.1231502,-0.001192,0.8219882,"49"
3079,-1.364576,-0.001192,-0.85267,"49",-1.364576,-0.001192,-0.85267,"49"
3080,-0.042152,-0.001192,-0.129085,"49",-0.042152,-0.001192,-0.129085,"49"
3081,-0.868667,-0.001192,0.0043222,"49",-0.868667,-0.001192,0.0043222,"49"
3082,0.3711052,-0.001192,-1.335315,"49",0.3711052,-0.001192,-1.335315,"49"
3083,0.1231502,-0.001192,0.5443412,"49",0.1231502,-0.001192,0.5443412,"49"
3084,0.1231502,-0.001192,-0.265159,"49",0.1231502,-0.001192,-0.265159,"49"
3085,-0.042152,-0.001192,-0.197611,"49",-0.042152,-0.001192,-0.197611,"49"
3086,-0.45541,-0.001192,0.0043222,"49",-0.45541,-0.001192,0.0043222,"49"
3087,-0.207455,-0.001192,-1.219486,"49",-0.207455,-0.001192,-1.219486,"49"
3088,-0.538061,-0.001192,0.6107292,"49",-0.538061,-0.001192,0.6107292,"49"
3089,1.1976192,-0.001192,1.4395322,"49",1.1976192,-0.001192,1.4395322,"49"
3090,-0.786016,-0.001192,-0.265159,"49",-0.786016,-0.001192,-0.265159,"49"
3091,0.2884532,-0.001192,-1.526653,"49",0.2884532,-0.001192,-1.526653,"49"
3092,0.9496652,-0.001192,0.8219882,"49",0.9496652,-0.001192,0.8219882,"49"
3093,0.3711052,-0.001192,0.2613242,"49",0.3711052,-0.001192,0.2613242,"49"
3094,0.7017112,-0.001192,0.7472282,"49",0.7017112,-0.001192,0.7472282,"49"
3095,-0.620713,-0.001192,-0.623051,"49",-0.620713,-0.001192,-0.623051,"49"
3096,0.2058022,-0.001192,0.2613242,"49",0.2058022,-0.001192,0.2613242,"49"
3097,-1.860484,-0.001192,-1.836687,"49",-1.860484,-0.001192,-1.836687,"49"
3098,0.0404992,-0.001192,0.0735362,"49",0.0404992,-0.001192,0.0735362,"49"
3099,1.4455742,-0.001192,-0.197611,"49",1.4455742,-0.001192,-0.197611,"49"
3100,-0.951318,-0.001192,-0.062088,"49",-0.951318,-0.001192,-0.062088,"49"
3101,0.3711052,-0.001192,-0.555112,"49",0.3711052,-0.001192,-0.555112,"49"
3102,-0.951318,-0.001192,-0.338842,"49",-0.951318,-0.001192,-0.338842,"49"
3103,-1.777833,-0.001192,0.6107292,"49",-1.777833,-0.001192,0.6107292,"49"
3104,0.5364082,-0.001192,-0.419801,"49",0.5364082,-0.001192,-0.419801,"49"
3105,0.2884532,-0.001192,0.5443412,"49",0.2884532,-0.001192,0.5443412,"49"
3106,-1.860484,-0.001192,-1.118624,"49",-1.860484,-0.001192,-1.118624,"49"
3107,-1.199273,-0.001192,0.4781942,"49",-1.199273,-0.001192,0.4781942,"49"
3108,1.2802712,-0.001192,0.4781942,"49",1.2802712,-0.001192,0.4781942,"49"
3109,0.7017112,-0.001192,0.8965662,"49",0.7017112,-0.001192,0.8965662,"49"
3110,1.6935282,-0.001192,0.1340672,"49",1.6935282,-0.001192,0.1340672,"49"
3111,-0.703364,-0.001192,0.6107292,"49",-0.703364,-0.001192,0.6107292,"49"
3112,0.9496652,-0.001192,1.1758492,"49",0.9496652,-0.001192,1.1758492,"49"
3113,0.4537562,-0.001192,0.5443412,"49",0.4537562,-0.001192,0.5443412,"49"
3114,1.3629222,-0.001192,0.1941492,"49",1.3629222,-0.001192,0.1941492,"49"
3115,-0.538061,-0.001192,-2.108644,"49",-0.538061,-0.001192,-2.108644,"49"
3116,1.6935282,-0.001192,1.6618062,"49",1.6935282,-0.001192,1.6618062,"49"
3117,-0.042152,-0.001192,-0.939378,"49",-0.042152,-0.001192,-0.939378,"49"
3118,0.5364082,-0.001192,0.0735362,"49",0.5364082,-0.001192,0.0735362,"49"
3119,-0.620713,-0.001192,-1.029067,"49",-0.620713,-0.001192,-1.029067,"49"
3120,0.5364082,-0.001192,0.4026692,"49",0.5364082,-0.001192,0.4026692,"49"
3121,0.1231502,-0.001192,-1.438662,"49",0.1231502,-0.001192,-1.438662,"49"
3122,-1.695182,-0.001192,-0.623051,"49",-1.695182,-0.001192,-0.623051,"49"
3123,-0.372758,-0.001192,0.0735362,"49",-0.372758,-0.001192,0.0735362,"49"
3124,-1.61253,-0.001192,-0.492781,"49",-1.61253,-0.001192,-0.492781,"49"
3125,0.3711052,-0.001192,-0.062088,"49",0.3711052,-0.001192,-0.062088,"49"
3126,-0.868667,-0.001192,0.4026692,"49",-0.868667,-0.001192,0.4026692,"49"
3127,1.3629222,-0.001192,1.0396082,"49",1.3629222,-0.001192,1.0396082,"49"
3128,1.1149682,-0.001192,0.6107292,"49",1.1149682,-0.001192,0.6107292,"49"
3129,-0.042152,-0.001192,-0.062088,"49",-0.042152,-0.001192,-0.062088,"49"
3130,0.3711052,-0.001192,0.1941492,"49",0.3711052,-0.001192,0.1941492,"49"
3131,0.0404992,-0.001192,0.5443412,"49",0.0404992,-0.001192,0.5443412,"49"
3132,0.3711052,-0.001192,0.1941492,"49",0.3711052,-0.001192,0.1941492,"49"
3133,0.4537562,-0.001192,-0.419801,"49",0.4537562,-0.001192,-0.419801,"49"
3134,0.7843622,-0.001192,0.5443412,"49",0.7843622,-0.001192,0.5443412,"49"
3135,0.7843622,-0.001192,0.8219882,"49",0.7843622,-0.001192,0.8219882,"49"
3136,-1.116621,-0.001192,-0.419801,"49",-1.116621,-0.001192,-0.419801,"49"
3137,-0.703364,-0.001192,-0.197611,"49",-0.703364,-0.001192,-0.197611,"49"
3138,0.6190592,-0.001192,0.0043222,"49",0.6190592,-0.001192,0.0043222,"49"
3139,-0.786016,-0.001192,0.2613242,"49",-0.786016,-0.001192,0.2613242,"49"
3140,-0.372758,-0.001192,0.4026692,"49",-0.372758,-0.001192,0.4026692,"49"
3141,-0.951318,-0.001192,-0.699505,"49",-0.951318,-0.001192,-0.699505,"49"
3142,-2.439045,-0.001192,-1.335315,"49",-2.439045,-0.001192,-1.335315,"49"
3143,1.8588312,-0.001192,1.8138272,"49",1.8588312,-0.001192,1.8138272,"49"
3144,-0.951318,-0.001192,-0.939378,"49",-0.951318,-0.001192,-0.939378,"49"
3145,-0.703364,-0.001192,-0.062088,"49",-0.703364,-0.001192,-0.062088,"49"
3146,1.5282252,-0.001192,1.4395322,"49",1.5282252,-0.001192,1.4395322,"49"
3147,-0.620713,-0.001192,0.7472282,"49",-0.620713,-0.001192,0.7472282,"49"
3148,-0.372758,-0.001192,0.4026692,"49",-0.372758,-0.001192,0.4026692,"49"
3149,0.9496652,-0.001192,1.1094382,"49",0.9496652,-0.001192,1.1094382,"49"
3150,-0.951318,-0.001192,-1.029067,"49",-0.951318,-0.001192,-1.029067,"49"
3151,-1.116621,-0.001192,0.4026692,"49",-1.116621,-0.001192,0.4026692,"49"
3152,0.9496652,-0.001192,0.8219882,"49",0.9496652,-0.001192,0.8219882,"49"
3153,0.7017112,-0.001192,0.0735362,"49",0.7017112,-0.001192,0.0735362,"49"
3154,0.5364082,-0.001192,0.1941492,"49",0.5364082,-0.001192,0.1941492,"49"
3155,-1.364576,-0.001192,-0.338842,"49",-1.364576,-0.001192,-0.338842,"49"
3156,-0.45541,-0.001192,-0.699505,"49",-0.45541,-0.001192,-0.699505,"49"
3157,-0.45541,-0.001192,-0.197611,"49",-0.45541,-0.001192,-0.197611,"49"
3158,0.2884532,-0.001192,0.1941492,"49",0.2884532,-0.001192,0.1941492,"49"
3159,-0.703364,-0.001192,0.0043222,"49",-0.703364,-0.001192,0.0043222,"49"
3160,0.2058022,-0.001192,0.8219882,"49",0.2058022,-0.001192,0.8219882,"49"
3161,-0.868667,-0.001192,-0.776109,"49",-0.868667,-0.001192,-0.776109,"49"
3162,1.1149682,-0.001192,0.7472282,"49",1.1149682,-0.001192,0.7472282,"49"
3163,-0.042152,-0.001192,0.5443412,"49",-0.042152,-0.001192,0.5443412,"49"
3164,1.1976192,-0.001192,1.3101422,"49",1.1976192,-0.001192,1.3101422,"49"
3165,-0.124804,-0.001192,-0.492781,"49",-0.124804,-0.001192,-0.492781,"49"
3166,-0.538061,-0.001192,0.6107292,"49",-0.538061,-0.001192,0.6107292,"49"
3167,-0.124804,-0.001192,-0.623051,"49",-0.124804,-0.001192,-0.623051,"49"
3168,-1.281924,-0.001192,-0.265159,"49",-1.281924,-0.001192,-0.265159,"49"
3169,-0.868667,-0.001192,-1.118624,"49",-0.868667,-0.001192,-1.118624,"49"
3170,-0.868667,0.0065332,-1.118624,"50",-0.868667,0.0065332,-1.118624,"50"
3171,-0.290107,0.0065332,-1.118624,"50",-0.290107,0.0065332,-1.118624,"50"
3172,1.1976192,0.0065332,0.0735362,"50",1.1976192,0.0065332,0.0735362,"50"
3173,1.2802712,0.0065332,1.0396082,"50",1.2802712,0.0065332,1.0396082,"50"
3174,0.2884532,0.0065332,-0.555112,"50",0.2884532,0.0065332,-0.555112,"50"
3175,1.6108772,0.0065332,0.1941492,"50",1.6108772,0.0065332,0.1941492,"50"
3176,1.1149682,0.0065332,1.2405332,"50",1.1149682,0.0065332,1.2405332,"50"
3177,0.6190592,0.0065332,-0.062088,"50",0.6190592,0.0065332,-0.062088,"50"
3178,1.2802712,0.0065332,0.0043222,"50",1.2802712,0.0065332,0.0043222,"50"
3179,-1.943136,0.0065332,-1.438662,"50",-1.943136,0.0065332,-1.438662,"50"
3180,-2.273742,0.0065332,-1.723882,"50",-2.273742,0.0065332,-1.723882,"50"
3181,-0.45541,0.0065332,-0.623051,"50",-0.45541,0.0065332,-0.623051,"50"
3182,0.7843622,0.0065332,0.4781942,"50",0.7843622,0.0065332,0.4781942,"50"
3183,0.7843622,0.0065332,-0.338842,"50",0.7843622,0.0065332,-0.338842,"50"
3184,0.7843622,0.0065332,0.4026692,"50",0.7843622,0.0065332,0.4026692,"50"
3185,-1.860484,0.0065332,-0.939378,"50",-1.860484,0.0065332,-0.939378,"50"
3186,0.4537562,0.0065332,-0.197611,"50",0.4537562,0.0065332,-0.197611,"50"
3187,-0.868667,0.0065332,-1.62373,"50",-0.868667,0.0065332,-1.62373,"50"
3188,-0.290107,0.0065332,-0.265159,"50",-0.290107,0.0065332,-0.265159,"50"
3189,1.0323172,0.0065332,1.3101422,"50",1.0323172,0.0065332,1.3101422,"50"
3190,1.1149682,0.0065332,-0.699505,"50",1.1149682,0.0065332,-0.699505,"50"
3191,1.5282252,0.0065332,0.8219882,"50",1.5282252,0.0065332,0.8219882,"50"
3192,0.3711052,0.0065332,0.7472282,"50",0.3711052,0.0065332,0.7472282,"50"
3193,0.2058022,0.0065332,-1.335315,"50",0.2058022,0.0065332,-1.335315,"50"
3194,-0.538061,0.0065332,-1.118624,"50",-0.538061,0.0065332,-1.118624,"50"
3195,1.0323172,0.0065332,0.1941492,"50",1.0323172,0.0065332,0.1941492,"50"
3196,-0.703364,0.0065332,-1.118624,"50",-0.703364,0.0065332,-1.118624,"50"
3197,-0.45541,0.0065332,-0.492781,"50",-0.45541,0.0065332,-0.492781,"50"
3198,1.1976192,0.0065332,0.8219882,"50",1.1976192,0.0065332,0.8219882,"50"
3199,-0.538061,0.0065332,-0.129085,"50",-0.538061,0.0065332,-0.129085,"50"
3200,1.7761802,0.0065332,0.2613242,"50",1.7761802,0.0065332,0.2613242,"50"
3201,-2.025787,0.0065332,-1.62373,"50",-2.025787,0.0065332,-1.62373,"50"
3202,-0.868667,0.0065332,0.6107292,"50",-0.868667,0.0065332,0.6107292,"50"
3203,1.1976192,0.0065332,0.9675862,"50",1.1976192,0.0065332,0.9675862,"50"
3204,0.2058022,0.0065332,0.9675862,"50",0.2058022,0.0065332,0.9675862,"50"
3205,-0.703364,0.0065332,-0.85267,"50",-0.703364,0.0065332,-0.85267,"50"
3206,-0.45541,0.0065332,0.1941492,"50",-0.45541,0.0065332,0.1941492,"50"
3207,-0.868667,0.0065332,-2.291731,"50",-0.868667,0.0065332,-2.291731,"50"
3208,-0.290107,0.0065332,0.7472282,"50",-0.290107,0.0065332,0.7472282,"50"
3209,-0.951318,0.0065332,-1.62373,"50",-0.951318,0.0065332,-1.62373,"50"
3210,-1.116621,0.0065332,-3.059543,"50",-1.116621,0.0065332,-3.059543,"50"
3211,0.3711052,0.0065332,0.1340672,"50",0.3711052,0.0065332,0.1340672,"50"
3212,1.6108772,0.0065332,0.8965662,"50",1.6108772,0.0065332,0.8965662,"50"
3213,0.8670142,0.0065332,1.1758492,"50",0.8670142,0.0065332,1.1758492,"50"
3214,-0.207455,0.0065332,-1.029067,"50",-0.207455,0.0065332,-1.029067,"50"
3215,-0.207455,0.0065332,-0.338842,"50",-0.207455,0.0065332,-0.338842,"50"
3216,-0.042152,0.0065332,-0.85267,"50",-0.042152,0.0065332,-0.85267,"50"
3217,0.9496652,0.0065332,0.4781942,"50",0.9496652,0.0065332,0.4781942,"50"
3218,-0.290107,0.0065332,-0.623051,"50",-0.290107,0.0065332,-0.623051,"50"
3219,0.0404992,0.0065332,-0.338842,"50",0.0404992,0.0065332,-0.338842,"50"
3220,-0.786016,0.0065332,0.2613242,"50",-0.786016,0.0065332,0.2613242,"50"
3221,0.1231502,0.0065332,-0.939378,"50",0.1231502,0.0065332,-0.939378,"50"
3222,-1.943136,0.0065332,-1.335315,"50",-1.943136,0.0065332,-1.335315,"50"
3223,0.2058022,0.0065332,-0.492781,"50",0.2058022,0.0065332,-0.492781,"50"
3224,0.9496652,0.0065332,0.4026692,"50",0.9496652,0.0065332,0.4026692,"50"
3225,-0.042152,0.0065332,-0.555112,"50",-0.042152,0.0065332,-0.555112,"50"
3226,-1.447227,0.0065332,-0.85267,"50",-1.447227,0.0065332,-0.85267,"50"
3227,-0.124804,0.0065332,0.2613242,"50",-0.124804,0.0065332,0.2613242,"50"
3228,-1.199273,0.0065332,-2.108644,"50",-1.199273,0.0065332,-2.108644,"50"
3229,1.1976192,0.0065332,0.0735362,"50",1.1976192,0.0065332,0.0735362,"50"
3230,0.8670142,0.0065332,0.6787592,"50",0.8670142,0.0065332,0.6787592,"50"
3231,-0.538061,0.0065332,-0.776109,"50",-0.538061,0.0065332,-0.776109,"50"
3232,-0.45541,0.0065332,-0.129085,"50",-0.45541,0.0065332,-0.129085,"50"
3233,1.1976192,0.0065332,0.6107292,"50",1.1976192,0.0065332,0.6107292,"50"
3234,-1.777833,0.0065332,-1.335315,"50",-1.777833,0.0065332,-1.335315,"50"
3235,-0.951318,0.0065332,-0.623051,"50",-0.951318,0.0065332,-0.623051,"50"
3236,1.0323172,0.0065332,0.4781942,"50",1.0323172,0.0065332,0.4781942,"50"
3237,0.2058022,0.0065332,-0.197611,"50",0.2058022,0.0065332,-0.197611,"50"
3238,0.2884532,0.0065332,0.1340672,"50",0.2884532,0.0065332,0.1340672,"50"
3239,-0.372758,0.0065332,-1.219486,"50",-0.372758,0.0065332,-1.219486,"50"
3240,-0.042152,0.0065332,-0.492781,"50",-0.042152,0.0065332,-0.492781,"50"
3241,-0.45541,0.0065332,-0.939378,"50",-0.45541,0.0065332,-0.939378,"50"
3242,-0.042152,0.0065332,-0.623051,"50",-0.042152,0.0065332,-0.623051,"50"
3243,0.3711052,-0.396984,0.3280722,"51",0.3711052,-0.396984,0.3280722,"51"
3244,-0.620713,-0.396984,-1.219486,"51",-0.620713,-0.396984,-1.219486,"51"
3245,0.5364082,-0.396984,-0.419801,"51",0.5364082,-0.396984,-0.419801,"51"
3246,0.7843622,-0.396984,1.5061852,"51",0.7843622,-0.396984,1.5061852,"51"
3247,1.0323172,-0.396984,0.0043222,"51",1.0323172,-0.396984,0.0043222,"51"
3248,-2.686999,-0.396984,-1.438662,"51",-2.686999,-0.396984,-1.438662,"51"
3249,-1.61253,-0.396984,-0.699505,"51",-1.61253,-0.396984,-0.699505,"51"
3250,-1.199273,-0.396984,-0.265159,"51",-1.199273,-0.396984,-0.265159,"51"
3251,0.1231502,-0.396984,-0.492781,"51",0.1231502,-0.396984,-0.492781,"51"
3252,-2.273742,-0.396984,-0.939378,"51",-2.273742,-0.396984,-0.939378,"51"
3253,-2.521696,-0.396984,-1.029067,"51",-2.521696,-0.396984,-1.029067,"51"
3254,1.1976192,-0.396984,-1.438662,"51",1.1976192,-0.396984,-1.438662,"51"
3255,0.5364082,-0.396984,-0.129085,"51",0.5364082,-0.396984,-0.129085,"51"
3256,-1.695182,-0.396984,-1.962075,"51",-1.695182,-0.396984,-1.962075,"51"
3257,-0.45541,-0.396984,-0.939378,"51",-0.45541,-0.396984,-0.939378,"51"
3258,0.4537562,-0.396984,-0.338842,"51",0.4537562,-0.396984,-0.338842,"51"
3259,-0.45541,-0.396984,0.4026692,"51",-0.45541,-0.396984,0.4026692,"51"
3260,-0.042152,-0.396984,0.8965662,"51",-0.042152,-0.396984,0.8965662,"51"
3261,-0.868667,-0.396984,-0.265159,"51",-0.868667,-0.396984,-0.265159,"51"
3262,-0.538061,-0.396984,-0.776109,"51",-0.538061,-0.396984,-0.776109,"51"
3263,-0.042152,-0.396984,-0.129085,"51",-0.042152,-0.396984,-0.129085,"51"
3264,-2.273742,-0.396984,0.0735362,"51",-2.273742,-0.396984,0.0735362,"51"
3265,-1.03397,-0.396984,-0.776109,"51",-1.03397,-0.396984,-0.776109,"51"
3266,-0.868667,-0.396984,-0.699505,"51",-0.868667,-0.396984,-0.699505,"51"
3267,-0.703364,-0.396984,-0.85267,"51",-0.703364,-0.396984,-0.85267,"51"
3268,-1.364576,-0.396984,0.5443412,"51",-1.364576,-0.396984,0.5443412,"51"
3269,0.2884532,-0.396984,1.1094382,"51",0.2884532,-0.396984,1.1094382,"51"
3270,-0.703364,-0.396984,0.6107292,"51",-0.703364,-0.396984,0.6107292,"51"
3271,0.6190592,-0.396984,-0.129085,"51",0.6190592,-0.396984,-0.129085,"51"
3272,0.1231502,-0.396984,-0.85267,"51",0.1231502,-0.396984,-0.85267,"51"
3273,-2.356393,-0.396984,-1.723882,"51",-2.356393,-0.396984,-1.723882,"51"
3274,-2.439045,-0.396984,-1.118624,"51",-2.439045,-0.396984,-1.118624,"51"
3275,-0.951318,-0.396984,0.0043222,"51",-0.951318,-0.396984,0.0043222,"51"
3276,-0.538061,-0.396984,-0.419801,"51",-0.538061,-0.396984,-0.419801,"51"
3277,-0.538061,-0.396984,-0.699505,"51",-0.538061,-0.396984,-0.699505,"51"
3278,-0.372758,-0.396984,-1.335315,"51",-0.372758,-0.396984,-1.335315,"51"
3279,1.8588312,-0.396984,-0.699505,"51",1.8588312,-0.396984,-0.699505,"51"
3280,-0.124804,-0.396984,0.4781942,"51",-0.124804,-0.396984,0.4781942,"51"
3281,-2.025787,-0.396984,-0.492781,"51",-2.025787,-0.396984,-0.492781,"51"
3282,-0.538061,-0.396984,0.4026692,"51",-0.538061,-0.396984,0.4026692,"51"
3283,-0.868667,-0.396984,-1.438662,"51",-0.868667,-0.396984,-1.438662,"51"
3284,1.4455742,-0.396984,0.9675862,"51",1.4455742,-0.396984,0.9675862,"51"
3285,0.7017112,-0.396984,0.2613242,"51",0.7017112,-0.396984,0.2613242,"51"
3286,-0.290107,-0.396984,-0.623051,"51",-0.290107,-0.396984,-0.623051,"51"
3287,0.2058022,-0.396984,-0.265159,"51",0.2058022,-0.396984,-0.265159,"51"
3288,0.1231502,-0.396984,0.1340672,"51",0.1231502,-0.396984,0.1340672,"51"
3289,-0.372758,-0.396984,0.2613242,"51",-0.372758,-0.396984,0.2613242,"51"
3290,1.7761802,-0.396984,0.2613242,"51",1.7761802,-0.396984,0.2613242,"51"
3291,0.8670142,-0.396984,0.3280722,"51",0.8670142,-0.396984,0.3280722,"51"
3292,-1.281924,-0.396984,-0.776109,"51",-1.281924,-0.396984,-0.776109,"51"
3293,-1.116621,-0.396984,-0.776109,"51",-1.116621,-0.396984,-0.776109,"51"
3294,-0.372758,-0.396984,-0.419801,"51",-0.372758,-0.396984,-0.419801,"51"
3295,-1.777833,-0.396984,-0.062088,"51",-1.777833,-0.396984,-0.062088,"51"
3296,0.8670142,-0.396984,0.8219882,"51",0.8670142,-0.396984,0.8219882,"51"
3297,-0.45541,-0.396984,-0.129085,"51",-0.45541,-0.396984,-0.129085,"51"
3298,1.1149682,-0.396984,1.1094382,"51",1.1149682,-0.396984,1.1094382,"51"
3299,-0.620713,-0.396984,-0.265159,"51",-0.620713,-0.396984,-0.265159,"51"
3300,0.9496652,-0.396984,0.4026692,"51",0.9496652,-0.396984,0.4026692,"51"
3301,1.6108772,0.1963172,0.9675862,"52",1.6108772,0.1963172,0.9675862,"52"
3302,-1.860484,0.1963172,0.4026692,"52",-1.860484,0.1963172,0.4026692,"52"
3303,0.3711052,0.1963172,-0.555112,"52",0.3711052,0.1963172,-0.555112,"52"
3304,0.0404992,0.1963172,1.0396082,"52",0.0404992,0.1963172,1.0396082,"52"
3305,1.5282252,0.1963172,2.2031212,"52",1.5282252,0.1963172,2.2031212,"52"
3306,0.9496652,0.1963172,0.9675862,"52",0.9496652,0.1963172,0.9675862,"52"
3307,-0.042152,0.1963172,-1.62373,"52",-0.042152,0.1963172,-1.62373,"52"
3308,-0.124804,0.1963172,0.0043222,"52",-0.124804,0.1963172,0.0043222,"52"
3309,-0.620713,0.1963172,-0.699505,"52",-0.620713,0.1963172,-0.699505,"52"
3310,-1.529879,0.1963172,-0.555112,"52",-1.529879,0.1963172,-0.555112,"52"
3311,0.0404992,0.1963172,-0.555112,"52",0.0404992,0.1963172,-0.555112,"52"
3312,-0.45541,0.1963172,0.4026692,"52",-0.45541,0.1963172,0.4026692,"52"
3313,0.2058022,0.1963172,1.1094382,"52",0.2058022,0.1963172,1.1094382,"52"
3314,0.3711052,0.1963172,-0.197611,"52",0.3711052,0.1963172,-0.197611,"52"
3315,0.9496652,0.1963172,1.5792202,"52",0.9496652,0.1963172,1.5792202,"52"
3316,1.8588312,0.1963172,2.0397092,"52",1.8588312,0.1963172,2.0397092,"52"
3317,1.9414832,0.1963172,1.9003352,"52",1.9414832,0.1963172,1.9003352,"52"
3318,-1.364576,0.1963172,-0.419801,"52",-1.364576,0.1963172,-0.419801,"52"
3319,0.2884532,0.1963172,0.9675862,"52",0.2884532,0.1963172,0.9675862,"52"
3320,-0.042152,0.1963172,0.7472282,"52",-0.042152,0.1963172,0.7472282,"52"
3321,-0.372758,0.1963172,-0.197611,"52",-0.372758,0.1963172,-0.197611,"52"
3322,-0.124804,0.1963172,-0.85267,"52",-0.124804,0.1963172,-0.85267,"52"
3323,1.2802712,0.1963172,1.9003352,"52",1.2802712,0.1963172,1.9003352,"52"
3324,0.3711052,0.1963172,0.1340672,"52",0.3711052,0.1963172,0.1340672,"52"
3325,-1.116621,0.1963172,-1.62373,"52",-1.116621,0.1963172,-1.62373,"52"
3326,0.5364082,0.1963172,-2.108644,"52",0.5364082,0.1963172,-2.108644,"52"
3327,-1.529879,0.1963172,-1.029067,"52",-1.529879,0.1963172,-1.029067,"52"
3328,-0.45541,0.1963172,1.0396082,"52",-0.45541,0.1963172,1.0396082,"52"
3329,0.7017112,0.1963172,1.9771072,"52",0.7017112,0.1963172,1.9771072,"52"
3330,-1.116621,0.1963172,1.1758492,"52",-1.116621,0.1963172,1.1758492,"52"
3331,-0.538061,0.1963172,-0.776109,"52",-0.538061,0.1963172,-0.776109,"52"
3332,1.6935282,0.1963172,-0.129085,"52",1.6935282,0.1963172,-0.129085,"52"
3333,0.3711052,0.1963172,1.1094382,"52",0.3711052,0.1963172,1.1094382,"52"
3334,0.9496652,0.1963172,1.1758492,"52",0.9496652,0.1963172,1.1758492,"52"
3335,0.6190592,0.1963172,1.6618062,"52",0.6190592,0.1963172,1.6618062,"52"
3336,1.4455742,0.1963172,1.9003352,"52",1.4455742,0.1963172,1.9003352,"52"
3337,-0.951318,0.1963172,-0.85267,"52",-0.951318,0.1963172,-0.85267,"52"
3338,-0.703364,0.1963172,-0.197611,"52",-0.703364,0.1963172,-0.197611,"52"
3339,-0.207455,0.1963172,0.6107292,"52",-0.207455,0.1963172,0.6107292,"52"
3340,0.8670142,0.1963172,0.2613242,"52",0.8670142,0.1963172,0.2613242,"52"
3341,-0.124804,0.1963172,0.0043222,"52",-0.124804,0.1963172,0.0043222,"52"
3342,0.6190592,0.1963172,1.3747412,"52",0.6190592,0.1963172,1.3747412,"52"
3343,0.6190592,0.1963172,1.0396082,"52",0.6190592,0.1963172,1.0396082,"52"
3344,-0.372758,0.1963172,-0.623051,"52",-0.372758,0.1963172,-0.623051,"52"
3345,0.7017112,0.1963172,1.0396082,"52",0.7017112,0.1963172,1.0396082,"52"
3346,-1.03397,0.1963172,-0.129085,"52",-1.03397,0.1963172,-0.129085,"52"
3347,-0.372758,0.1963172,0.8219882,"52",-0.372758,0.1963172,0.8219882,"52"
3348,0.7843622,0.1963172,1.3101422,"52",0.7843622,0.1963172,1.3101422,"52"
3349,-1.943136,0.1963172,-0.623051,"52",-1.943136,0.1963172,-0.623051,"52"
3350,0.3711052,0.1963172,1.5792202,"52",0.3711052,0.1963172,1.5792202,"52"
3351,-0.620713,0.1963172,-1.723882,"52",-0.620713,0.1963172,-1.723882,"52"
3352,0.5364082,0.1963172,1.3101422,"52",0.5364082,0.1963172,1.3101422,"52"
3353,1.6108772,0.1963172,2.2031212,"52",1.6108772,0.1963172,2.2031212,"52"
3354,0.7017112,0.1963172,0.8965662,"52",0.7017112,0.1963172,0.8965662,"52"
3355,0.0404992,0.1963172,1.3747412,"52",0.0404992,0.1963172,1.3747412,"52"
3356,2.3547402,0.1963172,2.4086922,"52",2.3547402,0.1963172,2.4086922,"52"
3357,0.2884532,0.1963172,0.4026692,"52",0.2884532,0.1963172,0.4026692,"52"
3358,-1.943136,0.1963172,-0.492781,"52",-1.943136,0.1963172,-0.492781,"52"
3359,0.3711052,0.1963172,0.8219882,"52",0.3711052,0.1963172,0.8219882,"52"
3360,1.5282252,0.1963172,2.1029752,"52",1.5282252,0.1963172,2.1029752,"52"
3361,2.0241342,0.1963172,2.5323522,"52",2.0241342,0.1963172,2.5323522,"52"
3362,0.0404992,0.3805512,-0.129085,"53",0.0404992,0.3805512,-0.129085,"53"
3363,0.6190592,0.3805512,0.1340672,"53",0.6190592,0.3805512,0.1340672,"53"
3364,-1.447227,0.3805512,-1.118624,"53",-1.447227,0.3805512,-1.118624,"53"
3365,0.6190592,0.3805512,0.4026692,"53",0.6190592,0.3805512,0.4026692,"53"
3366,1.2802712,0.3805512,2.4086922,"53",1.2802712,0.3805512,2.4086922,"53"
3367,-0.042152,0.3805512,1.1094382,"53",-0.042152,0.3805512,1.1094382,"53"
3368,0.1231502,0.3805512,0.1941492,"53",0.1231502,0.3805512,0.1941492,"53"
3369,1.1149682,0.3805512,1.6618062,"53",1.1149682,0.3805512,1.6618062,"53"
3370,0.7017112,0.3805512,1.8138272,"53",0.7017112,0.3805512,1.8138272,"53"
3371,-0.868667,0.3805512,0.0735362,"53",-0.868667,0.3805512,0.0735362,"53"
3372,-0.042152,0.3805512,0.1340672,"53",-0.042152,0.3805512,0.1340672,"53"
3373,-0.042152,0.3805512,0.2613242,"53",-0.042152,0.3805512,0.2613242,"53"
3374,0.6190592,0.3805512,2.9246672,"53",0.6190592,0.3805512,2.9246672,"53"
3375,0.6190592,0.3805512,1.8138272,"53",0.6190592,0.3805512,1.8138272,"53"
3376,1.4455742,0.3805512,3.1340482,"53",1.4455742,0.3805512,3.1340482,"53"
3377,1.9414832,0.3805512,1.5061852,"53",1.9414832,0.3805512,1.5061852,"53"
3378,0.4537562,0.3805512,1.5792202,"53",0.4537562,0.3805512,1.5792202,"53"
3379,-0.703364,0.3805512,-0.338842,"53",-0.703364,0.3805512,-0.338842,"53"
3380,0.3711052,0.3805512,1.1758492,"53",0.3711052,0.3805512,1.1758492,"53"
3381,-0.620713,0.3805512,-0.338842,"53",-0.620713,0.3805512,-0.338842,"53"
3382,-1.529879,0.3805512,-1.118624,"53",-1.529879,0.3805512,-1.118624,"53"
3383,0.1231502,0.3805512,0.4781942,"53",0.1231502,0.3805512,0.4781942,"53"
3384,-0.290107,0.3805512,0.9675862,"53",-0.290107,0.3805512,0.9675862,"53"
3385,1.7761802,0.3805512,1.7348992,"53",1.7761802,0.3805512,1.7348992,"53"
3386,2.0241342,0.3805512,3.3747382,"53",2.0241342,0.3805512,3.3747382,"53"
3387,0.3711052,0.3805512,0.7472282,"53",0.3711052,0.3805512,0.7472282,"53"
3388,1.1976192,0.3805512,2.7018012,"53",1.1976192,0.3805512,2.7018012,"53"
3389,1.0323172,0.3805512,2.4086922,"53",1.0323172,0.3805512,2.4086922,"53"
3390,-0.124804,0.3805512,-0.197611,"53",-0.124804,0.3805512,-0.197611,"53"
3391,0.5364082,0.3805512,2.1029752,"53",0.5364082,0.3805512,2.1029752,"53"
3392,1.8588312,0.3805512,1.9003352,"53",1.8588312,0.3805512,1.9003352,"53"
3393,0.4537562,0.3805512,-0.555112,"53",0.4537562,0.3805512,-0.555112,"53"
3394,-0.207455,0.3805512,0.9675862,"53",-0.207455,0.3805512,0.9675862,"53"
3395,1.3629222,0.3805512,1.1094382,"53",1.3629222,0.3805512,1.1094382,"53"
3396,1.4455742,0.3805512,1.6618062,"53",1.4455742,0.3805512,1.6618062,"53"
3397,-0.786016,0.3805512,-1.118624,"53",-0.786016,0.3805512,-1.118624,"53"
3398,0.6190592,0.3805512,0.3280722,"53",0.6190592,0.3805512,0.3280722,"53"
3399,1.0323172,0.3805512,1.9771072,"53",1.0323172,0.3805512,1.9771072,"53"
3400,0.3711052,0.3805512,0.6107292,"53",0.3711052,0.3805512,0.6107292,"53"
3401,0.7843622,0.3805512,1.2405332,"53",0.7843622,0.3805512,1.2405332,"53"
3402,0.1231502,0.3805512,1.6618062,"53",0.1231502,0.3805512,1.6618062,"53"
3403,-0.45541,0.3805512,-1.029067,"53",-0.45541,0.3805512,-1.029067,"53"
3404,-0.124804,0.3805512,0.6787592,"53",-0.124804,0.3805512,0.6787592,"53"
3405,0.3711052,0.3805512,-0.062088,"53",0.3711052,0.3805512,-0.062088,"53"
3406,-2.439045,0.3805512,-1.962075,"53",-2.439045,0.3805512,-1.962075,"53"
3407,-1.364576,0.3805512,-1.438662,"53",-1.364576,0.3805512,-1.438662,"53"
3408,-0.786016,0.3805512,-0.492781,"53",-0.786016,0.3805512,-0.492781,"53"
3409,0.4537562,0.3805512,0.1941492,"53",0.4537562,0.3805512,0.1941492,"53"
3410,-0.372758,0.3805512,1.1758492,"53",-0.372758,0.3805512,1.1758492,"53"
3411,0.9496652,0.3805512,1.8138272,"53",0.9496652,0.3805512,1.8138272,"53"
3412,0.9496652,0.3805512,2.2031212,"53",0.9496652,0.3805512,2.2031212,"53"
3413,0.8670142,0.3805512,1.6618062,"53",0.8670142,0.3805512,1.6618062,"53"
3414,0.0404992,0.3805512,2.4086922,"53",0.0404992,0.3805512,2.4086922,"53"
3415,2.1067862,0.3805512,2.9246672,"53",2.1067862,0.3805512,2.9246672,"53"
3416,-1.777833,0.3805512,-1.219486,"53",-1.777833,0.3805512,-1.219486,"53"
3417,1.6935282,0.3805512,2.7960982,"53",1.6935282,0.3805512,2.7960982,"53"
3418,0.5364082,0.3805512,0.8219882,"53",0.5364082,0.3805512,0.8219882,"53"
3419,0.4537562,0.3805512,0.6107292,"53",0.4537562,0.3805512,0.6107292,"53"
3420,-0.372758,0.3805512,2.5323522,"53",-0.372758,0.3805512,2.5323522,"53"
3421,0.0404992,0.3805512,0.2613242,"53",0.0404992,0.3805512,0.2613242,"53"
3422,1.1976192,0.3805512,0.5443412,"53",1.1976192,0.3805512,0.5443412,"53"
3423,0.9496652,0.3805512,2.6267392,"53",0.9496652,0.3805512,2.6267392,"53"
3424,0.9496652,0.3805512,2.2031212,"53",0.9496652,0.3805512,2.2031212,"53"
3425,-1.03397,0.3805512,-0.699505,"53",-1.03397,0.3805512,-0.699505,"53"
3426,0.8670142,0.3805512,1.1758492,"53",0.8670142,0.3805512,1.1758492,"53"
3427,1.5282252,0.3805512,2.7960982,"53",1.5282252,0.3805512,2.7960982,"53"
3428,0.6190592,0.3805512,0.7472282,"53",0.6190592,0.3805512,0.7472282,"53"
3429,0.7843622,0.3805512,2.7960982,"53",0.7843622,0.3805512,2.7960982,"53"
3430,0.8670142,0.3805512,2.5323522,"53",0.8670142,0.3805512,2.5323522,"53"
3431,0.7843622,0.3805512,0.2613242,"53",0.7843622,0.3805512,0.2613242,"53"
3432,0.2884532,0.5880652,0.2613242,"54",0.2884532,0.5880652,0.2613242,"54"
3433,0.2058022,0.5880652,-1.62373,"54",0.2058022,0.5880652,-1.62373,"54"
3434,1.0323172,0.5880652,-1.118624,"54",1.0323172,0.5880652,-1.118624,"54"
3435,0.9496652,0.5880652,-0.265159,"54",0.9496652,0.5880652,-0.265159,"54"
3436,1.1976192,0.5880652,-0.062088,"54",1.1976192,0.5880652,-0.062088,"54"
3437,0.3711052,0.5880652,-0.265159,"54",0.3711052,0.5880652,-0.265159,"54"
3438,-0.538061,0.5880652,-0.776109,"54",-0.538061,0.5880652,-0.776109,"54"
3439,1.1976192,0.5880652,-1.219486,"54",1.1976192,0.5880652,-1.219486,"54"
3440,1.4455742,0.2673852,2.2031212,"55",1.4455742,0.2673852,2.2031212,"55"
3441,0.8670142,0.2673852,1.6618062,"55",0.8670142,0.2673852,1.6618062,"55"
3442,1.6935282,0.2673852,2.6267392,"55",1.6935282,0.2673852,2.6267392,"55"
3443,0.1231502,0.2673852,0.1340672,"55",0.1231502,0.2673852,0.1340672,"55"
3444,0.2058022,0.2673852,0.2613242,"55",0.2058022,0.2673852,0.2613242,"55"
3445,0.6190592,0.2673852,0.6787592,"55",0.6190592,0.2673852,0.6787592,"55"
3446,0.2884532,0.2673852,0.0735362,"55",0.2884532,0.2673852,0.0735362,"55"
3447,-0.868667,0.2673852,0.1340672,"55",-0.868667,0.2673852,0.1340672,"55"
3448,0.6190592,0.2673852,0.8219882,"55",0.6190592,0.2673852,0.8219882,"55"
3449,1.1149682,0.2673852,1.6618062,"55",1.1149682,0.2673852,1.6618062,"55"
3450,1.6935282,0.2673852,0.4026692,"55",1.6935282,0.2673852,0.4026692,"55"
3451,1.1976192,0.2673852,0.8219882,"55",1.1976192,0.2673852,0.8219882,"55"
3452,2.1067862,0.2673852,1.3747412,"55",2.1067862,0.2673852,1.3747412,"55"
3453,0.6190592,0.2673852,0.4781942,"55",0.6190592,0.2673852,0.4781942,"55"
3454,-0.951318,0.2673852,0.6107292,"55",-0.951318,0.2673852,0.6107292,"55"
3455,0.5364082,0.2673852,0.7472282,"55",0.5364082,0.2673852,0.7472282,"55"
3456,1.0323172,0.2673852,1.4395322,"55",1.0323172,0.2673852,1.4395322,"55"
3457,0.3711052,0.2673852,1.5792202,"55",0.3711052,0.2673852,1.5792202,"55"
3458,0.6190592,0.2673852,2.2031212,"55",0.6190592,0.2673852,2.2031212,"55"
3459,-0.703364,0.2673852,-0.338842,"55",-0.703364,0.2673852,-0.338842,"55"
3460,1.0323172,0.2673852,1.7348992,"55",1.0323172,0.2673852,1.7348992,"55"
3461,0.4537562,0.2673852,1.3101422,"55",0.4537562,0.2673852,1.3101422,"55"
3462,-2.521696,0.2673852,-1.118624,"55",-2.521696,0.2673852,-1.118624,"55"
3463,0.6190592,0.2673852,-0.197611,"55",0.6190592,0.2673852,-0.197611,"55"
3464,0.1231502,0.2673852,-0.197611,"55",0.1231502,0.2673852,-0.197611,"55"
3465,0.2058022,0.2673852,1.0396082,"55",0.2058022,0.2673852,1.0396082,"55"
3466,-0.372758,0.2673852,1.6618062,"55",-0.372758,0.2673852,1.6618062,"55"
3467,0.1231502,0.2673852,1.3747412,"55",0.1231502,0.2673852,1.3747412,"55"
3468,-0.45541,0.2673852,-0.265159,"55",-0.45541,0.2673852,-0.265159,"55"
3469,-0.538061,0.2673852,0.2613242,"55",-0.538061,0.2673852,0.2613242,"55"
3470,-2.356393,0.2673852,-1.438662,"55",-2.356393,0.2673852,-1.438662,"55"
3471,0.0404992,0.2673852,0.0735362,"55",0.0404992,0.2673852,0.0735362,"55"
3472,0.0404992,0.2673852,0.8965662,"55",0.0404992,0.2673852,0.8965662,"55"
3473,-0.786016,0.2673852,-0.623051,"55",-0.786016,0.2673852,-0.623051,"55"
3474,2.0241342,0.2673852,2.0397092,"55",2.0241342,0.2673852,2.0397092,"55"
3475,-0.124804,0.2673852,2.2031212,"55",-0.124804,0.2673852,2.2031212,"55"
3476,0.5364082,0.2673852,2.2031212,"55",0.5364082,0.2673852,2.2031212,"55"
3477,-0.703364,0.2673852,0.1340672,"55",-0.703364,0.2673852,0.1340672,"55"
3478,1.5282252,0.2673852,2.0397092,"55",1.5282252,0.2673852,2.0397092,"55"
3479,0.1231502,0.2673852,-1.029067,"55",0.1231502,0.2673852,-1.029067,"55"
3480,1.6108772,0.2673852,1.3747412,"55",1.6108772,0.2673852,1.3747412,"55"
3481,1.8588312,0.2673852,1.1094382,"55",1.8588312,0.2673852,1.1094382,"55"
3482,-0.620713,0.2673852,0.8965662,"55",-0.620713,0.2673852,0.8965662,"55"
3483,1.2802712,0.2673852,0.9675862,"55",1.2802712,0.2673852,0.9675862,"55"
3484,-1.281924,0.2673852,0.1340672,"55",-1.281924,0.2673852,0.1340672,"55"
3485,-0.372758,0.2673852,-0.338842,"55",-0.372758,0.2673852,-0.338842,"55"
3486,-0.207455,0.2673852,0.0043222,"55",-0.207455,0.2673852,0.0043222,"55"
3487,-0.786016,0.2673852,0.4781942,"55",-0.786016,0.2673852,0.4781942,"55"
3488,0.6190592,0.2673852,-0.776109,"55",0.6190592,0.2673852,-0.776109,"55"
3489,0.4537562,0.2673852,1.3101422,"55",0.4537562,0.2673852,1.3101422,"55"
3490,-0.538061,0.2673852,-0.265159,"55",-0.538061,0.2673852,-0.265159,"55"
3491,1.1976192,-0.085653,1.3747412,"56",1.1976192,-0.085653,1.3747412,"56"
3492,-0.372758,-0.085653,-1.219486,"56",-0.372758,-0.085653,-1.219486,"56"
3493,0.4537562,-0.085653,0.6107292,"56",0.4537562,-0.085653,0.6107292,"56"
3494,0.3711052,-0.085653,0.7472282,"56",0.3711052,-0.085653,0.7472282,"56"
3495,0.8670142,-0.085653,-0.197611,"56",0.8670142,-0.085653,-0.197611,"56"
3496,-0.703364,-0.085653,-0.555112,"56",-0.703364,-0.085653,-0.555112,"56"
3497,-0.207455,-0.085653,-1.118624,"56",-0.207455,-0.085653,-1.118624,"56"
3498,0.6190592,-0.085653,1.6618062,"56",0.6190592,-0.085653,1.6618062,"56"
3499,-1.03397,-0.085653,-0.85267,"56",-1.03397,-0.085653,-0.85267,"56"
3500,0.0404992,-0.085653,0.9675862,"56",0.0404992,-0.085653,0.9675862,"56"
3501,0.5364082,-0.085653,0.2613242,"56",0.5364082,-0.085653,0.2613242,"56"
3502,-0.786016,-0.085653,0.9675862,"56",-0.786016,-0.085653,0.9675862,"56"
3503,-0.372758,-0.085653,-1.962075,"56",-0.372758,-0.085653,-1.962075,"56"
3504,0.2884532,-0.085653,-0.338842,"56",0.2884532,-0.085653,-0.338842,"56"
3505,1.1976192,-0.085653,0.8219882,"56",1.1976192,-0.085653,0.8219882,"56"
3506,-0.207455,-0.085653,0.9675862,"56",-0.207455,-0.085653,0.9675862,"56"
3507,0.2884532,-0.085653,1.5792202,"56",0.2884532,-0.085653,1.5792202,"56"
3508,-0.703364,-0.085653,1.7348992,"56",-0.703364,-0.085653,1.7348992,"56"
3509,0.6190592,-0.085653,-0.492781,"56",0.6190592,-0.085653,-0.492781,"56"
3510,-1.695182,-0.085653,-3.666072,"56",-1.695182,-0.085653,-3.666072,"56"
3511,-0.703364,-0.085653,-0.338842,"56",-0.703364,-0.085653,-0.338842,"56"
3512,-0.45541,-0.085653,-1.836687,"56",-0.45541,-0.085653,-1.836687,"56"
3513,0.6190592,-0.085653,1.3747412,"56",0.6190592,-0.085653,1.3747412,"56"
3514,0.6190592,-0.085653,1.6618062,"56",0.6190592,-0.085653,1.6618062,"56"
3515,-1.03397,-0.085653,-1.723882,"56",-1.03397,-0.085653,-1.723882,"56"
3516,-1.860484,-0.085653,-0.265159,"56",-1.860484,-0.085653,-0.265159,"56"
3517,-1.281924,-0.085653,-0.419801,"56",-1.281924,-0.085653,-0.419801,"56"
3518,-0.124804,-0.085653,-0.129085,"56",-0.124804,-0.085653,-0.129085,"56"
3519,-0.290107,-0.085653,-0.623051,"56",-0.290107,-0.085653,-0.623051,"56"
3520,0.1231502,-0.085653,-0.699505,"56",0.1231502,-0.085653,-0.699505,"56"
3521,0.7843622,-0.085653,0.8219882,"56",0.7843622,-0.085653,0.8219882,"56"
3522,0.7017112,-0.085653,0.5443412,"56",0.7017112,-0.085653,0.5443412,"56"
3523,-1.529879,-0.085653,-1.029067,"56",-1.529879,-0.085653,-1.029067,"56"
3524,-1.199273,-0.085653,-1.335315,"56",-1.199273,-0.085653,-1.335315,"56"
3525,1.1976192,-0.085653,1.4395322,"56",1.1976192,-0.085653,1.4395322,"56"
3526,-0.620713,-0.085653,-1.335315,"56",-0.620713,-0.085653,-1.335315,"56"
3527,1.7761802,-0.085653,0.8965662,"56",1.7761802,-0.085653,0.8965662,"56"
3528,-0.372758,-0.085653,0.4026692,"56",-0.372758,-0.085653,0.4026692,"56"
3529,0.3711052,-0.064455,1.0396082,"57",0.3711052,-0.064455,1.0396082,"57"
3530,-0.124804,-0.064455,0.5443412,"57",-0.124804,-0.064455,0.5443412,"57"
3531,0.6190592,-0.064455,-0.492781,"57",0.6190592,-0.064455,-0.492781,"57"
3532,-0.951318,-0.064455,-2.108644,"57",-0.951318,-0.064455,-2.108644,"57"
3533,-0.45541,-0.064455,-0.197611,"57",-0.45541,-0.064455,-0.197611,"57"
3534,1.4455742,-0.064455,1.8138272,"57",1.4455742,-0.064455,1.8138272,"57"
3535,-0.207455,-0.064455,0.4026692,"57",-0.207455,-0.064455,0.4026692,"57"
3536,-1.529879,-0.064455,0.0735362,"57",-1.529879,-0.064455,0.0735362,"57"
3537,1.7761802,-0.064455,0.8965662,"57",1.7761802,-0.064455,0.8965662,"57"
3538,0.5364082,-0.064455,0.8965662,"57",0.5364082,-0.064455,0.8965662,"57"
3539,2.1067862,-0.064455,1.3101422,"57",2.1067862,-0.064455,1.3101422,"57"
3540,-0.124804,-0.064455,1.0396082,"57",-0.124804,-0.064455,1.0396082,"57"
3541,0.3711052,-0.064455,0.0735362,"57",0.3711052,-0.064455,0.0735362,"57"
3542,-0.868667,-0.064455,-0.265159,"57",-0.868667,-0.064455,-0.265159,"57"
3543,-1.281924,-0.064455,-0.492781,"57",-1.281924,-0.064455,-0.492781,"57"
3544,0.0404992,-0.064455,-0.492781,"57",0.0404992,-0.064455,-0.492781,"57"
3545,0.3711052,-0.064455,-0.85267,"57",0.3711052,-0.064455,-0.85267,"57"
3546,1.1149682,-0.064455,-0.419801,"57",1.1149682,-0.064455,-0.419801,"57"
3547,0.0404992,-0.064455,-1.219486,"57",0.0404992,-0.064455,-1.219486,"57"
3548,0.4537562,-0.064455,0.0043222,"57",0.4537562,-0.064455,0.0043222,"57"
3549,-0.538061,-0.064455,0.3280722,"57",-0.538061,-0.064455,0.3280722,"57"
3550,-1.364576,-0.064455,-0.85267,"57",-1.364576,-0.064455,-0.85267,"57"
3551,-1.777833,-0.064455,-1.335315,"57",-1.777833,-0.064455,-1.335315,"57"
3552,0.1231502,-0.064455,-0.197611,"57",0.1231502,-0.064455,-0.197611,"57"
3553,-0.703364,-0.064455,-1.219486,"57",-0.703364,-0.064455,-1.219486,"57"
3554,-1.860484,-0.064455,-1.723882,"57",-1.860484,-0.064455,-1.723882,"57"
3555,0.0404992,-0.064455,0.2613242,"57",0.0404992,-0.064455,0.2613242,"57"
3556,0.3711052,-0.064455,0.5443412,"57",0.3711052,-0.064455,0.5443412,"57"
3557,0.2884532,-0.064455,-0.265159,"57",0.2884532,-0.064455,-0.265159,"57"
3558,-0.620713,-0.064455,0.7472282,"57",-0.620713,-0.064455,0.7472282,"57"
3559,0.1231502,-0.064455,0.8219882,"57",0.1231502,-0.064455,0.8219882,"57"
3560,-0.951318,-0.064455,-0.699505,"57",-0.951318,-0.064455,-0.699505,"57"
3561,-1.03397,-0.064455,-1.526653,"57",-1.03397,-0.064455,-1.526653,"57"
3562,-1.116621,-0.064455,1.0396082,"57",-1.116621,-0.064455,1.0396082,"57"
3563,0.2058022,-0.064455,1.0396082,"57",0.2058022,-0.064455,1.0396082,"57"
3564,0.7843622,-0.064455,0.3280722,"57",0.7843622,-0.064455,0.3280722,"57"
3565,-1.943136,-0.064455,-0.338842,"57",-1.943136,-0.064455,-0.338842,"57"
3566,0.7843622,-0.064455,0.7472282,"57",0.7843622,-0.064455,0.7472282,"57"
3567,-2.521696,-0.064455,-1.962075,"57",-2.521696,-0.064455,-1.962075,"57"
3568,1.0323172,-0.064455,0.8965662,"57",1.0323172,-0.064455,0.8965662,"57"
3569,-0.372758,-0.064455,-0.129085,"57",-0.372758,-0.064455,-0.129085,"57"
3570,0.2884532,-0.064455,0.6107292,"57",0.2884532,-0.064455,0.6107292,"57"
3571,1.1976192,-0.064455,1.6618062,"57",1.1976192,-0.064455,1.6618062,"57"
3572,-0.290107,-0.064455,-0.776109,"57",-0.290107,-0.064455,-0.776109,"57"
3573,1.3629222,-0.064455,0.6787592,"57",1.3629222,-0.064455,0.6787592,"57"
3574,0.7843622,-0.064455,0.8219882,"57",0.7843622,-0.064455,0.8219882,"57"
3575,-0.124804,-0.064455,-0.699505,"57",-0.124804,-0.064455,-0.699505,"57"
3576,0.2058022,-0.064455,0.5443412,"57",0.2058022,-0.064455,0.5443412,"57"
3577,0.1231502,-0.064455,0.5443412,"57",0.1231502,-0.064455,0.5443412,"57"
3578,-1.364576,-0.064455,0.4781942,"57",-1.364576,-0.064455,0.4781942,"57"
3579,0.2058022,-0.064455,-0.129085,"57",0.2058022,-0.064455,-0.129085,"57"
3580,-0.207455,-0.064455,-2.108644,"57",-0.207455,-0.064455,-2.108644,"57"
3581,-1.116621,-0.064455,-1.335315,"57",-1.116621,-0.064455,-1.335315,"57"
3582,-0.124804,-0.064455,0.6107292,"57",-0.124804,-0.064455,0.6107292,"57"
3583,0.3711052,-0.064455,-0.555112,"57",0.3711052,-0.064455,-0.555112,"57"
3584,1.3629222,-0.064455,1.5792202,"57",1.3629222,-0.064455,1.5792202,"57"
3585,-0.786016,-0.064455,-1.029067,"57",-0.786016,-0.064455,-1.029067,"57"
3586,0.4537562,-0.064455,0.6787592,"57",0.4537562,-0.064455,0.6787592,"57"
3587,1.1976192,-0.064455,0.6107292,"57",1.1976192,-0.064455,0.6107292,"57"
3588,0.1231502,-0.064455,-1.335315,"57",0.1231502,-0.064455,-1.335315,"57"
3589,0.7017112,-0.064455,0.6787592,"57",0.7017112,-0.064455,0.6787592,"57"
3590,-0.620713,-0.064455,-0.197611,"57",-0.620713,-0.064455,-0.197611,"57"
3591,-0.45541,-0.064455,0.6787592,"57",-0.45541,-0.064455,0.6787592,"57"
3592,-0.124804,0.2102702,0.3280722,"58",-0.124804,0.2102702,0.3280722,"58"
3593,1.1976192,0.2102702,-1.219486,"58",1.1976192,0.2102702,-1.219486,"58"
3594,1.6935282,0.2102702,0.5443412,"58",1.6935282,0.2102702,0.5443412,"58"
3595,0.4537562,0.2102702,0.6107292,"58",0.4537562,0.2102702,0.6107292,"58"
3596,0.5364082,0.2102702,0.4026692,"58",0.5364082,0.2102702,0.4026692,"58"
3597,2.2720892,0.2102702,1.5061852,"58",2.2720892,0.2102702,1.5061852,"58"
3598,-0.124804,0.2102702,0.6107292,"58",-0.124804,0.2102702,0.6107292,"58"
3599,1.3629222,0.2102702,1.1094382,"58",1.3629222,0.2102702,1.1094382,"58"
3600,-0.786016,0.2102702,-1.438662,"58",-0.786016,0.2102702,-1.438662,"58"
3601,0.5364082,0.2102702,0.4026692,"58",0.5364082,0.2102702,0.4026692,"58"
3602,-0.620713,0.2102702,-0.129085,"58",-0.620713,0.2102702,-0.129085,"58"
3603,-0.868667,0.2102702,-0.265159,"58",-0.868667,0.2102702,-0.265159,"58"
3604,-0.042152,0.2102702,1.4395322,"58",-0.042152,0.2102702,1.4395322,"58"
3605,1.0323172,0.2102702,0.8219882,"58",1.0323172,0.2102702,0.8219882,"58"
3606,1.1149682,0.2102702,0.7472282,"58",1.1149682,0.2102702,0.7472282,"58"
3607,0.7017112,0.2102702,0.8965662,"58",0.7017112,0.2102702,0.8965662,"58"
3608,-0.868667,0.2102702,-1.438662,"58",-0.868667,0.2102702,-1.438662,"58"
3609,-0.207455,0.2102702,0.3280722,"58",-0.207455,0.2102702,0.3280722,"58"
3610,-0.124804,0.2102702,-0.129085,"58",-0.124804,0.2102702,-0.129085,"58"
3611,0.7017112,0.2102702,1.1758492,"58",0.7017112,0.2102702,1.1758492,"58"
3612,1.6935282,0.2102702,0.4026692,"58",1.6935282,0.2102702,0.4026692,"58"
3613,-0.207455,0.2102702,-0.129085,"58",-0.207455,0.2102702,-0.129085,"58"
3614,0.5364082,0.2102702,0.1941492,"58",0.5364082,0.2102702,0.1941492,"58"
3615,-0.868667,0.2102702,-0.492781,"58",-0.868667,0.2102702,-0.492781,"58"
3616,-1.03397,0.2102702,-0.623051,"58",-1.03397,0.2102702,-0.623051,"58"
3617,0.3711052,0.2102702,0.6107292,"58",0.3711052,0.2102702,0.6107292,"58"
3618,0.3711052,0.2102702,0.3280722,"58",0.3711052,0.2102702,0.3280722,"58"
3619,0.8670142,0.2102702,0.9675862,"58",0.8670142,0.2102702,0.9675862,"58"
3620,-0.124804,0.2102702,0.4781942,"58",-0.124804,0.2102702,0.4781942,"58"
3621,-0.124804,0.2102702,0.1340672,"58",-0.124804,0.2102702,0.1340672,"58"
3622,-1.447227,0.2102702,1.2405332,"58",-1.447227,0.2102702,1.2405332,"58"
3623,-0.124804,0.2102702,-0.492781,"58",-0.124804,0.2102702,-0.492781,"58"
3624,-0.620713,0.2102702,0.6787592,"58",-0.620713,0.2102702,0.6787592,"58"
3625,0.6190592,0.2102702,-0.265159,"58",0.6190592,0.2102702,-0.265159,"58"
3626,-0.620713,0.2102702,0.5443412,"58",-0.620713,0.2102702,0.5443412,"58"
3627,1.1149682,0.2102702,0.6787592,"58",1.1149682,0.2102702,0.6787592,"58"
3628,-0.45541,0.2102702,-0.129085,"58",-0.45541,0.2102702,-0.129085,"58"
3629,-0.951318,-0.545095,-1.219486,"59",-0.951318,-0.545095,-1.219486,"59"
3630,0.2884532,-0.545095,0.6107292,"59",0.2884532,-0.545095,0.6107292,"59"
3631,-0.207455,-0.545095,-0.85267,"59",-0.207455,-0.545095,-0.85267,"59"
3632,-2.273742,-0.545095,-0.776109,"59",-2.273742,-0.545095,-0.776109,"59"
3633,-2.273742,-0.545095,-2.291731,"59",-2.273742,-0.545095,-2.291731,"59"
3634,-0.042152,-0.545095,-1.118624,"59",-0.042152,-0.545095,-1.118624,"59"
3635,-0.372758,-0.545095,-0.776109,"59",-0.372758,-0.545095,-0.776109,"59"
3636,0.1231502,-0.545095,-0.776109,"59",0.1231502,-0.545095,-0.776109,"59"
3637,-0.868667,-0.545095,-0.85267,"59",-0.868667,-0.545095,-0.85267,"59"
3638,-0.786016,-0.545095,-0.338842,"59",-0.786016,-0.545095,-0.338842,"59"
3639,1.5282252,-0.545095,-0.129085,"59",1.5282252,-0.545095,-0.129085,"59"
3640,-0.786016,-0.545095,-1.526653,"59",-0.786016,-0.545095,-1.526653,"59"
3641,0.6190592,-0.545095,-0.492781,"59",0.6190592,-0.545095,-0.492781,"59"
3642,-0.372758,-0.545095,-0.939378,"59",-0.372758,-0.545095,-0.939378,"59"
3643,-0.703364,-0.545095,-0.623051,"59",-0.703364,-0.545095,-0.623051,"59"
3644,-1.364576,-0.545095,-1.438662,"59",-1.364576,-0.545095,-1.438662,"59"
3645,-0.207455,-0.545095,-2.75266,"59",-0.207455,-0.545095,-2.75266,"59"
3646,-1.199273,-0.545095,-1.219486,"59",-1.199273,-0.545095,-1.219486,"59"
3647,0.5364082,-0.545095,-1.118624,"59",0.5364082,-0.545095,-1.118624,"59"
3648,0.6190592,-0.545095,-0.129085,"59",0.6190592,-0.545095,-0.129085,"59"
3649,0.3711052,-0.545095,-0.338842,"59",0.3711052,-0.545095,-0.338842,"59"
3650,-0.786016,-0.545095,-0.939378,"59",-0.786016,-0.545095,-0.939378,"59"
3651,-0.538061,-0.545095,0.6107292,"59",-0.538061,-0.545095,0.6107292,"59"
3652,-0.703364,-0.545095,-1.723882,"59",-0.703364,-0.545095,-1.723882,"59"
3653,-0.372758,-0.545095,-1.962075,"59",-0.372758,-0.545095,-1.962075,"59"
3654,0.1231502,-0.545095,-0.85267,"59",0.1231502,-0.545095,-0.85267,"59"
3655,-2.604348,-0.545095,-2.108644,"59",-2.604348,-0.545095,-2.108644,"59"
3656,-0.951318,-0.545095,-1.836687,"59",-0.951318,-0.545095,-1.836687,"59"
3657,-0.042152,-0.545095,-1.219486,"59",-0.042152,-0.545095,-1.219486,"59"
3658,0.3711052,-0.545095,-1.219486,"59",0.3711052,-0.545095,-1.219486,"59"
3659,-1.116621,-0.545095,-1.836687,"59",-1.116621,-0.545095,-1.836687,"59"
3660,-0.868667,-0.545095,-0.85267,"59",-0.868667,-0.545095,-0.85267,"59"
3661,-0.042152,-0.545095,-1.526653,"59",-0.042152,-0.545095,-1.526653,"59"
3662,-1.943136,-0.545095,-1.962075,"59",-1.943136,-0.545095,-1.962075,"59"
3663,-1.199273,-0.545095,-0.555112,"59",-1.199273,-0.545095,-0.555112,"59"
3664,-1.529879,-0.545095,-1.438662,"59",-1.529879,-0.545095,-1.438662,"59"
3665,-1.364576,-0.545095,-0.419801,"59",-1.364576,-0.545095,-0.419801,"59"
3666,-2.19109,-0.545095,-2.108644,"59",-2.19109,-0.545095,-2.108644,"59"
3667,0.0404992,-0.545095,-0.939378,"59",0.0404992,-0.545095,-0.939378,"59"
3668,-0.207455,-0.545095,-1.836687,"59",-0.207455,-0.545095,-1.836687,"59"
3669,1.6108772,-0.545095,0.1941492,"59",1.6108772,-0.545095,0.1941492,"59"
3670,-0.042152,-0.545095,0.4026692,"59",-0.042152,-0.545095,0.4026692,"59"
3671,0.3711052,-0.545095,-1.526653,"59",0.3711052,-0.545095,-1.526653,"59"
3672,-1.199273,-0.545095,-1.335315,"59",-1.199273,-0.545095,-1.335315,"59"
3673,-0.124804,-0.545095,-0.939378,"59",-0.124804,-0.545095,-0.939378,"59"
3674,0.1231502,-0.545095,-1.335315,"59",0.1231502,-0.545095,-1.335315,"59"
3675,-2.108439,-0.545095,-0.939378,"59",-2.108439,-0.545095,-0.939378,"59"
3676,-0.372758,-0.088644,-0.062088,"60",-0.372758,-0.088644,-0.062088,"60"
3677,-1.116621,-0.088644,-0.492781,"60",-1.116621,-0.088644,-0.492781,"60"
3678,-0.951318,-0.088644,-0.699505,"60",-0.951318,-0.088644,-0.699505,"60"
3679,-1.529879,-0.088644,0.2613242,"60",-1.529879,-0.088644,0.2613242,"60"
3680,1.3629222,-0.088644,1.2405332,"60",1.3629222,-0.088644,1.2405332,"60"
3681,-0.290107,-0.088644,0.1941492,"60",-0.290107,-0.088644,0.1941492,"60"
3682,-0.951318,-0.088644,-0.129085,"60",-0.951318,-0.088644,-0.129085,"60"
3683,0.2884532,-0.088644,1.0396082,"60",0.2884532,-0.088644,1.0396082,"60"
3684,0.8670142,-0.088644,0.1941492,"60",0.8670142,-0.088644,0.1941492,"60"
3685,0.9496652,-0.088644,2.2031212,"60",0.9496652,-0.088644,2.2031212,"60"
3686,-0.207455,-0.088644,-0.129085,"60",-0.207455,-0.088644,-0.129085,"60"
3687,0.6190592,-0.088644,0.8965662,"60",0.6190592,-0.088644,0.8965662,"60"
3688,-2.025787,-0.088644,-0.939378,"60",-2.025787,-0.088644,-0.939378,"60"
3689,2.2720892,-0.088644,2.5323522,"60",2.2720892,-0.088644,2.5323522,"60"
3690,0.2884532,-0.088644,1.2405332,"60",0.2884532,-0.088644,1.2405332,"60"
3691,-0.620713,-0.088644,-1.029067,"60",-0.620713,-0.088644,-1.029067,"60"
3692,-0.45541,-0.088644,1.2405332,"60",-0.45541,-0.088644,1.2405332,"60"
3693,0.3711052,-0.088644,0.4781942,"60",0.3711052,-0.088644,0.4781942,"60"
3694,-0.207455,-0.088644,-0.265159,"60",-0.207455,-0.088644,-0.265159,"60"
3695,-0.538061,-0.088644,0.1340672,"60",-0.538061,-0.088644,0.1340672,"60"
3696,0.1231502,-0.088644,1.1758492,"60",0.1231502,-0.088644,1.1758492,"60"
3697,0.4537562,-0.088644,0.4781942,"60",0.4537562,-0.088644,0.4781942,"60"
3698,0.6190592,-0.088644,-1.836687,"60",0.6190592,-0.088644,-1.836687,"60"
3699,-0.786016,-0.088644,-0.776109,"60",-0.786016,-0.088644,-0.776109,"60"
3700,-1.61253,-0.088644,-0.129085,"60",-1.61253,-0.088644,-0.129085,"60"
3701,0.6190592,-0.088644,2.4086922,"60",0.6190592,-0.088644,2.4086922,"60"
3702,0.7017112,-0.088644,0.8219882,"60",0.7017112,-0.088644,0.8219882,"60"
3703,-1.529879,-0.088644,-1.029067,"60",-1.529879,-0.088644,-1.029067,"60"
3704,0.3711052,-0.088644,-1.029067,"60",0.3711052,-0.088644,-1.029067,"60"
3705,-0.207455,-0.088644,-1.219486,"60",-0.207455,-0.088644,-1.219486,"60"
3706,-1.61253,-0.088644,-0.699505,"60",-1.61253,-0.088644,-0.699505,"60"
3707,-1.03397,-0.088644,0.0043222,"60",-1.03397,-0.088644,0.0043222,"60"
3708,0.6190592,-0.088644,0.7472282,"60",0.6190592,-0.088644,0.7472282,"60"
3709,1.4455742,-0.088644,2.4086922,"60",1.4455742,-0.088644,2.4086922,"60"
3710,0.1231502,-0.088644,0.2613242,"60",0.1231502,-0.088644,0.2613242,"60"
3711,-0.45541,-0.088644,-1.029067,"60",-0.45541,-0.088644,-1.029067,"60"
3712,1.6108772,-0.088644,1.1094382,"60",1.6108772,-0.088644,1.1094382,"60"
3713,0.4537562,-0.088644,0.4026692,"60",0.4537562,-0.088644,0.4026692,"60"
3714,0.1231502,-0.088644,1.1094382,"60",0.1231502,-0.088644,1.1094382,"60"
3715,-0.620713,-0.088644,-1.219486,"60",-0.620713,-0.088644,-1.219486,"60"
3716,0.0404992,-0.088644,0.6787592,"60",0.0404992,-0.088644,0.6787592,"60"
3717,0.1231502,-0.088644,-0.197611,"60",0.1231502,-0.088644,-0.197611,"60"
3718,-0.868667,-0.088644,0.6787592,"60",-0.868667,-0.088644,0.6787592,"60"
3719,0.9496652,-0.088644,1.9003352,"60",0.9496652,-0.088644,1.9003352,"60"
3720,0.7843622,-0.088644,0.8219882,"60",0.7843622,-0.088644,0.8219882,"60"
3721,-0.868667,-0.088644,-0.338842,"60",-0.868667,-0.088644,-0.338842,"60"
3722,0.2058022,-0.088644,-0.85267,"60",0.2058022,-0.088644,-0.85267,"60"
3723,-0.786016,-0.088644,-0.419801,"60",-0.786016,-0.088644,-0.419801,"60"
3724,0.8670142,-0.088644,0.4781942,"60",0.8670142,-0.088644,0.4781942,"60"
3725,-0.951318,-0.088644,-0.419801,"60",-0.951318,-0.088644,-0.419801,"60"
3726,-1.943136,-0.088644,-0.623051,"60",-1.943136,-0.088644,-0.623051,"60"
3727,-0.042152,-0.088644,0.0043222,"60",-0.042152,-0.088644,0.0043222,"60"
3728,0.2884532,-0.088644,-0.062088,"60",0.2884532,-0.088644,-0.062088,"60"
3729,0.2058022,-0.088644,0.2613242,"60",0.2058022,-0.088644,0.2613242,"60"
3730,1.0323172,-0.088644,0.8219882,"60",1.0323172,-0.088644,0.8219882,"60"
3731,0.6190592,-0.088644,1.3101422,"60",0.6190592,-0.088644,1.3101422,"60"
3732,0.2884532,-0.088644,1.1094382,"60",0.2884532,-0.088644,1.1094382,"60"
3733,-1.199273,-0.088644,0.1941492,"60",-1.199273,-0.088644,0.1941492,"60"
3734,-0.45541,-0.088644,-0.197611,"60",-0.45541,-0.088644,-0.197611,"60"
3735,-0.703364,-0.088644,-0.197611,"60",-0.703364,-0.088644,-0.197611,"60"
3736,-0.124804,-0.088644,-0.492781,"60",-0.124804,-0.088644,-0.492781,"60"
3737,0.0404992,-0.088644,-0.129085,"60",0.0404992,-0.088644,-0.129085,"60"
3738,0.2884532,-0.088644,-0.85267,"60",0.2884532,-0.088644,-0.85267,"60"
3739,-0.042152,-0.088644,0.4026692,"60",-0.042152,-0.088644,0.4026692,"60"
3740,1.2802712,-0.088644,1.3101422,"60",1.2802712,-0.088644,1.3101422,"60"
3741,-0.124804,-0.088644,0.4781942,"60",-0.124804,-0.088644,0.4781942,"60"
3742,1.2802712,-0.088644,0.4781942,"60",1.2802712,-0.088644,0.4781942,"60"
3743,1.0323172,-0.088644,-0.776109,"60",1.0323172,-0.088644,-0.776109,"60"
3744,-1.447227,-0.088644,-0.699505,"60",-1.447227,-0.088644,-0.699505,"60"
3745,-1.116621,-0.088644,-0.776109,"60",-1.116621,-0.088644,-0.776109,"60"
3746,-1.116621,-0.088644,-0.197611,"60",-1.116621,-0.088644,-0.197611,"60"
3747,-0.703364,-0.088644,-0.85267,"60",-0.703364,-0.088644,-0.85267,"60"
3748,-1.61253,-0.088644,-0.419801,"60",-1.61253,-0.088644,-0.419801,"60"
3749,-0.290107,-0.088644,-0.062088,"60",-0.290107,-0.088644,-0.062088,"60"
3750,1.1149682,-0.088644,0.9675862,"60",1.1149682,-0.088644,0.9675862,"60"
3751,-0.45541,-0.088644,0.4781942,"60",-0.45541,-0.088644,0.4781942,"60"
3752,0.1231502,-0.088644,-0.338842,"60",0.1231502,-0.088644,-0.338842,"60"
3753,0.1231502,-0.088644,0.8219882,"60",0.1231502,-0.088644,0.8219882,"60"
3754,0.7843622,-0.088644,1.8138272,"60",0.7843622,-0.088644,1.8138272,"60"
3755,-0.868667,-0.088644,-0.338842,"60",-0.868667,-0.088644,-0.338842,"60"
3756,-1.943136,-0.020198,-1.219486,"61",-1.943136,-0.020198,-1.219486,"61"
3757,0.4537562,-0.020198,1.5061852,"61",0.4537562,-0.020198,1.5061852,"61"
3758,-1.116621,-0.020198,0.0735362,"61",-1.116621,-0.020198,0.0735362,"61"
3759,-1.03397,-0.020198,-0.492781,"61",-1.03397,-0.020198,-0.492781,"61"
3760,-0.786016,-0.020198,-2.291731,"61",-0.786016,-0.020198,-2.291731,"61"
3761,-1.199273,-0.020198,-0.419801,"61",-1.199273,-0.020198,-0.419801,"61"
3762,0.3711052,-0.020198,1.2405332,"61",0.3711052,-0.020198,1.2405332,"61"
3763,0.3711052,-0.020198,-0.419801,"61",0.3711052,-0.020198,-0.419801,"61"
3764,-0.538061,-0.020198,-1.029067,"61",-0.538061,-0.020198,-1.029067,"61"
3765,0.1231502,-0.020198,-1.836687,"61",0.1231502,-0.020198,-1.836687,"61"
3766,-1.61253,-0.020198,-1.118624,"61",-1.61253,-0.020198,-1.118624,"61"
3767,-0.45541,-0.020198,-0.776109,"61",-0.45541,-0.020198,-0.776109,"61"
3768,1.1149682,-0.020198,-0.492781,"61",1.1149682,-0.020198,-0.492781,"61"
3769,0.1231502,-0.020198,-2.291731,"61",0.1231502,-0.020198,-2.291731,"61"
3770,1.1149682,-0.020198,1.0396082,"61",1.1149682,-0.020198,1.0396082,"61"
3771,-0.124804,-0.020198,0.8219882,"61",-0.124804,-0.020198,0.8219882,"61"
3772,-0.124804,-0.020198,1.1758492,"61",-0.124804,-0.020198,1.1758492,"61"
3773,-0.042152,-0.020198,0.0735362,"61",-0.042152,-0.020198,0.0735362,"61"
3774,-1.447227,-0.020198,0.9675862,"61",-1.447227,-0.020198,0.9675862,"61"
3775,-0.124804,-0.020198,0.4026692,"61",-0.124804,-0.020198,0.4026692,"61"
3776,1.2802712,-0.020198,1.8138272,"61",1.2802712,-0.020198,1.8138272,"61"
3777,0.0404992,-0.020198,0.2613242,"61",0.0404992,-0.020198,0.2613242,"61"
3778,-0.372758,-0.020198,-1.029067,"61",-0.372758,-0.020198,-1.029067,"61"
3779,0.2884532,-0.020198,-0.062088,"61",0.2884532,-0.020198,-0.062088,"61"
3780,-0.207455,-0.020198,-0.129085,"61",-0.207455,-0.020198,-0.129085,"61"
3781,0.8670142,-0.020198,0.6787592,"61",0.8670142,-0.020198,0.6787592,"61"
3782,-1.695182,-0.020198,-1.526653,"61",-1.695182,-0.020198,-1.526653,"61"
3783,1.0323172,-0.020198,0.5443412,"61",1.0323172,-0.020198,0.5443412,"61"
3784,-0.124804,-0.020198,0.6107292,"61",-0.124804,-0.020198,0.6107292,"61"
3785,0.2884532,-0.020198,0.6787592,"61",0.2884532,-0.020198,0.6787592,"61"
3786,0.4537562,-0.020198,0.6107292,"61",0.4537562,-0.020198,0.6107292,"61"
3787,0.7017112,-0.020198,0.6787592,"61",0.7017112,-0.020198,0.6787592,"61"
3788,-1.199273,-0.020198,-1.526653,"61",-1.199273,-0.020198,-1.526653,"61"
3789,0.5364082,-0.020198,-0.419801,"61",0.5364082,-0.020198,-0.419801,"61"
3790,-0.124804,-0.020198,-0.776109,"61",-0.124804,-0.020198,-0.776109,"61"
3791,-0.868667,-0.020198,-0.492781,"61",-0.868667,-0.020198,-0.492781,"61"
3792,0.2884532,-0.020198,0.0735362,"61",0.2884532,-0.020198,0.0735362,"61"
3793,0.4537562,-0.020198,0.7472282,"61",0.4537562,-0.020198,0.7472282,"61"
3794,0.6190592,-0.020198,-1.219486,"61",0.6190592,-0.020198,-1.219486,"61"
3795,-0.786016,-0.020198,-0.939378,"61",-0.786016,-0.020198,-0.939378,"61"
3796,0.3711052,-0.020198,-0.419801,"61",0.3711052,-0.020198,-0.419801,"61"
3797,1.3629222,-0.020198,0.0735362,"61",1.3629222,-0.020198,0.0735362,"61"
3798,2.3547402,-0.020198,1.2405332,"61",2.3547402,-0.020198,1.2405332,"61"
3799,-0.372758,-0.020198,0.8219882,"61",-0.372758,-0.020198,0.8219882,"61"
3800,-1.116621,-0.020198,-1.438662,"61",-1.116621,-0.020198,-1.438662,"61"
3801,0.3711052,-0.020198,0.8965662,"61",0.3711052,-0.020198,0.8965662,"61"
3802,0.1231502,-0.020198,-1.029067,"61",0.1231502,-0.020198,-1.029067,"61"
3803,-2.025787,-0.020198,-2.510121,"61",-2.025787,-0.020198,-2.510121,"61"
3804,0.1231502,-0.020198,0.1941492,"61",0.1231502,-0.020198,0.1941492,"61"
3805,2.8506492,-0.020198,1.8138272,"61",2.8506492,-0.020198,1.8138272,"61"
3806,0.0404992,-0.020198,0.8219882,"61",0.0404992,-0.020198,0.8219882,"61"
3807,-0.042152,-0.020198,1.3747412,"61",-0.042152,-0.020198,1.3747412,"61"
3808,-1.860484,-0.020198,-0.129085,"61",-1.860484,-0.020198,-0.129085,"61"
3809,0.2058022,-0.020198,-0.265159,"61",0.2058022,-0.020198,-0.265159,"61"
3810,-0.703364,-0.020198,-1.962075,"61",-0.703364,-0.020198,-1.962075,"61"
3811,2.1067862,-0.020198,1.5792202,"61",2.1067862,-0.020198,1.5792202,"61"
3812,0.9496652,-0.020198,1.5061852,"61",0.9496652,-0.020198,1.5061852,"61"
3813,0.6190592,-0.020198,-0.338842,"61",0.6190592,-0.020198,-0.338842,"61"
3814,-0.951318,-0.020198,0.8219882,"61",-0.951318,-0.020198,0.8219882,"61"
3815,-0.538061,-0.020198,0.3280722,"61",-0.538061,-0.020198,0.3280722,"61"
3816,0.8670142,-0.020198,0.6787592,"61",0.8670142,-0.020198,0.6787592,"61"
3817,0.4537562,-0.020198,0.9675862,"61",0.4537562,-0.020198,0.9675862,"61"
3818,-1.199273,-0.020198,-1.526653,"61",-1.199273,-0.020198,-1.526653,"61"
3819,0.1231502,-0.020198,-0.338842,"61",0.1231502,-0.020198,-0.338842,"61"
3820,-0.372758,0.1673862,0.0043222,"62",-0.372758,0.1673862,0.0043222,"62"
3821,-0.620713,0.1673862,-0.699505,"62",-0.620713,0.1673862,-0.699505,"62"
3822,1.1149682,0.1673862,0.4026692,"62",1.1149682,0.1673862,0.4026692,"62"
3823,0.2058022,0.1673862,0.1340672,"62",0.2058022,0.1673862,0.1340672,"62"
3824,0.6190592,0.1673862,0.6107292,"62",0.6190592,0.1673862,0.6107292,"62"
3825,0.7843622,0.1673862,0.1340672,"62",0.7843622,0.1673862,0.1340672,"62"
3826,0.2058022,0.1673862,1.5792202,"62",0.2058022,0.1673862,1.5792202,"62"
3827,0.0404992,0.1673862,0.1941492,"62",0.0404992,0.1673862,0.1941492,"62"
3828,1.6108772,0.1673862,1.0396082,"62",1.6108772,0.1673862,1.0396082,"62"
3829,-0.042152,0.1673862,0.1340672,"62",-0.042152,0.1673862,0.1340672,"62"
3830,1.3629222,0.1673862,1.2405332,"62",1.3629222,0.1673862,1.2405332,"62"
3831,-0.703364,0.1673862,-0.338842,"62",-0.703364,0.1673862,-0.338842,"62"
3832,0.5364082,0.1673862,0.4026692,"62",0.5364082,0.1673862,0.4026692,"62"
3833,0.6190592,0.1673862,0.8219882,"62",0.6190592,0.1673862,0.8219882,"62"
3834,1.1149682,0.1673862,-0.555112,"62",1.1149682,0.1673862,-0.555112,"62"
3835,-0.372758,0.1673862,0.8219882,"62",-0.372758,0.1673862,0.8219882,"62"
3836,-0.042152,0.1673862,-1.526653,"62",-0.042152,0.1673862,-1.526653,"62"
3837,-0.290107,0.1673862,-0.555112,"62",-0.290107,0.1673862,-0.555112,"62"
3838,-0.290107,0.1673862,-1.118624,"62",-0.290107,0.1673862,-1.118624,"62"
3839,1.1149682,0.1673862,1.5061852,"62",1.1149682,0.1673862,1.5061852,"62"
3840,-0.538061,0.1673862,-2.108644,"62",-0.538061,0.1673862,-2.108644,"62"
3841,-0.538061,0.1673862,-0.265159,"62",-0.538061,0.1673862,-0.265159,"62"
3842,0.4537562,0.1673862,0.3280722,"62",0.4537562,0.1673862,0.3280722,"62"
3843,-0.372758,0.1673862,-0.062088,"62",-0.372758,0.1673862,-0.062088,"62"
3844,0.1231502,0.1673862,-0.062088,"62",0.1231502,0.1673862,-0.062088,"62"
3845,0.0404992,0.1673862,0.1941492,"62",0.0404992,0.1673862,0.1941492,"62"
3846,0.1231502,0.1673862,-1.836687,"62",0.1231502,0.1673862,-1.836687,"62"
3847,0.7843622,0.1673862,0.0735362,"62",0.7843622,0.1673862,0.0735362,"62"
3848,-0.042152,0.1673862,-0.419801,"62",-0.042152,0.1673862,-0.419801,"62"
3849,0.8670142,0.1673862,0.8219882,"62",0.8670142,0.1673862,0.8219882,"62"
3850,-0.207455,0.1673862,-0.338842,"62",-0.207455,0.1673862,-0.338842,"62"
3851,-0.124804,0.1673862,1.1758492,"62",-0.124804,0.1673862,1.1758492,"62"
3852,-1.03397,0.1673862,-1.438662,"62",-1.03397,0.1673862,-1.438662,"62"
3853,0.6190592,0.1673862,0.4781942,"62",0.6190592,0.1673862,0.4781942,"62"
3854,-0.372758,0.1673862,-0.265159,"62",-0.372758,0.1673862,-0.265159,"62"
3855,0.2058022,0.1673862,1.2405332,"62",0.2058022,0.1673862,1.2405332,"62"
3856,1.1149682,0.1673862,1.0396082,"62",1.1149682,0.1673862,1.0396082,"62"
3857,-2.19109,0.1673862,-1.526653,"62",-2.19109,0.1673862,-1.526653,"62"
3858,0.7843622,0.1673862,-0.85267,"62",0.7843622,0.1673862,-0.85267,"62"
3859,-0.45541,0.1673862,-0.492781,"62",-0.45541,0.1673862,-0.492781,"62"
3860,-0.951318,0.1673862,0.2613242,"62",-0.951318,0.1673862,0.2613242,"62"
3861,0.2884532,0.1673862,-0.699505,"62",0.2884532,0.1673862,-0.699505,"62"
3862,0.4537562,0.1673862,0.7472282,"62",0.4537562,0.1673862,0.7472282,"62"
3863,0.7843622,0.1673862,0.8219882,"62",0.7843622,0.1673862,0.8219882,"62"
3864,0.3711052,0.1673862,-0.265159,"62",0.3711052,0.1673862,-0.265159,"62"
3865,-0.290107,0.1673862,-1.118624,"62",-0.290107,0.1673862,-1.118624,"62"
3866,-0.290107,0.1673862,-0.623051,"62",-0.290107,0.1673862,-0.623051,"62"
3867,-0.951318,0.1673862,0.2613242,"62",-0.951318,0.1673862,0.2613242,"62"
3868,-0.786016,0.1673862,-0.062088,"62",-0.786016,0.1673862,-0.062088,"62"
3869,0.2884532,0.1673862,-0.338842,"62",0.2884532,0.1673862,-0.338842,"62"
3870,-0.207455,0.1673862,-0.939378,"62",-0.207455,0.1673862,-0.939378,"62"
3871,0.8670142,0.1673862,-0.129085,"62",0.8670142,0.1673862,-0.129085,"62"
3872,0.6190592,0.1673862,-0.062088,"62",0.6190592,0.1673862,-0.062088,"62"
3873,0.7017112,0.1673862,-0.699505,"62",0.7017112,0.1673862,-0.699505,"62"
3874,0.9496652,0.1673862,1.1758492,"62",0.9496652,0.1673862,1.1758492,"62"
3875,0.5364082,0.1673862,1.0396082,"62",0.5364082,0.1673862,1.0396082,"62"
3876,1.0323172,0.1673862,0.4781942,"62",1.0323172,0.1673862,0.4781942,"62"
3877,-0.868667,0.1673862,-0.776109,"62",-0.868667,0.1673862,-0.776109,"62"
3878,1.1976192,0.1673862,0.1340672,"62",1.1976192,0.1673862,0.1340672,"62"
3879,1.8588312,0.1673862,1.4395322,"62",1.8588312,0.1673862,1.4395322,"62"
3880,0.0404992,0.1673862,-0.062088,"62",0.0404992,0.1673862,-0.062088,"62"
3881,1.7761802,0.1673862,1.9771072,"62",1.7761802,0.1673862,1.9771072,"62"
3882,-0.538061,0.1673862,-0.699505,"62",-0.538061,0.1673862,-0.699505,"62"
3883,0.9496652,0.1673862,-0.338842,"62",0.9496652,0.1673862,-0.338842,"62"
3884,-1.529879,0.1673862,0.6107292,"62",-1.529879,0.1673862,0.6107292,"62"
3885,0.7017112,0.1673862,-0.939378,"62",0.7017112,0.1673862,-0.939378,"62"
3886,0.5364082,0.1673862,0.4781942,"62",0.5364082,0.1673862,0.4781942,"62"
3887,-0.042152,0.1673862,0.0043222,"62",-0.042152,0.1673862,0.0043222,"62"
3888,0.7017112,0.1673862,1.1094382,"62",0.7017112,0.1673862,1.1094382,"62"
3889,-0.951318,0.1673862,-0.197611,"62",-0.951318,0.1673862,-0.197611,"62"
3890,-1.199273,0.1673862,0.1941492,"62",-1.199273,0.1673862,0.1941492,"62"
3891,0.4537562,0.1562112,1.4395322,"63",0.4537562,0.1562112,1.4395322,"63"
3892,0.7017112,0.1562112,0.1941492,"63",0.7017112,0.1562112,0.1941492,"63"
3893,-0.45541,0.1562112,0.4026692,"63",-0.45541,0.1562112,0.4026692,"63"
3894,0.0404992,0.1562112,1.4395322,"63",0.0404992,0.1562112,1.4395322,"63"
3895,0.2884532,0.1562112,0.0735362,"63",0.2884532,0.1562112,0.0735362,"63"
3896,0.2058022,0.1562112,1.0396082,"63",0.2058022,0.1562112,1.0396082,"63"
3897,1.4455742,0.1562112,1.1094382,"63",1.4455742,0.1562112,1.1094382,"63"
3898,-0.207455,0.1562112,1.3101422,"63",-0.207455,0.1562112,1.3101422,"63"
3899,-0.124804,0.1562112,-0.555112,"63",-0.124804,0.1562112,-0.555112,"63"
3900,-0.372758,0.1562112,0.5443412,"63",-0.372758,0.1562112,0.5443412,"63"
3901,0.4537562,0.1562112,0.4781942,"63",0.4537562,0.1562112,0.4781942,"63"
3902,-0.124804,0.1562112,-0.492781,"63",-0.124804,0.1562112,-0.492781,"63"
3903,0.5364082,0.1562112,-0.338842,"63",0.5364082,0.1562112,-0.338842,"63"
3904,-0.207455,0.1562112,0.0735362,"63",-0.207455,0.1562112,0.0735362,"63"
3905,2.3547402,0.1562112,2.1029752,"63",2.3547402,0.1562112,2.1029752,"63"
3906,-0.45541,0.1562112,0.8965662,"63",-0.45541,0.1562112,0.8965662,"63"
3907,-0.703364,0.1562112,1.7348992,"63",-0.703364,0.1562112,1.7348992,"63"
3908,1.1149682,0.1562112,1.5792202,"63",1.1149682,0.1562112,1.5792202,"63"
3909,-0.620713,0.1562112,0.6107292,"63",-0.620713,0.1562112,0.6107292,"63"
3910,-0.372758,0.1562112,1.1094382,"63",-0.372758,0.1562112,1.1094382,"63"
3911,0.7017112,0.1562112,0.4026692,"63",0.7017112,0.1562112,0.4026692,"63"
3912,0.3711052,0.1562112,1.9771072,"63",0.3711052,0.1562112,1.9771072,"63"
3913,0.7017112,0.1562112,0.8965662,"63",0.7017112,0.1562112,0.8965662,"63"
3914,-0.124804,0.1562112,0.8219882,"63",-0.124804,0.1562112,0.8219882,"63"
3915,0.3711052,0.1562112,0.8219882,"63",0.3711052,0.1562112,0.8219882,"63"
3916,-0.868667,0.1562112,0.4026692,"63",-0.868667,0.1562112,0.4026692,"63"
3917,0.3711052,0.1562112,1.4395322,"63",0.3711052,0.1562112,1.4395322,"63"
3918,-1.03397,0.1562112,0.0735362,"63",-1.03397,0.1562112,0.0735362,"63"
3919,1.1976192,0.1562112,0.4781942,"63",1.1976192,0.1562112,0.4781942,"63"
3920,-0.951318,0.1562112,0.0043222,"63",-0.951318,0.1562112,0.0043222,"63"
3921,1.0323172,0.4341442,0.8965662,"64",1.0323172,0.4341442,0.8965662,"64"
3922,1.3629222,0.4341442,1.6618062,"64",1.3629222,0.4341442,1.6618062,"64"
3923,-1.447227,0.4341442,-0.338842,"64",-1.447227,0.4341442,-0.338842,"64"
3924,1.6935282,0.4341442,0.8965662,"64",1.6935282,0.4341442,0.8965662,"64"
3925,1.8588312,0.4341442,1.9771072,"64",1.8588312,0.4341442,1.9771072,"64"
3926,-0.207455,0.4341442,0.0735362,"64",-0.207455,0.4341442,0.0735362,"64"
3927,0.8670142,0.4341442,1.7348992,"64",0.8670142,0.4341442,1.7348992,"64"
3928,1.4455742,0.4341442,0.8965662,"64",1.4455742,0.4341442,0.8965662,"64"
3929,-1.281924,0.4341442,-0.939378,"64",-1.281924,0.4341442,-0.939378,"64"
3930,0.3711052,0.4341442,0.4781942,"64",0.3711052,0.4341442,0.4781942,"64"
3931,0.2884532,0.4341442,0.1340672,"64",0.2884532,0.4341442,0.1340672,"64"
3932,-0.538061,0.4341442,-1.118624,"64",-0.538061,0.4341442,-1.118624,"64"
3933,1.1976192,0.4341442,1.7348992,"64",1.1976192,0.4341442,1.7348992,"64"
3934,0.6190592,0.4341442,0.8965662,"64",0.6190592,0.4341442,0.8965662,"64"
3935,0.8670142,0.4341442,0.7472282,"64",0.8670142,0.4341442,0.7472282,"64"
3936,0.6190592,0.4341442,0.9675862,"64",0.6190592,0.4341442,0.9675862,"64"
3937,0.3711052,0.4341442,-1.438662,"64",0.3711052,0.4341442,-1.438662,"64"
3938,1.4455742,0.4341442,0.8965662,"64",1.4455742,0.4341442,0.8965662,"64"
3939,1.7761802,0.4341442,1.1758492,"64",1.7761802,0.4341442,1.1758492,"64"
3940,0.2884532,0.4341442,-1.962075,"64",0.2884532,0.4341442,-1.962075,"64"
3941,1.9414832,0.4341442,0.1941492,"64",1.9414832,0.4341442,0.1941492,"64"
3942,-0.538061,0.4341442,-0.197611,"64",-0.538061,0.4341442,-0.197611,"64"
3943,-1.116621,0.4341442,-0.699505,"64",-1.116621,0.4341442,-0.699505,"64"
3944,0.2884532,0.4341442,-0.197611,"64",0.2884532,0.4341442,-0.197611,"64"
3945,-0.868667,0.4341442,-0.197611,"64",-0.868667,0.4341442,-0.197611,"64"
3946,0.4537562,0.4341442,0.6107292,"64",0.4537562,0.4341442,0.6107292,"64"
3947,0.9496652,0.4341442,-0.197611,"64",0.9496652,0.4341442,-0.197611,"64"
3948,0.8670142,0.4341442,2.0397092,"64",0.8670142,0.4341442,2.0397092,"64"
3949,-1.943136,0.4341442,-1.335315,"64",-1.943136,0.4341442,-1.335315,"64"
3950,0.1231502,0.4341442,0.6107292,"64",0.1231502,0.4341442,0.6107292,"64"
3951,0.7017112,0.4341442,-0.197611,"64",0.7017112,0.4341442,-0.197611,"64"
3952,-0.124804,0.4341442,0.6787592,"64",-0.124804,0.4341442,0.6787592,"64"
3953,0.2884532,0.4341442,0.1941492,"64",0.2884532,0.4341442,0.1941492,"64"
3954,0.2884532,0.4341442,0.6787592,"64",0.2884532,0.4341442,0.6787592,"64"
3955,0.6190592,0.4341442,0.3280722,"64",0.6190592,0.4341442,0.3280722,"64"
3956,-0.703364,0.4341442,-1.723882,"64",-0.703364,0.4341442,-1.723882,"64"
3957,1.4455742,0.4341442,1.5792202,"64",1.4455742,0.4341442,1.5792202,"64"
3958,-1.943136,0.4341442,-1.723882,"64",-1.943136,0.4341442,-1.723882,"64"
3959,0.4537562,0.4341442,0.1340672,"64",0.4537562,0.4341442,0.1340672,"64"
3960,0.9496652,0.4341442,1.2405332,"64",0.9496652,0.4341442,1.2405332,"64"
3961,1.6108772,0.4341442,1.0396082,"64",1.6108772,0.4341442,1.0396082,"64"
3962,-0.538061,0.4341442,0.3280722,"64",-0.538061,0.4341442,0.3280722,"64"
3963,2.1067862,0.4341442,1.3101422,"64",2.1067862,0.4341442,1.3101422,"64"
3964,-0.620713,0.4341442,-0.939378,"64",-0.620713,0.4341442,-0.939378,"64"
3965,0.7843622,0.4341442,1.1094382,"64",0.7843622,0.4341442,1.1094382,"64"
3966,-0.372758,0.4341442,-0.062088,"64",-0.372758,0.4341442,-0.062088,"64"
3967,0.8670142,0.4341442,0.2613242,"64",0.8670142,0.4341442,0.2613242,"64"
3968,1.1976192,0.4341442,1.1094382,"64",1.1976192,0.4341442,1.1094382,"64"
3969,-0.042152,0.4341442,0.1941492,"64",-0.042152,0.4341442,0.1941492,"64"
3970,0.4537562,0.4341442,-1.62373,"64",0.4537562,0.4341442,-1.62373,"64"
3971,0.3711052,0.4341442,0.8219882,"64",0.3711052,0.4341442,0.8219882,"64"
3972,0.2058022,0.4341442,0.1941492,"64",0.2058022,0.4341442,0.1941492,"64"
3973,1.0323172,0.4341442,-0.062088,"64",1.0323172,0.4341442,-0.062088,"64"
3974,2.4373912,0.4341442,1.6618062,"64",2.4373912,0.4341442,1.6618062,"64"
3975,0.8670142,0.4341442,1.1094382,"64",0.8670142,0.4341442,1.1094382,"64"
3976,0.4537562,0.4341442,0.2613242,"64",0.4537562,0.4341442,0.2613242,"64"
3977,-0.124804,0.4341442,0.3280722,"64",-0.124804,0.4341442,0.3280722,"64"
3978,0.2058022,0.4341442,1.3747412,"64",0.2058022,0.4341442,1.3747412,"64"
3979,-0.042152,0.4341442,0.6787592,"64",-0.042152,0.4341442,0.6787592,"64"
3980,0.9496652,-0.23535,0.1941492,"65",0.9496652,-0.23535,0.1941492,"65"
3981,-1.447227,-0.23535,-1.118624,"65",-1.447227,-0.23535,-1.118624,"65"
3982,0.2884532,-0.23535,-0.062088,"65",0.2884532,-0.23535,-0.062088,"65"
3983,-0.207455,-0.23535,0.5443412,"65",-0.207455,-0.23535,0.5443412,"65"
3984,-1.447227,-0.23535,-0.939378,"65",-1.447227,-0.23535,-0.939378,"65"
3985,0.9496652,-0.23535,0.1941492,"65",0.9496652,-0.23535,0.1941492,"65"
3986,0.2058022,-0.23535,0.4781942,"65",0.2058022,-0.23535,0.4781942,"65"
3987,-0.124804,-0.23535,0.4026692,"65",-0.124804,-0.23535,0.4026692,"65"
3988,-2.356393,-0.23535,-1.836687,"65",-2.356393,-0.23535,-1.836687,"65"
3989,0.7843622,-0.23535,-1.219486,"65",0.7843622,-0.23535,-1.219486,"65"
3990,-0.620713,-0.23535,-0.699505,"65",-0.620713,-0.23535,-0.699505,"65"
3991,1.1976192,-0.23535,-0.85267,"65",1.1976192,-0.23535,-0.85267,"65"
3992,1.3629222,-0.23535,0.6787592,"65",1.3629222,-0.23535,0.6787592,"65"
3993,-0.951318,-0.23535,-2.108644,"65",-0.951318,-0.23535,-2.108644,"65"
3994,-0.951318,-0.23535,0.1340672,"65",-0.951318,-0.23535,0.1340672,"65"
3995,-0.786016,-0.23535,-0.419801,"65",-0.786016,-0.23535,-0.419801,"65"
3996,0.3711052,-0.23535,0.8219882,"65",0.3711052,-0.23535,0.8219882,"65"
3997,-1.447227,-0.23535,-2.108644,"65",-1.447227,-0.23535,-2.108644,"65"
3998,-1.281924,-0.23535,-1.219486,"65",-1.281924,-0.23535,-1.219486,"65"
3999,-0.290107,-0.23535,1.3101422,"65",-0.290107,-0.23535,1.3101422,"65"
4000,-0.372758,-0.23535,-0.062088,"65",-0.372758,-0.23535,-0.062088,"65"
4001,0.7017112,-0.23535,-0.129085,"65",0.7017112,-0.23535,-0.129085,"65"
4002,1.0323172,-0.23535,1.1094382,"65",1.0323172,-0.23535,1.1094382,"65"
4003,0.2884532,-0.23535,-0.623051,"65",0.2884532,-0.23535,-0.623051,"65"
4004,-1.943136,-0.23535,-0.776109,"65",-1.943136,-0.23535,-0.776109,"65"
4005,-0.042152,-0.23535,-0.492781,"65",-0.042152,-0.23535,-0.492781,"65"
4006,1.1976192,-0.23535,-0.197611,"65",1.1976192,-0.23535,-0.197611,"65"
4007,-0.372758,-0.23535,-0.129085,"65",-0.372758,-0.23535,-0.129085,"65"
4008,-0.124804,-0.23535,0.4781942,"65",-0.124804,-0.23535,0.4781942,"65"
4009,-1.61253,-0.23535,-0.338842,"65",-1.61253,-0.23535,-0.338842,"65"
4010,-0.207455,-0.23535,0.1340672,"65",-0.207455,-0.23535,0.1340672,"65"
4011,-0.372758,-0.23535,0.8219882,"65",-0.372758,-0.23535,0.8219882,"65"
4012,0.0404992,-0.23535,0.2613242,"65",0.0404992,-0.23535,0.2613242,"65"
4013,-0.620713,-0.23535,0.2613242,"65",-0.620713,-0.23535,0.2613242,"65"
4014,-1.199273,-0.23535,-0.062088,"65",-1.199273,-0.23535,-0.062088,"65"
4015,-1.199273,-0.23535,-1.118624,"65",-1.199273,-0.23535,-1.118624,"65"
4016,1.6108772,-0.23535,1.3101422,"65",1.6108772,-0.23535,1.3101422,"65"
4017,-1.529879,-0.23535,-1.62373,"65",-1.529879,-0.23535,-1.62373,"65"
4018,0.2058022,-0.23535,-0.419801,"65",0.2058022,-0.23535,-0.419801,"65"
4019,-0.620713,-0.23535,-0.062088,"65",-0.620713,-0.23535,-0.062088,"65"
4020,-0.868667,-0.23535,0.1941492,"65",-0.868667,-0.23535,0.1941492,"65"
4021,-1.03397,-0.23535,-0.419801,"65",-1.03397,-0.23535,-0.419801,"65"
4022,1.1976192,-0.23535,0.0735362,"65",1.1976192,-0.23535,0.0735362,"65"
4023,-0.124804,-0.23535,0.1941492,"65",-0.124804,-0.23535,0.1941492,"65"
4024,0.8670142,-0.23535,1.1094382,"65",0.8670142,-0.23535,1.1094382,"65"
4025,0.2884532,-0.23535,-0.062088,"65",0.2884532,-0.23535,-0.062088,"65"
4026,0.5364082,-0.23535,0.2613242,"65",0.5364082,-0.23535,0.2613242,"65"
4027,-1.199273,-0.23535,-1.723882,"65",-1.199273,-0.23535,-1.723882,"65"
4028,-1.03397,-0.23535,-1.335315,"65",-1.03397,-0.23535,-1.335315,"65"
4029,1.6108772,-0.23535,0.8965662,"65",1.6108772,-0.23535,0.8965662,"65"
4030,1.1149682,-0.23535,-0.197611,"65",1.1149682,-0.23535,-0.197611,"65"
4031,-0.124804,-0.23535,-0.776109,"65",-0.124804,-0.23535,-0.776109,"65"
4032,0.9496652,-0.23535,0.4781942,"65",0.9496652,-0.23535,0.4781942,"65"
4033,-0.620713,-0.23535,-0.197611,"65",-0.620713,-0.23535,-0.197611,"65"
4034,-0.868667,-0.23535,-0.062088,"65",-0.868667,-0.23535,-0.062088,"65"
4035,-2.852302,-0.23535,-2.75266,"65",-2.852302,-0.23535,-2.75266,"65"
4036,0.1231502,-0.23535,0.6107292,"65",0.1231502,-0.23535,0.6107292,"65"
4037,-0.290107,-0.23535,0.4781942,"65",-0.290107,-0.23535,0.4781942,"65"
4038,-1.447227,-0.23535,-0.623051,"65",-1.447227,-0.23535,-0.623051,"65"
4039,-1.447227,-0.23535,-0.492781,"65",-1.447227,-0.23535,-0.492781,"65"
4040,-0.290107,-0.23535,-0.419801,"65",-0.290107,-0.23535,-0.419801,"65"
4041,-0.951318,-0.23535,-2.291731,"65",-0.951318,-0.23535,-2.291731,"65"
4042,-1.199273,-0.23535,0.0735362,"65",-1.199273,-0.23535,0.0735362,"65"
4043,1.5282252,-0.23535,0.5443412,"65",1.5282252,-0.23535,0.5443412,"65"
4044,1.1149682,-0.23535,0.5443412,"65",1.1149682,-0.23535,0.5443412,"65"
4045,-0.207455,-0.23535,-0.623051,"65",-0.207455,-0.23535,-0.623051,"65"
4046,1.1149682,-0.23535,0.0043222,"65",1.1149682,-0.23535,0.0043222,"65"
4047,-0.620713,-0.23535,-1.723882,"65",-0.620713,-0.23535,-1.723882,"65"
4048,-1.116621,-0.23535,-2.108644,"65",-1.116621,-0.23535,-2.108644,"65"
4049,-0.372758,-0.23535,-1.335315,"65",-0.372758,-0.23535,-1.335315,"65"
4050,0.9496652,-0.23535,0.2613242,"65",0.9496652,-0.23535,0.2613242,"65"
4051,1.1149682,-0.23535,0.3280722,"65",1.1149682,-0.23535,0.3280722,"65"
4052,-0.042152,-0.23535,-0.265159,"65",-0.042152,-0.23535,-0.265159,"65"
4053,-1.281924,-0.23535,-1.118624,"65",-1.281924,-0.23535,-1.118624,"65"
4054,-1.529879,-0.23535,-1.62373,"65",-1.529879,-0.23535,-1.62373,"65"
4055,1.8588312,-0.23535,0.6107292,"65",1.8588312,-0.23535,0.6107292,"65"
4056,-1.03397,-0.23535,-0.699505,"65",-1.03397,-0.23535,-0.699505,"65"
4057,0.4537562,-0.23535,0.0043222,"65",0.4537562,-0.23535,0.0043222,"65"
4058,-0.786016,-0.23535,0.0043222,"65",-0.786016,-0.23535,0.0043222,"65"
4059,-1.364576,-0.23535,-1.029067,"65",-1.364576,-0.23535,-1.029067,"65"
