"source_row","length_mm","shell_weight_g","rings","X","Y","Z"
1,91,30,15,91,30,15
2,70,14,7,70,14,7
3,106,42,9,106,42,9
4,88,31,10,88,31,10
5,66,11,7,66,11,7
6,85,24,8,85,24,8
7,106,66,20,106,66,20
8,109,52,16,109,52,16
9,95,33,9,95,33,9
10,110,64,19,110,64,19
11,105,42,14,105,42,14
12,86,27,10,86,27,10
13,98,38,11,98,38,11
14,107,41,10,107,41,10
15,94,37,10,94,37,10
16,100,48,12,100,48,12
17,71,23,7,71,23,7
18,88,26,10,88,26,10
19,73,20,7,73,20,7
20,90,23,9,90,23,9
21,71,15,11,71,15,11
22,76,17,10,76,17,10
23,113,54,12,113,54,12
24,110,40,9,110,40,9
25,123,61,10,123,61,10
26,112,60,11,112,60,11
27,116,57,11,116,57,11
28,118,56,12,118,56,12
29,121,59,15,121,59,15
30,115,40,11,115,40,11
31,116,66,10,116,66,10
32,136,92,15,136,92,15
33,133,70,18,133,70,18
34,136,91,19,136,91,19
35,141,98,13,141,98,13
36,93,25,8,93,25,8
37,108,68,16,108,68,16
38,90,29,8,90,29,8
39,115,52,11,115,52,11
40,71,18,9,71,18,9
41,90,23,9,90,23,9
42,110,54,14,110,54,14
43,48,4,5,48,4,5
44,41,2.4,5,41,2.4,5
45,42,3,4,42,3,4
46,78,15,7,78,15,7
47,94,28,9,94,28,9
48,92,30,7,92,30,7
49,65,9,6,65,9,6
50,105,49,9,105,49,9
51,104,38,8,104,38,8
52,80,20,7,80,20,7
53,97,32,10,97,32,10
54,94,30,10,94,30,10
55,81,22,7,81,22,7
56,100,44,8,100,44,8
57,89,27,8,89,27,8
58,94,34,8,94,34,8
59,49,5,4,49,5,4
60,101,35,7,101,35,7
61,90,27,7,90,27,7
62,101,35,9,101,35,9
63,106,40,10,106,40,10
64,85,20,7,85,20,7
65,104,37,8,104,37,8
66,95,27,8,95,27,8
67,113,64,12,113,64,12
68,119,97,13,119,97,13
69,95,34,10,95,34,10
70,62,9,6,62,9,6
71,111,55,13,111,55,13
72,80,20,8,80,20,8
73,119,85,20,119,85,20
74,114,76,11,114,76,11
75,121,63,13,121,63,13
76,120,56,15,120,56,15
77,119,63,9,119,63,9
78,120,61,10,120,61,10
79,111,57,11,111,57,11
80,123,69,14,123,69,14
81,115,57,9,115,57,9
82,124,135,12,124,135,12
83,104,64,16,104,64,16
84,119,116,21,119,116,21
85,116,72,14,116,72,14
86,114,88,12,114,88,12
87,125,80,13,125,80,13
88,112,52,10,112,52,10
89,92,33,9,92,33,9
90,115,66,12,115,66,12
91,113,51,15,113,51,15
92,111,52,12,111,52,12
93,119,78,13,119,78,13
94,125,78,10,125,78,10
95,139,97,15,139,97,15
96,133,96,14,133,96,14
97,107,50,9,107,50,9
98,94,29,8,94,29,8
99,94,33,7,94,33,7
100,95,31,10,95,31,10
101,72,15,7,72,15,7
102,110,51,15,110,51,15
103,106,67,15,106,67,15
104,106,41,10,106,41,10
105,121,69,12,121,69,12
106,104,47,12,104,47,12
107,109,56,11,109,56,11
108,100,44,10,100,44,10
109,102,40,9,102,40,9
110,87,26,9,87,26,9
111,99,31,9,99,31,9
112,93,35,9,93,35,9
113,87,21,9,87,21,9
114,85,33,9,85,33,9
115,109,42,11,109,42,11
116,106,36,11,106,36,11
117,98,44,11,98,44,11
118,88,33,10,88,33,10
119,112,62,9,112,62,9
120,81,17,8,81,17,8
121,94,28,9,94,28,9
122,77,17,7,77,17,7
123,103,51,14,103,51,14
124,74,14,6,74,14,6
125,72,14,6,72,14,6
126,54,6,5,54,6,5
127,75,14,6,75,14,6
128,77,16,8,77,16,8
129,140,108,19,140,108,19
130,142,156,18,142,156,18
131,119,82,17,119,82,17
132,88,25.8,9,88,25.8,9
133,65,12.4,7,65,12.4,7
134,70,13.6,7,70,13.6,7
135,53,5.6,7,53,5.6,7
136,85,27.1,8,85,27.1,8
137,61,9.6,7,61,9.6,7
138,69,12.6,9,69,12.6,9
139,81,23.4,9,81,23.4,9
140,75,18.5,9,75,18.5,9
141,113,49.5,10,113,49.5,10
142,110,53.3,10,110,53.3,10
143,130,89.3,16,130,89.3,16
144,112,48.5,11,112,48.5,11
145,95,34,10,95,34,10
146,98,34.8,10,98,34.8,10
147,92,31.3,10,92,31.3,10
148,56,8.4,9,56,8.4,9
149,35,2.5,5,35,2.5,5
150,34,2,4,34,2,4
151,118,65,15,118,65,15
152,121,67,9,121,67,9
153,127,90,10,127,90,10
154,121,71,10,121,71,10
155,113,62,12,113,62,12
156,103,42,10,103,42,10
157,115,68,13,115,68,13
158,129,127,16,129,127,16
159,116,57,13,116,57,13
160,115,88,13,115,88,13
161,121,68,13,121,68,13
162,121,56,13,121,56,13
163,122,69,12,122,69,12
164,145,201,18,145,201,18
165,130,163,16,130,163,16
166,145,145,14,145,145,14
167,145,170,20,145,170,20
168,136,130,20,136,130,20
169,141,152,14,141,152,14
170,136,124,12,136,124,12
171,139,118,14,139,118,14
172,106,51,7,106,51,7
173,105,57,8,105,57,8
174,104,44,8,104,44,8
175,47,3,5,47,3,5
176,72,15,7,72,15,7
177,63,7,5,63,7,5
178,63,10,8,63,10,8
179,45,3,4,45,3,4
180,116,70,11,116,70,11
181,114,59,14,114,59,14
182,128,114,21,128,114,21
183,112,60,10,112,60,10
184,124,65,10,124,65,10
185,129,92,12,129,92,12
186,124,71,13,124,71,13
187,126,57,12,126,57,12
188,126,76,10,126,76,10
189,126,63,11,126,63,11
190,117,58,9,117,58,9
191,123,65,13,123,65,13
192,122,72,12,122,72,12
193,116,72,14,116,72,14
194,71,30,8,71,30,8
195,102,39,10,102,39,10
196,100,49,12,100,49,12
197,101,42,11,101,42,11
198,128,93,16,128,93,16
199,112,52,15,112,52,15
200,117,57,10,117,57,10
201,90,27,9,90,27,9
202,100,57,13,100,57,13
203,100,46,12,100,46,12
204,106,55,13,106,55,13
205,84,24,8,84,24,8
206,88,32,9,88,32,9
207,80,24,9,80,24,9
208,87,24,8,87,24,8
209,105,62,13,105,62,13
210,74,16,7,74,16,7
211,98,44,10,98,44,10
212,67,12,7,67,12,7
213,83,24,12,83,24,12
214,100,41,9,100,41,9
215,97,47,14,97,47,14
216,110,51,10,110,51,10
217,90,27,8,90,27,8
218,81,22,7,81,22,7
219,94,33,10,94,33,10
220,83,21,8,83,21,8
221,89,28,9,89,28,9
222,94,36,11,94,36,11
223,98,38,9,98,38,9
224,89,31,11,89,31,11
225,85,20,10,85,20,10
226,100,31,9,100,31,9
227,78,18,7,78,18,7
228,73,14,7,73,14,7
229,116,70,11,116,70,11
230,106,49,15,106,49,15
231,111,55,13,111,55,13
232,113,65,14,113,65,14
233,125,87,22,125,87,22
234,55,7,7,55,7,7
235,88,25,12,88,25,12
236,59,8,9,59,8,9
237,15,0.3,1,15,0.3,1
238,26,0.8,3,26,0.8,3
239,22,0.6,3,22,0.6,3
240,32,1,5,32,1,5
241,113,55,17,113,55,17
242,54,7,5,54,7,5
243,46,4,5,46,4,5
244,60,8,8,60,8,8
245,66,12,8,66,12,8
246,70,12,10,70,12,10
247,64,10,13,64,10,13
248,72,14,9,72,14,9
249,61,9,7,61,9,7
250,69,14,7,69,14,7
251,66,12,7,66,12,7
252,118,72,13,118,72,13
253,119,60,12,119,60,12
254,115,69,15,115,69,15
255,120,68,15,120,68,15
256,112,74,15,112,74,15
257,112,82,19,112,82,19
258,109,69,10,109,69,10
259,127,73,15,127,73,15
260,118,59,13,118,59,13
261,108,52,11,108,52,11
262,114,54,12,114,54,12
263,106,49,11,106,49,11
264,49,5.2,4,49,5.2,4
265,54,8,6,54,8,6
266,92,32,11,92,32,11
267,104,47,14,104,47,14
268,70,18.1,8,70,18.1,8
269,94,51,9,94,51,9
270,90,34,13,90,34,13
271,128,110,22,128,110,22
272,118,74,16,118,74,16
273,124,77,14,124,77,14
274,126,90,15,126,90,15
275,126,82,13,126,82,13
276,131,117,22,131,117,22
277,132,98,12,132,98,12
278,122,138,18,122,138,18
279,127,86,20,127,86,20
280,103,50,11,103,50,11
281,107,60,15,107,60,15
282,72,15,7,72,15,7
283,91,30,9,91,30,9
284,97,45,14,97,45,14
285,103,62,14,103,62,14
286,107,57,10,107,57,10
287,106,41,10,106,41,10
288,99,41,17,99,41,17
289,88,38,9,88,38,9
290,107,48,10,107,48,10
291,108,65,17,108,65,17
292,113,71,12,113,71,12
293,122,63,15,122,63,15
294,113,70,19,113,70,19
295,120,75,26,120,75,26
296,59,8,6,59,8,6
297,55,7,6,55,7,6
298,56,6,4,56,6,4
299,98,30,11,98,30,11
300,74,15,9,74,15,9
301,81,20,9,81,20,9
302,108,67,13,108,67,13
303,74,14.8,8,74,14.8,8
304,72,14.3,6,72,14.3,6
305,94,30,10,94,30,10
306,40,2.2,4,40,2.2,4
307,33,1,3,33,1,3
308,129,107,13,129,107,13
309,110,39,14,110,39,14
310,114,55,10,114,55,10
311,126,78,21,126,78,21
312,112,53,14,112,53,14
313,119,69,19,119,69,19
314,124,87,23,124,87,23
315,126,92,23,126,92,23
316,90,28,8,90,28,8
317,127,78,14,127,78,14
318,90,24,10,90,24,10
319,116,64,18,116,64,18
320,66,12,6,66,12,6
321,53,6,5,53,6,5
322,38,3,4,38,3,4
323,77,20,11,77,20,11
324,53,7,5,53,7,5
325,67,15,7,67,15,7
326,71,16,7,71,16,7
327,64,13,7,64,13,7
328,102,41,12,102,41,12
329,72,19,8,72,19,8
330,72,18,8,72,18,8
331,100,40,12,100,40,12
332,80,19,8,80,19,8
333,60,7,5,60,7,5
334,47,4,5,47,4,5
335,148,142,16,148,142,16
336,124,71,11,124,71,11
337,120,65,14,120,65,14
338,118,85,16,118,85,16
339,124,66,13,124,66,13
340,113,57,15,113,57,15
341,115,60,14,115,60,14
342,124,96,14,124,96,14
343,124,64,12,124,64,12
344,101,34,12,101,34,12
345,92,48,8,92,48,8
346,98,36,13,98,36,13
347,105,55,9,105,55,9
348,68,11,6,68,11,6
349,75,18,8,75,18,8
350,122,56,14,122,56,14
351,122,49,8,122,49,8
352,117,54,22,117,54,22
353,114,49,12,114,49,12
354,116,44,9,116,44,9
355,127,68,16,127,68,16
356,140,116,20,140,116,20
357,135,79,13,135,79,13
358,129,79,18,129,79,18
359,149,140,17,149,140,17
360,137,97,16,137,97,16
361,121,70,18,121,70,18
362,118,68,12,118,68,12
363,130,89,20,130,89,20
364,120,59,16,120,59,16
365,124,70,12,124,70,12
366,126,71,19,126,71,19
367,116,53,11,116,53,11
368,116,53,10,116,53,10
369,126,63,12,126,63,12
370,138,94,17,138,94,17
371,130,83,16,130,83,16
372,132,100,16,132,100,16
373,136,120,19,136,120,19
374,140,84,14,140,84,14
375,137,80,13,137,80,13
376,135,121,20,135,121,20
377,126,57,11,126,57,11
378,117,50,10,117,50,10
379,113,74,15,113,74,15
380,122,66,12,122,66,12
381,121,77,15,121,77,15
382,107,50,10,107,50,10
383,97,40,10,97,40,10
384,94,39,12,94,39,12
385,109,47,10,109,47,10
386,91,27,9,91,27,9
387,108,43,12,108,43,12
388,92,29,10,92,29,10
389,98,44,14,98,44,14
390,93,28,9,93,28,9
391,83,21,10,83,21,10
392,95,36,10,95,36,10
393,94,36,10,94,36,10
394,73,16,9,73,16,9
395,69,14,6,69,14,6
396,78,23,11,78,23,11
397,100,48,10,100,48,10
398,94,37,8,94,37,8
399,107,52,12,107,52,12
400,117,62,11,117,62,11
401,97,35,9,97,35,9
402,103,47,9,103,47,9
403,87,31,7,87,31,7
404,103,40,10,103,40,10
405,88,22,7,88,22,7
406,105,48,12,105,48,12
407,90,30,8,90,30,8
408,118,58,16,118,58,16
409,111,57,11,111,57,11
410,114,47,8,114,47,8
411,118,68,15,118,68,15
412,117,56,14,117,56,14
413,116,56,11,116,56,11
414,109,48,12,109,48,12
415,121,78,14,121,78,14
416,124,72,15,124,72,15
417,126,80,20,126,80,20
418,126,90,20,126,90,20
419,126,72,16,126,72,16
420,109,47,13,109,47,13
421,134,101,14,134,101,14
422,98,31,11,98,31,11
423,98,40,13,98,40,13
424,58,7,8,58,7,8
425,52,6,6,52,6,6
426,116,64,13,116,64,13
427,122,66,18,122,66,18
428,120,66,19,120,66,19
429,112,75,21,112,75,21
430,115,77,18,115,77,18
431,114,59,18,114,59,18
432,120,65,20,120,65,20
433,113,64,18,113,64,18
434,109,51,22,109,51,22
435,88,24,13,88,24,13
436,100,44,11,100,44,11
437,72,18,7,72,18,7
438,77,18,14,77,18,14
439,78,17,9,78,17,9
440,100,50,13,100,50,13
441,72,17,10,72,17,10
442,67,14,8,67,14,8
443,101,57,19,101,57,19
444,79,17,10,79,17,10
445,82,24,10,82,24,10
446,112,55,9,112,55,9
447,113,78,13,113,78,13
448,113,75,16,113,75,16
449,121,75,12,121,75,12
450,113,52,18,113,52,18
451,145,116,16,145,116,16
452,135,84,16,135,84,16
453,133,72,17,133,72,17
454,113,51,11,113,51,11
455,129,66,14,129,66,14
456,115,48,11,115,48,11
457,128,78,15,128,78,15
458,72,16,9,72,16,9
459,83,19.9,10,83,19.9,10
460,105,47,11,105,47,11
461,76,15,11,76,15,11
462,117,53,12,117,53,12
463,48,5,6,48,5,6
464,44,4,5,44,4,5
465,51,5,6,51,5,6
466,35,1.6,5,35,1.6,5
467,134,80,12,134,80,12
468,131,82,13,131,82,13
469,136,125,17,136,125,17
470,135,93,21,135,93,21
471,106,43.7,9,106,43.7,9
472,103,35.4,10,103,35.4,10
473,86,20.9,9,86,20.9,9
474,104,36.2,11,104,36.2,11
475,109,55.3,10,109,55.3,10
476,106,52.9,17,106,52.9,17
477,93,26.9,9,93,26.9,9
478,133,83,17,133,83,17
479,147,116,21,147,116,21
480,132,91,16,132,91,16
481,140,95,29,140,95,29
482,115,60,17,115,60,17
483,114,48,15,114,48,15
484,116,52,19,116,52,19
485,126,61,12,126,61,12
486,117,63,13,117,63,13
487,110,58,11,110,58,11
488,125,72,15,125,72,15
489,108,47,11,108,47,11
490,114,57,14,114,57,14
491,118,57,14,118,57,14
492,116,58,13,116,58,13
493,131,82,11,131,82,11
494,131,83,15,131,83,15
495,125,74,17,125,74,17
496,125,61,15,125,61,15
497,128,96,12,128,96,12
498,121,60,19,121,60,19
499,123,69,11,123,69,11
500,111,61,10,111,61,10
501,116,49,12,116,49,12
502,124,79,23,124,79,23
503,124,72,15,124,72,15
504,120,72,13,120,72,13
505,125,84,17,125,84,17
506,120,63,15,120,63,15
507,112,61,12,112,61,12
508,117,73,15,117,73,15
509,112,50,11,112,50,11
510,112,55,16,112,55,16
511,136,68,10,136,68,10
512,91,27,10,91,27,10
513,98,42,10,98,42,10
514,62,9,6,62,9,6
515,55,5,5,55,5,5
516,54,6,6,54,6,6
517,80,15,9,80,15,9
518,56,6,5,56,6,5
519,65,9,4,65,9,4
520,69,11,6,69,11,6
521,42,2,3,42,2,3
522,72,11,5,72,11,5
523,73,14,9,73,14,9
524,40,2,5,40,2,5
525,47,3,4,47,3,4
526,35,1,4,35,1,4
527,31,1,3,31,1,3
528,114,47,14,114,47,14
529,114,52,12,114,52,12
530,77,17,9,77,17,9
531,106,41,20,106,41,20
532,92,26,13,92,26,13
533,94,31,12,94,31,12
534,87,22,9,87,22,9
535,94,29,10,94,29,10
536,93,31,11,93,31,11
537,104,35.8,11,104,35.8,11
538,58,8,7,58,8,7
539,55,6.5,5,55,6.5,5
540,75,17.7,10,75,17.7,10
541,100,35.8,15,100,35.8,15
542,88,26.2,11,88,26.2,11
543,84,22.7,15,84,22.7,15
544,89,23.4,8,89,23.4,8
545,76,17,10,76,17,10
546,64,9.8,11,64,9.8,11
547,51,5.4,8,51,5.4,8
548,41,3.1,7,41,3.1,7
549,113,46,12,113,46,12
550,111,51,11,111,51,11
551,130,66,17,130,66,17
552,123,69,13,123,69,13
553,112,50,12,112,50,12
554,96,31,13,96,31,13
555,97,24,9,97,24,9
556,100,32,10,100,32,10
557,105,51,14,105,51,14
558,132,74,12,132,74,12
559,132,88,13,132,88,13
560,104,44,13,104,44,13
561,88,23.5,8,88,23.5,8
562,103,34,13,103,34,13
563,95,31,11,95,31,11
564,109,43.7,11,109,43.7,11
565,94,37,14,94,37,14
566,70,12,10,70,12,10
567,97,33.6,12,97,33.6,12
568,87,19.2,12,87,19.2,12
569,56,6.9,7,56,6.9,7
570,82,19.7,11,82,19.7,11
571,90,25.5,16,90,25.5,16
572,90,23.5,14,90,23.5,14
573,118,83,20,118,83,20
574,114,61,17,114,61,17
575,122,69,10,122,69,10
576,122,70,11,122,70,11
577,112,52,10,112,52,10
578,117,54,10,117,54,10
579,116,51,11,116,51,11
580,126,103,17,126,103,17
581,125,73,11,125,73,11
582,110,49,14,110,49,14
583,129,87,19,129,87,19
584,92,23,13,92,23,13
585,82,22,11,82,22,11
586,99,40,11,99,40,11
587,104,39,10,104,39,10
588,110,50,13,110,50,13
589,90,30,14,90,30,14
590,81,19,13,81,19,13
591,102,47,13,102,47,13
592,74,15,9,74,15,9
593,105,41,18,105,41,18
594,132,84,19,132,84,19
595,107,48,12,107,48,12
596,115,60,13,115,60,13
597,110,45,9,110,45,9
598,121,64,13,121,64,13
599,121,72,12,121,72,12
600,112,67,16,112,67,16
601,107,50,17,107,50,17
602,77,16.7,10,77,16.7,10
603,78,17.3,13,78,17.3,13
604,94,33.2,11,94,33.2,11
605,103,44.7,12,103,44.7,12
606,85,30.8,13,85,30.8,13
607,69,11.8,9,69,11.8,9
608,97,27.2,10,97,27.2,10
609,74,16.2,10,74,16.2,10
610,70,13.6,12,70,13.6,12
611,88,30.3,12,88,30.3,12
612,39,2.4,4,39,2.4,4
613,65,12,9,65,12,9
614,99,33.8,18,99,33.8,18
615,90,33.1,15,90,33.1,15
616,83,29.6,13,83,29.6,13
617,94,30.4,12,94,30.4,12
618,64,9.8,7,64,9.8,7
619,62,8.8,9,62,8.8,9
620,47,3.9,7,47,3.9,7
621,69,10.8,10,69,10.8,10
622,97,39,18,97,39,18
623,100,39,12,100,39,12
624,100,34,17,100,34,17
625,93,28,15,93,28,15
626,105,45,12,105,45,12
627,85,25,10,85,25,10
628,76,18,8,76,18,8
629,106,53,21,106,53,21
630,68,13,10,68,13,10
631,95,26.7,9,95,26.7,9
632,86,28.1,7,86,28.1,7
633,92,31.6,10,92,31.6,10
634,94,33,9,94,33,9
635,72,15,9,72,15,9
636,71,12.6,8,71,12.6,8
637,76,16,7,76,16,7
638,71,11,6,71,11,6
639,88,32,14,88,32,14
640,102,39,13,102,39,13
641,65,10,7,65,10,7
642,124,78,13,124,78,13
643,118,63,19,118,63,19
644,66,12,7,66,12,7
645,90,21,9,90,21,9
646,89,21,11,89,21,11
647,66,7,6,66,7,6
648,96,34,9,96,34,9
649,92,31,11,92,31,11
650,95,28,9,95,28,9
651,51,5,5,51,5,5
652,67,12,6,67,12,6
653,94,29,11,94,29,11
654,62,10,7,62,10,7
655,74,15,10,74,15,10
656,59,8,7,59,8,7
657,111,59,17,111,59,17
658,123,84,16,123,84,16
659,116,82,18,116,82,18
660,117,66,11,117,66,11
661,130,106,18,130,106,18
662,107,59,11,107,59,11
663,83,24,10,83,24,10
664,76,18,12,76,18,12
665,90,32,19,90,32,19
666,79,16,10,79,16,10
667,91,32,11,91,32,11
668,97,36,15,97,36,15
669,110,67,13,110,67,13
670,90,35,13,90,35,13
671,95,43,14,95,43,14
672,100,41,17,100,41,17
673,106,48,19,106,48,19
674,98,34,21,98,34,21
675,98,48,23,98,48,23
676,104,49,22,104,49,22
677,108,49,12,108,49,12
678,100,38,11,100,38,11
679,90,53,23,90,53,23
680,74,16,8,74,16,8
681,74,14,7,74,14,7
682,97,35,10,97,35,10
683,87,24,7,87,24,7
684,107,58,16,107,58,16
685,102,37,10,102,37,10
686,113,51,15,113,51,15
687,107,42,13,107,42,13
688,107,69,16,107,69,16
689,105,39,11,105,39,11
690,118,59,11,118,59,11
691,100,38,10,100,38,10
692,51,5,5,51,5,5
693,86,22,11,86,22,11
694,76,17,9,76,17,9
695,33,1,4,33,1,4
696,63,8,7,63,8,7
697,31,1,4,31,1,4
698,56,6,5,56,6,5
699,86,28,13,86,28,13
700,79,23.9,16,79,23.9,16
701,77,17.5,12,77,17.5,12
702,96,34.6,14,96,34.6,14
703,89,24.6,9,89,24.6,9
704,79,22.1,12,79,22.1,12
705,80,23.5,9,80,23.5,9
706,83,28.8,10,83,28.8,10
707,63,15.9,11,63,15.9,11
708,69,15.3,10,69,15.3,10
709,72,20.1,10,72,20.1,10
710,59,6.4,7,59,6.4,7
711,65,12.6,7,65,12.6,7
712,75,16.6,11,75,16.6,11
713,56,6.7,7,56,6.7,7
714,71,13.9,8,71,13.9,8
715,70,12.6,9,70,12.6,9
716,55,6,7,55,6,7
717,58,7,8,58,7,8
718,50,4.9,6,50,4.9,6
719,36,1.7,4,36,1.7,4
720,30,1,2,30,1,2
721,32,1,3,32,1,3
722,111,58.6,13,111,58.6,13
723,111,88.1,15,111,88.1,15
724,105,59,15,105,59,15
725,93,31,11,93,31,11
726,98,39,17,98,39,17
727,80,20,10,80,20,10
728,96,31,12,96,31,12
729,101,51,13,101,51,13
730,104,33,15,104,33,15
731,105,55,11,105,55,11
732,109,46,13,109,46,13
733,104,53,15,104,53,15
734,101,44,13,101,44,13
735,105,58,18,105,58,18
736,102,35,10,102,35,10
737,104,41,12,104,41,12
738,104,42,12,104,42,12
739,107,64,14,107,64,14
740,89,25,10,89,25,10
741,106,49,14,106,49,14
742,72,12,8,72,12,8
743,107,43,14,107,43,14
744,104,52,17,104,52,17
745,106,53,20,106,53,20
746,106,53,17,106,53,17
747,132,90,17,132,90,17
748,104,32,9,104,32,9
749,107,56,14,107,56,14
750,139,78,15,139,78,15
751,102,39,13,102,39,13
752,97,28,10,97,28,10
753,121,63,13,121,63,13
754,116,55,13,116,55,13
755,130,105,20,130,105,20
756,124,70,13,124,70,13
757,123,74,20,123,74,20
758,121,82,15,121,82,15
759,114,54,13,114,54,13
760,114,62,15,114,62,15
761,117,65,15,117,65,15
762,110,67,16,110,67,16
763,108,60,17,108,60,17
764,128,94,14,128,94,14
765,122,64,14,122,64,14
766,109,60,11,109,60,11
767,118,64,13,118,64,13
768,69,14,9,69,14,9
769,110,46.6,11,110,46.6,11
770,106,55.6,17,106,55.6,17
771,106,59.3,11,106,59.3,11
772,97,34,8,97,34,8
773,77,17,8,77,17,8
774,91,24,9,91,24,9
775,98,37,10,98,37,10
776,106,62,11,106,62,11
777,101,40,15,101,40,15
778,98,39,13,98,39,13
779,93,38,15,93,38,15
780,94,39,15,94,39,15
781,112,60,13,112,60,13
782,101,43,12,101,43,12
783,103,51,10,103,51,10
784,77,17,6,77,17,6
785,43,3,5,43,3,5
786,110,58.1,15,110,58.1,15
787,103,36.9,9,103,36.9,9
788,99,52.4,12,99,52.4,12
789,101,32.7,9,101,32.7,9
790,120,52.4,12,120,52.4,12
791,114,52.6,10,114,52.6,10
792,97,33.7,10,97,33.7,10
793,94,32.5,9,94,32.5,9
794,115,51.2,12,115,51.2,12
795,116,72.7,12,116,72.7,12
796,103,46.8,15,103,46.8,15
797,106,42.8,11,106,42.8,11
798,88,24.4,9,88,24.4,9
799,104,57.7,11,104,57.7,11
800,85,23.4,11,85,23.4,11
801,92,37,10,92,37,10
802,90,23,10,90,23,10
803,85,31,9,85,31,9
804,74,13,7,74,13,7
805,103,31,10,103,31,10
806,81,19,7,81,19,7
807,56,6,6,56,6,6
808,96,48,15,96,48,15
809,88,26,10,88,26,10
810,104,47,12,104,47,12
811,101,57,12,101,57,12
812,98,41,21,98,41,21
813,47,3.6,6,47,3.6,6
814,51,4.6,5,51,4.6,5
815,63,10.7,7,63,10.7,7
816,65,9.8,7,65,9.8,7
817,67,11.5,6,67,11.5,6
818,70,12.4,6,70,12.4,6
819,70,10.8,6,70,10.8,6
820,72,14.9,7,72,14.9,7
821,73,14.7,7,73,14.7,7
822,74,12.3,6,74,12.3,6
823,76,12.1,7,76,12.1,7
824,77,17.2,6,77,17.2,6
825,77,18,7,77,18,7
826,79,16.4,7,79,16.4,7
827,79,15.4,6,79,15.4,6
828,80,18.8,6,80,18.8,6
829,82,21.2,6,82,21.2,6
830,83,21.8,7,83,21.8,7
831,83,18.2,6,83,18.2,6
832,85,18.9,6,85,18.9,6
833,88,29.3,9,88,29.3,9
834,89,22.1,7,89,22.1,7
835,89,17.8,7,89,17.8,7
836,90,28.1,8,90,28.1,8
837,94,33.8,8,94,33.8,8
838,95,34.4,9,95,34.4,9
839,96,35,8,96,35,8
840,97,30.5,9,97,30.5,9
841,98,35.5,8,98,35.5,8
842,99,42.8,9,99,42.8,9
843,100,33.2,9,100,33.2,9
844,101,47.8,8,101,47.8,8
845,105,45,8,105,45,8
846,108,40.4,9,108,40.4,9
847,108,42,11,108,42,11
848,109,47.5,10,109,47.5,10
849,110,56.6,8,110,56.6,8
850,110,57.5,10,110,57.5,10
851,110,55.3,10,110,55.3,10
852,111,47.7,9,111,47.7,9
853,113,53,10,113,53,10
854,114,54.9,9,114,54.9,9
855,114,38.8,10,114,38.8,10
856,115,54.1,9,115,54.1,9
857,118,61.9,9,118,61.9,9
858,118,66,12,118,66,12
859,119,66,10,119,66,10
860,119,64,8,119,64,8
861,119,54.2,6,119,54.2,6
862,119,61,12,119,61,12
863,120,72,11,120,72,11
864,120,64.1,10,120,64.1,10
865,120,68.9,11,120,68.9,11
866,121,79.7,10,121,79.7,10
867,121,65,9,121,65,9
868,123,58.4,12,123,58.4,12
869,123,69,10,123,69,10
870,123,64,9,123,64,9
871,123,82,12,123,82,12
872,124,73.7,11,124,73.7,11
873,124,63,9,124,63,9
874,125,82.2,11,125,82.2,11
875,125,76.2,11,125,76.2,11
876,126,81.2,14,126,81.2,14
877,127,78,9,127,78,9
878,127,62,10,127,62,10
879,127,54.3,9,127,54.3,9
880,128,64.2,8,128,64.2,8
881,130,79.8,11,130,79.8,11
882,131,81,9,131,81,9
883,131,120.2,17,131,120.2,17
884,132,90.6,15,132,90.6,15
885,132,80,10,132,80,10
886,134,82.6,10,134,82.6,10
887,135,91,12,135,91,12
888,135,84,9,135,84,9
889,136,83,11,136,83,11
890,137,95,11,137,95,11
891,139,91,11,139,91,11
892,146,179.4,17,146,179.4,17
893,41,2.7,6,41,2.7,6
894,48,4.2,5,48,4.2,5
895,48,3.4,3,48,3.4,3
896,51,5.4,6,51,5.4,6
897,51,4,4,51,4,4
898,53,4.9,6,53,4.9,6
899,56,6.9,4,56,6.9,4
900,59,7.7,5,59,7.7,5
901,60,8.6,4,60,8.6,4
902,60,7.4,6,60,7.4,6
903,61,7.4,5,61,7.4,5
904,63,8.5,6,63,8.5,6
905,63,8,8,63,8,8
906,64,8.5,5,64,8.5,5
907,65,10,6,65,10,6
908,66,8.9,6,66,8.9,6
909,67,11,7,67,11,7
910,67,8.9,7,67,8.9,7
911,68,9,5,68,9,5
912,68,11,7,68,11,7
913,69,13,7,69,13,7
914,74,13.4,6,74,13.4,6
915,74,15.9,7,74,15.9,7
916,75,11,6,75,11,6
917,77,14,6,77,14,6
918,82,18,7,82,18,7
919,82,20,7,82,20,7
920,82,18.2,6,82,18.2,6
921,83,18,6,83,18,6
922,84,20,5,84,20,5
923,84,18,6,84,18,6
924,85,20,6,85,20,6
925,85,21,6,85,21,6
926,86,21,7,86,21,7
927,86,19,7,86,19,7
928,87,22.5,8,87,22.5,8
929,87,22.9,6,87,22.9,6
930,88,26.8,6,88,26.8,6
931,88,21,7,88,21,7
932,89,23.9,6,89,23.9,6
933,89,23.9,7,89,23.9,7
934,90,27.4,7,90,27.4,7
935,90,26.7,8,90,26.7,8
936,90,22.7,7,90,22.7,7
937,90,23.8,7,90,23.8,7
938,91,29.3,7,91,29.3,7
939,91,25.9,6,91,25.9,6
940,92,23,7,92,23,7
941,92,25.3,7,92,25.3,7
942,93,22.6,7,93,22.6,7
943,93,28.6,7,93,28.6,7
944,93,24,7,93,24,7
945,93,21.9,6,93,21.9,6
946,94,28,8,94,28,8
947,94,29.2,8,94,29.2,8
948,95,30,9,95,30,9
949,95,25.4,6,95,25.4,6
950,96,34,6,96,34,6
951,96,31.5,6,96,31.5,6
952,96,23,8,96,23,8
953,96,28,7,96,28,7
954,97,25.8,7,97,25.8,7
955,98,33.9,8,98,33.9,8
956,99,29.9,8,99,29.9,8
957,99,28.8,7,99,28.8,7
958,100,31.3,6,100,31.3,6
959,100,27,8,100,27,8
960,100,30.7,7,100,30.7,7
961,100,36.5,7,100,36.5,7
962,101,35.7,9,101,35.7,9
963,101,31.2,8,101,31.2,8
964,101,31,9,101,31,9
965,101,37,8,101,37,8
966,102,38,8,102,38,8
967,102,35,7,102,35,7
968,102,36,7,102,36,7
969,102,37.7,8,102,37.7,8
970,102,39.1,8,102,39.1,8
971,103,46,8,103,46,8
972,103,31,7,103,31,7
973,105,35,8,105,35,8
974,105,34,11,105,34,11
975,106,41,8,106,41,8
976,106,40.4,8,106,40.4,8
977,106,37.2,7,106,37.2,7
978,107,41,8,107,41,8
979,107,43.1,8,107,43.1,8
980,107,43.9,8,107,43.9,8
981,110,43.6,9,110,43.6,9
982,110,55,9,110,55,9
983,112,54.8,9,112,54.8,9
984,113,36,8,113,36,8
985,114,59,10,114,59,10
986,114,68.6,10,114,68.6,10
987,114,54,8,114,54,8
988,114,48,8,114,48,8
989,114,42.8,7,114,42.8,7
990,115,58,9,115,58,9
991,115,49.8,9,115,49.8,9
992,116,58,7,116,58,7
993,116,55.2,8,116,55.2,8
994,116,56.7,10,116,56.7,10
995,116,58,8,116,58,8
996,116,47.4,9,116,47.4,9
997,118,55,11,118,55,11
998,118,61.8,8,118,61.8,8
999,118,50,8,118,50,8
1000,119,31,11,119,31,11
1001,119,50,11,119,50,11
1002,119,54.8,9,119,54.8,9
1003,119,50.3,9,119,50.3,9
1004,119,54,9,119,54,9
1005,121,59,9,121,59,9
1006,121,55,9,121,55,9
1007,121,58.5,11,121,58.5,11
1008,122,61.7,11,122,61.7,11
1009,122,65.9,10,122,65.9,10
1010,123,66,8,123,66,8
1011,124,77.6,11,124,77.6,11
1012,125,73,10,125,73,10
1013,125,81,10,125,81,10
1014,125,69.8,10,125,69.8,10
1015,125,63,9,125,63,9
1016,125,80.2,9,125,80.2,9
1017,126,62,8,126,62,8
1018,126,63,11,126,63,11
1019,126,64.7,8,126,64.7,8
1020,127,79,11,127,79,11
1021,127,74.9,10,127,74.9,10
1022,128,67,10,128,67,10
1023,128,81.8,11,128,81.8,11
1024,128,80,10,128,80,10
1025,129,63.7,10,129,63.7,10
1026,129,86.4,11,129,86.4,11
1027,129,80,8,129,80,8
1028,129,67.2,8,129,67.2,8
1029,129,69.8,11,129,69.8,11
1030,129,60,10,129,60,10
1031,129,77,10,129,77,10
1032,130,74.5,9,130,74.5,9
1033,130,92,11,130,92,11
1034,130,95.4,10,130,95.4,10
1035,131,36.5,9,131,36.5,9
1036,131,80.6,10,131,80.6,10
1037,132,88.2,11,132,88.2,11
1038,132,103.5,9,132,103.5,9
1039,132,97,10,132,97,10
1040,132,67,6,132,67,6
1041,134,80.1,11,134,80.1,11
1042,135,87,10,135,87,10
1043,135,110.6,12,135,110.6,12
1044,136,99.6,12,136,99.6,12
1045,138,81,8,138,81,8
1046,138,96,10,138,96,10
1047,139,100.6,10,139,100.6,10
1048,141,80.9,12,141,80.9,12
1049,142,109.5,11,142,109.5,11
1050,143,82.7,10,143,82.7,10
1051,143,81,11,143,81,11
1052,147,120,11,147,120,11
1053,153,124.1,12,153,124.1,12
1054,37,1.9,4,37,1.9,4
1055,39,2.2,3,39,2.2,3
1056,39,1.9,4,39,1.9,4
1057,40,1.4,4,40,1.4,4
1058,45,3,4,45,3,4
1059,49,4.3,4,49,4.3,4
1060,50,4.5,5,50,4.5,5
1061,53,5,7,53,5,7
1062,55,5.6,6,55,5.6,6
1063,56,6.8,5,56,6.8,5
1064,57,6,5,57,6,5
1065,60,7.8,6,60,7.8,6
1066,63,7.8,6,63,7.8,6
1067,64,8.1,6,64,8.1,6
1068,68,11,5,68,11,5
1069,74,12.7,6,74,12.7,6
1070,75,13.4,6,75,13.4,6
1071,75,13,6,75,13,6
1072,77,13,7,77,13,7
1073,80,17.4,6,80,17.4,6
1074,81,18.6,7,81,18.6,7
1075,82,17.5,7,82,17.5,7
1076,82,21.2,6,82,21.2,6
1077,84,20.7,7,84,20.7,7
1078,84,21,7,84,21,7
1079,84,17.6,6,84,17.6,6
1080,85,20.9,7,85,20.9,7
1081,86,20.7,7,86,20.7,7
1082,87,19.2,6,87,19.2,6
1083,87,21.2,7,87,21.2,7
1084,88,24,7,88,24,7
1085,89,23.4,7,89,23.4,7
1086,89,26,7,89,26,7
1087,89,21.8,8,89,21.8,8
1088,90,26.3,8,90,26.3,8
1089,90,24,6,90,24,6
1090,90,19.5,7,90,19.5,7
1091,90,19.6,6,90,19.6,6
1092,90,20.4,6,90,20.4,6
1093,92,23.5,7,92,23.5,7
1094,94,25.8,7,94,25.8,7
1095,94,28.4,6,94,28.4,6
1096,95,26,6,95,26,6
1097,95,23,7,95,23,7
1098,96,33.3,8,96,33.3,8
1099,98,28.2,7,98,28.2,7
1100,100,31.7,7,100,31.7,7
1101,100,34,9,100,34,9
1102,100,26.8,8,100,26.8,8
1103,100,26.2,6,100,26.2,6
1104,101,28.1,7,101,28.1,7
1105,102,36.4,8,102,36.4,8
1106,102,27.7,6,102,27.7,6
1107,102,30.5,9,102,30.5,9
1108,102,33.2,8,102,33.2,8
1109,103,30,8,103,30,8
1110,104,37,9,104,37,9
1111,104,31.4,8,104,31.4,8
1112,104,33.4,8,104,33.4,8
1113,104,50.8,7,104,50.8,7
1114,105,34,8,105,34,8
1115,105,36.7,9,105,36.7,9
1116,105,40.2,9,105,40.2,9
1117,105,28.1,8,105,28.1,8
1118,106,38,8,106,38,8
1119,107,33.8,9,107,33.8,9
1120,108,37.9,10,108,37.9,10
1121,109,31.2,7,109,31.2,7
1122,109,38,9,109,38,9
1123,109,43.6,9,109,43.6,9
1124,110,35,8,110,35,8
1125,110,44.6,8,110,44.6,8
1126,110,43.3,10,110,43.3,10
1127,112,46.8,9,112,46.8,9
1128,112,44.3,8,112,44.3,8
1129,112,49,8,112,49,8
1130,112,41,8,112,41,8
1131,113,46,9,113,46,9
1132,113,41.2,8,113,41.2,8
1133,113,52.9,9,113,52.9,9
1134,114,50,9,114,50,9
1135,114,44,8,114,44,8
1136,114,44.8,8,114,44.8,8
1137,115,53,7,115,53,7
1138,115,51.5,10,115,51.5,10
1139,115,44.4,9,115,44.4,9
1140,115,47.6,9,115,47.6,9
1141,115,52,9,115,52,9
1142,115,49,10,115,49,10
1143,115,45.6,9,115,45.6,9
1144,115,44,9,115,44,9
1145,116,53,8,116,53,8
1146,116,88.2,9,116,88.2,9
1147,116,44,9,116,44,9
1148,116,50.6,9,116,50.6,9
1149,116,45.9,8,116,45.9,8
1150,116,53,9,116,53,9
1151,117,47,9,117,47,9
1152,117,53,7,117,53,7
1153,118,48,8,118,48,8
1154,120,51.3,9,120,51.3,9
1155,120,48,8,120,48,8
1156,120,50,8,120,50,8
1157,120,45,10,120,45,10
1158,121,58.4,9,121,58.4,9
1159,121,54.8,9,121,54.8,9
1160,121,63.4,10,121,63.4,10
1161,121,71.4,9,121,71.4,9
1162,122,48.3,8,122,48.3,8
1163,122,57.3,9,122,57.3,9
1164,122,53.4,9,122,53.4,9
1165,123,54,10,123,54,10
1166,123,48.3,9,123,48.3,9
1167,123,57,9,123,57,9
1168,124,49.5,8,124,49.5,8
1169,124,48.1,8,124,48.1,8
1170,124,56.2,8,124,56.2,8
1171,125,66.4,9,125,66.4,9
1172,125,57.2,8,125,57.2,8
1173,126,57.4,8,126,57.4,8
1174,126,68.5,10,126,68.5,10
1175,127,57.7,9,127,57.7,9
1176,128,71.6,10,128,71.6,10
1177,129,74.7,10,129,74.7,10
1178,129,61,10,129,61,10
1179,130,84.9,9,130,84.9,9
1180,130,58.8,11,130,58.8,11
1181,131,69,11,131,69,11
1182,131,72.8,10,131,72.8,10
1183,132,95.2,11,132,95.2,11
1184,133,68,8,133,68,8
1185,133,71.9,9,133,71.9,9
1186,134,70.6,9,134,70.6,9
1187,137,94.7,14,137,94.7,14
1188,137,80,10,137,80,10
1189,138,78,9,138,78,9
1190,138,77.3,12,138,77.3,12
1191,138,73.9,9,138,73.9,9
1192,139,87.5,10,139,87.5,10
1193,140,89.2,9,140,89.2,9
1194,140,127.6,12,140,127.6,12
1195,140,79.9,9,140,79.9,9
1196,141,60.2,9,141,60.2,9
1197,142,90.5,11,142,90.5,11
1198,143,101.5,12,143,101.5,12
1199,143,84,10,143,84,10
1200,144,107.5,10,144,107.5,10
1201,144,104.3,10,144,104.3,10
1202,144,53.7,8,144,53.7,8
1203,145,90.1,12,145,90.1,12
1204,146,96.5,12,146,96.5,12
1205,147,100,11,147,100,11
1206,149,100,11,149,100,11
1207,150,109,11,150,109,11
1208,151,135.7,11,151,135.7,11
1209,151,119,10,151,119,10
1210,156,117.2,11,156,117.2,11
1211,37,30,6,37,30,6
1212,49,4.3,4,49,4.3,4
1213,50,4.5,5,50,4.5,5
1214,50,5,5,50,5,5
1215,55,7.1,6,55,7.1,6
1216,61,7.6,5,61,7.6,5
1217,62,8,5,62,8,5
1218,63,8.9,5,63,8.9,5
1219,63,7.7,5,63,7.7,5
1220,65,18,6,65,18,6
1221,66,10.4,7,66,10.4,7
1222,66,8.7,5,66,8.7,5
1223,67,9.6,7,67,9.6,7
1224,68,11,6,68,11,6
1225,69,11,6,69,11,6
1226,69,10,5,69,10,5
1227,70,13,6,70,13,6
1228,70,10.5,8,70,10.5,8
1229,72,12.8,4,72,12.8,4
1230,73,11.6,6,73,11.6,6
1231,73,12,7,73,12,7
1232,73,12,7,73,12,7
1233,74,15,7,74,15,7
1234,74,12.4,6,74,12.4,6
1235,75,12.2,5,75,12.2,5
1236,75,13.9,7,75,13.9,7
1237,75,15.1,6,75,15.1,6
1238,75,15.5,6,75,15.5,6
1239,75,13,8,75,13,8
1240,75,14,7,75,14,7
1241,76,15.1,6,76,15.1,6
1242,76,14,8,76,14,8
1243,77,14.9,9,77,14.9,9
1244,77,13.4,8,77,13.4,8
1245,77,14.7,7,77,14.7,7
1246,77,13.1,5,77,13.1,5
1247,78,17.8,7,78,17.8,7
1248,79,18.9,8,79,18.9,8
1249,79,17,8,79,17,8
1250,79,16.4,5,79,16.4,5
1251,80,15.3,5,80,15.3,5
1252,81,15,6,81,15,6
1253,82,34,7,82,34,7
1254,84,16.4,6,84,16.4,6
1255,85,20,7,85,20,7
1256,85,21.2,7,85,21.2,7
1257,85,16,7,85,16,7
1258,86,23,8,86,23,8
1259,86,20.9,8,86,20.9,8
1260,87,24,7,87,24,7
1261,88,24,9,88,24,9
1262,90,24,9,90,24,9
1263,91,25.2,8,91,25.2,8
1264,91,24.9,8,91,24.9,8
1265,91,22,8,91,22,8
1266,92,22,7,92,22,7
1267,92,22.8,9,92,22.8,9
1268,92,28.2,8,92,28.2,8
1269,93,22.6,11,93,22.6,11
1270,94,27,8,94,27,8
1271,94,30.1,8,94,30.1,8
1272,94,23,8,94,23,8
1273,95,28,8,95,28,8
1274,95,30.1,8,95,30.1,8
1275,95,30,8,95,30,8
1276,96,33,9,96,33,9
1277,96,26.4,8,96,26.4,8
1278,96,27,8,96,27,8
1279,99,29.9,8,99,29.9,8
1280,99,32,7,99,32,7
1281,99,33.4,8,99,33.4,8
1282,100,31.3,9,100,31.3,9
1283,100,41.3,9,100,41.3,9
1284,100,37,9,100,37,9
1285,100,39.2,9,100,39.2,9
1286,100,31.4,7,100,31.4,7
1287,100,39,9,100,39,9
1288,101,36,8,101,36,8
1289,101,36,7,101,36,7
1290,101,34.2,8,101,34.2,8
1291,103,32,7,103,32,7
1292,103,41,13,103,41,13
1293,103,35,9,103,35,9
1294,104,36,10,104,36,10
1295,104,38.1,9,104,38.1,9
1296,105,32.8,9,105,32.8,9
1297,105,40.9,9,105,40.9,9
1298,106,33.4,9,106,33.4,9
1299,106,38.4,10,106,38.4,10
1300,106,37.8,9,106,37.8,9
1301,106,42,9,106,42,9
1302,107,30.8,9,107,30.8,9
1303,107,45,8,107,45,8
1304,107,41.5,9,107,41.5,9
1305,107,38.8,9,107,38.8,9
1306,108,43.5,10,108,43.5,10
1307,108,45.8,9,108,45.8,9
1308,109,45.4,8,109,45.4,8
1309,109,41.4,9,109,41.4,9
1310,109,50.9,10,109,50.9,10
1311,109,37,8,109,37,8
1312,110,44.6,11,110,44.6,11
1313,110,40,9,110,40,9
1314,110,49.6,9,110,49.6,9
1315,110,46.5,10,110,46.5,10
1316,110,43,9,110,43,9
1317,111,51,9,111,51,9
1318,111,56,10,111,56,10
1319,111,46,9,111,46,9
1320,111,45,9,111,45,9
1321,112,47.2,9,112,47.2,9
1322,112,43.3,9,112,43.3,9
1323,112,53.9,10,112,53.9,10
1324,112,47,9,112,47,9
1325,113,42,11,113,42,11
1326,113,45,8,113,45,8
1327,113,43.8,8,113,43.8,8
1328,113,33.7,11,113,33.7,11
1329,114,44.3,10,114,44.3,10
1330,114,49,8,114,49,8
1331,114,53.1,9,114,53.1,9
1332,114,54.1,10,114,54.1,10
1333,114,40.4,10,114,40.4,10
1334,114,55,9,114,55,9
1335,115,42.5,10,115,42.5,10
1336,115,61.2,9,115,61.2,9
1337,115,44,10,115,44,10
1338,116,59.1,10,116,59.1,10
1339,116,40.8,10,116,40.8,10
1340,116,50.6,8,116,50.6,8
1341,117,47,9,117,47,9
1342,117,67,10,117,67,10
1343,117,57,10,117,57,10
1344,117,54.8,10,117,54.8,10
1345,117,59,10,117,59,10
1346,117,57.7,10,117,57.7,10
1347,117,47.4,8,117,47.4,8
1348,118,46,9,118,46,9
1349,118,62,9,118,62,9
1350,118,55,10,118,55,10
1351,119,45.1,10,119,45.1,10
1352,119,61,12,119,61,12
1353,120,61.8,10,120,61.8,10
1354,120,65,11,120,65,11
1355,120,54,10,120,54,10
1356,120,56,11,120,56,11
1357,120,53.8,10,120,53.8,10
1358,120,59,11,120,59,11
1359,121,66,11,121,66,11
1360,121,63,10,121,63,10
1361,121,52,11,121,52,11
1362,121,67,9,121,67,9
1363,121,55,12,121,55,12
1364,122,50,10,122,50,10
1365,122,61,12,122,61,12
1366,122,60.7,10,122,60.7,10
1367,122,57.2,9,122,57.2,9
1368,122,69.4,10,122,69.4,10
1369,122,55,10,122,55,10
1370,123,57.9,10,123,57.9,10
1371,123,68,10,123,68,10
1372,123,59,10,123,59,10
1373,123,60.7,12,123,60.7,12
1374,123,60,10,123,60,10
1375,123,60,9,123,60,9
1376,123,71,10,123,71,10
1377,124,78,10,124,78,10
1378,124,71,12,124,71,12
1379,124,70.8,10,124,70.8,10
1380,124,66,10,124,66,10
1381,125,63,9,125,63,9
1382,125,60.9,11,125,60.9,11
1383,125,64.2,9,125,64.2,9
1384,125,63.7,12,125,63.7,12
1385,126,69,9,126,69,9
1386,126,63,11,126,63,11
1387,126,67.3,12,126,67.3,12
1388,126,56,10,126,56,10
1389,126,63,12,126,63,12
1390,127,69.1,10,127,69.1,10
1391,127,78,9,127,78,9
1392,127,64.6,9,127,64.6,9
1393,127,73.3,10,127,73.3,10
1394,127,62,10,127,62,10
1395,128,81.2,15,128,81.2,15
1396,128,81.5,10,128,81.5,10
1397,129,69,11,129,69,11
1398,129,74.5,10,129,74.5,10
1399,129,86.5,11,129,86.5,11
1400,130,69.8,11,130,69.8,11
1401,130,87,11,130,87,11
1402,130,81,11,130,81,11
1403,130,75,9,130,75,9
1404,130,78.2,10,130,78.2,10
1405,131,79.7,10,131,79.7,10
1406,131,92,13,131,92,13
1407,131,76.6,10,131,76.6,10
1408,131,73,10,131,73,10
1409,132,78.5,10,132,78.5,10
1410,132,71.5,10,132,71.5,10
1411,133,87,10,133,87,10
1412,134,74.5,11,134,74.5,11
1413,134,74.9,10,134,74.9,10
1414,135,93.8,13,135,93.8,13
1415,137,92.2,9,137,92.2,9
1416,139,99.5,11,139,99.5,11
1417,140,39,12,140,39,12
1418,141,102.4,10,141,102.4,10
1419,141,105.6,11,141,105.6,11
1420,141,86,12,141,86,12
1421,142,90,11,142,90,11
1422,144,102,13,144,102,13
1423,144,107.3,12,144,107.3,12
1424,145,119,11,145,119,11
1425,146,104,11,146,104,11
1426,147,113,12,147,113,12
1427,149,111.6,9,149,111.6,9
1428,150,122.4,14,150,122.4,14
1429,163,159.5,14,163,159.5,14
1430,28,0.8,3,28,0.8,3
1431,46,7.2,4,46,7.2,4
1432,73,12.1,7,73,12.1,7
1433,73,10.6,5,73,10.6,5
1434,74,12.3,6,74,12.3,6
1435,75,13.4,7,75,13.4,7
1436,77,13.5,5,77,13.5,5
1437,79,15.3,5,79,15.3,5
1438,80,16.5,6,80,16.5,6
1439,80,16,7,80,16,7
1440,81,17.1,8,81,17.1,8
1441,81,16.3,7,81,16.3,7
1442,81,16.1,6,81,16.1,6
1443,82,14.6,5,82,14.6,5
1444,83,20.6,9,83,20.6,9
1445,85,17.6,6,85,17.6,6
1446,86,21.5,6,86,21.5,6
1447,88,20.3,5,88,20.3,5
1448,88,20.5,8,88,20.5,8
1449,88,22.7,9,88,22.7,9
1450,90,22,6,90,22,6
1451,91,21.3,7,91,21.3,7
1452,92,25,8,92,25,8
1453,94,23.2,9,94,23.2,9
1454,94,23.5,6,94,23.5,6
1455,94,27.3,6,94,27.3,6
1456,95,28.4,8,95,28.4,8
1457,95,23.3,7,95,23.3,7
1458,95,26.7,7,95,26.7,7
1459,96,29.4,7,96,29.4,7
1460,97,29.4,6,97,29.4,6
1461,97,39.6,8,97,39.6,8
1462,97,31.1,6,97,31.1,6
1463,99,28.8,7,99,28.8,7
1464,101,31.1,9,101,31.1,9
1465,101,32.2,9,101,32.2,9
1466,103,34,8,103,34,8
1467,103,43.7,8,103,43.7,8
1468,103,34,7,103,34,7
1469,104,29.8,8,104,29.8,8
1470,105,34.7,8,105,34.7,8
1471,106,37.8,9,106,37.8,9
1472,106,35,8,106,35,8
1473,109,40.6,9,109,40.6,9
1474,110,38.9,8,110,38.9,8
1475,110,43,9,110,43,9
1476,112,44,8,112,44,8
1477,112,36.7,9,112,36.7,9
1478,114,49.8,8,114,49.8,8
1479,115,47.6,9,115,47.6,9
1480,115,47.7,8,115,47.7,8
1481,116,61.1,9,116,61.1,9
1482,116,41.9,9,116,41.9,9
1483,117,46.7,8,117,46.7,8
1484,118,49,8,118,49,8
1485,118,50.3,9,118,50.3,9
1486,118,55,8,118,55,8
1487,119,57.6,9,119,57.6,9
1488,120,50,8,120,50,8
1489,120,71.4,9,120,71.4,9
1490,121,55.3,11,121,55.3,11
1491,121,76,9,121,76,9
1492,121,66.3,9,121,66.3,9
1493,122,61,11,122,61,11
1494,123,50.2,8,123,50.2,8
1495,124,50,10,124,50,10
1496,124,55,8,124,55,8
1497,124,62.4,9,124,62.4,9
1498,125,69.3,10,125,69.3,10
1499,125,61,11,125,61,11
1500,126,55.2,9,126,55.2,9
1501,126,65.8,10,126,65.8,10
1502,126,61,9,126,61,9
1503,126,62,11,126,62,11
1504,126,64.9,10,126,64.9,10
1505,127,63,10,127,63,10
1506,127,75.4,8,127,75.4,8
1507,128,80.5,9,128,80.5,9
1508,129,83,10,129,83,10
1509,129,86,11,129,86,11
1510,129,67,11,129,67,11
1511,130,99,10,130,99,10
1512,130,80,10,130,80,10
1513,130,63.9,9,130,63.9,9
1514,130,43,8,130,43,8
1515,131,88.8,11,131,88.8,11
1516,131,83.9,11,131,83.9,11
1517,132,69,10,132,69,10
1518,133,79,10,133,79,10
1519,134,82,11,134,82,11
1520,134,69,10,134,69,10
1521,134,83,10,134,83,10
1522,136,93.7,12,136,93.7,12
1523,136,79,11,136,79,11
1524,138,92.2,12,138,92.2,12
1525,140,64,11,140,64,11
1526,140,119,11,140,119,11
1527,141,77.6,10,141,77.6,10
1528,144,98.8,12,144,98.8,12
1529,145,100.3,13,145,100.3,13
1530,148,89.2,10,148,89.2,10
1531,150,89,11,150,89,11
1532,42,2.6,5,42,2.6,5
1533,57,6.7,5,57,6.7,5
1534,59,8.1,6,59,8.1,6
1535,60,8.3,6,60,8.3,6
1536,61,8.3,6,61,8.3,6
1537,67,10,5,67,10,5
1538,70,11,5,70,11,5
1539,71,10.8,6,71,10.8,6
1540,71,11.6,7,71,11.6,7
1541,72,12.2,8,72,12.2,8
1542,72,13.2,7,72,13.2,7
1543,72,11,7,72,11,7
1544,73,13.2,7,73,13.2,7
1545,74,13,6,74,13,6
1546,75,14,7,75,14,7
1547,76,15,7,76,15,7
1548,76,16.4,6,76,16.4,6
1549,77,15.2,8,77,15.2,8
1550,77,14,7,77,14,7
1551,77,16.7,8,77,16.7,8
1552,78,16,7,78,16,7
1553,78,15.4,7,78,15.4,7
1554,78,14.6,7,78,14.6,7
1555,82,19.1,8,82,19.1,8
1556,82,15,8,82,15,8
1557,83,19.3,7,83,19.3,7
1558,85,18,8,85,18,8
1559,85,19,7,85,19,7
1560,87,22,7,87,22,7
1561,87,21,6,87,21,6
1562,90,21,8,90,21,8
1563,90,26.9,7,90,26.9,7
1564,91,29.4,10,91,29.4,10
1565,92,24.1,7,92,24.1,7
1566,92,26,7,92,26,7
1567,93,29.4,9,93,29.4,9
1568,93,24,8,93,24,8
1569,94,31,8,94,31,8
1570,95,38,8,95,38,8
1571,95,22.4,7,95,22.4,7
1572,95,25,8,95,25,8
1573,96,35,9,96,35,9
1574,96,30,8,96,30,8
1575,96,47.8,8,96,47.8,8
1576,97,32,7,97,32,7
1577,98,28.6,8,98,28.6,8
1578,98,33.8,8,98,33.8,8
1579,99,30,8,99,30,8
1580,99,38,8,99,38,8
1581,100,38.7,8,100,38.7,8
1582,100,34.6,8,100,34.6,8
1583,100,33.8,9,100,33.8,9
1584,102,32.4,7,102,32.4,7
1585,103,30,6,103,30,6
1586,103,27.6,9,103,27.6,9
1587,103,25.5,10,103,25.5,10
1588,103,34,8,103,34,8
1589,103,37,8,103,37,8
1590,104,33,9,104,33,9
1591,104,37.9,7,104,37.9,7
1592,105,57.5,8,105,57.5,8
1593,105,35.6,9,105,35.6,9
1594,105,35,8,105,35,8
1595,105,33.8,7,105,33.8,7
1596,105,45,9,105,45,9
1597,106,35.4,7,106,35.4,7
1598,106,42.7,10,106,42.7,10
1599,106,39,9,106,39,9
1600,106,49.8,11,106,49.8,11
1601,107,35,7,107,35,7
1602,108,48,9,108,48,9
1603,108,50,9,108,50,9
1604,108,45.9,9,108,45.9,9
1605,108,53.8,10,108,53.8,10
1606,108,47,9,108,47,9
1607,108,45,10,108,45,10
1608,108,42.6,8,108,42.6,8
1609,109,36,9,109,36,9
1610,109,34.5,8,109,34.5,8
1611,109,44,8,109,44,8
1612,110,51.8,10,110,51.8,10
1613,110,43.4,9,110,43.4,9
1614,110,46,12,110,46,12
1615,110,44.3,8,110,44.3,8
1616,110,42,8,110,42,8
1617,111,34,9,111,34,9
1618,111,41.2,8,111,41.2,8
1619,111,55.3,11,111,55.3,11
1620,112,47.2,10,112,47.2,10
1621,112,40,8,112,40,8
1622,112,52.9,10,112,52.9,10
1623,113,46.2,9,113,46.2,9
1624,113,54,9,113,54,9
1625,113,43,9,113,43,9
1626,113,43.8,10,113,43.8,10
1627,114,42,8,114,42,8
1628,114,49,9,114,49,9
1629,114,50,9,114,50,9
1630,114,56.3,10,114,56.3,10
1631,114,56,9,114,56,9
1632,114,36.5,12,114,36.5,12
1633,115,53.6,8,115,53.6,8
1634,115,47.8,10,115,47.8,10
1635,115,68,10,115,68,10
1636,115,47,9,115,47,9
1637,115,71,10,115,71,10
1638,115,94,8,115,94,8
1639,115,50,9,115,50,9
1640,115,50.8,10,115,50.8,10
1641,115,72,8,115,72,8
1642,115,47.8,9,115,47.8,9
1643,115,55,13,115,55,13
1644,116,46,8,116,46,8
1645,116,59,10,116,59,10
1646,116,45.7,10,116,45.7,10
1647,116,47,9,116,47,9
1648,117,50.6,10,117,50.6,10
1649,118,61.8,10,118,61.8,10
1650,118,53,10,118,53,10
1651,118,52,11,118,52,11
1652,119,53,8,119,53,8
1653,119,43.4,10,119,43.4,10
1654,119,50.7,10,119,50.7,10
1655,119,47,8,119,47,8
1656,120,60,8,120,60,8
1657,120,61,9,120,61,9
1658,120,54.5,9,120,54.5,9
1659,120,58,8,120,58,8
1660,120,65,10,120,65,10
1661,120,55,9,120,55,9
1662,120,52.7,10,120,52.7,10
1663,121,55,9,121,55,9
1664,121,54,8,121,54,8
1665,121,44,9,121,44,9
1666,121,48,8,121,48,8
1667,121,66.9,9,121,66.9,9
1668,121,86.2,11,121,86.2,11
1669,122,53.2,10,122,53.2,10
1670,122,56,10,122,56,10
1671,122,61.7,12,122,61.7,12
1672,122,58.9,9,122,58.9,9
1673,122,75.8,10,122,75.8,10
1674,122,52,9,122,52,9
1675,122,62,9,122,62,9
1676,122,71,7,122,71,7
1677,123,56,10,123,56,10
1678,123,62.2,9,123,62.2,9
1679,124,63,12,124,63,12
1680,124,67,12,124,67,12
1681,124,79,13,124,79,13
1682,124,71.4,11,124,71.4,11
1683,124,61,11,124,61,11
1684,124,62.6,12,124,62.6,12
1685,124,59,9,124,59,9
1686,124,59.3,10,124,59.3,10
1687,124,61.8,12,124,61.8,12
1688,124,60,9,124,60,9
1689,125,66.5,11,125,66.5,11
1690,125,62.1,10,125,62.1,10
1691,125,70.8,9,125,70.8,9
1692,125,62.9,12,125,62.9,12
1693,125,74.1,10,125,74.1,10
1694,125,55.6,9,125,55.6,9
1695,126,60,9,126,60,9
1696,126,79.9,8,126,79.9,8
1697,126,67.8,11,126,67.8,11
1698,126,60.7,10,126,60.7,10
1699,126,65.6,11,126,65.6,11
1700,127,72.3,13,127,72.3,13
1701,127,83.6,12,127,83.6,12
1702,127,61,10,127,61,10
1703,127,76,9,127,76,9
1704,128,72,10,128,72,10
1705,128,73.7,10,128,73.7,10
1706,128,88.7,11,128,88.7,11
1707,129,67,10,129,67,10
1708,129,77.2,12,129,77.2,12
1709,129,76.9,14,129,76.9,14
1710,129,96,9,129,96,9
1711,129,74.9,10,129,74.9,10
1712,129,63.4,9,129,63.4,9
1713,129,63,9,129,63,9
1714,129,83,10,129,83,10
1715,129,72,10,129,72,10
1716,129,66,9,129,66,9
1717,129,70,12,129,70,12
1718,130,67,9,130,67,9
1719,130,78.2,11,130,78.2,11
1720,130,75.6,11,130,75.6,11
1721,130,73.3,9,130,73.3,9
1722,131,73,10,131,73,10
1723,131,61,9,131,61,9
1724,131,85,12,131,85,12
1725,131,72.6,11,131,72.6,11
1726,132,68.2,9,132,68.2,9
1727,132,83,12,132,83,12
1728,132,99,10,132,99,10
1729,132,78.5,14,132,78.5,14
1730,133,70.6,11,133,70.6,11
1731,133,73.3,11,133,73.3,11
1732,133,64,11,133,64,11
1733,133,79,12,133,79,12
1734,133,63,9,133,63,9
1735,134,61.6,12,134,61.6,12
1736,134,60,11,134,60,11
1737,134,85.5,13,134,85.5,13
1738,134,70.8,10,134,70.8,10
1739,134,93,11,134,93,11
1740,135,70.9,13,135,70.9,13
1741,135,79.3,10,135,79.3,10
1742,136,82.5,10,136,82.5,10
1743,136,94.1,11,136,94.1,11
1744,137,64,11,137,64,11
1745,137,87.6,11,137,87.6,11
1746,138,92,12,138,92,12
1747,140,108,10,140,108,10
1748,140,102.4,15,140,102.4,15
1749,141,53,11,141,53,11
1750,142,100.4,11,142,100.4,11
1751,142,96,12,142,96,12
1752,142,87,10,142,87,10
1753,142,113.2,11,142,113.2,11
1754,144,97,10,144,97,10
1755,144,102.2,13,144,102.2,13
1756,144,87,7,144,87,7
1757,145,100.6,14,145,100.6,14
1758,146,113.1,11,146,113.1,11
1759,147,111.4,11,147,111.4,11
1760,148,96.4,12,148,96.4,12
1761,150,115,11,150,115,11
1762,150,126,12,150,126,12
1763,154,128.4,12,154,128.4,12
1764,155,115.6,12,155,115.6,12
1765,55,14.1,5,55,14.1,5
1766,75,22.5,6,75,22.5,6
1767,75,33.5,7,75,33.5,7
1768,78,28.6,7,78,28.6,7
1769,87,32.9,8,87,32.9,8
1770,89,23.4,7,89,23.4,7
1771,91,20,6,91,20,6
1772,91,42.2,8,91,42.2,8
1773,91,24.3,8,91,24.3,8
1774,93,41.8,10,93,41.8,10
1775,93,24,7,93,24,7
1776,97,36.4,8,97,36.4,8
1777,97,47.3,9,97,47.3,9
1778,97,63.8,9,97,63.8,9
1779,98,56.5,8,98,56.5,8
1780,100,59.2,9,100,59.2,9
1781,103,54.6,9,103,54.6,9
1782,103,50.4,8,103,50.4,8
1783,105,55.2,10,105,55.2,10
1784,105,31.8,7,105,31.8,7
1785,106,42.1,8,106,42.1,8
1786,107,35.9,8,107,35.9,8
1787,107,60.8,8,107,60.8,8
1788,109,45.6,8,109,45.6,8
1789,109,80.6,10,109,80.6,10
1790,109,56.9,9,109,56.9,9
1791,110,66.9,10,110,66.9,10
1792,110,68.8,10,110,68.8,10
1793,114,58,9,114,58,9
1794,115,49.7,10,115,49.7,10
1795,115,42.6,10,115,42.6,10
1796,116,83.1,10,116,83.1,10
1797,117,51.6,10,117,51.6,10
1798,117,50.6,8,117,50.6,8
1799,120,65.7,11,120,65.7,11
1800,120,50.2,9,120,50.2,9
1801,121,68.6,9,121,68.6,9
1802,121,59.4,10,121,59.4,10
1803,122,60.1,11,122,60.1,11
1804,123,63,10,123,63,10
1805,124,51.3,10,124,51.3,10
1806,125,63.7,9,125,63.7,9
1807,125,68.8,11,125,68.8,11
1808,127,69.5,11,127,69.5,11
1809,127,58.2,10,127,58.2,10
1810,128,62,8,128,62,8
1811,129,63,9,129,63,9
1812,130,79.3,11,130,79.3,11
1813,130,61.5,10,130,61.5,10
1814,131,93.2,9,131,93.2,9
1815,131,75.6,10,131,75.6,10
1816,133,87.5,11,133,87.5,11
1817,135,77.8,10,135,77.8,10
1818,137,84.3,9,137,84.3,9
1819,139,79.3,10,139,79.3,10
1820,139,91,11,139,91,11
1821,141,92.9,13,141,92.9,13
1822,144,100.3,9,144,100.3,9
1823,144,88.5,11,144,88.5,11
1824,146,128.6,11,146,128.6,11
1825,37,1.8,5,37,1.8,5
1826,48,3.6,4,48,3.6,4
1827,62,7.2,7,62,7.2,7
1828,68,12,6,68,12,6
1829,70,12,7,70,12,7
1830,73,13,6,73,13,6
1831,73,15,7,73,15,7
1832,73,14,6,73,14,6
1833,78,16.2,8,78,16.2,8
1834,81,22,6,81,22,6
1835,82,22,7,82,22,7
1836,82,21,7,82,21,7
1837,83,17,6,83,17,6
1838,83,19.5,6,83,19.5,6
1839,83,23,8,83,23,8
1840,84,22.7,11,84,22.7,11
1841,86,24,8,86,24,8
1842,87,19.6,7,87,19.6,7
1843,87,22,7,87,22,7
1844,87,21,8,87,21,8
1845,87,23.7,7,87,23.7,7
1846,89,23.7,8,89,23.7,8
1847,93,33.2,7,93,33.2,7
1848,94,27,8,94,27,8
1849,95,29.3,9,95,29.3,9
1850,97,30.8,7,97,30.8,7
1851,97,29.4,8,97,29.4,8
1852,97,30,9,97,30,9
1853,99,33,8,99,33,8
1854,99,30.1,8,99,30.1,8
1855,99,38.2,8,99,38.2,8
1856,100,30,9,100,30,9
1857,101,45,11,101,45,11
1858,101,41.4,8,101,41.4,8
1859,102,39,10,102,39,10
1860,103,49,10,103,49,10
1861,103,47,10,103,47,10
1862,103,28,8,103,28,8
1863,104,36.8,8,104,36.8,8
1864,104,33.6,9,104,33.6,9
1865,104,33,9,104,33,9
1866,104,28.5,7,104,28.5,7
1867,104,28.6,10,104,28.6,10
1868,105,33.9,9,105,33.9,9
1869,105,42,8,105,42,8
1870,105,35,9,105,35,9
1871,106,46,8,106,46,8
1872,106,48,9,106,48,9
1873,106,36.6,9,106,36.6,9
1874,106,37.5,9,106,37.5,9
1875,107,48.8,9,107,48.8,9
1876,108,59,9,108,59,9
1877,108,38.4,9,108,38.4,9
1878,108,38,8,108,38,8
1879,109,48.8,10,109,48.8,10
1880,109,50,9,109,50,9
1881,110,47.6,10,110,47.6,10
1882,110,46,6,110,46,6
1883,111,42.8,8,111,42.8,8
1884,111,38.8,8,111,38.8,8
1885,111,36,7,111,36,7
1886,111,44,9,111,44,9
1887,111,47,9,111,47,9
1888,112,55.8,9,112,55.8,9
1889,113,46,11,113,46,11
1890,113,37,7,113,37,7
1891,113,52,11,113,52,11
1892,113,51,9,113,51,9
1893,113,49.2,9,113,49.2,9
1894,113,50,10,113,50,10
1895,114,53,11,114,53,11
1896,114,55.4,11,114,55.4,11
1897,114,56.6,9,114,56.6,9
1898,114,47.6,13,114,47.6,13
1899,114,46.8,9,114,46.8,9
1900,115,45.3,9,115,45.3,9
1901,115,47,9,115,47,9
1902,115,47.8,10,115,47.8,10
1903,115,59,11,115,59,11
1904,115,54,10,115,54,10
1905,115,70,9,115,70,9
1906,115,45,10,115,45,10
1907,115,47.8,11,115,47.8,11
1908,115,44,9,115,44,9
1909,115,53.8,9,115,53.8,9
1910,116,45,9,116,45,9
1911,116,60.1,10,116,60.1,10
1912,116,55.9,10,116,55.9,10
1913,116,48.4,10,116,48.4,10
1914,116,49.7,9,116,49.7,9
1915,119,44.6,10,119,44.6,10
1916,120,52.8,11,120,52.8,11
1917,120,65.8,11,120,65.8,11
1918,120,62.1,10,120,62.1,10
1919,120,59.6,11,120,59.6,11
1920,121,70.4,10,121,70.4,10
1921,121,60,9,121,60,9
1922,121,64.2,10,121,64.2,10
1923,122,54,8,122,54,8
1924,122,59.7,10,122,59.7,10
1925,122,53,8,122,53,8
1926,122,58.8,11,122,58.8,11
1927,123,57,11,123,57,11
1928,123,53.7,9,123,53.7,9
1929,123,64.5,12,123,64.5,12
1930,123,77.7,10,123,77.7,10
1931,124,57,11,124,57,11
1932,124,71,9,124,71,9
1933,124,68,11,124,68,11
1934,124,103.9,15,124,103.9,15
1935,124,65,9,124,65,9
1936,124,67,12,124,67,12
1937,125,64.3,11,125,64.3,11
1938,125,72.2,9,125,72.2,9
1939,125,70.7,10,125,70.7,10
1940,125,60.8,11,125,60.8,11
1941,125,75,11,125,75,11
1942,125,53,11,125,53,11
1943,126,57.8,9,126,57.8,9
1944,127,67.9,11,127,67.9,11
1945,127,82.4,11,127,82.4,11
1946,127,69,11,127,69,11
1947,127,67,12,127,67,12
1948,127,73,12,127,73,12
1949,127,70.7,10,127,70.7,10
1950,128,70,11,128,70,11
1951,128,68,10,128,68,10
1952,128,82,10,128,82,10
1953,128,58.5,10,128,58.5,10
1954,128,68,9,128,68,9
1955,128,65.1,11,128,65.1,11
1956,129,93.5,12,129,93.5,12
1957,129,67.7,11,129,67.7,11
1958,129,94.8,16,129,94.8,16
1959,130,66.1,10,130,66.1,10
1960,130,72.9,13,130,72.9,13
1961,130,79.7,10,130,79.7,10
1962,131,99.4,11,131,99.4,11
1963,131,78.8,10,131,78.8,10
1964,131,69.6,9,131,69.6,9
1965,132,98,10,132,98,10
1966,132,74,11,132,74,11
1967,133,71.9,10,133,71.9,10
1968,133,87.2,12,133,87.2,12
1969,133,80,12,133,80,12
1970,134,83.2,12,134,83.2,12
1971,135,82.3,11,135,82.3,11
1972,135,84.9,11,135,84.9,11
1973,136,94.3,12,136,94.3,12
1974,136,76.8,10,136,76.8,10
1975,137,81.5,10,137,81.5,10
1976,138,100,11,138,100,11
1977,139,90.1,13,139,90.1,13
1978,140,107.6,13,140,107.6,13
1979,140,75,12,140,75,12
1980,140,107,13,140,107,13
1981,141,87.9,10,141,87.9,10
1982,144,100.2,12,144,100.2,12
1983,144,100.6,11,144,100.6,11
1984,145,97.6,11,145,97.6,11
1985,150,88,11,150,88,11
1986,152,129.2,13,152,129.2,13
1987,27,1.6,4,27,1.6,4
1988,32,1.2,4,32,1.2,4
1989,42,3,5,42,3,5
1990,56,6,6,56,6,6
1991,56,6,7,56,6,7
1992,57,6,6,57,6,6
1993,58,6,5,58,6,5
1994,58,6,6,58,6,6
1995,58,6,6,58,6,6
1996,64,8.2,6,64,8.2,6
1997,65,8,7,65,8,7
1998,67,9.9,6,67,9.9,6
1999,70,9.9,7,70,9.9,7
2000,70,9.2,6,70,9.2,6
2001,71,14.7,9,71,14.7,9
2002,72,12.4,6,72,12.4,6
2003,72,10.6,7,72,10.6,7
2004,75,13,6,75,13,6
2005,75,12.1,7,75,12.1,7
2006,79,15.6,7,79,15.6,7
2007,81,16.1,7,81,16.1,7
2008,83,18.5,8,83,18.5,8
2009,85,19.7,7,85,19.7,7
2010,86,21,8,86,21,8
2011,87,19,7,87,19,7
2012,90,25.8,8,90,25.8,8
2013,92,27.5,7,92,27.5,7
2014,94,29,10,94,29,10
2015,94,29,10,94,29,10
2016,95,27.3,8,95,27.3,8
2017,101,33.4,9,101,33.4,9
2018,101,37,12,101,37,12
2019,101,30.7,10,101,30.7,10
2020,102,40.7,9,102,40.7,9
2021,103,33.6,9,103,33.6,9
2022,105,35.3,9,105,35.3,9
2023,106,39.2,9,106,39.2,9
2024,106,37,9,106,37,9
2025,109,47.7,11,109,47.7,11
2026,110,53.5,10,110,53.5,10
2027,112,50.6,9,112,50.6,9
2028,113,49.5,9,113,49.5,9
2029,114,49,10,114,49,10
2030,116,52.5,9,116,52.5,9
2031,118,55,10,118,55,10
2032,120,48.5,10,120,48.5,10
2033,121,59,12,121,59,12
2034,122,68.2,10,122,68.2,10
2035,125,78.5,14,125,78.5,14
2036,132,77.2,9,132,77.2,9
2037,51,5,5,51,5,5
2038,54,5.7,5,54,5.7,5
2039,56,6.6,5,56,6.6,5
2040,57,5.4,6,57,5.4,6
2041,64,11.4,8,64,11.4,8
2042,65,10.8,8,65,10.8,8
2043,77,14.5,8,77,14.5,8
2044,79,16.4,7,79,16.4,7
2045,80,21,7,80,21,7
2046,81,17.4,8,81,17.4,8
2047,83,16.1,7,83,16.1,7
2048,84,17.4,6,84,17.4,6
2049,88,22,9,88,22,9
2050,89,24,8,89,24,8
2051,90,27,8,90,27,8
2052,91,26.7,8,91,26.7,8
2053,92,26.4,8,92,26.4,8
2054,92,23.2,7,92,23.2,7
2055,93,24.2,7,93,24.2,7
2056,93,25.5,9,93,25.5,9
2057,95,39.1,7,95,39.1,7
2058,96,31.6,8,96,31.6,8
2059,97,32.7,8,97,32.7,8
2060,98,27.8,8,98,27.8,8
2061,100,47.7,9,100,47.7,9
2062,100,35.7,8,100,35.7,8
2063,101,30.3,7,101,30.3,7
2064,105,29.1,8,105,29.1,8
2065,107,35.9,8,107,35.9,8
2066,107,40.7,8,107,40.7,8
2067,108,47.3,10,108,47.3,10
2068,108,36.9,9,108,36.9,9
2069,109,46.2,9,109,46.2,9
2070,110,42.6,9,110,42.6,9
2071,110,41.8,11,110,41.8,11
2072,113,47.6,9,113,47.6,9
2073,116,52.1,8,116,52.1,8
2074,116,38.4,7,116,38.4,7
2075,117,71.2,11,117,71.2,11
2076,119,52.4,9,119,52.4,9
2077,120,67.5,10,120,67.5,10
2078,122,44,8,122,44,8
2079,122,74.4,8,122,74.4,8
2080,124,54.5,9,124,54.5,9
2081,129,67.8,9,129,67.8,9
2082,130,64,8,130,64,8
2083,133,85.5,10,133,85.5,10
2084,137,98,11,137,98,11
2085,138,92.4,12,138,92.4,12
2086,141,97.6,10,141,97.6,10
2087,142,56,10,142,56,10
2088,144,95.8,11,144,95.8,11
2089,144,120.4,12,144,120.4,12
2090,146,98.7,10,146,98.7,10
2091,155,131.7,17,155,131.7,17
2092,101,35,8,101,35,8
2093,106,49,10,106,49,10
2094,101,42,11,101,42,11
2095,81,19,7,81,19,7
2096,83,19,7,83,19,7
2097,100,44,11,100,44,11
2098,85,25,7,85,25,7
2099,94,35,8,94,35,8
2100,80,23,10,80,23,10
2101,74,17,10,74,17,10
2102,100,43,19,100,43,19
2103,82,19,9,82,19,9
2104,75,17,9,75,17,9
2105,98,33,11,98,33,11
2106,117,57,10,117,57,10
2107,119,73,14,119,73,14
2108,135,120,15,135,120,15
2109,133,177,27,133,177,27
2110,124,67,13,124,67,13
2111,65,9,5,65,9,5
2112,91,25,9,91,25,9
2113,105,35,8,105,35,8
2114,77,16,7,77,16,7
2115,26,0.7,4,26,0.7,4
2116,36,1.8,3,36,1.8,3
2117,62,9,6,62,9,6
2118,75,16,7,75,16,7
2119,96,37,8,96,37,8
2120,91,29,9,91,29,9
2121,85,22,7,85,22,7
2122,95,29,9,95,29,9
2123,87,26,11,87,26,11
2124,58,7,6,58,7,6
2125,77,18,7,77,18,7
2126,94,30,8,94,30,8
2127,100,37,10,100,37,10
2128,80,17,7,80,17,7
2129,124,80,12,124,80,12
2130,119,49,12,119,49,12
2131,117,59,9,117,59,9
2132,64,11,6,64,11,6
2133,104,43,10,104,43,10
2134,88,26,9,88,26,9
2135,88,24,8,88,24,8
2136,113,36,12,113,36,12
2137,112,67,9,112,67,9
2138,118,62,10,118,62,10
2139,114,59,16,114,59,16
2140,136,93,14,136,93,14
2141,90,32,10,90,32,10
2142,64,10,7,64,10,7
2143,92,25,9,92,25,9
2144,94,31,10,94,31,10
2145,91,27,9,91,27,9
2146,83,22,9,83,22,9
2147,93,37,11,93,37,11
2148,92,34,12,92,34,12
2149,83,23,8,83,23,8
2150,54,7.2,7,54,7.2,7
2151,89,30.1,10,89,30.1,10
2152,149,117.1,18,149,117.1,18
2153,80,18.7,8,80,18.7,8
2154,56,7,5,56,7,5
2155,110,53,10,110,53,10
2156,116,87,16,116,87,16
2157,122,98,12,122,98,12
2158,124,145,17,124,145,17
2159,112,57,14,112,57,14
2160,128,82,12,128,82,12
2161,138,114,19,138,114,19
2162,143,177,17,143,177,17
2163,142,98,11,142,98,11
2164,110,58,9,110,58,9
2165,75,19,5,75,19,5
2166,122,60,9,122,60,9
2167,76,17,6,76,17,6
2168,74,14,5,74,14,5
2169,67,9,6,67,9,6
2170,33,1,4,33,1,4
2171,57,8,7,57,8,7
2172,38,2,6,38,2,6
2173,43,2,5,43,2,5
2174,119,46,10,119,46,10
2175,129,71,13,129,71,13
2176,115,70,12,115,70,12
2177,114,81,20,114,81,20
2178,116,79,14,116,79,14
2179,119,68,15,119,68,15
2180,119,89,14,119,89,14
2181,125,89,21,125,89,21
2182,107,52,16,107,52,16
2183,110,71,13,110,71,13
2184,99,70,6,99,70,6
2185,64,9,6,64,9,6
2186,89,26,9,89,26,9
2187,104,37,9,104,37,9
2188,99,52,14,99,52,14
2189,94,34,12,94,34,12
2190,98,39,10,98,39,10
2191,116,63,11,116,63,11
2192,129,91,15,129,91,15
2193,115,60,14,115,60,14
2194,43,4,6,43,4,6
2195,86,24,13,86,24,13
2196,52,9,5,52,9,5
2197,74,14,11,74,14,11
2198,81,25,10,81,25,10
2199,54,6,6,54,6,6
2200,136,117,21,136,117,21
2201,130,88,13,130,88,13
2202,129,102,25,129,102,25
2203,114,59,19,114,59,19
2204,123,94,18,123,94,18
2205,84,26,7,84,26,7
2206,55,8.4,6,55,8.4,6
2207,58,8,5,58,8,5
2208,84,27,8,84,27,8
2209,125,133,16,125,133,16
2210,110,105,27,110,105,27
2211,132,122,18,132,122,18
2212,113,70,17,113,70,17
2213,119,104,13,119,104,13
2214,126,114,17,126,114,17
2215,86,31,8,86,31,8
2216,91,35,10,91,35,10
2217,66,13,7,66,13,7
2218,103,50,13,103,50,13
2219,99,54,14,99,54,14
2220,97,38,13,97,38,13
2221,107,40,8,107,40,8
2222,116,77,17,116,77,17
2223,125,106,13,125,106,13
2224,111,78,14,111,78,14
2225,110,53,9,110,53,9
2226,118,56,13,118,56,13
2227,71,16,7,71,16,7
2228,55,6,7,55,6,7
2229,101,43,12,101,43,12
2230,74,15,7,74,15,7
2231,111,55,13,111,55,13
2232,101,50,9,101,50,9
2233,112,59,9,112,59,9
2234,119,70,17,119,70,17
2235,114,59,14,114,59,14
2236,120,83,13,120,83,13
2237,112,66,15,112,66,15
2238,117,80,17,117,80,17
2239,92,22,8,92,22,8
2240,92,32,8,92,32,8
2241,83,25,12,83,25,12
2242,87,25,11,87,25,11
2243,95,37,7,95,37,7
2244,93,33,10,93,33,10
2245,71,17,11,71,17,11
2246,92,41,9,92,41,9
2247,76,21,10,76,21,10
2248,94,30,9,94,30,9
2249,72,15,6,72,15,6
2250,117,63,12,117,63,12
2251,131,83,11,131,83,11
2252,120,76,13,120,76,13
2253,114,76,14,114,76,14
2254,129,72,11,129,72,11
2255,130,106,14,130,106,14
2256,102,48,12,102,48,12
2257,104,35,8,104,35,8
2258,99,57,13,99,57,13
2259,86,27,8,86,27,8
2260,118,59,13,118,59,13
2261,110,64,10,110,64,10
2262,117,54,11,117,54,11
2263,116,60,17,116,60,17
2264,124,64,13,124,64,13
2265,118,69,14,118,69,14
2266,144,124,13,144,124,13
2267,127,72,14,127,72,14
2268,122,84,15,122,84,15
2269,109,59,13,109,59,13
2270,114,51,12,114,51,12
2271,120,64,18,120,64,18
2272,104,50,14,104,50,14
2273,127,116,15,127,116,15
2274,134,74,13,134,74,13
2275,139,137,15,139,137,15
2276,131,89,20,131,89,20
2277,124,71,14,124,71,14
2278,120,85,19,120,85,19
2279,102,34,9,102,34,9
2280,105,39,10,105,39,10
2281,88,31,9,88,31,9
2282,97,37,8,97,37,8
2283,99,35,10,99,35,10
2284,87,25,7,87,25,7
2285,81,20,9,81,20,9
2286,84,20,9,84,20,9
2287,100,39,9,100,39,9
2288,77,20,7,77,20,7
2289,66,12,6,66,12,6
2290,116,57,10,116,57,10
2291,65,13,6,65,13,6
2292,95,37,10,95,37,10
2293,76,19,9,76,19,9
2294,68,11,6,68,11,6
2295,105,44,12,105,44,12
2296,104,57,10,104,57,10
2297,107,50,13,107,50,13
2298,95,34,8,95,34,8
2299,83,25,7,83,25,7
2300,99,33,8,99,33,8
2301,96,42,10,96,42,10
2302,104,46,10,104,46,10
2303,92,39,9,92,39,9
2304,116,53,11,116,53,11
2305,118,57,11,118,57,11
2306,110,52,23,110,52,23
2307,130,73,12,130,73,12
2308,93,46,16,93,46,16
2309,91,35,11,91,35,11
2310,94,39,13,94,39,13
2311,87,25,13,87,25,13
2312,70,17,7,70,17,7
2313,63,8,8,63,8,8
2314,119,68,16,119,68,16
2315,116,55,14,116,55,14
2316,115,54,17,115,54,17
2317,107,50,13,107,50,13
2318,103,58,13,103,58,13
2319,101,40,12,101,40,12
2320,101,41,15,101,41,15
2321,80,19,10,80,19,10
2322,98,43,14,98,43,14
2323,106,44,12,106,44,12
2324,79,19,8,79,19,8
2325,133,95,17,133,95,17
2326,83,20,10,83,20,10
2327,86,24,11,86,24,11
2328,95,40,13,95,40,13
2329,105,48,15,105,48,15
2330,96,51,15,96,51,15
2331,84,23,9,84,23,9
2332,118,67,15,118,67,15
2333,103,43,9,103,43,9
2334,139,89,13,139,89,13
2335,160,124,23,160,124,23
2336,122,72,23,122,72,23
2337,113,55,18,113,55,18
2338,112,49,11,112,49,11
2339,131,97,17,131,97,17
2340,128,91,17,128,91,17
2341,118,50,11,118,50,11
2342,62,9,7,62,9,7
2343,51,5,6,51,5,6
2344,34,1.6,6,34,1.6,6
2345,134,80,21,134,80,21
2346,142,113,17,142,113,17
2347,112,52.6,13,112,52.6,13
2348,101,43.5,11,101,43.5,11
2349,105,50.3,16,105,50.3,16
2350,90,29.8,9,90,29.8,9
2351,103,43.2,12,103,43.2,12
2352,118,54,19,118,54,19
2353,140,84,18,140,84,18
2354,144,105,17,144,105,17
2355,127,62,11,127,62,11
2356,111,56,13,111,56,13
2357,115,80,13,115,80,13
2358,117,50,17,117,50,17
2359,122,103,20,122,103,20
2360,129,101,13,129,101,13
2361,109,53,11,109,53,11
2362,110,50,12,110,50,12
2363,132,82,18,132,82,18
2364,114,61,18,114,61,18
2365,120,58,15,120,58,15
2366,126,63,12,126,63,12
2367,139,100,19,139,100,19
2368,130,96,15,130,96,15
2369,144,132,16,144,132,16
2370,112,60,12,112,60,12
2371,84,21,8,84,21,8
2372,36,2,3,36,2,3
2373,81,22,12,81,22,12
2374,100,37,12,100,37,12
2375,87,27,12,87,27,12
2376,68,14,10,68,14,10
2377,86,21.8,8,86,21.8,8
2378,107,36.3,12,107,36.3,12
2379,83,21.2,12,83,21.2,12
2380,72,14.7,10,72,14.7,10
2381,35,2,5,35,2,5
2382,31,1.5,5,31,1.5,5
2383,105,43,11,105,43,11
2384,105,42,16,105,42,16
2385,88,26.4,11,88,26.4,11
2386,90,28,12,90,28,12
2387,97,35.4,14,97,35.4,14
2388,94,30.5,11,94,30.5,11
2389,103,44.3,10,103,44.3,10
2390,84,28.8,11,84,28.8,11
2391,91,26.7,16,91,26.7,16
2392,74,13.8,10,74,13.8,10
2393,66,12.1,10,66,12.1,10
2394,60,8.6,7,60,8.6,7
2395,125,76,14,125,76,14
2396,122,64,14,122,64,14
2397,125,70,14,125,70,14
2398,127,87,17,127,87,17
2399,100,38,14,100,38,14
2400,106,47,17,106,47,17
2401,89,34,13,89,34,13
2402,117,39,12,117,39,12
2403,88,28,16,88,28,16
2404,58,9,10,58,9,10
2405,111,60,15,111,60,15
2406,131,63,15,131,63,15
2407,116,64,10,116,64,10
2408,125,79,12,125,79,12
2409,124,66,15,124,66,15
2410,128,72,8,128,72,8
2411,101,33.4,10,101,33.4,10
2412,100,35.7,9,100,35.7,9
2413,62,9.6,7,62,9.6,7
2414,101,34,12,101,34,12
2415,84,19.1,9,84,19.1,9
2416,80,22.6,10,80,22.6,10
2417,85,26,18,85,26,18
2418,62,8,11,62,8,11
2419,93,31,18,93,31,18
2420,93,32,10,93,32,10
2421,70,12,13,70,12,13
2422,104,52,15,104,52,15
2423,95,29.5,12,95,29.5,12
2424,82,19,10,82,19,10
2425,52,6,6,52,6,6
2426,115,52,13,115,52,13
2427,113,57,14,113,57,14
2428,52,6,6,52,6,6
2429,106,36,10,106,36,10
2430,68,14,9,68,14,9
2431,104,37,11,104,37,11
2432,127,97,18,127,97,18
2433,122,76,11,122,76,11
2434,132,111,16,132,111,16
2435,127,98,16,127,98,16
2436,93,44,14,93,44,14
2437,103,60,23,103,60,23
2438,67,11,9,67,11,9
2439,103,56,16,103,56,16
2440,69,12,9,69,12,9
2441,93,29,13,93,29,13
2442,108,51,10,108,51,10
2443,95,29,9,95,29,9
2444,89,28,11,89,28,11
2445,100,28,9,100,28,9
2446,100,36,12,100,36,12
2447,110,56,14,110,56,14
2448,55,6,6,55,6,6
2449,70,12,7,70,12,7
2450,74,16.7,9,74,16.7,9
2451,84,29,10,84,29,10
2452,70,12,10,70,12,10
2453,79,19.2,9,79,19.2,9
2454,65,6.4,8,65,6.4,8
2455,55,5.4,5,55,5.4,5
2456,47,4.4,6,47,4.4,6
2457,50,4.5,5,50,4.5,5
2458,50,4.5,5,50,4.5,5
2459,40,2.2,4,40,2.2,4
2460,117,71.6,20,117,71.6,20
2461,89,38,14,89,38,14
2462,100,54,13,100,54,13
2463,88,26,8,88,26,8
2464,103,63,17,103,63,17
2465,104,43,11,104,43,11
2466,100,36,11,100,36,11
2467,85,21,9,85,21,9
2468,102,47,16,102,47,16
2469,74,14,8,74,14,8
2470,108,48,13,108,48,13
2471,123,48,11,123,48,11
2472,113,75,20,113,75,20
2473,129,77,14,129,77,14
2474,123,64,14,123,64,14
2475,121,62,14,121,62,14
2476,118,56,12,118,56,12
2477,129,76,18,129,76,18
2478,114,68,13,114,68,13
2479,94,27,8,94,27,8
2480,100,42.3,14,100,42.3,14
2481,104,48,13,104,48,13
2482,78,16,8,78,16,8
2483,104,42,12,104,42,12
2484,108,55,14,108,55,14
2485,92,47,14,92,47,14
2486,71,13,8,71,13,8
2487,98,50.3,13,98,50.3,13
2488,126,61.3,11,126,61.3,11
2489,100,40.8,14,100,40.8,14
2490,98,36.7,15,98,36.7,15
2491,88,22.6,7,88,22.6,7
2492,103,64.1,10,103,64.1,10
2493,95,37.4,11,95,37.4,11
2494,84,17,8,84,17,8
2495,80,21,9,80,21,9
2496,90,45,12,90,45,12
2497,104,34,15,104,34,15
2498,101,57,12,101,57,12
2499,99,50,15,99,50,15
2500,108,71,19,108,71,19
2501,96,40,12,96,40,12
2502,66,14,9,66,14,9
2503,57,6.6,5,57,6.6,5
2504,60,6.9,6,60,6.9,6
2505,62,16.6,6,62,16.6,6
2506,68,10.5,6,68,10.5,6
2507,75,8.8,7,75,8.8,7
2508,83,22.8,7,83,22.8,7
2509,83,19,6,83,19,6
2510,83,18.6,6,83,18.6,6
2511,84,18.9,8,84,18.9,8
2512,85,21,6,85,21,6
2513,93,30.1,8,93,30.1,8
2514,93,35,8,93,35,8
2515,94,32.6,8,94,32.6,8
2516,94,27,8,94,27,8
2517,95,32.5,10,95,32.5,10
2518,96,32.2,7,96,32.2,7
2519,100,42.2,8,100,42.2,8
2520,101,34.4,7,101,34.4,7
2521,105,39.8,9,105,39.8,9
2522,108,44.7,9,108,44.7,9
2523,109,52.5,11,109,52.5,11
2524,113,49.7,9,113,49.7,9
2525,116,65,11,116,65,11
2526,118,58.4,9,118,58.4,9
2527,118,67,9,118,67,9
2528,119,72.2,10,119,72.2,10
2529,120,63.5,9,120,63.5,9
2530,120,70,8,120,70,8
2531,120,57.6,9,120,57.6,9
2532,121,61.8,10,121,61.8,10
2533,125,66,10,125,66,10
2534,126,76.8,10,126,76.8,10
2535,128,94.2,12,128,94.2,12
2536,128,86.2,11,128,86.2,11
2537,131,102.6,12,131,102.6,12
2538,132,81.3,11,132,81.3,11
2539,132,108,15,132,108,15
2540,135,90.7,13,135,90.7,13
2541,135,94.8,13,135,94.8,13
2542,138,87.9,9,138,87.9,9
2543,139,121.9,14,139,121.9,14
2544,140,86,10,140,86,10
2545,146,87,10,146,87,10
2546,41,2.6,4,41,2.6,4
2547,45,3.2,4,45,3.2,4
2548,46,4,5,46,4,5
2549,55,5.1,4,55,5.1,4
2550,56,6.2,5,56,6.2,5
2551,56,6,5,56,6,5
2552,59,7,6,59,7,6
2553,62,7.3,6,62,7.3,6
2554,63,9.4,7,63,9.4,7
2555,68,14,7,68,14,7
2556,74,14,6,74,14,6
2557,76,14,6,76,14,6
2558,78,16,7,78,16,7
2559,81,17.6,6,81,17.6,6
2560,83,19,7,83,19,7
2561,88,22.2,7,88,22.2,7
2562,88,26.1,6,88,26.1,6
2563,88,22,6,88,22,6
2564,88,25,7,88,25,7
2565,90,23.6,6,90,23.6,6
2566,90,26.5,8,90,26.5,8
2567,91,27.5,7,91,27.5,7
2568,92,23.3,6,92,23.3,6
2569,92,21.4,7,92,21.4,7
2570,92,22.2,6,92,22.2,6
2571,93,24,7,93,24,7
2572,93,24.5,9,93,24.5,9
2573,95,27.2,7,95,27.2,7
2574,95,24,8,95,24,8
2575,96,27,8,96,27,8
2576,100,29.7,7,100,29.7,7
2577,100,26.5,7,100,26.5,7
2578,101,37,7,101,37,7
2579,103,34.4,9,103,34.4,9
2580,105,40.4,7,105,40.4,7
2581,105,39,8,105,39,8
2582,106,30.1,6,106,30.1,6
2583,106,36.7,6,106,36.7,6
2584,106,43,8,106,43,8
2585,108,42.6,9,108,42.6,9
2586,110,43,8,110,43,8
2587,111,48,7,111,48,7
2588,114,50.1,9,114,50.1,9
2589,114,45.9,8,114,45.9,8
2590,115,51.8,7,115,51.8,7
2591,116,48.5,8,116,48.5,8
2592,117,46.7,8,117,46.7,8
2593,118,52.6,7,118,52.6,7
2594,119,62,9,119,62,9
2595,119,57.4,9,119,57.4,9
2596,119,57.8,11,119,57.8,11
2597,120,49.6,8,120,49.6,8
2598,120,58,8,120,58,8
2599,120,58,9,120,58,9
2600,122,52.8,8,122,52.8,8
2601,123,63,10,123,63,10
2602,123,71,10,123,71,10
2603,123,58.4,8,123,58.4,8
2604,124,64.5,9,124,64.5,9
2605,124,69,10,124,69,10
2606,124,65.5,9,124,65.5,9
2607,125,67.7,10,125,67.7,10
2608,125,63.7,9,125,63.7,9
2609,125,71.9,8,125,71.9,8
2610,126,76,11,126,76,11
2611,126,57.7,9,126,57.7,9
2612,126,70,8,126,70,8
2613,127,74,11,127,74,11
2614,127,74,11,127,74,11
2615,129,63.3,9,129,63.3,9
2616,129,75.5,12,129,75.5,12
2617,130,68.2,9,130,68.2,9
2618,134,78.2,9,134,78.2,9
2619,138,99.6,13,138,99.6,13
2620,138,86.5,8,138,86.5,8
2621,139,83.5,10,139,83.5,10
2622,139,101,12,139,101,12
2623,140,103.3,13,140,103.3,13
2624,141,124.8,10,141,124.8,10
2625,153,106.7,12,153,106.7,12
2626,154,116.8,10,154,116.8,10
2627,44,3,4,44,3,4
2628,55,6.3,5,55,6.3,5
2629,58,7,5,58,7,5
2630,66,9.6,6,66,9.6,6
2631,71,14.3,6,71,14.3,6
2632,75,15,6,75,15,6
2633,83,19,8,83,19,8
2634,85,20.6,6,85,20.6,6
2635,85,18.8,7,85,18.8,7
2636,86,18,7,86,18,7
2637,88,20.6,7,88,20.6,7
2638,88,22.6,7,88,22.6,7
2639,92,25,7,92,25,7
2640,92,26.9,6,92,26.9,6
2641,93,23.7,7,93,23.7,7
2642,95,24.6,7,95,24.6,7
2643,95,29.1,7,95,29.1,7
2644,97,31.4,8,97,31.4,8
2645,98,26,8,98,26,8
2646,98,30,8,98,30,8
2647,99,27.2,7,99,27.2,7
2648,100,32.1,8,100,32.1,8
2649,100,29,9,100,29,9
2650,101,35.6,7,101,35.6,7
2651,102,33.4,8,102,33.4,8
2652,102,34.5,8,102,34.5,8
2653,103,33.6,9,103,33.6,9
2654,104,35,9,104,35,9
2655,109,40.2,9,109,40.2,9
2656,109,41,7,109,41,7
2657,109,34,7,109,34,7
2658,109,36,9,109,36,9
2659,110,35.1,8,110,35.1,8
2660,110,37,8,110,37,8
2661,111,42.1,8,111,42.1,8
2662,113,42.6,9,113,42.6,9
2663,114,51,9,114,51,9
2664,114,50,9,114,50,9
2665,114,45.7,9,114,45.7,9
2666,115,49.6,8,115,49.6,8
2667,116,45,8,116,45,8
2668,117,45,7,117,45,7
2669,117,44.9,8,117,44.9,8
2670,118,49.8,8,118,49.8,8
2671,118,52,9,118,52,9
2672,118,51.3,8,118,51.3,8
2673,119,53,8,119,53,8
2674,119,66.9,9,119,66.9,9
2675,119,45.4,9,119,45.4,9
2676,120,98.2,10,120,98.2,10
2677,121,58.6,10,121,58.6,10
2678,123,46.9,9,123,46.9,9
2679,123,50.1,7,123,50.1,7
2680,123,49.2,9,123,49.2,9
2681,123,54.5,10,123,54.5,10
2682,124,62,9,124,62,9
2683,124,61,10,124,61,10
2684,125,69,11,125,69,11
2685,125,61.9,9,125,61.9,9
2686,125,65.4,10,125,65.4,10
2687,126,74,11,126,74,11
2688,126,75,10,126,75,10
2689,126,35.2,8,126,35.2,8
2690,129,67,9,129,67,9
2691,129,57,9,129,57,9
2692,129,63.4,9,129,63.4,9
2693,130,65.5,9,130,65.5,9
2694,130,67.2,9,130,67.2,9
2695,130,68.8,10,130,68.8,10
2696,130,67,9,130,67,9
2697,130,61.1,9,130,61.1,9
2698,132,75.1,10,132,75.1,10
2699,133,72,9,133,72,9
2700,134,70.2,11,134,70.2,11
2701,134,78.7,13,134,78.7,13
2702,135,82.4,13,135,82.4,13
2703,136,81.2,11,136,81.2,11
2704,136,80.5,11,136,80.5,11
2705,140,94,10,140,94,10
2706,140,88.1,13,140,88.1,13
2707,145,81,11,145,81,11
2708,145,101.7,9,145,101.7,9
2709,147,97.6,11,147,97.6,11
2710,148,94.2,12,148,94.2,12
2711,150,105.7,11,150,105.7,11
2712,38,2.1,3,38,2.1,3
2713,42,2.1,4,42,2.1,4
2714,50,4,4,50,4,4
2715,58,6.2,5,58,6.2,5
2716,67,11.5,6,67,11.5,6
2717,68,10.6,6,68,10.6,6
2718,69,12,6,69,12,6
2719,71,11.6,7,71,11.6,7
2720,72,12,5,72,12,5
2721,74,11.6,7,74,11.6,7
2722,75,16.5,8,75,16.5,8
2723,75,13.2,7,75,13.2,7
2724,77,16.2,7,77,16.2,7
2725,77,13.6,8,77,13.6,8
2726,79,18,8,79,18,8
2727,80,17.3,7,80,17.3,7
2728,81,18.2,7,81,18.2,7
2729,81,19.9,8,81,19.9,8
2730,81,17,7,81,17,7
2731,81,15.3,6,81,15.3,6
2732,82,20,8,82,20,8
2733,82,20.2,8,82,20.2,8
2734,83,21,7,83,21,7
2735,84,20,8,84,20,8
2736,84,20.3,8,84,20.3,8
2737,86,21,7,86,21,7
2738,89,28,9,89,28,9
2739,90,23.1,8,90,23.1,8
2740,90,23.7,7,90,23.7,7
2741,91,26.3,8,91,26.3,8
2742,92,24.6,8,92,24.6,8
2743,92,22,8,92,22,8
2744,95,26.5,7,95,26.5,7
2745,96,34.4,11,96,34.4,11
2746,97,32,8,97,32,8
2747,97,46.1,8,97,46.1,8
2748,98,32.3,10,98,32.3,10
2749,101,42,9,101,42,9
2750,101,33,9,101,33,9
2751,102,36.1,8,102,36.1,8
2752,103,32.4,9,103,32.4,9
2753,103,40,7,103,40,7
2754,103,32.3,8,103,32.3,8
2755,105,39,8,105,39,8
2756,105,39.8,10,105,39.8,10
2757,105,40,8,105,40,8
2758,105,38,9,105,38,9
2759,107,49,10,107,49,10
2760,109,55,8,109,55,8
2761,110,45,10,110,45,10
2762,110,47.2,10,110,47.2,10
2763,110,41,9,110,41,9
2764,110,40.6,10,110,40.6,10
2765,110,48.7,9,110,48.7,9
2766,111,48,11,111,48,11
2767,111,55.7,8,111,55.7,8
2768,112,49,10,112,49,10
2769,112,50.2,11,112,50.2,11
2770,113,58,11,113,58,11
2771,114,53,10,114,53,10
2772,115,46,9,115,46,9
2773,116,65.3,10,116,65.3,10
2774,116,50,11,116,50,11
2775,116,54.1,9,116,54.1,9
2776,117,59,10,117,59,10
2777,117,54.8,10,117,54.8,10
2778,117,44,9,117,44,9
2779,117,45,8,117,45,8
2780,118,50.8,9,118,50.8,9
2781,118,55,10,118,55,10
2782,119,55.6,10,119,55.6,10
2783,120,56,8,120,56,8
2784,120,73.4,11,120,73.4,11
2785,120,48,9,120,48,9
2786,120,63,9,120,63,9
2787,122,58,10,122,58,10
2788,122,54.4,11,122,54.4,11
2789,123,54.9,10,123,54.9,10
2790,124,61.4,9,124,61.4,9
2791,124,64.8,10,124,64.8,10
2792,125,59,10,125,59,10
2793,125,69.3,10,125,69.3,10
2794,126,68,12,126,68,12
2795,126,53,10,126,53,10
2796,126,62.3,12,126,62.3,12
2797,126,93,10,126,93,10
2798,128,69.2,11,128,69.2,11
2799,128,63.5,10,128,63.5,10
2800,128,57,10,128,57,10
2801,128,57.5,11,128,57.5,11
2802,128,35,10,128,35,10
2803,130,73,9,130,73,9
2804,130,90,12,130,90,12
2805,132,74.9,9,132,74.9,9
2806,132,84.4,11,132,84.4,11
2807,135,95,9,135,95,9
2808,140,97.3,13,140,97.3,13
2809,141,92.2,9,141,92.2,9
2810,142,90,11,142,90,11
2811,144,80.8,10,144,80.8,10
2812,145,104,9,145,104,9
2813,48,3.1,5,48,3.1,5
2814,51,4.2,4,51,4.2,4
2815,55,5.2,4,55,5.2,4
2816,64,8.4,7,64,8.4,7
2817,65,8.6,6,65,8.6,6
2818,66,8.5,7,66,8.5,7
2819,72,11.2,8,72,11.2,8
2820,75,11.7,5,75,11.7,5
2821,75,13.5,6,75,13.5,6
2822,78,15.4,7,78,15.4,7
2823,90,21.9,7,90,21.9,7
2824,91,22.3,7,91,22.3,7
2825,92,24.6,7,92,24.6,7
2826,99,28.1,8,99,28.1,8
2827,100,30.7,9,100,30.7,9
2828,100,32,8,100,32,8
2829,104,39.7,9,104,39.7,9
2830,104,37.9,7,104,37.9,7
2831,105,36.3,9,105,36.3,9
2832,107,37.8,7,107,37.8,7
2833,108,42,9,108,42,9
2834,108,40.7,9,108,40.7,9
2835,114,39.3,8,114,39.3,8
2836,114,50,8,114,50,8
2837,116,54,9,116,54,9
2838,116,46.5,8,116,46.5,8
2839,118,51.9,9,118,51.9,9
2840,118,55.3,10,118,55.3,10
2841,118,62,9,118,62,9
2842,119,62,9,119,62,9
2843,120,57,9,120,57,9
2844,120,61.4,10,120,61.4,10
2845,121,52,10,121,52,10
2846,124,57.4,10,124,57.4,10
2847,125,67.4,10,125,67.4,10
2848,125,50,8,125,50,8
2849,125,69.7,9,125,69.7,9
2850,126,58.8,10,126,58.8,10
2851,126,60,10,126,60,10
2852,127,82.1,12,127,82.1,12
2853,129,59.8,9,129,59.8,9
2854,129,63.8,8,129,63.8,8
2855,130,81,11,130,81,11
2856,131,77,11,131,77,11
2857,131,66.2,11,131,66.2,11
2858,133,74.2,11,133,74.2,11
2859,139,95.1,11,139,95.1,11
2860,144,77.5,11,144,77.5,11
2861,144,87,10,144,87,10
2862,144,98.9,12,144,98.9,12
2863,147,106.3,10,147,106.3,10
2864,148,101,11,148,101,11
2865,62,7.6,6,62,7.6,6
2866,63,8.1,4,63,8.1,4
2867,64,9.9,5,64,9.9,5
2868,65,9.1,6,65,9.1,6
2869,67,11.2,7,67,11.2,7
2870,74,11.6,5,74,11.6,5
2871,74,13,7,74,13,7
2872,75,14.4,7,75,14.4,7
2873,80,17.6,8,80,17.6,8
2874,82,18,6,82,18,6
2875,85,23,8,85,23,8
2876,87,23,7,87,23,7
2877,89,17.1,7,89,17.1,7
2878,92,32,9,92,32,9
2879,93,26.2,8,93,26.2,8
2880,94,34.8,8,94,34.8,8
2881,95,30.9,8,95,30.9,8
2882,99,32.2,8,99,32.2,8
2883,100,35.1,9,100,35.1,9
2884,100,30.4,8,100,30.4,8
2885,101,40,9,101,40,9
2886,101,34,8,101,34,8
2887,101,30,8,101,30,8
2888,102,35.4,9,102,35.4,9
2889,102,40.8,8,102,40.8,8
2890,104,32,8,104,32,8
2891,104,51,8,104,51,8
2892,106,37,8,106,37,8
2893,106,50.5,10,106,50.5,10
2894,107,48,8,107,48,8
2895,108,49.2,11,108,49.2,11
2896,108,35.3,10,108,35.3,10
2897,109,41.1,8,109,41.1,8
2898,109,41.6,10,109,41.6,10
2899,110,48.8,8,110,48.8,8
2900,110,42,8,110,42,8
2901,110,45.3,9,110,45.3,9
2902,112,43.5,8,112,43.5,8
2903,112,44.4,9,112,44.4,9
2904,115,45.6,8,115,45.6,8
2905,115,49.2,9,115,49.2,9
2906,115,46,8,115,46,8
2907,116,58,8,116,58,8
2908,116,61,10,116,61,10
2909,116,49.6,9,116,49.6,9
2910,116,57.9,9,116,57.9,9
2911,116,57.4,11,116,57.4,11
2912,116,39,11,116,39,11
2913,117,52,9,117,52,9
2914,118,69,9,118,69,9
2915,118,47.6,9,118,47.6,9
2916,118,51.8,10,118,51.8,10
2917,119,53,10,119,53,10
2918,119,53,10,119,53,10
2919,120,50.6,9,120,50.6,9
2920,120,62.7,10,120,62.7,10
2921,120,72.1,10,120,72.1,10
2922,120,55.5,9,120,55.5,9
2923,120,63,11,120,63,11
2924,121,67,13,121,67,13
2925,121,74.9,9,121,74.9,9
2926,121,60,10,121,60,10
2927,122,54.8,11,122,54.8,11
2928,122,79.6,12,122,79.6,12
2929,122,58.3,11,122,58.3,11
2930,122,58.3,11,122,58.3,11
2931,123,63.3,11,123,63.3,11
2932,123,58,9,123,58,9
2933,123,52.3,10,123,52.3,10
2934,123,63.7,10,123,63.7,10
2935,124,55.4,9,124,55.4,9
2936,124,74.9,10,124,74.9,10
2937,125,70.5,11,125,70.5,11
2938,125,62.3,10,125,62.3,10
2939,125,71,11,125,71,11
2940,125,56,10,125,56,10
2941,125,46.6,10,125,46.6,10
2942,126,77.7,10,126,77.7,10
2943,126,63,9,126,63,9
2944,126,68,10,126,68,10
2945,126,69.6,7,126,69.6,7
2946,127,81.2,11,127,81.2,11
2947,127,73.4,11,127,73.4,11
2948,127,71,10,127,71,10
2949,127,70.4,8,127,70.4,8
2950,127,69,11,127,69,11
2951,128,72.6,11,128,72.6,11
2952,128,87.9,11,128,87.9,11
2953,129,58.6,12,129,58.6,12
2954,129,63.4,11,129,63.4,11
2955,129,89,12,129,89,12
2956,130,94,15,130,94,15
2957,130,86,12,130,86,12
2958,131,90.7,11,131,90.7,11
2959,131,81,12,131,81,12
2960,132,78.8,13,132,78.8,13
2961,132,72.1,10,132,72.1,10
2962,133,65,10,133,65,10
2963,134,77.2,9,134,77.2,9
2964,134,88,12,134,88,12
2965,134,77.4,9,134,77.4,9
2966,134,85,9,134,85,9
2967,134,73,10,134,73,10
2968,136,65,11,136,65,11
2969,136,71,12,136,71,12
2970,137,82,10,137,82,10
2971,138,68.2,13,138,68.2,13
2972,143,88,11,143,88,11
2973,144,106.1,13,144,106.1,13
2974,147,125,12,147,125,12
2975,149,99,12,149,99,12
2976,64,17.7,6,64,17.7,6
2977,86,21.8,8,86,21.8,8
2978,86,19.4,6,86,19.4,6
2979,97,62.6,8,97,62.6,8
2980,98,50.1,8,98,50.1,8
2981,100,28.2,7,100,28.2,7
2982,101,30.3,8,101,30.3,8
2983,102,68.6,9,102,68.6,9
2984,105,35.4,8,105,35.4,8
2985,107,57.5,10,107,57.5,10
2986,107,41.1,8,107,41.1,8
2987,107,67.4,13,107,67.4,13
2988,111,77.8,10,111,77.8,10
2989,111,39.3,9,111,39.3,9
2990,112,39.5,9,112,39.5,9
2991,118,58.5,9,118,58.5,9
2992,119,55.2,8,119,55.2,8
2993,119,54.5,8,119,54.5,8
2994,119,82,11,119,82,11
2995,122,64.4,9,122,64.4,9
2996,122,66,9,122,66,9
2997,124,66.3,10,124,66.3,10
2998,125,58.5,9,125,58.5,9
2999,127,70.8,9,127,70.8,9
3000,127,72.6,11,127,72.6,11
3001,128,56.7,9,128,56.7,9
3002,128,53.2,11,128,53.2,11
3003,129,83.2,10,129,83.2,10
3004,131,65.2,10,131,65.2,10
3005,134,74,11,134,74,11
3006,136,87.4,13,136,87.4,13
3007,140,73.7,11,140,73.7,11
3008,146,112.6,14,146,112.6,14
3009,150,145.2,12,150,145.2,12
3010,51,4,4,51,4,4
3011,75,14,6,75,14,6
3012,75,16,8,75,16,8
3013,78,16.8,7,78,16.8,7
3014,78,15.8,8,78,15.8,8
3015,79,15,6,79,15,6
3016,84,18.9,6,84,18.9,6
3017,87,22.7,7,87,22.7,7
3018,87,23,8,87,23,8
3019,88,24,9,88,24,9
3020,90,24.9,8,90,24.9,8
3021,90,26.9,8,90,26.9,8
3022,91,27,9,91,27,9
3023,92,29.1,8,92,29.1,8
3024,94,32.4,8,94,32.4,8
3025,95,32,9,95,32,9
3026,99,30,7,99,30,7
3027,99,30,8,99,30,8
3028,100,41.8,8,100,41.8,8
3029,103,33,7,103,33,7
3030,104,39.2,11,104,39.2,11
3031,104,37.2,11,104,37.2,11
3032,105,36,8,105,36,8
3033,107,47.4,9,107,47.4,9
3034,107,31.8,8,107,31.8,8
3035,108,76,10,108,76,10
3036,110,42,10,110,42,10
3037,110,53,11,110,53,11
3038,112,52.8,9,112,52.8,9
3039,113,49.5,9,113,49.5,9
3040,114,56.9,10,114,56.9,10
3041,114,46.3,10,114,46.3,10
3042,115,55.2,9,115,55.2,9
3043,115,44,8,115,44,8
3044,115,47.4,10,115,47.4,10
3045,115,48,9,115,48,9
3046,116,48.5,10,116,48.5,10
3047,117,67,11,117,67,11
3048,118,47,9,118,47,9
3049,118,57.8,8,118,57.8,8
3050,118,49,9,118,49,9
3051,119,100,12,119,100,12
3052,119,57.8,9,119,57.8,9
3053,119,57.5,9,119,57.5,9
3054,120,58.2,11,120,58.2,11
3055,120,51,12,120,51,12
3056,122,76.8,11,122,76.8,11
3057,123,58,11,123,58,11
3058,123,68.6,13,123,68.6,13
3059,124,61.5,11,124,61.5,11
3060,125,71,11,125,71,11
3061,126,74,11,126,74,11
3062,126,93.9,10,126,93.9,10
3063,127,76.5,11,127,76.5,11
3064,127,63.1,9,127,63.1,9
3065,127,77.4,9,127,77.4,9
3066,128,60.3,11,128,60.3,11
3067,128,67.1,9,128,67.1,9
3068,130,79,11,130,79,11
3069,130,72.8,12,130,72.8,12
3070,131,84,11,131,84,11
3071,131,64.5,9,131,64.5,9
3072,131,68.3,11,131,68.3,11
3073,132,80.2,10,132,80.2,10
3074,133,89.7,10,133,89.7,10
3075,135,77,11,135,77,11
3076,136,81.2,11,136,81.2,11
3077,136,109,11,136,109,11
3078,137,81.1,10,137,81.1,10
3079,139,94.2,11,139,94.2,11
3080,140,91,11,140,91,11
3081,142,92.5,13,142,92.5,13
3082,146,119.3,14,146,119.3,14
3083,151,96,11,151,96,11
3084,45,3.4,4,45,3.4,4
3085,46,3.2,5,46,3.2,5
3086,51,5,6,51,5,6
3087,71,11.9,7,71,11.9,7
3088,85,18.6,7,85,18.6,7
3089,85,14.5,8,85,14.5,8
3090,91,26.1,8,91,26.1,8
3091,92,34.8,10,92,34.8,10
3092,99,30.9,10,99,30.9,10
3093,102,37.6,11,102,37.6,11
3094,104,47,11,104,47,11
3095,105,36.8,9,105,36.8,9
3096,106,26.9,9,106,26.9,9
3097,106,32.2,9,106,32.2,9
3098,109,69,11,109,69,11
3099,110,44.2,8,110,44.2,8
3100,115,50.1,9,115,50.1,9
3101,116,24.2,10,116,24.2,10
3102,119,55.4,11,119,55.4,11
3103,120,61.1,8,120,61.1,8
3104,129,87.8,11,129,87.8,11
3105,132,84.2,10,132,84.2,10
3106,58,6.4,5,58,6.4,5
3107,60,6.3,5,60,6.3,5
3108,74,13.6,5,74,13.6,5
3109,75,14.5,7,75,14.5,7
3110,76,15,7,76,15,7
3111,79,17.9,8,79,17.9,8
3112,82,20.6,8,82,20.6,8
3113,83,18.8,7,83,18.8,7
3114,85,23.5,7,85,23.5,7
3115,88,20.2,7,88,20.2,7
3116,88,23.7,6,88,23.7,6
3117,93,29.1,10,93,29.1,10
3118,94,27.7,8,94,27.7,8
3119,102,40.6,8,102,40.6,8
3120,105,41.6,10,105,41.6,10
3121,105,44.6,9,105,44.6,9
3122,110,43.7,7,110,43.7,7
3123,112,46.3,8,112,46.3,8
3124,115,47.3,9,115,47.3,9
3125,115,47.2,10,115,47.2,10
3126,117,64.6,10,117,64.6,10
3127,123,64.9,11,123,64.9,11
3128,124,70.4,9,124,70.4,9
3129,126,32.5,10,126,32.5,10
3130,126,62.1,10,126,62.1,10
3131,134,63.2,11,134,63.2,11
3132,135,76.3,11,135,76.3,11
3133,137,74.5,10,137,74.5,10
3134,97,37,9,97,37,9
3135,92,38,8,92,38,8
3136,92,37,9,92,37,9
3137,107,53,11,107,53,11
3138,93,38,10,93,38,10
3139,102,46,10,102,46,10
3140,67,13,11,67,13,11
3141,110,96,20,110,96,20
3142,36,2,5,36,2,5
3143,43,3.7,5,43,3.7,5
3144,40,1.3,4,40,1.3,4
3145,125,71,9,125,71,9
3146,110,49,13,110,49,13
3147,117,63,14,117,63,14
3148,129,69,13,129,69,13
3149,142,137.1,12,142,137.1,12
3150,140,142,24,140,142,24
3151,131,79.2,10,131,79.2,10
3152,133,145,21,133,145,21
3153,94,26,11,94,26,11
3154,85,27,9,85,27,9
3155,108,35,7,108,35,7
3156,101,35,9,101,35,9
3157,107,60,10,107,60,10
3158,86,24,9,86,24,9
3159,110,43,9,110,43,9
3160,68,10,6,68,10,6
3161,55,7,7,55,7,7
3162,67,10,6,67,10,6
3163,128,75,15,128,75,15
3164,110,49,9,110,49,9
3165,128,76.1,13,128,76.1,13
3166,109,44,9,109,44,9
3167,128,95,18,128,95,18
3168,121,59,15,121,59,15
3169,121,62,15,121,62,15
3170,112,70,10,112,70,10
3171,114,57,14,114,57,14
3172,105,56,13,105,56,13
3173,101,36,11,101,36,11
3174,70,13,6,70,13,6
3175,90,29,9,90,29,9
3176,102,47,11,102,47,11
3177,98,33,12,98,33,12
3178,101,39,15,101,39,15
3179,76,15.5,8,76,15.5,8
3180,54,6.8,8,54,6.8,8
3181,74,16.7,7,74,16.7,7
3182,100,41.2,11,100,41.2,11
3183,129,104,10,129,104,10
3184,113,58,11,113,58,11
3185,134,115,13,134,115,13
3186,118,47,11,118,47,11
3187,94,26,6,94,26,6
3188,102,34,8,102,34,8
3189,144,133,16,144,133,16
3190,110,48,7,110,48,7
3191,40,2,5,40,2,5
3192,130,81,13,130,81,13
3193,105,40,14,105,40,14
3194,113,62,20,113,62,20
3195,122,64,12,122,64,12
3196,109,76,18,109,76,18
3197,65,9,5,65,9,5
3198,62,10,7,62,10,7
3199,90,32,11,90,32,11
3200,98,36,9,98,36,9
3201,101,43,10,101,43,10
3202,77,16,6,77,16,6
3203,124,102,17,124,102,17
3204,127,82,17,127,82,17
3205,133,98,15,133,98,15
3206,67,14,9,67,14,9
3207,59,8,8,59,8,8
3208,96,35,15,96,35,15
3209,64,12,9,64,12,9
3210,86,29.2,14,86,29.2,14
3211,113,53,12,113,53,12
3212,120,67,10,120,67,10
3213,117,65,14,117,65,14
3214,111,42,13,111,42,13
3215,114,63,14,114,63,14
3216,124,74,11,124,74,11
3217,126,109,16,126,109,16
3218,85,25,10,85,25,10
3219,128,73,14,128,73,14
3220,135,93,16,135,93,16
3221,100,42,11,100,42,11
3222,77,20,9,77,20,9
3223,104,71,18,104,71,18
3224,104,51,8,104,51,8
3225,128,94,16,128,94,16
3226,88,23,9,88,23,9
3227,84,23.8,10,84,23.8,10
3228,90,29,13,90,29,13
3229,84,23,9,84,23,9
3230,128,80,12,128,80,12
3231,114,55,11,114,55,11
3232,82,25,12,82,25,12
3233,97,53,13,97,53,13
3234,122,73,12,122,73,12
3235,118,84,13,118,84,13
3236,133,97,14,133,97,14
3237,69,15,8,69,15,8
3238,127,63,18,127,63,18
3239,139,86,14,139,86,14
3240,138,94,15,138,94,15
3241,111,58,15,111,58,15
3242,130,79,14,130,79,14
3243,127,84,15,127,84,15
3244,131,74,14,131,74,14
3245,138,103,19,138,103,19
3246,139,88,13,139,88,13
3247,110,59,13,110,59,13
3248,122,73,15,122,73,15
3249,119,55,11,119,55,11
3250,60,10,6,60,10,6
3251,87,29,9,87,29,9
3252,91,37,8,91,37,8
3253,96,35,12,96,35,12
3254,86,22,6,86,22,6
3255,87,26,7,87,26,7
3256,60,9,5,60,9,5
3257,115,58,12,115,58,12
3258,101,37,9,101,37,9
3259,91,33,7,91,33,7
3260,128,78,18,128,78,18
3261,112,58,13,112,58,13
3262,129,74,12,129,74,12
3263,119,66,14,119,66,14
3264,113,58,17,113,58,17
3265,131,57,12,131,57,12
3266,96,32,14,96,32,14
3267,99,37,11,99,37,11
3268,80,24,10,80,24,10
3269,82,23,11,82,23,11
3270,119,62,12,119,62,12
3271,125,48,13,125,48,13
3272,104,51,17,104,51,17
3273,93,29,11,93,29,11
3274,95,35,13,95,35,13
3275,100,50,18,100,50,18
3276,92,26,12,92,26,12
3277,97,34,12,97,34,12
3278,93,43,15,93,43,15
3279,105,44,12,105,44,12
3280,131,113,18,131,113,18
3281,138,111,24,138,111,24
3282,110,44,11,110,44,11
3283,116,61,13,116,61,13
3284,118,56,11,118,56,11
3285,113,52,11,113,52,11
3286,133,81,13,133,81,13
3287,124,63,14,124,63,14
3288,110,41,12,110,41,12
3289,121,54,15,121,54,15
3290,107,45,15,107,45,15
3291,102,38.6,12,102,38.6,12
3292,106,38.6,9,106,38.6,9
3293,99,35.6,11,99,35.6,11
3294,115,59,13,115,59,13
3295,126,69,14,126,69,14
3296,118,44,14,118,44,14
3297,121,66,14,121,66,14
3298,129,79,17,129,79,17
3299,124,78,13,124,78,13
3300,121,81,16,121,81,16
3301,123,78,16,123,78,16
3302,132,98,11,132,98,11
3303,142,104,15,142,104,15
3304,113,53,12,113,53,12
3305,114,44,16,114,44,16
3306,120,71,16,120,71,16
3307,82,16,10,82,16,10
3308,90,22,9,90,22,9
3309,55,6,5,55,6,5
3310,97,27,9,97,27,9
3311,124,71,13,124,71,13
3312,96,31,12,96,31,12
3313,101,43,17,101,43,17
3314,80,20,11,80,20,11
3315,90,22.5,11,90,22.5,11
3316,70,13.1,9,70,13.1,9
3317,88,36.8,16,88,36.8,16
3318,53,6,7,53,6,7
3319,33,1.6,4,33,1.6,4
3320,141,104,19,141,104,19
3321,107,50,16,107,50,16
3322,98,35,11,98,35,11
3323,96,31.9,15,96,31.9,15
3324,79,19.6,12,79,19.6,12
3325,75,14.5,12,75,14.5,12
3326,69,9.7,10,69,9.7,10
3327,110,56,12,110,56,12
3328,127,85,16,127,85,16
3329,115,55,13,115,55,13
3330,109,45,10,109,45,10
3331,77,16,10,77,16,10
3332,102,40,11,102,40,11
3333,88,40,13,88,40,13
3334,90,29,12,90,29,12
3335,78,17,8,78,17,8
3336,85,28,12,85,28,12
3337,90,29,11,90,29,11
3338,132,84,15,132,84,15
3339,137,116,16,137,116,16
3340,117,55,12,117,55,12
3341,108,52.8,17,108,52.8,17
3342,98,36.9,12,98,36.9,12
3343,86,22.4,14,86,22.4,14
3344,91,26.9,13,91,26.9,13
3345,99,42.4,13,99,42.4,13
3346,96,46,12,96,46,12
3347,94,39.6,14,94,39.6,14
3348,83,20.8,11,83,20.8,11
3349,98,33,13,98,33,13
3350,94,34,10,94,34,10
3351,89,36,11,89,36,11
3352,102,37,13,102,37,13
3353,104,41,15,104,41,15
3354,95,31.6,8,95,31.6,8
3355,91,25,10,91,25,10
3356,87,26,10,87,26,10
3357,78,17,6,78,17,6
3358,75,14,8,75,14,8
3359,57,7,5,57,7,5
3360,116,63,20,116,63,20
3361,116,67,19,116,67,19
3362,82,18,9,82,18,9
3363,82,18,9,82,18,9
3364,108,38,10,108,38,10
3365,66,11,11,66,11,11
3366,88,24,11,88,24,11
3367,56,6,5,56,6,5
3368,118,75,17,118,75,17
3369,122,67,13,122,67,13
3370,122,74,17,122,74,17
3371,91,27,12,91,27,12
3372,66,11,10,66,11,10
3373,88,39,16,88,39,16
3374,108,58,19,108,58,19
3375,95,31,10,95,31,10
3376,92,25,10,92,25,10
3377,62,8,6,62,8,6
3378,51,6.2,5,51,6.2,5
3379,67,11.4,8,67,11.4,8
3380,59,6.2,8,59,6.2,8
3381,38,1.8,5,38,1.8,5
3382,109,65,19,109,65,19
3383,99,38,15,99,38,15
3384,100,44,14,100,44,14
3385,61,9,7,61,9,7
3386,95,25,13,95,25,13
3387,103,52,13,103,52,13
3388,109,62,18,109,62,18
3389,148,67,13,148,67,13
3390,113,66,16,113,66,16
3391,112,52,10,112,52,10
3392,109,61,13,109,61,13
3393,129,82,19,129,82,19
3394,115,64,10,115,64,10
3395,124,60,13,124,60,13
3396,121,77,13,121,77,13
3397,121,68,18,121,68,18
3398,95,38.9,12,95,38.9,12
3399,73,14,9,73,14,9
3400,92,26,8,92,26,8
3401,106,50,10,106,50,10
3402,96,49.9,18,96,49.9,18
3403,91,43,13,91,43,13
3404,70,15,9,70,15,9
3405,74,15,8,74,15,8
3406,68,10,7,68,10,7
3407,70,12.8,8,70,12.8,8
3408,70,10.6,6,70,10.6,6
3409,78,18,7,78,18,7
3410,79,18.6,7,79,18.6,7
3411,83,18.3,6,83,18.3,6
3412,86,20,7,86,20,7
3413,96,36.8,8,96,36.8,8
3414,98,37,9,98,37,9
3415,98,29.6,7,98,29.6,7
3416,112,67.4,9,112,67.4,9
3417,112,43.6,7,112,43.6,7
3418,116,53,9,116,53,9
3419,116,74.2,8,116,74.2,8
3420,118,56,8,118,56,8
3421,119,74,10,119,74,10
3422,120,58.4,11,120,58.4,11
3423,122,55.7,9,122,55.7,9
3424,126,63.2,11,126,63.2,11
3425,128,81.8,10,128,81.8,10
3426,130,86,10,130,86,10
3427,142,100,13,142,100,13
3428,148,104.7,13,148,104.7,13
3429,50,4.3,4,50,4.3,4
3430,56,6,6,56,6,6
3431,65,9,6,65,9,6
3432,70,12,5,70,12,5
3433,72,13,6,72,13,6
3434,73,12.6,6,73,12.6,6
3435,74,12.9,6,74,12.9,6
3436,75,15,7,75,15,7
3437,76,15,6,76,15,6
3438,79,15,8,79,15,8
3439,86,18,6,86,18,6
3440,88,26.2,8,88,26.2,8
3441,93,28,7,93,28,7
3442,93,25.2,7,93,25.2,7
3443,96,27,8,96,27,8
3444,97,26,7,97,26,7
3445,98,29,9,98,29,9
3446,99,32.9,8,99,32.9,8
3447,100,30.2,8,100,30.2,8
3448,101,29.2,8,101,29.2,8
3449,104,32.2,7,104,32.2,7
3450,104,40,7,104,40,7
3451,105,38.3,7,105,38.3,7
3452,110,50,8,110,50,8
3453,111,43.1,8,111,43.1,8
3454,111,45,8,111,45,8
3455,115,56.3,8,115,56.3,8
3456,120,62,9,120,62,9
3457,122,63,12,122,63,12
3458,122,69.1,10,122,69.1,10
3459,122,58,8,122,58,8
3460,123,73,8,123,73,8
3461,124,56.5,9,124,56.5,9
3462,125,69,11,125,69,11
3463,125,81,10,125,81,10
3464,125,95,11,125,95,11
3465,127,59,10,127,59,10
3466,128,70.6,9,128,70.6,9
3467,128,70.8,9,128,70.8,9
3468,132,74.4,10,132,74.4,10
3469,133,85.3,11,133,85.3,11
3470,143,113,10,143,113,10
3471,144,105.8,11,144,105.8,11
3472,145,87.5,9,145,87.5,9
3473,33,2.8,3,33,2.8,3
3474,42,2.6,4,42,2.6,4
3475,71,12,6,71,12,6
3476,80,15.3,6,80,15.3,6
3477,80,16.3,7,80,16.3,7
3478,80,15,6,80,15,6
3479,87,20,7,87,20,7
3480,88,18,7,88,18,7
3481,90,24,8,90,24,8
3482,93,21.8,6,93,21.8,6
3483,94,24.6,7,94,24.6,7
3484,94,27.8,7,94,27.8,7
3485,95,36.9,8,95,36.9,8
3486,97,25.6,7,97,25.6,7
3487,101,61.3,8,101,61.3,8
3488,102,29.7,8,102,29.7,8
3489,104,30.7,8,104,30.7,8
3490,106,36.6,8,106,36.6,8
3491,107,43.7,10,107,43.7,10
3492,110,54,8,110,54,8
3493,111,46,8,111,46,8
3494,111,46,8,111,46,8
3495,111,44.3,9,111,44.3,9
3496,112,39.1,8,112,39.1,8
3497,115,45,8,115,45,8
3498,117,44,9,117,44,9
3499,118,51,10,118,51,10
3500,119,57.8,9,119,57.8,9
3501,120,53.6,8,120,53.6,8
3502,120,67,12,120,67,12
3503,122,65,10,122,65,10
3504,123,69.6,11,123,69.6,11
3505,124,64.4,10,124,64.4,10
3506,125,62.7,10,125,62.7,10
3507,125,54.2,9,125,54.2,9
3508,128,64,11,128,64,11
3509,128,57.6,9,128,57.6,9
3510,129,71,10,129,71,10
3511,130,76,9,130,76,9
3512,131,71,11,131,71,11
3513,131,77,11,131,77,11
3514,132,81.7,9,132,81.7,9
3515,134,86,10,134,86,10
3516,138,84,12,138,84,12
3517,140,92.2,11,140,92.2,11
3518,140,79.6,11,140,79.6,11
3519,142,90.7,11,142,90.7,11
3520,143,89.8,10,143,89.8,10
3521,144,93.6,11,144,93.6,11
3522,43,2.5,3,43,2.5,3
3523,48,4,4,48,4,4
3524,52,6.1,4,52,6.1,4
3525,64,7.6,6,64,7.6,6
3526,66,10.1,6,66,10.1,6
3527,67,10.8,6,67,10.8,6
3528,70,11.5,7,70,11.5,7
3529,70,11.2,6,70,11.2,6
3530,72,10.8,6,72,10.8,6
3531,72,11.7,7,72,11.7,7
3532,73,12.5,7,73,12.5,7
3533,76,15.5,7,76,15.5,7
3534,80,17.4,6,80,17.4,6
3535,80,16,6,80,16,6
3536,80,16,9,80,16,9
3537,85,21.3,8,85,21.3,8
3538,86,19.6,6,86,19.6,6
3539,87,26.3,7,87,26.3,7
3540,87,25,8,87,25,8
3541,89,24,8,89,24,8
3542,90,28,8,90,28,8
3543,91,24.1,8,91,24.1,8
3544,92,22,8,92,22,8
3545,95,28.4,9,95,28.4,9
3546,95,25,8,95,25,8
3547,95,28,7,95,28,7
3548,96,30,9,96,30,9
3549,99,27.5,7,99,27.5,7
3550,100,32.9,9,100,32.9,9
3551,101,30.7,8,101,30.7,8
3552,103,37.1,9,103,37.1,9
3553,105,32,8,105,32,8
3554,106,38,9,106,38,9
3555,106,39.6,8,106,39.6,8
3556,107,47.3,8,107,47.3,8
3557,107,39.5,9,107,39.5,9
3558,108,40,8,108,40,8
3559,110,48.5,10,110,48.5,10
3560,113,61.6,10,113,61.6,10
3561,114,55.4,10,114,55.4,10
3562,114,47.3,9,114,47.3,9
3563,114,44.6,8,114,44.6,8
3564,115,57,8,115,57,8
3565,115,39.3,9,115,39.3,9
3566,115,54.2,9,115,54.2,9
3567,115,51.5,9,115,51.5,9
3568,116,54,10,116,54,10
3569,116,47.6,10,116,47.6,10
3570,116,48.9,11,116,48.9,11
3571,116,55.8,9,116,55.8,9
3572,117,51.8,9,117,51.8,9
3573,117,58.8,9,117,58.8,9
3574,119,48.5,10,119,48.5,10
3575,120,64.1,9,120,64.1,9
3576,120,55,8,120,55,8
3577,120,78,11,120,78,11
3578,120,72,11,120,72,11
3579,120,62,10,120,62,10
3580,120,47.8,9,120,47.8,9
3581,124,62,10,124,62,10
3582,125,58,9,125,58,9
3583,125,63.8,10,125,63.8,10
3584,125,74.8,9,125,74.8,9
3585,125,78,11,125,78,11
3586,125,60.4,9,125,60.4,9
3587,126,65,11,126,65,11
3588,127,73,10,127,73,10
3589,130,73.8,12,130,73.8,12
3590,130,82.3,11,130,82.3,11
3591,130,86.4,11,130,86.4,11
3592,130,61.9,9,130,61.9,9
3593,131,81,11,131,81,11
3594,131,80,8,131,80,8
3595,132,67,12,132,67,12
3596,132,80.2,11,132,80.2,11
3597,135,65,10,135,65,10
3598,137,93,11,137,93,11
3599,143,89,12,143,89,12
3600,147,123.9,12,147,123.9,12
3601,35,1.8,4,35,1.8,4
3602,74,13.5,8,74,13.5,8
3603,79,15.4,5,79,15.4,5
3604,84,20.5,7,84,20.5,7
3605,91,25.2,8,91,25.2,8
3606,99,27.9,8,99,27.9,8
3607,102,29.6,7,102,29.6,7
3608,103,23.8,8,103,23.8,8
3609,109,45.6,7,109,45.6,7
3610,111,41.3,9,111,41.3,9
3611,116,43,9,116,43,9
3612,118,54,10,118,54,10
3613,120,73,10,120,73,10
3614,122,60.9,11,122,60.9,11
3615,123,62,11,123,62,11
3616,123,65.7,9,123,65.7,9
3617,123,74.2,14,123,74.2,14
3618,124,45.6,9,124,45.6,9
3619,126,76,11,126,76,11
3620,128,64,12,128,64,12
3621,128,63,9,128,63,9
3622,131,66.6,8,131,66.6,8
3623,131,67,10,131,67,10
3624,132,81,10,132,81,10
3625,133,74,9,133,74,9
3626,134,78.1,10,134,78.1,10
3627,138,96,10,138,96,10
3628,143,86.1,10,143,86.1,10
3629,147,113.5,13,147,113.5,13
3630,54,5.8,6,54,5.8,6
3631,57,7,7,57,7,7
3632,59,7.3,5,59,7.3,5
3633,60,8.8,5,60,8.8,5
3634,60,7,5,60,7,5
3635,72,11,6,72,11,6
3636,74,16.5,6,74,16.5,6
3637,78,15.6,8,78,15.6,8
3638,87,21,6,87,21,6
3639,88,25,8,88,25,8
3640,88,20,8,88,20,8
3641,89,26,7,89,26,7
3642,93,29.1,9,93,29.1,9
3643,93,28,8,93,28,8
3644,94,25,8,94,25,8
3645,95,25.4,7,95,25.4,7
3646,95,27,9,95,27,9
3647,95,27.1,9,95,27.1,9
3648,97,30.2,8,97,30.2,8
3649,98,34.9,9,98,34.9,9
3650,103,39,9,103,39,9
3651,104,34.2,8,104,34.2,8
3652,105,33.6,10,105,33.6,10
3653,105,44.5,10,105,44.5,10
3654,106,43,9,106,43,9
3655,106,41.6,9,106,41.6,9
3656,106,43,9,106,43,9
3657,106,39,11,106,39,11
3658,107,38,7,107,38,7
3659,107,51.9,10,107,51.9,10
3660,109,42.4,9,109,42.4,9
3661,109,41,10,109,41,10
3662,110,47.2,10,110,47.2,10
3663,110,48,8,110,48,8
3664,110,44.2,9,110,44.2,9
3665,111,49.4,9,111,49.4,9
3666,115,43.4,9,115,43.4,9
3667,115,47.8,8,115,47.8,8
3668,117,64,11,117,64,11
3669,117,56.9,10,117,56.9,10
3670,117,53,9,117,53,9
3671,118,56,8,118,56,8
3672,119,57.4,10,119,57.4,10
3673,119,51.5,10,119,51.5,10
3674,119,61.7,10,119,61.7,10
3675,119,55.8,12,119,55.8,12
3676,120,61,10,120,61,10
3677,120,61.8,10,120,61.8,10
3678,121,71.1,11,121,71.1,11
3679,121,70,10,121,70,10
3680,122,58.7,10,122,58.7,10
3681,122,63.4,9,122,63.4,9
3682,123,63.4,11,123,63.4,11
3683,124,66.4,11,124,66.4,11
3684,124,70,10,124,70,10
3685,124,56.8,11,124,56.8,11
3686,124,61,10,124,61,10
3687,125,72.1,14,125,72.1,14
3688,125,66.3,11,125,66.3,11
3689,126,62,11,126,62,11
3690,126,75,9,126,75,9
3691,128,81,13,128,81,13
3692,129,85,12,129,85,12
3693,130,72,11,130,72,11
3694,130,79.8,11,130,79.8,11
3695,130,64,10,130,64,10
3696,130,76.5,10,130,76.5,10
3697,130,87.1,13,130,87.1,13
3698,130,77,12,130,77,12
3699,130,77.7,10,130,77.7,10
3700,130,80,11,130,80,11
3701,132,79.6,10,132,79.6,10
3702,132,67.8,10,132,67.8,10
3703,133,94,11,133,94,11
3704,134,71.6,11,134,71.6,11
3705,134,66.3,11,134,66.3,11
3706,134,83.3,9,134,83.3,9
3707,135,80,11,135,80,11
3708,135,68.2,11,135,68.2,11
3709,135,85,9,135,85,9
3710,137,97.9,10,137,97.9,10
3711,137,92,11,137,92,11
3712,141,92.4,11,141,92.4,11
3713,141,88,10,141,88,10
3714,142,86.8,11,142,86.8,11
3715,145,87,11,145,87,11
3716,156,134.9,11,156,134.9,11
3717,47,9.3,5,47,9.3,5
3718,70,25.1,7,70,25.1,7
3719,72,25.6,7,72,25.6,7
3720,76,13.4,7,76,13.4,7
3721,76,32.8,7,76,32.8,7
3722,86,36.8,9,86,36.8,9
3723,93,20.7,9,93,20.7,9
3724,94,26.5,9,94,26.5,9
3725,97,54.6,7,97,54.6,7
3726,99,49.5,9,99,49.5,9
3727,100,49.1,8,100,49.1,8
3728,101,37,7,101,37,7
3729,102,51,10,102,51,10
3730,102,34,9,102,34,9
3731,103,29.2,9,103,29.2,9
3732,110,62.2,9,110,62.2,9
3733,115,81.9,10,115,81.9,10
3734,121,54.2,10,121,54.2,10
3735,123,69,10,123,69,10
3736,123,56.6,9,123,56.6,9
3737,125,67.5,10,125,67.5,10
3738,125,57.4,9,125,57.4,9
3739,127,71,9,127,71,9
3740,130,60.1,9,130,60.1,9
3741,130,64.7,11,130,64.7,11
3742,134,81.4,12,134,81.4,12
3743,139,90.5,13,139,90.5,13
3744,141,103.2,12,141,103.2,12
3745,55,6.8,5,55,6.8,5
3746,57,6.8,5,57,6.8,5
3747,72,12.3,7,72,12.3,7
3748,77,17.2,6,77,17.2,6
3749,80,18.2,6,80,18.2,6
3750,86,24.6,7,86,24.6,7
3751,87,29,8,87,29,8
3752,90,22,7,90,22,7
3753,95,28.7,8,95,28.7,8
3754,95,26,8,95,26,8
3755,97,29.3,8,97,29.3,8
3756,102,33,8,102,33,8
3757,103,35.8,9,103,35.8,9
3758,104,38.9,10,104,38.9,10
3759,105,42,9,105,42,9
3760,106,51.9,9,106,51.9,9
3761,106,44,9,106,44,9
3762,106,36.5,10,106,36.5,10
3763,106,29.6,8,106,29.6,8
3764,106,37.9,11,106,37.9,11
3765,107,44,10,107,44,10
3766,107,53,9,107,53,9
3767,111,54.7,10,111,54.7,10
3768,111,55,10,111,55,10
3769,112,53.9,9,112,53.9,9
3770,112,49,9,112,49,9
3771,113,42,9,113,42,9
3772,115,52,10,115,52,10
3773,115,47,9,115,47,9
3774,115,59.7,9,115,59.7,9
3775,116,45.1,9,116,45.1,9
3776,116,48.9,8,116,48.9,8
3777,117,57.5,13,117,57.5,13
3778,117,53,9,117,53,9
3779,118,49,9,118,49,9
3780,119,62.8,10,119,62.8,10
3781,123,66,10,123,66,10
3782,123,53.1,10,123,53.1,10
3783,124,68.6,11,124,68.6,11
3784,124,61.2,12,124,61.2,12
3785,124,63.5,11,124,63.5,11
3786,125,69,9,125,69,9
3787,125,67,10,125,67,10
3788,126,70.8,12,126,70.8,12
3789,126,63,8,126,63,8
3790,129,68.4,10,129,68.4,10
3791,130,78,10,130,78,10
3792,130,74,11,130,74,11
3793,131,90,13,131,90,13
3794,133,91.2,14,133,91.2,14
3795,134,74.8,10,134,74.8,10
3796,135,102.4,12,135,102.4,12
3797,135,90,11,135,90,11
3798,139,105.9,13,139,105.9,13
3799,139,93,10,139,93,10
3800,141,88,11,141,88,11
3801,148,97.6,12,148,97.6,12
3802,41,2.8,3,41,2.8,3
3803,61,10,6,61,10,6
3804,64,7.1,7,64,7.1,7
3805,71,12.8,7,71,12.8,7
3806,85,19.5,9,85,19.5,9
3807,85,20,8,85,20,8
3808,90,26.5,8,90,26.5,8
3809,103,35,10,103,35,10
3810,104,34,8,104,34,8
3811,105,35,8,105,35,8
3812,111,48,9,111,48,9
3813,122,68.8,12,122,68.8,12
3814,70,14,8,70,14,8
3815,76,42,6,76,42,6
3816,92,19.3,8,92,19.3,8
3817,93,27.9,8,93,27.9,8
3818,95,30.6,8,95,30.6,8
3819,113,44.9,9,113,44.9,9
3820,114,50.3,8,114,50.3,8
3821,114,54.7,10,114,54.7,10
3822,119,66.1,10,119,66.1,10
3823,121,71.2,9,121,71.2,9
3824,123,54.8,9,123,54.8,9
3825,124,59.2,7,124,59.2,7
3826,125,78.9,11,125,78.9,11
3827,136,91.5,10,136,91.5,10
3828,136,85.7,11,136,85.7,11
3829,136,74.8,11,136,74.8,11
3830,142,86.2,12,142,86.2,12
3831,100,47,14,100,47,14
3832,109,55,10,109,55,10
3833,92,34,14,92,34,14
3834,107,48,11,107,48,11
3835,67,17,6,67,17,6
3836,85,35,7,85,35,7
3837,82,21,9,82,21,9
3838,34,1,4,34,1,4
3839,67,11,8,67,11,8
3840,104,38,8,104,38,8
3841,106,49,9,106,49,9
3842,100,41,11,100,41,11
3843,123,64,9,123,64,9
3844,115,54,16,115,54,16
3845,114,71,14,114,71,14
3846,91,29,11,91,29,11
3847,74,16,6,74,16,6
3848,89,31.8,9,89,31.8,9
3849,135,90.6,14,135,90.6,14
3850,77,20.5,6,77,20.5,6
3851,75,20.7,7,75,20.7,7
3852,112,57,10,112,57,10
3853,110,55,12,110,55,12
3854,114,51,9,114,51,9
3855,97,51,11,97,51,11
3856,82,27,8,82,27,8
3857,67,11,9,67,11,9
3858,131,98,16,131,98,16
3859,113,74,12,113,74,12
3860,114,53,9,114,53,9
3861,110,38,14,110,38,14
3862,126,98,14,126,98,14
3863,95,37,10,95,37,10
3864,131,89,18,131,89,18
3865,64,10,5,64,10,5
3866,105,57,19,105,57,19
3867,105,39,10,105,39,10
3868,100,39,15,100,39,15
3869,88,27,8,88,27,8
3870,98,41,9,98,41,9
3871,109,50,15,109,50,15
3872,90,26,12,90,26,12
3873,103,34,9,103,34,9
3874,66,10,5,66,10,5
3875,105,50,12,105,50,12
3876,59,10,9,59,10,9
3877,109,73,16,109,73,16
3878,129,82,15,129,82,15
3879,90,31,10,90,31,10
3880,122,59,15,122,59,15
3881,76,18,7,76,18,7
3882,113,60,10,113,60,10
3883,134,99,15,134,99,15
3884,108,39,10,108,39,10
3885,58,9,9,58,9,9
3886,82,22,7,82,22,7
3887,92,34,7,92,34,7
3888,112,51,9,112,51,9
3889,115,47,12,115,47,12
3890,124,86,12,124,86,12
3891,103,37,16,103,37,16
3892,112,71,12,112,71,12
3893,100,59,13,100,59,13
3894,87,33,9,87,33,9
3895,99,43,12,99,43,12
3896,119,78,13,119,78,13
3897,152,112,14,152,112,14
3898,123,69,17,123,69,17
3899,113,55,10,113,55,10
3900,28,1,4,28,1,4
3901,89,21.7,15,89,21.7,15
3902,105,35.5,12,105,35.5,12
3903,32,1,4,32,1,4
3904,127,72,16,127,72,16
3905,115,70,16,115,70,16
3906,76,14,6,76,14,6
3907,49,4,4,49,4,4
3908,96,37,13,96,37,13
3909,91,29,9,91,29,9
3910,91,24,10,91,24,10
3911,91,33.6,13,91,33.6,13
3912,71,15,10,71,15,10
3913,104,41,15,104,41,15
3914,108,43,11,108,43,11
3915,104,52,19,104,52,19
3916,112,55,11,112,55,11
3917,104,45,10,104,45,10
3918,123,66,13,123,66,13
3919,129,69,18,129,69,18
3920,113,55,11,113,55,11
3921,59,8.6,8,59,8.6,8
3922,75,16,10,75,16,10
3923,105,50.6,10,105,50.6,10
3924,79,18,12,79,18,12
3925,100,45,20,100,45,20
3926,94,31,8,94,31,8
3927,116,38,14,116,38,14
3928,100,36,12,100,36,12
3929,145,131,10,145,131,10
3930,130,85,16,130,85,16
3931,134,94,21,134,94,21
3932,110,60,17,110,60,17
3933,98,37,11,98,37,11
3934,47,3.6,6,47,3.6,6
3935,47,4.3,5,47,4.3,5
3936,104,52,11,104,52,11
3937,95,42,13,95,42,13
3938,106,59,13,106,59,13
3939,70,14,10,70,14,10
3940,111,50,14,111,50,14
3941,101,38,11,101,38,11
3942,108,71,15,108,71,15
3943,105,36,11,105,36,11
3944,110,80,14,110,80,14
3945,110,75,20,110,75,20
3946,47,3.8,6,47,3.8,6
3947,105,50,13,105,50,13
3948,95,38,16,95,38,16
3949,106,46,12,106,46,12
3950,105,54,13,105,54,13
3951,106,51,13,106,51,13
3952,93,45,13,93,45,13
3953,63,9.4,5,63,9.4,5
3954,93,36.8,8,93,36.8,8
3955,97,26.6,7,97,26.6,7
3956,98,35.5,9,98,35.5,9
3957,103,44,12,103,44,12
3958,111,52.6,10,111,52.6,10
3959,122,66.9,9,122,66.9,9
3960,136,103,11,136,103,11
3961,138,86.1,11,138,86.1,11
3962,139,99.2,10,139,99.2,10
3963,144,117,10,144,117,10
3964,54,6.1,4,54,6.1,4
3965,54,6,5,54,6,5
3966,59,7,6,59,7,6
3967,59,7,6,59,7,6
3968,63,9,6,63,9,6
3969,75,16,6,75,16,6
3970,76,16.4,6,76,16.4,6
3971,77,14,6,77,14,6
3972,80,13.2,6,80,13.2,6
3973,83,19.4,8,83,19.4,8
3974,83,20.5,7,83,20.5,7
3975,84,21,8,84,21,8
3976,88,23.8,6,88,23.8,6
3977,90,28.1,7,90,28.1,7
3978,95,27,7,95,27,7
3979,97,33.8,8,97,33.8,8
3980,99,31,6,99,31,6
3981,105,36,7,105,36,7
3982,113,55,8,113,55,8
3983,116,50.3,6,116,50.3,6
3984,117,45,6,117,45,6
3985,120,66,10,120,66,10
3986,126,64.4,11,126,64.4,11
3987,129,68,10,129,68,10
3988,131,109.4,11,131,109.4,11
3989,133,68.9,8,133,68.9,8
3990,134,101.1,11,134,101.1,11
3991,134,90.1,10,134,90.1,10
3992,137,74.5,9,137,74.5,9
3993,140,115.1,10,140,115.1,10
3994,144,124.2,12,144,124.2,12
3995,37,2,4,37,2,4
3996,49,4,5,49,4,5
3997,63,70.1,6,63,70.1,6
3998,72,12.4,6,72,12.4,6
3999,75,11,6,75,11,6
4000,83,16.6,6,83,16.6,6
4001,91,26.5,7,91,26.5,7
4002,96,27,6,96,27,6
4003,97,30.5,8,97,30.5,8
4004,102,31.1,8,102,31.1,8
4005,104,34,10,104,34,10
4006,111,40.3,9,111,40.3,9
4007,117,49.4,9,117,49.4,9
4008,117,50.3,11,117,50.3,11
4009,117,61,12,117,61,12
4010,122,53,8,122,53,8
4011,122,49,9,122,49,9
4012,123,57.2,9,123,57.2,9
4013,124,51,8,124,51,8
4014,125,64.6,8,125,64.6,8
4015,125,57,10,125,57,10
4016,127,45,10,127,45,10
4017,128,74,9,128,74,9
4018,132,35.6,11,132,35.6,11
4019,132,60,8,132,60,8
4020,132,67,10,132,67,10
4021,136,85.9,11,136,85.9,11
4022,138,94.3,10,138,94.3,10
4023,144,94.1,11,144,94.1,11
4024,55,6,6,55,6,6
4025,66,10.1,6,66,10.1,6
4026,66,11,7,66,11,7
4027,73,12.1,7,73,12.1,7
4028,73,13.1,6,73,13.1,6
4029,84,18.5,8,84,18.5,8
4030,87,19.3,7,87,19.3,7
4031,87,21.8,7,87,21.8,7
4032,88,21.5,8,88,21.5,8
4033,97,36,8,97,36,8
4034,99,34.4,10,99,34.4,10
4035,102,36.1,7,102,36.1,7
4036,104,36.4,11,104,36.4,11
4037,108,39.7,8,108,39.7,8
4038,108,38,10,108,38,10
4039,110,42,11,110,42,11
4040,112,47,11,112,47,11
4041,115,55,12,115,55,12
4042,115,43,10,115,43,10
4043,115,47.2,10,115,47.2,10
4044,116,55,8,116,55,8
4045,116,47.8,10,116,47.8,10
4046,118,60.2,9,118,60.2,9
4047,120,53.8,11,120,53.8,11
4048,124,56,11,124,56,11
4049,125,70,13,125,70,13
4050,125,68,9,125,68,9
4051,125,71,9,125,71,9
4052,125,61,10,125,61,10
4053,125,64.9,13,125,64.9,13
4054,125,72,10,125,72,10
4055,127,70,10,127,70,10
4056,129,62,9,129,62,9
4057,129,90.9,11,129,90.9,11
4058,138,99.8,11,138,99.8,11
4059,139,87.4,10,139,87.4,10
4060,103,28.3,8,103,28.3,8
4061,109,34.8,8,109,34.8,8
4062,124,55.6,10,124,55.6,10
4063,126,60,9,126,60,9
4064,126,70,11,126,70,11
4065,128,61,9,128,61,9
4066,74,14.4,6,74,14.4,6
4067,79,18.7,7,79,18.7,7
4068,80,18.7,6,80,18.7,6
4069,82,17,7,82,17,7
4070,91,23.7,8,91,23.7,8
4071,96,29,7,96,29,7
4072,97,29.8,8,97,29.8,8
4073,100,26.1,8,100,26.1,8
4074,103,38,9,103,38,9
4075,104,33.8,8,104,33.8,8
4076,109,43.2,8,109,43.2,8
4077,109,52.3,8,109,52.3,8
4078,110,41.2,9,110,41.2,9
4079,110,45,10,110,45,10
4080,110,38,8,110,38,8
4081,111,41.9,8,111,41.9,8
4082,112,54.5,11,112,54.5,11
4083,113,61.9,9,113,61.9,9
4084,114,60,10,114,60,10
4085,115,62,10,115,62,10
4086,117,60,11,117,60,11
4087,118,48,8,118,48,8
4088,119,55.1,10,119,55.1,10
4089,120,59.6,9,120,59.6,9
4090,122,54,9,122,54,9
4091,123,74,11,123,74,11
4092,125,74.1,12,125,74.1,12
4093,125,77.1,11,125,77.1,11
4094,126,74,11,126,74,11
4095,126,71.1,13,126,71.1,13
4096,127,70,11,127,70,11
4097,127,78,12,127,78,12
4098,127,74,9,127,74,9
4099,130,71,9,130,71,9
4100,134,76.2,9,134,76.2,9
4101,135,74,9,135,74,9
4102,135,77.2,11,135,77.2,11
4103,136,96,11,136,96,11
4104,140,101.2,10,140,101.2,10
4105,142,95,11,142,95,11
4106,143,107.7,9,143,107.7,9
4107,144,96,11,144,96,11
4108,84,17.2,7,84,17.2,7
4109,96,25.2,7,96,25.2,7
4110,96,27.8,8,96,27.8,8
4111,102,75.9,9,102,75.9,9
4112,103,35.7,8,103,35.7,8
4113,112,90.5,9,112,90.5,9
4114,112,40,8,112,40,8
4115,114,41.8,9,114,41.8,9
4116,121,51.7,10,121,51.7,10
4117,125,55.7,9,125,55.7,9
4118,128,66.3,9,128,66.3,9
4119,130,77.3,9,130,77.3,9
4120,60,8.4,4,60,8.4,4
4121,70,15.4,7,70,15.4,7
4122,91,30,9,91,30,9
4123,92,30,8,92,30,8
4124,98,35.3,8,98,35.3,8
4125,100,33,8,100,33,8
4126,108,37,9,108,37,9
4127,110,50.4,11,110,50.4,11
4128,110,52,10,110,52,10
4129,111,51,8,111,51,8
4130,114,48,10,114,48,10
4131,116,52.6,10,116,52.6,10
4132,116,51.5,11,116,51.5,11
4133,117,63,10,117,63,10
4134,117,50.2,11,117,50.2,11
4135,119,54.2,9,119,54.2,9
4136,120,67,11,120,67,11
4137,123,64,9,123,64,9
4138,126,65,11,126,65,11
4139,126,67,11,126,67,11
4140,127,69.4,10,127,69.4,10
4141,129,84.8,10,129,84.8,10
4142,130,86,11,130,86,11
4143,131,73,13,131,73,13
4144,131,81,13,131,81,13
4145,134,101.6,11,134,101.6,11
4146,134,131.4,11,134,131.4,11
4147,139,77,10,139,77,10
4148,139,89,11,139,89,11
4149,154,71,11,154,71,11
4150,56,6,6,56,6,6
4151,66,9.2,7,66,9.2,7
4152,70,8.2,6,70,8.2,6
4153,74,12.3,7,74,12.3,7
4154,86,22,8,86,22,8
4155,87,17.7,6,87,17.7,6
4156,88,23,6,88,23,6
4157,95,29.2,8,95,29.2,8
4158,95,31,8,95,31,8
4159,96,28,8,96,28,8
4160,112,51.8,9,112,51.8,9
4161,117,60,11,117,60,11
4162,117,56.9,11,117,56.9,11
4163,77,18.4,8,77,18.4,8
4164,78,15.8,7,78,15.8,7
4165,78,16.2,7,78,16.2,7
4166,81,17.6,7,81,17.6,7
4167,95,31.2,10,95,31.2,10
4168,100,30.7,9,100,30.7,9
4169,103,35.3,8,103,35.3,8
4170,104,36.3,10,104,36.3,10
4171,110,48.1,10,110,48.1,10
4172,112,45.8,8,112,45.8,8
4173,113,49.8,11,113,49.8,11
4174,118,52.1,10,118,52.1,10
4175,120,61.6,9,120,61.6,9
4176,125,59.2,10,125,59.2,10
4177,142,99,12,142,99,12
