2026-10-01T15:36:25.0160090Z Current runner version: '2.337.0'
2026-10-01T15:36:25.0238049Z ##[group]Runner Image Provisioner
2026-10-01T15:36:25.0239524Z Hosted Compute Agent
2026-10-01T15:36:25.0240690Z Version: 20260901.588
2026-10-01T15:36:25.0241938Z Commit: f88ec8081b781fac6c440065ac7ff9e710ce3d0b
2026-10-01T15:36:25.0243254Z Build Date: 2026-09-01T19:56:44Z
2026-10-01T15:36:25.0244689Z Worker ID: {9153c384-d0d9-4f6b-bc84-60f4ebd58cd9}
2026-10-01T15:36:25.0246298Z Azure Region: eastus
2026-10-01T15:36:25.0247386Z ##[endgroup]
2026-10-01T15:36:25.0250092Z ##[group]Operating System
2026-10-01T15:36:25.0251187Z Ubuntu
2026-10-01T15:36:25.0252151Z 24.04.5
2026-10-01T15:36:25.0253124Z LTS
2026-10-01T15:36:25.0253982Z ##[endgroup]
2026-10-01T15:36:25.0275534Z ##[group]Runner Image
2026-10-01T15:36:25.0276700Z Image: ubuntu-24.04
2026-10-01T15:36:25.0277940Z Version: 20260927.320.1
2026-10-01T15:36:25.0280199Z Included Software: https://github.com/actions/runner-images/blob/ubuntu24/20260927.320/images/ubuntu/Ubuntu2404-Readme.md
2026-10-01T15:36:25.0283277Z Image Release: https://github.com/actions/runner-images/releases/tag/ubuntu24%2F20260927.320
2026-10-01T15:36:25.0285390Z ##[endgroup]
2026-10-01T15:36:25.0287568Z ##[group]GITHUB_TOKEN Permissions
2026-10-01T15:36:25.0290288Z Contents: read
2026-10-01T15:36:25.0291489Z Metadata: read
2026-10-01T15:36:25.0292442Z ##[endgroup]
2026-10-01T15:36:25.0315912Z Secret source: Actions
2026-10-01T15:36:25.0317688Z Cache mode: write
2026-10-01T15:36:25.0318941Z Prepare workflow directory
2026-10-01T15:36:25.1351608Z Prepare all required actions
2026-10-01T15:36:25.1488303Z Getting action download info
2026-10-01T15:36:25.4611158Z Download action repository 'actions/checkout@v4' (SHA:11d5960a326750d5838078e36cf38b85af677262)
2026-10-01T15:36:25.5725552Z Download action repository 'r-lib/actions@v2' (SHA:f9a764fea8d5c63df6ef9a5c7795bf7deb5d7e05)
2026-10-01T15:36:25.8547340Z Download action repository 'actions/upload-artifact@v4' (SHA:ea165f8d65b6e75b540449e92b4886f43607fa02)
2026-10-01T15:36:26.0842899Z Getting action download info
2026-10-01T15:36:26.1892099Z Download action repository 'actions/cache@27d5ce7f107fe9357f9df03efb73ab90386fccae' (SHA:27d5ce7f107fe9357f9df03efb73ab90386fccae)
2026-10-01T15:36:26.3820650Z Complete job name: R 4.6.0 (ubuntu-latest)
2026-10-01T15:36:26.4715327Z ##[group]Run actions/checkout@v4
2026-10-01T15:36:26.4716700Z with:
2026-10-01T15:36:26.4717474Z   repository: ktubi970/lmplot
2026-10-01T15:36:26.4725894Z   token: ***
2026-10-01T15:36:26.4726682Z   ssh-strict: true
2026-10-01T15:36:26.4727477Z   ssh-user: git
2026-10-01T15:36:26.4728290Z   persist-credentials: true
2026-10-01T15:36:26.4729186Z   clean: true
2026-10-01T15:36:26.4729997Z   sparse-checkout-cone-mode: true
2026-10-01T15:36:26.4730973Z   fetch-depth: 1
2026-10-01T15:36:26.4731758Z   fetch-tags: false
2026-10-01T15:36:26.4732578Z   show-progress: true
2026-10-01T15:36:26.4733390Z   lfs: false
2026-10-01T15:36:26.4734132Z   submodules: false
2026-10-01T15:36:26.4735095Z   set-safe-directory: true
2026-10-01T15:36:26.4736065Z   allow-unsafe-pr-checkout: false
2026-10-01T15:36:26.4737299Z ##[endgroup]
2026-10-01T15:36:26.6057156Z Syncing repository: ktubi970/lmplot
2026-10-01T15:36:26.6061143Z ##[group]Getting Git version info
2026-10-01T15:36:26.6067104Z Working directory is '/home/runner/work/lmplot/lmplot'
2026-10-01T15:36:26.6070741Z [command]/usr/bin/git version
2026-10-01T15:36:26.6212104Z git version 2.55.0
2026-10-01T15:36:26.6220258Z ##[endgroup]
2026-10-01T15:36:26.6231512Z Temporarily overriding HOME='/home/runner/work/_temp/d79ebfcb-f663-46f9-80ac-52993f54ec3e' before making global git config changes
2026-10-01T15:36:26.6236900Z Adding repository directory to the temporary git global config as a safe directory
2026-10-01T15:36:26.6241560Z [command]/usr/bin/git config --global --add safe.directory /home/runner/work/lmplot/lmplot
2026-10-01T15:36:26.6317283Z Deleting the contents of '/home/runner/work/lmplot/lmplot'
2026-10-01T15:36:26.6320604Z ##[group]Initializing the repository
2026-10-01T15:36:26.6336183Z [command]/usr/bin/git init /home/runner/work/lmplot/lmplot
2026-10-01T15:36:26.6479899Z hint: Using 'master' as the name for the initial branch. This default branch name
2026-10-01T15:36:26.6483777Z hint: will change to "main" in Git 3.0. To configure the initial branch name
2026-10-01T15:36:26.6516232Z hint: to use in all of your new repositories, which will suppress this warning,
2026-10-01T15:36:26.6519409Z hint: call:
2026-10-01T15:36:26.6520951Z hint:
2026-10-01T15:36:26.6523270Z hint: 	git config --global init.defaultBranch <name>
2026-10-01T15:36:26.6530924Z hint:
2026-10-01T15:36:26.6550077Z hint: Names commonly chosen instead of 'master' are 'main', 'trunk' and
2026-10-01T15:36:26.6553700Z hint: 'development'. The just-created branch can be renamed via this command:
2026-10-01T15:36:26.6558621Z hint:
2026-10-01T15:36:26.6560222Z hint: 	git branch -m <name>
2026-10-01T15:36:26.6563188Z hint:
2026-10-01T15:36:26.6566366Z hint: Disable this message with "git config set advice.defaultBranchName false"
2026-10-01T15:36:26.6575895Z Initialized empty Git repository in /home/runner/work/lmplot/lmplot/.git/
2026-10-01T15:36:26.6609708Z [command]/usr/bin/git remote add origin https://github.com/ktubi970/lmplot
2026-10-01T15:36:26.6615961Z ##[endgroup]
2026-10-01T15:36:26.6620644Z ##[group]Disabling automatic garbage collection
2026-10-01T15:36:26.6646178Z [command]/usr/bin/git config --local gc.auto 0
2026-10-01T15:36:26.6689021Z ##[endgroup]
2026-10-01T15:36:26.6691986Z ##[group]Setting up auth
2026-10-01T15:36:26.6695110Z [command]/usr/bin/git config --local --name-only --get-regexp core\.sshCommand
2026-10-01T15:36:26.6747067Z [command]/usr/bin/git submodule foreach --recursive sh -c "git config --local --name-only --get-regexp 'core\.sshCommand' && git config --local --unset-all 'core.sshCommand' || :"
2026-10-01T15:36:26.7421934Z [command]/usr/bin/git config --local --name-only --get-regexp http\.https\:\/\/github\.com\/\.extraheader
2026-10-01T15:36:26.7433301Z [command]/usr/bin/git submodule foreach --recursive sh -c "git config --local --name-only --get-regexp 'http\.https\:\/\/github\.com\/\.extraheader' && git config --local --unset-all 'http.https://github.com/.extraheader' || :"
2026-10-01T15:36:26.7626036Z [command]/usr/bin/git config --local --name-only --get-regexp ^includeIf\.gitdir:
2026-10-01T15:36:26.7669206Z [command]/usr/bin/git submodule foreach --recursive git config --local --show-origin --name-only --get-regexp remote.origin.url
2026-10-01T15:36:26.7912395Z [command]/usr/bin/git config --local http.https://github.com/.extraheader AUTHORIZATION: basic ***
2026-10-01T15:36:26.7956667Z ##[endgroup]
2026-10-01T15:36:26.7959794Z ##[group]Fetching the repository
2026-10-01T15:36:26.7970419Z [command]/usr/bin/git -c protocol.version=2 fetch --no-tags --prune --no-recurse-submodules --depth=1 origin +fdc7647bc73fc4e9574135895f119608ede4ae16:refs/remotes/origin/master
2026-10-01T15:36:27.1775910Z From https://github.com/ktubi970/lmplot
2026-10-01T15:36:27.1900321Z  * [new ref]         fdc7647bc73fc4e9574135895f119608ede4ae16 -> origin/master
2026-10-01T15:36:27.1906748Z ##[endgroup]
2026-10-01T15:36:27.1908054Z ##[group]Determining the checkout info
2026-10-01T15:36:27.1909495Z ##[endgroup]
2026-10-01T15:36:27.1910333Z [command]/usr/bin/git sparse-checkout disable
2026-10-01T15:36:27.1913054Z [command]/usr/bin/git config --local --unset-all extensions.worktreeConfig
2026-10-01T15:36:27.1916368Z ##[group]Checking out the ref
2026-10-01T15:36:27.1917676Z [command]/usr/bin/git checkout --progress --force -B master refs/remotes/origin/master
2026-10-01T15:36:27.2403907Z Reset branch 'master'
2026-10-01T15:36:27.2406522Z branch 'master' set up to track 'origin/master'.
2026-10-01T15:36:27.2427768Z ##[endgroup]
2026-10-01T15:36:27.2432287Z [command]/usr/bin/git log -1 --format=%H
2026-10-01T15:36:27.2434539Z fdc7647bc73fc4e9574135895f119608ede4ae16
2026-10-01T15:36:27.2789621Z ##[group]Run r-lib/actions/setup-r@v2
2026-10-01T15:36:27.2790738Z with:
2026-10-01T15:36:27.2791445Z   r-version: 4.6.0
2026-10-01T15:36:27.2792601Z   use-public-rspm: true
2026-10-01T15:36:27.2793494Z   Ncpus: 1
2026-10-01T15:36:27.2794272Z   remove-openmp-macos: true
2026-10-01T15:36:27.2795484Z   http-user-agent: default
2026-10-01T15:36:27.2796433Z   install-r: true
2026-10-01T15:36:27.2797328Z   windows-path-include-rtools: true
2026-10-01T15:36:27.2798501Z   windows-path-include-mingw: true
2026-10-01T15:36:27.2799604Z   update-rtools: false
2026-10-01T15:36:27.2800481Z   working-directory: .
2026-10-01T15:36:27.2801340Z ##[endgroup]
2026-10-01T15:36:27.8462215Z ##[group]Downloading R
2026-10-01T15:36:28.4698004Z ##[endgroup]
2026-10-01T15:36:28.4701669Z ##[group]Updating system package data
2026-10-01T15:36:28.4731891Z [command]/usr/bin/sudo DEBIAN_FRONTEND=noninteractive apt-get update -y
2026-10-01T15:36:28.6154960Z Get:1 file:/etc/apt/apt-mirrors.txt Mirrorlist [144 B]
2026-10-01T15:36:28.6510961Z Get:3 https://packages.microsoft.com/ubuntu/24.04/prod noble InRelease [3600 B]
2026-10-01T15:36:28.6714118Z Hit:2 http://azure.archive.ubuntu.com/ubuntu noble InRelease
2026-10-01T15:36:28.6746943Z Get:4 http://azure.archive.ubuntu.com/ubuntu noble-updates InRelease [126 kB]
2026-10-01T15:36:28.6791809Z Get:5 http://azure.archive.ubuntu.com/ubuntu noble-backports InRelease [126 kB]
2026-10-01T15:36:28.6803985Z Get:6 http://azure.archive.ubuntu.com/ubuntu noble-security InRelease [126 kB]
2026-10-01T15:36:28.8244382Z Get:7 https://packages.microsoft.com/ubuntu/24.04/prod noble/main amd64 Packages [509 kB]
2026-10-01T15:36:28.8636317Z Get:8 https://packages.microsoft.com/ubuntu/24.04/prod noble/main arm64 Packages [456 kB]
2026-10-01T15:36:28.9904604Z Get:9 http://azure.archive.ubuntu.com/ubuntu noble-updates/main amd64 Packages [1361 kB]
2026-10-01T15:36:29.0071908Z Get:10 http://azure.archive.ubuntu.com/ubuntu noble-updates/main Translation-en [304 kB]
2026-10-01T15:36:29.0098506Z Get:11 http://azure.archive.ubuntu.com/ubuntu noble-updates/main amd64 Components [181 kB]
2026-10-01T15:36:29.0145786Z Get:12 http://azure.archive.ubuntu.com/ubuntu noble-updates/universe amd64 Packages [1699 kB]
2026-10-01T15:36:29.0375559Z Get:13 http://azure.archive.ubuntu.com/ubuntu noble-updates/universe Translation-en [341 kB]
2026-10-01T15:36:29.0426478Z Get:14 http://azure.archive.ubuntu.com/ubuntu noble-updates/universe amd64 Components [388 kB]
2026-10-01T15:36:29.0553728Z Get:15 http://azure.archive.ubuntu.com/ubuntu noble-updates/restricted amd64 Packages [1720 kB]
2026-10-01T15:36:29.0856262Z Get:16 http://azure.archive.ubuntu.com/ubuntu noble-updates/restricted Translation-en [394 kB]
2026-10-01T15:36:29.0915739Z Get:17 http://azure.archive.ubuntu.com/ubuntu noble-updates/multiverse amd64 Components [940 B]
2026-10-01T15:36:29.1396189Z Get:18 http://azure.archive.ubuntu.com/ubuntu noble-backports/main amd64 Components [5760 B]
2026-10-01T15:36:29.1826299Z Get:19 http://azure.archive.ubuntu.com/ubuntu noble-backports/universe amd64 Components [12.6 kB]
2026-10-01T15:36:29.2116036Z Get:20 http://azure.archive.ubuntu.com/ubuntu noble-security/main amd64 Packages [1069 kB]
2026-10-01T15:36:29.2155749Z Get:21 http://azure.archive.ubuntu.com/ubuntu noble-security/main Translation-en [221 kB]
2026-10-01T15:36:29.2193662Z Get:22 http://azure.archive.ubuntu.com/ubuntu noble-security/main amd64 Components [46.4 kB]
2026-10-01T15:36:29.2227170Z Get:23 http://azure.archive.ubuntu.com/ubuntu noble-security/universe amd64 Packages [1216 kB]
2026-10-01T15:36:29.2293131Z Get:24 http://azure.archive.ubuntu.com/ubuntu noble-security/universe Translation-en [244 kB]
2026-10-01T15:36:29.2315918Z Get:25 http://azure.archive.ubuntu.com/ubuntu noble-security/universe amd64 Components [76.3 kB]
2026-10-01T15:36:29.2348619Z Get:26 http://azure.archive.ubuntu.com/ubuntu noble-security/restricted amd64 Packages [1566 kB]
2026-10-01T15:36:29.2530774Z Get:27 http://azure.archive.ubuntu.com/ubuntu noble-security/restricted Translation-en [361 kB]
2026-10-01T15:36:34.7822390Z Fetched 12.6 MB in 2s (6778 kB/s)
2026-10-01T15:36:35.6287207Z Reading package lists...
2026-10-01T15:36:35.6403351Z ##[endgroup]
2026-10-01T15:36:35.6407355Z ##[group]Installing R system requirements
2026-10-01T15:36:35.6422511Z [command]/usr/bin/sudo DEBIAN_FRONTEND=noninteractive apt-get install -y gdebi-core qpdf devscripts ghostscript
2026-10-01T15:36:35.6707217Z Reading package lists...
2026-10-01T15:36:35.8503028Z Building dependency tree...
2026-10-01T15:36:35.8511710Z Reading state information...
2026-10-01T15:36:35.9920206Z The following additional packages will be installed:
2026-10-01T15:36:35.9921439Z   dctrl-tools diffstat dput fonts-droid-fallback fonts-noto-mono
2026-10-01T15:36:35.9922779Z   fonts-urw-base35 gettext intltool-debian libaliased-perl libapt-pkg-perl
2026-10-01T15:36:35.9924027Z   libarchive-zip-perl libarray-intspan-perl libauthen-sasl-perl
2026-10-01T15:36:35.9925455Z   libb-hooks-endofscope-perl libb-hooks-op-check-perl libberkeleydb-perl
2026-10-01T15:36:35.9926636Z   libcapture-tiny-perl libclass-data-inheritable-perl
2026-10-01T15:36:35.9927702Z   libclass-method-modifiers-perl libclass-xsaccessor-perl libconfig-tiny-perl
2026-10-01T15:36:35.9928870Z   libconst-fast-perl libcpanel-json-xs-perl libdata-dpath-perl
2026-10-01T15:36:35.9929912Z   libdata-dump-perl libdata-messagepack-perl libdata-optlist-perl
2026-10-01T15:36:35.9930851Z   libdata-validate-domain-perl libdata-validate-ip-perl
2026-10-01T15:36:35.9931874Z   libdata-validate-uri-perl libdevel-callchecker-perl libdevel-size-perl
2026-10-01T15:36:35.9933137Z   libdevel-stacktrace-perl libdistro-info-perl libdynaloader-functions-perl
2026-10-01T15:36:35.9936397Z   libemail-address-xs-perl libexception-class-perl libexporter-tiny-perl
2026-10-01T15:36:35.9937462Z   libfile-basedir-perl libfile-chdir-perl libfile-dirlist-perl
2026-10-01T15:36:35.9938559Z   libfile-find-rule-perl libfile-homedir-perl libfile-listing-perl
2026-10-01T15:36:35.9939688Z   libfile-touch-perl libfile-which-perl libfont-afm-perl libfont-ttf-perl
2026-10-01T15:36:35.9955756Z   libfreezethaw-perl libgit-wrapper-perl libgs-common libgs10 libgs10-common
2026-10-01T15:36:35.9962890Z   libhtml-form-perl libhtml-format-perl libhtml-html5-entities-perl
2026-10-01T15:36:35.9964154Z   libhtml-tokeparser-simple-perl libhtml-tree-perl libhttp-cookies-perl
2026-10-01T15:36:35.9965571Z   libhttp-daemon-perl libhttp-negotiate-perl libidn12 libijs-0.35
2026-10-01T15:36:35.9966697Z   libimport-into-perl libindirect-perl libio-interactive-perl libio-pty-perl
2026-10-01T15:36:35.9967869Z   libio-socket-ssl-perl libio-string-perl libipc-run-perl libipc-run3-perl
2026-10-01T15:36:35.9969057Z   libipc-system-simple-perl libiterator-perl libiterator-util-perl
2026-10-01T15:36:35.9970053Z   libjbig2dec0 libjson-maybexs-perl liblist-compare-perl
2026-10-01T15:36:35.9971037Z   liblist-someutils-perl liblist-someutils-xs-perl liblist-utilsby-perl
2026-10-01T15:36:35.9972217Z   liblog-any-adapter-screen-perl liblog-any-perl liblwp-protocol-https-perl
2026-10-01T15:36:35.9973450Z   libmailtools-perl libmarkdown2 libmath-base85-perl libmldbm-perl
2026-10-01T15:36:35.9979762Z   libmodule-implementation-perl libmodule-runtime-perl libmoo-perl
2026-10-01T15:36:35.9980893Z   libmoox-aliases-perl libmouse-perl libnamespace-clean-perl
2026-10-01T15:36:35.9981671Z   libnet-domain-tld-perl libnet-http-perl libnet-ipv6addr-perl
2026-10-01T15:36:35.9982427Z   libnet-netmask-perl libnet-smtp-ssl-perl libnet-ssleay-perl
2026-10-01T15:36:35.9983200Z   libnetaddr-ip-perl libnumber-compare-perl libobject-pad-perl
2026-10-01T15:36:35.9984055Z   libpackage-stash-perl libpackage-stash-xs-perl libpaper-utils libpaper1
2026-10-01T15:36:35.9985552Z   libparams-classify-perl libparams-util-perl libpath-iterator-rule-perl
2026-10-01T15:36:35.9986440Z   libpath-tiny-perl libperlio-gzip-perl libperlio-utf8-strict-perl
2026-10-01T15:36:35.9987339Z   libpod-constants-perl libpod-parser-perl libqpdf29t64 libre-engine-re2-perl
2026-10-01T15:36:35.9988518Z   libregexp-pattern-license-perl libregexp-pattern-perl
2026-10-01T15:36:35.9989315Z   libregexp-wildcards-perl librole-tiny-perl libsereal-decoder-perl
2026-10-01T15:36:35.9990352Z   libsereal-encoder-perl libset-intspan-perl libsocket6-perl
2026-10-01T15:36:35.9991144Z   libsort-versions-perl libstrictures-perl libstring-copyright-perl
2026-10-01T15:36:35.9992015Z   libstring-escape-perl libstring-license-perl libstring-shellquote-perl
2026-10-01T15:36:35.9992964Z   libsub-exporter-perl libsub-exporter-progressive-perl libsub-identify-perl
2026-10-01T15:36:35.9993801Z   libsub-install-perl libsub-name-perl libsub-quote-perl
2026-10-01T15:36:35.9994587Z   libsyntax-keyword-try-perl libtext-glob-perl libtext-levenshteinxs-perl
2026-10-01T15:36:35.9996300Z   libtext-markdown-discount-perl libtext-xslate-perl libtime-duration-perl
2026-10-01T15:36:35.9997195Z   libtime-moment-perl libtry-tiny-perl libunicode-utf8-perl
2026-10-01T15:36:35.9997950Z   libvariable-magic-perl libwww-mechanize-perl libwww-perl
2026-10-01T15:36:35.9998794Z   libwww-robotrules-perl libxs-parse-keyword-perl libxs-parse-sublike-perl
2026-10-01T15:36:35.9999663Z   libyaml-libyaml-perl licensecheck lintian lzip lzop patchutils
2026-10-01T15:36:36.0000574Z   perl-openssl-defaults poppler-data python3-gpg python3-nacl python3-paramiko
2026-10-01T15:36:36.0001513Z   python3-unidiff python3-xdg t1utils wdiff xfonts-encodings xfonts-utils
2026-10-01T15:36:36.0002186Z Suggested packages:
2026-10-01T15:36:36.0002705Z   debtags adequate at autopkgtest bls-standalone bsd-mailx | mailx
2026-10-01T15:36:36.0003542Z   build-essential check-all-the-things cvs-buildpackage debhelper diffoscope
2026-10-01T15:36:36.0004455Z   disorderfs dose-extra duck elpa-devscripts faketime gnuplot how-can-i-help
2026-10-01T15:36:36.0005849Z   libdbd-pg-perl libfile-desktopentry-perl libterm-size-perl libyaml-syck-perl
2026-10-01T15:36:36.0006798Z   mmdebstrap mutt piuparts pristine-lfs quilt ratt reprotest svn-buildpackage
2026-10-01T15:36:36.0007662Z   w3m debian-keyring equivs libgitlab-api-v4-perl libsoap-lite-perl
2026-10-01T15:36:36.0008419Z   pristine-tar mini-dinstall fonts-noto fonts-freefont-otf
2026-10-01T15:36:36.0009203Z   | fonts-freefont-ttf fonts-texgyre autopoint gettext-doc libasprintf-dev
2026-10-01T15:36:36.0010072Z   libgettextpo-dev texlive-binaries libdigest-hmac-perl libgssapi-perl
2026-10-01T15:36:36.0010828Z   libxml-parser-perl libcrypt-ssleay-perl libscalar-number-perl
2026-10-01T15:36:36.0011586Z   libbareword-filehandles-perl libmultidimensional-perl libxstring-perl
2026-10-01T15:36:36.0012423Z   libauthen-ntlm-perl binutils-multiarch libtext-template-perl poppler-utils
2026-10-01T15:36:36.0013234Z   fonts-japanese-mincho | fonts-ipafont-mincho fonts-japanese-gothic
2026-10-01T15:36:36.0014028Z   | fonts-ipafont-gothic fonts-arphic-ukai fonts-arphic-uming fonts-nanum
2026-10-01T15:36:36.0015264Z   python-nacl-doc python3-gssapi python3-invoke python-pyxdg-doc qpdf-doc
2026-10-01T15:36:36.0015869Z   wdiff-doc
2026-10-01T15:36:36.0457797Z The following NEW packages will be installed:
2026-10-01T15:36:36.0468841Z   dctrl-tools devscripts diffstat dput fonts-droid-fallback fonts-noto-mono
2026-10-01T15:36:36.0470018Z   fonts-urw-base35 gdebi-core gettext ghostscript intltool-debian
2026-10-01T15:36:36.0471134Z   libaliased-perl libapt-pkg-perl libarchive-zip-perl libarray-intspan-perl
2026-10-01T15:36:36.0472696Z   libauthen-sasl-perl libb-hooks-endofscope-perl libb-hooks-op-check-perl
2026-10-01T15:36:36.0473892Z   libberkeleydb-perl libcapture-tiny-perl libclass-data-inheritable-perl
2026-10-01T15:36:36.0475692Z   libclass-method-modifiers-perl libclass-xsaccessor-perl libconfig-tiny-perl
2026-10-01T15:36:36.0476946Z   libconst-fast-perl libcpanel-json-xs-perl libdata-dpath-perl
2026-10-01T15:36:36.0478484Z   libdata-dump-perl libdata-messagepack-perl libdata-optlist-perl
2026-10-01T15:36:36.0479585Z   libdata-validate-domain-perl libdata-validate-ip-perl
2026-10-01T15:36:36.0481015Z   libdata-validate-uri-perl libdevel-callchecker-perl libdevel-size-perl
2026-10-01T15:36:36.0482656Z   libdevel-stacktrace-perl libdistro-info-perl libdynaloader-functions-perl
2026-10-01T15:36:36.0484257Z   libemail-address-xs-perl libexception-class-perl libexporter-tiny-perl
2026-10-01T15:36:36.0485993Z   libfile-basedir-perl libfile-chdir-perl libfile-dirlist-perl
2026-10-01T15:36:36.0487431Z   libfile-find-rule-perl libfile-homedir-perl libfile-listing-perl
2026-10-01T15:36:36.0488698Z   libfile-touch-perl libfile-which-perl libfont-afm-perl libfont-ttf-perl
2026-10-01T15:36:36.0490262Z   libfreezethaw-perl libgit-wrapper-perl libgs-common libgs10 libgs10-common
2026-10-01T15:36:36.0492714Z   libhtml-form-perl libhtml-format-perl libhtml-html5-entities-perl
2026-10-01T15:36:36.0494016Z   libhtml-tokeparser-simple-perl libhtml-tree-perl libhttp-cookies-perl
2026-10-01T15:36:36.0495759Z   libhttp-daemon-perl libhttp-negotiate-perl libidn12 libijs-0.35
2026-10-01T15:36:36.0496944Z   libimport-into-perl libindirect-perl libio-interactive-perl libio-pty-perl
2026-10-01T15:36:36.0498474Z   libio-socket-ssl-perl libio-string-perl libipc-run-perl libipc-run3-perl
2026-10-01T15:36:36.0499645Z   libipc-system-simple-perl libiterator-perl libiterator-util-perl
2026-10-01T15:36:36.0500914Z   libjbig2dec0 libjson-maybexs-perl liblist-compare-perl
2026-10-01T15:36:36.0501932Z   liblist-someutils-perl liblist-someutils-xs-perl liblist-utilsby-perl
2026-10-01T15:36:36.0503377Z   liblog-any-adapter-screen-perl liblog-any-perl liblwp-protocol-https-perl
2026-10-01T15:36:36.0504606Z   libmailtools-perl libmarkdown2 libmath-base85-perl libmldbm-perl
2026-10-01T15:36:36.0506129Z   libmodule-implementation-perl libmodule-runtime-perl libmoo-perl
2026-10-01T15:36:36.0507168Z   libmoox-aliases-perl libmouse-perl libnamespace-clean-perl
2026-10-01T15:36:36.0508408Z   libnet-domain-tld-perl libnet-http-perl libnet-ipv6addr-perl
2026-10-01T15:36:36.0509426Z   libnet-netmask-perl libnet-smtp-ssl-perl libnet-ssleay-perl
2026-10-01T15:36:36.0510701Z   libnetaddr-ip-perl libnumber-compare-perl libobject-pad-perl
2026-10-01T15:36:36.0513382Z   libpackage-stash-perl libpackage-stash-xs-perl libpaper-utils libpaper1
2026-10-01T15:36:36.0514299Z   libparams-classify-perl libparams-util-perl libpath-iterator-rule-perl
2026-10-01T15:36:36.0515353Z   libpath-tiny-perl libperlio-gzip-perl libperlio-utf8-strict-perl
2026-10-01T15:36:36.0516228Z   libpod-constants-perl libpod-parser-perl libqpdf29t64 libre-engine-re2-perl
2026-10-01T15:36:36.0517053Z   libregexp-pattern-license-perl libregexp-pattern-perl
2026-10-01T15:36:36.0517813Z   libregexp-wildcards-perl librole-tiny-perl libsereal-decoder-perl
2026-10-01T15:36:36.0518599Z   libsereal-encoder-perl libset-intspan-perl libsocket6-perl
2026-10-01T15:36:36.0519380Z   libsort-versions-perl libstrictures-perl libstring-copyright-perl
2026-10-01T15:36:36.0520237Z   libstring-escape-perl libstring-license-perl libstring-shellquote-perl
2026-10-01T15:36:36.0521168Z   libsub-exporter-perl libsub-exporter-progressive-perl libsub-identify-perl
2026-10-01T15:36:36.0521999Z   libsub-install-perl libsub-name-perl libsub-quote-perl
2026-10-01T15:36:36.0522780Z   libsyntax-keyword-try-perl libtext-glob-perl libtext-levenshteinxs-perl
2026-10-01T15:36:36.0523712Z   libtext-markdown-discount-perl libtext-xslate-perl libtime-duration-perl
2026-10-01T15:36:36.0524544Z   libtime-moment-perl libtry-tiny-perl libunicode-utf8-perl
2026-10-01T15:36:36.0525429Z   libvariable-magic-perl libwww-mechanize-perl libwww-perl
2026-10-01T15:36:36.0526242Z   libwww-robotrules-perl libxs-parse-keyword-perl libxs-parse-sublike-perl
2026-10-01T15:36:36.0527103Z   libyaml-libyaml-perl licensecheck lintian lzip lzop patchutils
2026-10-01T15:36:36.0527979Z   perl-openssl-defaults poppler-data python3-gpg python3-nacl python3-paramiko
2026-10-01T15:36:36.0528956Z   python3-unidiff python3-xdg qpdf t1utils wdiff xfonts-encodings xfonts-utils
2026-10-01T15:36:36.0721709Z 0 upgraded, 172 newly installed, 0 to remove and 25 not upgraded.
2026-10-01T15:36:36.0724479Z Need to get 30.9 MB of archives.
2026-10-01T15:36:36.0728701Z After this operation, 105 MB of additional disk space will be used.
2026-10-01T15:36:36.0729546Z Get:1 file:/etc/apt/apt-mirrors.txt Mirrorlist [144 B]
2026-10-01T15:36:36.1298622Z Get:2 http://azure.archive.ubuntu.com/ubuntu noble/main amd64 fonts-droid-fallback all 1:6.0.1r16-1.1build1 [1805 kB]
2026-10-01T15:37:06.4358896Z Get:3 http://azure.archive.ubuntu.com/ubuntu noble/main amd64 poppler-data all 0.4.12-1 [2060 kB]
2026-10-01T15:37:58.2684276Z Ign:4 http://azure.archive.ubuntu.com/ubuntu noble/main amd64 dctrl-tools amd64 2.24-3build3
2026-10-01T15:38:27.3092340Z Get:5 http://azure.archive.ubuntu.com/ubuntu noble/main amd64 libfile-dirlist-perl all 0.05-3 [7286 B]
2026-10-01T15:38:27.3459263Z Get:6 http://azure.archive.ubuntu.com/ubuntu noble/main amd64 libfile-which-perl all 1.27-2 [12.5 kB]
2026-10-01T15:38:27.3995988Z Get:7 http://azure.archive.ubuntu.com/ubuntu noble/main amd64 libfile-homedir-perl all 1.006-2 [37.0 kB]
2026-10-01T15:38:27.4716391Z Get:8 http://azure.archive.ubuntu.com/ubuntu noble/main amd64 libfile-touch-perl all 0.12-2 [7498 B]
2026-10-01T15:38:57.0988644Z Get:9 http://azure.archive.ubuntu.com/ubuntu noble/main amd64 libio-pty-perl amd64 1:1.20-1build2 [31.2 kB]
2026-10-01T15:39:12.3780978Z Get:10 http://azure.archive.ubuntu.com/ubuntu noble/main amd64 libipc-run-perl all 20231003.0-1 [92.1 kB]
2026-10-01T15:39:12.7860324Z Get:11 http://azure.archive.ubuntu.com/ubuntu noble/main amd64 libclass-method-modifiers-perl all 2.15-1 [16.1 kB]
2026-10-01T15:39:28.0033694Z Get:12 http://azure.archive.ubuntu.com/ubuntu noble/main amd64 libclass-xsaccessor-perl amd64 1.19-4build4 [33.1 kB]
2026-10-01T15:39:43.0295651Z Get:13 http://azure.archive.ubuntu.com/ubuntu noble/main amd64 libb-hooks-op-check-perl amd64 0.22-3build1 [9518 B]
2026-10-01T15:39:57.2745263Z Get:14 http://azure.archive.ubuntu.com/ubuntu noble/main amd64 libdynaloader-functions-perl all 0.003-3 [12.1 kB]
2026-10-01T15:40:12.6792252Z Get:15 http://azure.archive.ubuntu.com/ubuntu noble/main amd64 libdevel-callchecker-perl amd64 0.008-2build3 [13.2 kB]
2026-10-01T15:40:12.7362188Z Get:16 http://azure.archive.ubuntu.com/ubuntu noble/main amd64 libparams-classify-perl amd64 0.015-2build5 [20.1 kB]
2026-10-01T15:40:25.8315497Z Get:17 http://azure.archive.ubuntu.com/ubuntu noble/main amd64 libmodule-runtime-perl all 0.016-2 [16.4 kB]
2026-10-01T15:40:25.9638529Z Get:18 http://azure.archive.ubuntu.com/ubuntu noble/main amd64 libimport-into-perl all 1.002005-2 [10.7 kB]
2026-10-01T15:40:26.0901601Z Get:19 http://azure.archive.ubuntu.com/ubuntu noble/main amd64 librole-tiny-perl all 2.002004-1 [16.3 kB]
2026-10-01T15:40:37.2562902Z Get:20 http://azure.archive.ubuntu.com/ubuntu noble/main amd64 libsub-quote-perl all 2.006008-1ubuntu1 [20.7 kB]
2026-10-01T15:40:48.1628501Z Get:21 http://azure.archive.ubuntu.com/ubuntu noble/main amd64 libmoo-perl all 2.005005-1 [47.4 kB]
2026-10-01T15:40:48.8628466Z Get:22 http://azure.archive.ubuntu.com/ubuntu noble/main amd64 libfile-listing-perl all 6.16-1 [11.3 kB]
2026-10-01T15:40:49.3763767Z Get:23 http://azure.archive.ubuntu.com/ubuntu noble/main amd64 libhtml-tree-perl all 5.07-3 [200 kB]
2026-10-01T15:41:04.9531256Z Get:24 http://azure.archive.ubuntu.com/ubuntu noble/main amd64 libhttp-cookies-perl all 6.11-1 [18.2 kB]
2026-10-01T15:41:05.3323480Z Get:25 http://azure.archive.ubuntu.com/ubuntu noble/main amd64 libhttp-negotiate-perl all 6.01-2 [12.4 kB]
2026-10-01T15:41:05.6800703Z Get:26 http://azure.archive.ubuntu.com/ubuntu noble/main amd64 perl-openssl-defaults amd64 7build3 [6626 B]
2026-10-01T15:41:20.8522750Z Get:27 http://azure.archive.ubuntu.com/ubuntu noble/main amd64 libnet-ssleay-perl amd64 1.94-1build4 [316 kB]
2026-10-01T15:41:21.8323397Z Get:28 http://azure.archive.ubuntu.com/ubuntu noble/main amd64 libio-socket-ssl-perl all 2.085-1 [195 kB]
2026-10-01T15:41:22.2391247Z Get:29 http://azure.archive.ubuntu.com/ubuntu noble/main amd64 libnet-http-perl all 6.23-1 [22.3 kB]
2026-10-01T15:41:37.6991494Z Get:30 http://azure.archive.ubuntu.com/ubuntu noble/main amd64 liblwp-protocol-https-perl all 6.13-1 [9006 B]
2026-10-01T15:41:38.1180884Z Get:31 http://azure.archive.ubuntu.com/ubuntu noble/main amd64 libtry-tiny-perl all 0.31-2 [20.8 kB]
2026-10-01T15:42:05.9372228Z Get:32 http://azure.archive.ubuntu.com/ubuntu noble/main amd64 libwww-robotrules-perl all 6.02-1 [12.6 kB]
2026-10-01T15:42:35.9661368Z Ign:33 http://azure.archive.ubuntu.com/ubuntu noble-updates/main amd64 libwww-perl all 6.76-1ubuntu0.1
2026-10-01T15:42:36.3248935Z Get:34 http://azure.archive.ubuntu.com/ubuntu noble/main amd64 patchutils amd64 0.4.2-1build3 [77.0 kB]
2026-10-01T15:42:36.7272944Z Get:35 http://azure.archive.ubuntu.com/ubuntu noble/main amd64 wdiff amd64 1.2.2-6build1 [29.1 kB]
2026-10-01T15:42:37.0417539Z Get:36 http://azure.archive.ubuntu.com/ubuntu noble-updates/main amd64 devscripts all 2.23.7ubuntu0.2 [1048 kB]
2026-10-01T15:42:56.5917013Z Get:37 http://azure.archive.ubuntu.com/ubuntu noble/main amd64 diffstat amd64 1.66-1build1 [29.7 kB]
2026-10-01T15:42:56.7434238Z Get:38 http://azure.archive.ubuntu.com/ubuntu noble/main amd64 python3-gpg amd64 1.18.0-4.1ubuntu4 [209 kB]
2026-10-01T15:42:57.4325044Z Get:39 http://azure.archive.ubuntu.com/ubuntu noble/main amd64 python3-xdg all 0.28-2 [38.3 kB]
2026-10-01T15:42:57.6170193Z Get:40 http://azure.archive.ubuntu.com/ubuntu noble/main amd64 dput all 1.1.3ubuntu3 [46.5 kB]
2026-10-01T15:42:58.3572679Z Get:41 http://azure.archive.ubuntu.com/ubuntu noble/main amd64 fonts-noto-mono all 20201225-2 [435 kB]
2026-10-01T15:43:00.0452226Z Get:42 http://azure.archive.ubuntu.com/ubuntu noble/main amd64 xfonts-encodings all 1:1.0.5-0ubuntu2 [578 kB]
2026-10-01T15:43:22.7932014Z Get:43 http://azure.archive.ubuntu.com/ubuntu noble/main amd64 xfonts-utils amd64 1:7.7+6build3 [94.4 kB]
2026-10-01T15:43:23.5105893Z Get:44 http://azure.archive.ubuntu.com/ubuntu noble/main amd64 fonts-urw-base35 all 20200910-8 [11.0 MB]
2026-10-01T15:44:55.9604677Z Get:45 http://azure.archive.ubuntu.com/ubuntu noble/universe amd64 gdebi-core all 0.9.5.7+nmu7 [132 kB]
2026-10-01T15:45:10.6225640Z Get:46 http://azure.archive.ubuntu.com/ubuntu noble/main amd64 gettext amd64 0.21-14ubuntu2 [864 kB]
2026-10-01T15:45:45.8820221Z Ign:47 http://azure.archive.ubuntu.com/ubuntu noble-updates/main amd64 libgs-common all 10.02.1~dfsg1-0ubuntu7.9
2026-10-01T15:45:46.1663394Z Get:48 http://azure.archive.ubuntu.com/ubuntu noble-updates/main amd64 libgs10-common all 10.02.1~dfsg1-0ubuntu7.9 [488 kB]
2026-10-01T15:45:50.1637918Z Get:49 http://azure.archive.ubuntu.com/ubuntu noble-updates/main amd64 libidn12 amd64 1.42-1ubuntu0.1 [56.1 kB]
2026-10-01T15:45:50.7554379Z Get:50 http://azure.archive.ubuntu.com/ubuntu noble/main amd64 libijs-0.35 amd64 0.35-15.1build1 [15.3 kB]
2026-10-01T15:45:51.0671225Z Get:51 http://azure.archive.ubuntu.com/ubuntu noble-updates/main amd64 libjbig2dec0 amd64 0.20-1ubuntu0.24.04.1 [65.2 kB]
2026-10-01T15:45:51.8260018Z Get:52 http://azure.archive.ubuntu.com/ubuntu noble/main amd64 libpaper1 amd64 1.1.29build1 [13.4 kB]
2026-10-01T15:45:52.0984403Z Get:53 http://azure.archive.ubuntu.com/ubuntu noble-updates/main amd64 libgs10 amd64 10.02.1~dfsg1-0ubuntu7.9 [3898 kB]
2026-10-01T15:46:28.5393065Z Get:54 http://azure.archive.ubuntu.com/ubuntu noble-updates/main amd64 ghostscript amd64 10.02.1~dfsg1-0ubuntu7.9 [43.4 kB]
2026-10-01T15:46:30.2848333Z Get:55 http://azure.archive.ubuntu.com/ubuntu noble/main amd64 intltool-debian all 0.35.0+20060710.6 [23.2 kB]
2026-10-01T15:46:30.6328480Z Get:56 http://azure.archive.ubuntu.com/ubuntu noble/main amd64 libaliased-perl all 0.34-3 [12.8 kB]
2026-10-01T15:46:31.1492861Z Get:57 http://azure.archive.ubuntu.com/ubuntu noble/main amd64 libapt-pkg-perl amd64 0.1.40build7 [68.4 kB]
2026-10-01T15:46:46.7706568Z Get:58 http://azure.archive.ubuntu.com/ubuntu noble/main amd64 libarchive-zip-perl all 1.68-1 [90.2 kB]
2026-10-01T15:46:46.9704281Z Get:59 http://azure.archive.ubuntu.com/ubuntu noble/main amd64 libarray-intspan-perl all 2.004-2 [25.0 kB]
2026-10-01T15:46:47.0485456Z Get:60 http://azure.archive.ubuntu.com/ubuntu noble/main amd64 libmodule-implementation-perl all 0.09-2 [12.0 kB]
2026-10-01T15:47:17.0821089Z Ign:61 http://azure.archive.ubuntu.com/ubuntu noble/main amd64 libsub-exporter-progressive-perl all 0.001013-3
2026-10-01T15:47:32.1407870Z Get:62 http://azure.archive.ubuntu.com/ubuntu noble/main amd64 libvariable-magic-perl amd64 0.63-1build3 [35.1 kB]
2026-10-01T15:48:02.3682217Z Ign:63 http://azure.archive.ubuntu.com/ubuntu noble/main amd64 libb-hooks-endofscope-perl all 0.28-1
2026-10-01T15:48:32.3852387Z Ign:64 http://azure.archive.ubuntu.com/ubuntu noble/main amd64 libberkeleydb-perl amd64 0.64-2build4
2026-10-01T15:48:32.5293229Z Get:65 http://azure.archive.ubuntu.com/ubuntu noble/main amd64 libcapture-tiny-perl all 0.48-2 [20.2 kB]
2026-10-01T15:48:32.7536142Z Get:66 http://azure.archive.ubuntu.com/ubuntu noble/main amd64 libclass-data-inheritable-perl all 0.08-3 [8084 B]
2026-10-01T15:49:02.8313583Z Ign:67 http://azure.archive.ubuntu.com/ubuntu noble/main amd64 libconfig-tiny-perl all 2.30-1
2026-10-01T15:49:02.9038341Z Get:68 http://azure.archive.ubuntu.com/ubuntu noble/main amd64 libparams-util-perl amd64 1.102-2build3 [21.2 kB]
2026-10-01T15:49:03.0209078Z Get:69 http://azure.archive.ubuntu.com/ubuntu noble/main amd64 libsub-install-perl all 0.929-1 [9764 B]
2026-10-01T15:49:16.1039994Z Get:70 http://azure.archive.ubuntu.com/ubuntu noble/main amd64 libdata-optlist-perl all 0.114-1 [9708 B]
2026-10-01T15:49:16.1548222Z Get:71 http://azure.archive.ubuntu.com/ubuntu noble/main amd64 libsub-exporter-perl all 0.990-1 [49.0 kB]
2026-10-01T15:49:16.6162651Z Get:72 http://azure.archive.ubuntu.com/ubuntu noble/main amd64 libconst-fast-perl all 0.014-2 [8034 B]
2026-10-01T15:49:16.6996870Z Get:73 http://azure.archive.ubuntu.com/ubuntu noble-updates/main amd64 libcpanel-json-xs-perl amd64 4.37-1ubuntu0.1 [114 kB]
2026-10-01T15:49:18.0700211Z Get:74 http://azure.archive.ubuntu.com/ubuntu noble/main amd64 libdevel-stacktrace-perl all 2.0500-1 [22.1 kB]
2026-10-01T15:49:18.1058288Z Get:75 http://azure.archive.ubuntu.com/ubuntu noble/main amd64 libexception-class-perl all 1.45-1 [28.6 kB]
2026-10-01T15:49:18.1569718Z Get:76 http://azure.archive.ubuntu.com/ubuntu noble/main amd64 libiterator-perl all 0.03+ds1-2 [18.8 kB]
2026-10-01T15:49:18.2240971Z Get:77 http://azure.archive.ubuntu.com/ubuntu noble/main amd64 libiterator-util-perl all 0.02+ds1-2 [14.1 kB]
2026-10-01T15:49:18.2558840Z Get:78 http://azure.archive.ubuntu.com/ubuntu noble/main amd64 libdata-dpath-perl all 0.59-1 [39.2 kB]
2026-10-01T15:49:18.3105598Z Get:79 http://azure.archive.ubuntu.com/ubuntu noble/main amd64 libdata-dump-perl all 1.25-1 [25.9 kB]
2026-10-01T15:49:18.3584976Z Get:80 http://azure.archive.ubuntu.com/ubuntu noble/main amd64 libdata-messagepack-perl amd64 1.02-1build4 [31.1 kB]
2026-10-01T15:49:18.4052127Z Get:81 http://azure.archive.ubuntu.com/ubuntu noble/main amd64 libnet-domain-tld-perl all 1.75-3 [29.4 kB]
2026-10-01T15:49:18.4667133Z Get:82 http://azure.archive.ubuntu.com/ubuntu noble/main amd64 libdata-validate-domain-perl all 0.10-1.1 [9992 B]
2026-10-01T15:49:18.6025292Z Get:83 http://azure.archive.ubuntu.com/ubuntu noble/main amd64 libnet-ipv6addr-perl all 1.02-1 [21.0 kB]
2026-10-01T15:49:18.6517417Z Get:84 http://azure.archive.ubuntu.com/ubuntu noble/main amd64 libnet-netmask-perl all 2.0002-2 [24.8 kB]
2026-10-01T15:49:18.8293080Z Get:85 http://azure.archive.ubuntu.com/ubuntu noble/main amd64 libnetaddr-ip-perl amd64 4.079+dfsg-2build4 [79.9 kB]
2026-10-01T15:49:18.9170741Z Get:86 http://azure.archive.ubuntu.com/ubuntu noble/main amd64 libdata-validate-ip-perl all 0.31-1 [17.2 kB]
2026-10-01T15:49:18.9665208Z Get:87 http://azure.archive.ubuntu.com/ubuntu noble/main amd64 libdata-validate-uri-perl all 0.07-3 [10.8 kB]
2026-10-01T15:49:19.0083762Z Get:88 http://azure.archive.ubuntu.com/ubuntu noble/main amd64 libdistro-info-perl all 1.7build1 [5616 B]
2026-10-01T15:49:19.0390447Z Get:89 http://azure.archive.ubuntu.com/ubuntu noble/main amd64 libemail-address-xs-perl amd64 1.05-1build4 [29.1 kB]
2026-10-01T15:49:19.1118064Z Get:90 http://azure.archive.ubuntu.com/ubuntu noble/main amd64 libexporter-tiny-perl all 1.006002-1 [36.8 kB]
2026-10-01T15:49:19.1731309Z Get:91 http://azure.archive.ubuntu.com/ubuntu noble/main amd64 libipc-system-simple-perl all 1.30-2 [22.3 kB]
2026-10-01T15:49:19.2264446Z Get:92 http://azure.archive.ubuntu.com/ubuntu noble/main amd64 libfile-basedir-perl all 0.09-2 [14.4 kB]
2026-10-01T15:49:19.2713315Z Get:93 http://azure.archive.ubuntu.com/ubuntu noble/main amd64 libfile-chdir-perl all 0.1008-1.1 [10.6 kB]
2026-10-01T15:49:19.3399010Z Get:94 http://azure.archive.ubuntu.com/ubuntu noble/main amd64 libnumber-compare-perl all 0.03-3 [5974 B]
2026-10-01T15:49:19.9176091Z Get:95 http://azure.archive.ubuntu.com/ubuntu noble/main amd64 libtext-glob-perl all 0.11-3 [6780 B]
2026-10-01T15:49:19.9670379Z Get:96 http://azure.archive.ubuntu.com/ubuntu noble-updates/main amd64 libfile-find-rule-perl all 0.34-3ubuntu0.24.04.1 [23.8 kB]
2026-10-01T15:49:20.1677642Z Get:97 http://azure.archive.ubuntu.com/ubuntu noble/main amd64 libfont-afm-perl all 1.20-4 [13.0 kB]
2026-10-01T15:49:20.2276877Z Get:98 http://azure.archive.ubuntu.com/ubuntu noble/main amd64 libio-string-perl all 1.08-4 [11.1 kB]
2026-10-01T15:49:20.2840495Z Get:99 http://azure.archive.ubuntu.com/ubuntu noble/main amd64 libfont-ttf-perl all 1.06-2 [323 kB]
2026-10-01T15:49:20.6631323Z Get:100 http://azure.archive.ubuntu.com/ubuntu noble/main amd64 libfreezethaw-perl all 0.5001-3 [14.6 kB]
2026-10-01T15:49:20.7164275Z Get:101 http://azure.archive.ubuntu.com/ubuntu noble/main amd64 libsort-versions-perl all 1.62-3 [7378 B]
2026-10-01T15:49:21.7614146Z Get:102 http://azure.archive.ubuntu.com/ubuntu noble/main amd64 libgit-wrapper-perl all 0.048-2 [29.5 kB]
2026-10-01T15:49:21.8482303Z Get:103 http://azure.archive.ubuntu.com/ubuntu noble/main amd64 libhtml-form-perl all 6.11-1 [32.1 kB]
2026-10-01T15:49:21.9515414Z Get:104 http://azure.archive.ubuntu.com/ubuntu noble/main amd64 libhtml-format-perl all 2.16-2 [36.9 kB]
2026-10-01T15:49:22.1972432Z Get:105 http://azure.archive.ubuntu.com/ubuntu noble/main amd64 libhtml-html5-entities-perl all 0.004-3 [21.6 kB]
2026-10-01T15:49:22.5761308Z Get:106 http://azure.archive.ubuntu.com/ubuntu noble/main amd64 libhtml-tokeparser-simple-perl all 3.16-4 [38.0 kB]
2026-10-01T15:49:22.8570096Z Get:107 http://azure.archive.ubuntu.com/ubuntu noble-updates/main amd64 libhttp-daemon-perl all 6.16-1ubuntu0.24.04.1 [22.8 kB]
2026-10-01T15:49:22.9572648Z Get:108 http://azure.archive.ubuntu.com/ubuntu noble/main amd64 libindirect-perl amd64 0.39-2build4 [22.1 kB]
2026-10-01T15:49:23.0473348Z Get:109 http://azure.archive.ubuntu.com/ubuntu noble/main amd64 libio-interactive-perl all 1.025-1 [10.4 kB]
2026-10-01T15:49:23.1308552Z Get:110 http://azure.archive.ubuntu.com/ubuntu noble/main amd64 libjson-maybexs-perl all 1.004005-1 [11.3 kB]
2026-10-01T15:49:23.2586030Z Get:111 http://azure.archive.ubuntu.com/ubuntu noble/main amd64 liblist-compare-perl all 0.55-2 [62.9 kB]
2026-10-01T15:49:23.4836828Z Get:112 http://azure.archive.ubuntu.com/ubuntu noble/main amd64 liblist-someutils-perl all 0.59-1 [30.4 kB]
2026-10-01T15:49:23.7042271Z Get:113 http://azure.archive.ubuntu.com/ubuntu noble/main amd64 liblist-someutils-xs-perl amd64 0.58-3build4 [35.0 kB]
2026-10-01T15:49:23.8901544Z Get:114 http://azure.archive.ubuntu.com/ubuntu noble/main amd64 liblist-utilsby-perl all 0.12-2 [14.9 kB]
2026-10-01T15:49:38.9408059Z Get:115 http://azure.archive.ubuntu.com/ubuntu noble/main amd64 liblog-any-perl all 1.717-1 [73.2 kB]
2026-10-01T15:49:39.7673549Z Get:116 http://azure.archive.ubuntu.com/ubuntu noble/main amd64 liblog-any-adapter-screen-perl all 0.140-2 [12.4 kB]
2026-10-01T15:49:39.8946853Z Get:117 http://azure.archive.ubuntu.com/ubuntu noble/main amd64 libnet-smtp-ssl-perl all 1.04-2 [6218 B]
2026-10-01T15:49:39.9972943Z Get:118 http://azure.archive.ubuntu.com/ubuntu noble/main amd64 libmailtools-perl all 2.21-2 [80.4 kB]
2026-10-01T15:49:55.5740679Z Get:119 http://azure.archive.ubuntu.com/ubuntu noble/main amd64 libmarkdown2 amd64 2.2.7-2build1 [37.5 kB]
2026-10-01T15:49:55.9821650Z Get:120 http://azure.archive.ubuntu.com/ubuntu noble/main amd64 libmath-base85-perl all 0.5+dfsg-2 [6124 B]
2026-10-01T15:49:56.1793802Z Get:121 http://azure.archive.ubuntu.com/ubuntu noble/main amd64 libmldbm-perl all 2.05-4 [16.0 kB]
2026-10-01T15:49:56.4073228Z Get:122 http://azure.archive.ubuntu.com/ubuntu noble/main amd64 libstrictures-perl all 2.000006-1 [16.3 kB]
2026-10-01T15:50:26.5401255Z Ign:123 http://azure.archive.ubuntu.com/ubuntu noble/main amd64 libmoox-aliases-perl all 0.001006-2
2026-10-01T15:50:56.5729364Z Ign:124 http://azure.archive.ubuntu.com/ubuntu noble/main amd64 libmouse-perl amd64 2.5.10-1build8
2026-10-01T15:51:17.2211008Z Get:125 http://azure.archive.ubuntu.com/ubuntu noble/main amd64 libpackage-stash-perl all 0.40-1 [19.5 kB]
2026-10-01T15:51:17.3218376Z Get:126 http://azure.archive.ubuntu.com/ubuntu noble/main amd64 libsub-identify-perl amd64 0.14-3build3 [9786 B]
2026-10-01T15:51:17.4098189Z Get:127 http://azure.archive.ubuntu.com/ubuntu noble/main amd64 libsub-name-perl amd64 0.27-1build3 [10.8 kB]
2026-10-01T15:51:17.4909619Z Get:128 http://azure.archive.ubuntu.com/ubuntu noble/main amd64 libnamespace-clean-perl all 0.27-2 [14.0 kB]
2026-10-01T15:51:17.5776771Z Get:129 http://azure.archive.ubuntu.com/ubuntu noble/main amd64 libxs-parse-keyword-perl amd64 0.39-1build3 [54.7 kB]
2026-10-01T15:51:17.7575724Z Get:130 http://azure.archive.ubuntu.com/ubuntu noble/main amd64 libxs-parse-sublike-perl amd64 0.21-2build3 [39.9 kB]
2026-10-01T15:51:17.8923958Z Get:131 http://azure.archive.ubuntu.com/ubuntu noble/main amd64 libobject-pad-perl amd64 0.808-1build3 [108 kB]
2026-10-01T15:51:40.4383685Z Get:132 http://azure.archive.ubuntu.com/ubuntu noble/main amd64 libpackage-stash-xs-perl amd64 0.30-1build4 [18.7 kB]
2026-10-01T15:51:55.5528382Z Get:133 http://azure.archive.ubuntu.com/ubuntu noble/main amd64 libpaper-utils amd64 1.1.29build1 [8650 B]
2026-10-01T15:52:10.6253192Z Get:134 http://azure.archive.ubuntu.com/ubuntu noble/main amd64 libpath-iterator-rule-perl all 1.015-2 [39.9 kB]
2026-10-01T15:52:25.7339173Z Get:135 http://azure.archive.ubuntu.com/ubuntu noble/main amd64 libpath-tiny-perl all 0.144-1 [47.7 kB]
2026-10-01T15:52:25.7732321Z Get:136 http://azure.archive.ubuntu.com/ubuntu noble/main amd64 libperlio-gzip-perl amd64 0.20-1build4 [14.6 kB]
2026-10-01T15:52:25.7963151Z Get:137 http://azure.archive.ubuntu.com/ubuntu noble/main amd64 libperlio-utf8-strict-perl amd64 0.010-1build3 [11.1 kB]
2026-10-01T15:52:25.8172524Z Get:138 http://azure.archive.ubuntu.com/ubuntu noble/main amd64 libpod-parser-perl all 1.67-1 [80.6 kB]
2026-10-01T15:52:25.8761928Z Get:139 http://azure.archive.ubuntu.com/ubuntu noble/main amd64 libpod-constants-perl all 0.19-2 [16.3 kB]
2026-10-01T15:52:56.9514247Z Ign:140 http://azure.archive.ubuntu.com/ubuntu noble-updates/main amd64 libqpdf29t64 amd64 11.9.0-1.1ubuntu0.1
2026-10-01T15:52:58.0228849Z Get:141 http://azure.archive.ubuntu.com/ubuntu noble/main amd64 libre-engine-re2-perl amd64 0.18+ds-1build3 [18.6 kB]
2026-10-01T15:52:58.0353997Z Get:142 http://azure.archive.ubuntu.com/ubuntu noble/main amd64 libregexp-pattern-license-perl all 3.11.0-1 [85.8 kB]
2026-10-01T15:52:58.0567798Z Get:143 http://azure.archive.ubuntu.com/ubuntu noble/main amd64 libregexp-pattern-perl all 0.2.14-2 [17.6 kB]
2026-10-01T15:52:58.0672351Z Get:144 http://azure.archive.ubuntu.com/ubuntu noble/main amd64 libregexp-wildcards-perl all 1.05-3 [12.9 kB]
2026-10-01T15:52:58.0776367Z Get:145 http://azure.archive.ubuntu.com/ubuntu noble/main amd64 libsereal-decoder-perl amd64 5.004+ds-1build3 [99.5 kB]
2026-10-01T15:52:58.1003267Z Get:146 http://azure.archive.ubuntu.com/ubuntu noble/main amd64 libsereal-encoder-perl amd64 5.004+ds-1build3 [103 kB]
2026-10-01T15:52:58.1229109Z Get:147 http://azure.archive.ubuntu.com/ubuntu noble/main amd64 libset-intspan-perl all 1.19-3 [24.8 kB]
2026-10-01T15:53:28.1482181Z Ign:148 http://azure.archive.ubuntu.com/ubuntu noble/main amd64 libsocket6-perl amd64 0.29-3build3
2026-10-01T15:53:28.1948574Z Get:149 http://azure.archive.ubuntu.com/ubuntu noble/main amd64 libstring-copyright-perl all 0.003014-1 [20.5 kB]
2026-10-01T15:53:43.2649384Z Get:150 http://azure.archive.ubuntu.com/ubuntu noble/main amd64 libstring-escape-perl all 2010.002-3 [16.1 kB]
2026-10-01T15:54:11.1202802Z Get:151 http://azure.archive.ubuntu.com/ubuntu noble/main amd64 libstring-license-perl all 0.0.9-2ubuntu1 [35.0 kB]
2026-10-01T15:54:11.1444568Z Get:152 http://azure.archive.ubuntu.com/ubuntu noble/main amd64 libstring-shellquote-perl all 1.04-3 [11.3 kB]
2026-10-01T15:54:41.1741251Z Ign:153 http://azure.archive.ubuntu.com/ubuntu noble/main amd64 libsyntax-keyword-try-perl amd64 0.29-1build3
2026-10-01T15:55:12.1486728Z Get:154 http://azure.archive.ubuntu.com/ubuntu noble/main amd64 libtext-levenshteinxs-perl amd64 0.03-5build4 [7966 B]
2026-10-01T15:55:12.1874383Z Get:155 http://azure.archive.ubuntu.com/ubuntu noble/main amd64 libtext-markdown-discount-perl amd64 0.16-1build3 [12.1 kB]
2026-10-01T15:55:12.2329313Z Get:156 http://azure.archive.ubuntu.com/ubuntu noble/main amd64 libtext-xslate-perl amd64 3.5.9-1build5 [161 kB]
2026-10-01T15:55:42.4364626Z Ign:157 http://azure.archive.ubuntu.com/ubuntu noble/main amd64 libtime-duration-perl all 1.21-2
2026-10-01T15:56:17.5550901Z Get:158 http://azure.archive.ubuntu.com/ubuntu noble/main amd64 libtime-moment-perl amd64 0.44-2build4 [70.9 kB]
2026-10-01T15:56:17.5799469Z Get:159 http://azure.archive.ubuntu.com/ubuntu noble/main amd64 libunicode-utf8-perl amd64 0.62-2build3 [18.1 kB]
2026-10-01T15:56:17.5951049Z Get:160 http://azure.archive.ubuntu.com/ubuntu noble/main amd64 libwww-mechanize-perl all 2.18-1ubuntu1 [93.1 kB]
2026-10-01T15:56:17.6267258Z Get:161 http://azure.archive.ubuntu.com/ubuntu noble-updates/main amd64 libyaml-libyaml-perl amd64 0.89+ds-1ubuntu0.24.04.1 [30.7 kB]
2026-10-01T15:56:17.6491842Z Get:162 http://azure.archive.ubuntu.com/ubuntu noble/main amd64 licensecheck all 3.3.9-1ubuntu1 [37.7 kB]
2026-10-01T15:56:17.6659635Z Get:163 http://azure.archive.ubuntu.com/ubuntu noble/main amd64 libdevel-size-perl amd64 0.83-2build4 [19.6 kB]
2026-10-01T15:56:17.6820594Z Get:164 http://azure.archive.ubuntu.com/ubuntu noble/main amd64 libipc-run3-perl all 0.049-1 [28.8 kB]
2026-10-01T15:56:17.6992079Z Get:165 http://azure.archive.ubuntu.com/ubuntu noble/main amd64 lzip amd64 1.24.1-1build1 [83.1 kB]
2026-10-01T15:56:17.7313841Z Get:166 http://azure.archive.ubuntu.com/ubuntu noble/main amd64 lzop amd64 1.04-2build3 [82.2 kB]
2026-10-01T15:56:17.7591291Z Get:167 http://azure.archive.ubuntu.com/ubuntu noble/main amd64 t1utils amd64 1.41-4build3 [61.3 kB]
2026-10-01T15:56:17.7842675Z Get:168 http://azure.archive.ubuntu.com/ubuntu noble-updates/main amd64 lintian all 2.117.0ubuntu1.5 [1063 kB]
2026-10-01T15:56:48.0601609Z Ign:169 http://azure.archive.ubuntu.com/ubuntu noble/main amd64 python3-nacl amd64 1.5.0-4build1
2026-10-01T15:57:18.0809081Z Ign:170 http://azure.archive.ubuntu.com/ubuntu noble-updates/main amd64 python3-paramiko all 2.12.0-2ubuntu4.1
2026-10-01T15:57:23.0251659Z Get:171 http://azure.archive.ubuntu.com/ubuntu noble/main amd64 python3-unidiff all 0.7.3-1 [11.0 kB]
2026-10-01T15:57:23.0321206Z Get:172 http://azure.archive.ubuntu.com/ubuntu noble-updates/universe amd64 qpdf amd64 11.9.0-1.1ubuntu0.1 [86.6 kB]
2026-10-01T15:57:23.0425749Z Get:173 http://azure.archive.ubuntu.com/ubuntu noble-updates/main amd64 libauthen-sasl-perl all 2.1700-1ubuntu0.1 [40.8 kB]
2026-10-01T15:57:23.0506293Z Get:4 http://azure.archive.ubuntu.com/ubuntu noble/main amd64 dctrl-tools amd64 2.24-3build3 [106 kB]
2026-10-01T15:57:23.0613558Z Get:33 http://azure.archive.ubuntu.com/ubuntu noble-updates/main amd64 libwww-perl all 6.76-1ubuntu0.1 [139 kB]
2026-10-01T15:57:23.0720907Z Get:47 http://azure.archive.ubuntu.com/ubuntu noble-updates/main amd64 libgs-common all 10.02.1~dfsg1-0ubuntu7.9 [176 kB]
2026-10-01T15:57:23.0872859Z Get:61 http://azure.archive.ubuntu.com/ubuntu noble/main amd64 libsub-exporter-progressive-perl all 0.001013-3 [6718 B]
2026-10-01T15:57:23.1000899Z Get:63 http://azure.archive.ubuntu.com/ubuntu noble/main amd64 libb-hooks-endofscope-perl all 0.28-1 [15.8 kB]
2026-10-01T15:57:23.1085760Z Get:64 http://azure.archive.ubuntu.com/ubuntu noble/main amd64 libberkeleydb-perl amd64 0.64-2build4 [120 kB]
2026-10-01T15:57:23.1227201Z Get:67 http://azure.archive.ubuntu.com/ubuntu noble/main amd64 libconfig-tiny-perl all 2.30-1 [14.7 kB]
2026-10-01T15:57:23.1310638Z Get:123 http://azure.archive.ubuntu.com/ubuntu noble/main amd64 libmoox-aliases-perl all 0.001006-2 [6796 B]
2026-10-01T15:57:23.1389220Z Get:124 http://azure.archive.ubuntu.com/ubuntu noble/main amd64 libmouse-perl amd64 2.5.10-1build8 [133 kB]
2026-10-01T15:57:23.1515744Z Get:140 http://azure.archive.ubuntu.com/ubuntu noble-updates/main amd64 libqpdf29t64 amd64 11.9.0-1.1ubuntu0.1 [798 kB]
2026-10-01T15:57:23.1997530Z Get:148 http://azure.archive.ubuntu.com/ubuntu noble/main amd64 libsocket6-perl amd64 0.29-3build3 [17.5 kB]
2026-10-01T15:57:23.2067316Z Get:153 http://azure.archive.ubuntu.com/ubuntu noble/main amd64 libsyntax-keyword-try-perl amd64 0.29-1build3 [24.3 kB]
2026-10-01T15:57:23.2145091Z Get:157 http://azure.archive.ubuntu.com/ubuntu noble/main amd64 libtime-duration-perl all 1.21-2 [12.3 kB]
2026-10-01T15:57:23.2209282Z Get:169 http://azure.archive.ubuntu.com/ubuntu noble/main amd64 python3-nacl amd64 1.5.0-4build1 [57.9 kB]
2026-10-01T15:57:23.2301542Z Get:170 http://azure.archive.ubuntu.com/ubuntu noble-updates/main amd64 python3-paramiko all 2.12.0-2ubuntu4.1 [137 kB]
2026-10-01T15:57:23.5988009Z Preconfiguring packages ...
2026-10-01T15:57:23.6670954Z Fetched 30.9 MB in 20min 47s (24.7 kB/s)
2026-10-01T15:57:23.6950266Z Selecting previously unselected package fonts-droid-fallback.
2026-10-01T15:57:23.7307543Z (Reading database ... 
2026-10-01T15:57:23.7308240Z (Reading database ... 5%
2026-10-01T15:57:23.7308701Z (Reading database ... 10%
2026-10-01T15:57:23.7309089Z (Reading database ... 15%
2026-10-01T15:57:23.7309462Z (Reading database ... 20%
2026-10-01T15:57:23.7309841Z (Reading database ... 25%
2026-10-01T15:57:23.7310241Z (Reading database ... 30%
2026-10-01T15:57:23.7310662Z (Reading database ... 35%
2026-10-01T15:57:23.7311013Z (Reading database ... 40%
2026-10-01T15:57:23.7311364Z (Reading database ... 45%
2026-10-01T15:57:23.7311734Z (Reading database ... 50%
2026-10-01T15:57:23.7370760Z (Reading database ... 55%
2026-10-01T15:57:23.8797085Z (Reading database ... 60%
2026-10-01T15:57:24.0661036Z (Reading database ... 65%
2026-10-01T15:57:24.2700125Z (Reading database ... 70%
2026-10-01T15:57:24.4711452Z (Reading database ... 75%
2026-10-01T15:57:24.6137510Z (Reading database ... 80%
2026-10-01T15:57:24.8246672Z (Reading database ... 85%
2026-10-01T15:57:25.0308073Z (Reading database ... 90%
2026-10-01T15:57:25.1828261Z (Reading database ... 95%
2026-10-01T15:57:25.1829140Z (Reading database ... 100%
2026-10-01T15:57:25.1829955Z (Reading database ... 202296 files and directories currently installed.)
2026-10-01T15:57:25.1865112Z Preparing to unpack .../000-fonts-droid-fallback_1%3a6.0.1r16-1.1build1_all.deb ...
2026-10-01T15:57:25.2106366Z Unpacking fonts-droid-fallback (1:6.0.1r16-1.1build1) ...
2026-10-01T15:57:25.3638014Z Selecting previously unselected package poppler-data.
2026-10-01T15:57:25.3799419Z Preparing to unpack .../001-poppler-data_0.4.12-1_all.deb ...
2026-10-01T15:57:25.3808630Z Unpacking poppler-data (0.4.12-1) ...
2026-10-01T15:57:25.5176711Z Selecting previously unselected package dctrl-tools.
2026-10-01T15:57:25.5296409Z Preparing to unpack .../002-dctrl-tools_2.24-3build3_amd64.deb ...
2026-10-01T15:57:25.5378099Z Unpacking dctrl-tools (2.24-3build3) ...
2026-10-01T15:57:25.5845883Z Selecting previously unselected package libfile-dirlist-perl.
2026-10-01T15:57:25.5962243Z Preparing to unpack .../003-libfile-dirlist-perl_0.05-3_all.deb ...
2026-10-01T15:57:25.5975703Z Unpacking libfile-dirlist-perl (0.05-3) ...
2026-10-01T15:57:25.6205793Z Selecting previously unselected package libfile-which-perl.
2026-10-01T15:57:25.6323489Z Preparing to unpack .../004-libfile-which-perl_1.27-2_all.deb ...
2026-10-01T15:57:25.6337806Z Unpacking libfile-which-perl (1.27-2) ...
2026-10-01T15:57:25.6576229Z Selecting previously unselected package libfile-homedir-perl.
2026-10-01T15:57:25.6696315Z Preparing to unpack .../005-libfile-homedir-perl_1.006-2_all.deb ...
2026-10-01T15:57:25.6708216Z Unpacking libfile-homedir-perl (1.006-2) ...
2026-10-01T15:57:25.6988477Z Selecting previously unselected package libfile-touch-perl.
2026-10-01T15:57:25.7117420Z Preparing to unpack .../006-libfile-touch-perl_0.12-2_all.deb ...
2026-10-01T15:57:25.7122935Z Unpacking libfile-touch-perl (0.12-2) ...
2026-10-01T15:57:25.7345637Z Selecting previously unselected package libio-pty-perl.
2026-10-01T15:57:25.7454112Z Preparing to unpack .../007-libio-pty-perl_1%3a1.20-1build2_amd64.deb ...
2026-10-01T15:57:25.7465170Z Unpacking libio-pty-perl (1:1.20-1build2) ...
2026-10-01T15:57:25.7686128Z Selecting previously unselected package libipc-run-perl.
2026-10-01T15:57:25.7812723Z Preparing to unpack .../008-libipc-run-perl_20231003.0-1_all.deb ...
2026-10-01T15:57:25.7821512Z Unpacking libipc-run-perl (20231003.0-1) ...
2026-10-01T15:57:25.8065918Z Selecting previously unselected package libclass-method-modifiers-perl.
2026-10-01T15:57:25.8193662Z Preparing to unpack .../009-libclass-method-modifiers-perl_2.15-1_all.deb ...
2026-10-01T15:57:25.8202394Z Unpacking libclass-method-modifiers-perl (2.15-1) ...
2026-10-01T15:57:25.8415486Z Selecting previously unselected package libclass-xsaccessor-perl.
2026-10-01T15:57:25.8542496Z Preparing to unpack .../010-libclass-xsaccessor-perl_1.19-4build4_amd64.deb ...
2026-10-01T15:57:25.8551520Z Unpacking libclass-xsaccessor-perl (1.19-4build4) ...
2026-10-01T15:57:25.8790457Z Selecting previously unselected package libb-hooks-op-check-perl:amd64.
2026-10-01T15:57:25.8917235Z Preparing to unpack .../011-libb-hooks-op-check-perl_0.22-3build1_amd64.deb ...
2026-10-01T15:57:25.8925764Z Unpacking libb-hooks-op-check-perl:amd64 (0.22-3build1) ...
2026-10-01T15:57:25.9138909Z Selecting previously unselected package libdynaloader-functions-perl.
2026-10-01T15:57:25.9266283Z Preparing to unpack .../012-libdynaloader-functions-perl_0.003-3_all.deb ...
2026-10-01T15:57:25.9274569Z Unpacking libdynaloader-functions-perl (0.003-3) ...
2026-10-01T15:57:25.9472258Z Selecting previously unselected package libdevel-callchecker-perl:amd64.
2026-10-01T15:57:25.9599812Z Preparing to unpack .../013-libdevel-callchecker-perl_0.008-2build3_amd64.deb ...
2026-10-01T15:57:25.9614016Z Unpacking libdevel-callchecker-perl:amd64 (0.008-2build3) ...
2026-10-01T15:57:25.9844936Z Selecting previously unselected package libparams-classify-perl:amd64.
2026-10-01T15:57:25.9972117Z Preparing to unpack .../014-libparams-classify-perl_0.015-2build5_amd64.deb ...
2026-10-01T15:57:25.9980567Z Unpacking libparams-classify-perl:amd64 (0.015-2build5) ...
2026-10-01T15:57:26.0206464Z Selecting previously unselected package libmodule-runtime-perl.
2026-10-01T15:57:26.0325246Z Preparing to unpack .../015-libmodule-runtime-perl_0.016-2_all.deb ...
2026-10-01T15:57:26.0335133Z Unpacking libmodule-runtime-perl (0.016-2) ...
2026-10-01T15:57:26.0556272Z Selecting previously unselected package libimport-into-perl.
2026-10-01T15:57:26.0671367Z Preparing to unpack .../016-libimport-into-perl_1.002005-2_all.deb ...
2026-10-01T15:57:26.0680874Z Unpacking libimport-into-perl (1.002005-2) ...
2026-10-01T15:57:26.0906161Z Selecting previously unselected package librole-tiny-perl.
2026-10-01T15:57:26.1026967Z Preparing to unpack .../017-librole-tiny-perl_2.002004-1_all.deb ...
2026-10-01T15:57:26.1034124Z Unpacking librole-tiny-perl (2.002004-1) ...
2026-10-01T15:57:26.1266726Z Selecting previously unselected package libsub-quote-perl.
2026-10-01T15:57:26.1390385Z Preparing to unpack .../018-libsub-quote-perl_2.006008-1ubuntu1_all.deb ...
2026-10-01T15:57:26.1403998Z Unpacking libsub-quote-perl (2.006008-1ubuntu1) ...
2026-10-01T15:57:26.1607076Z Selecting previously unselected package libmoo-perl.
2026-10-01T15:57:26.1739132Z Preparing to unpack .../019-libmoo-perl_2.005005-1_all.deb ...
2026-10-01T15:57:26.1749945Z Unpacking libmoo-perl (2.005005-1) ...
2026-10-01T15:57:26.2014416Z Selecting previously unselected package libfile-listing-perl.
2026-10-01T15:57:26.2142826Z Preparing to unpack .../020-libfile-listing-perl_6.16-1_all.deb ...
2026-10-01T15:57:26.2155576Z Unpacking libfile-listing-perl (6.16-1) ...
2026-10-01T15:57:26.2353217Z Selecting previously unselected package libhtml-tree-perl.
2026-10-01T15:57:26.2483347Z Preparing to unpack .../021-libhtml-tree-perl_5.07-3_all.deb ...
2026-10-01T15:57:26.2497473Z Unpacking libhtml-tree-perl (5.07-3) ...
2026-10-01T15:57:26.2856118Z Selecting previously unselected package libhttp-cookies-perl.
2026-10-01T15:57:26.2968775Z Preparing to unpack .../022-libhttp-cookies-perl_6.11-1_all.deb ...
2026-10-01T15:57:26.2982816Z Unpacking libhttp-cookies-perl (6.11-1) ...
2026-10-01T15:57:26.3205990Z Selecting previously unselected package libhttp-negotiate-perl.
2026-10-01T15:57:26.3330733Z Preparing to unpack .../023-libhttp-negotiate-perl_6.01-2_all.deb ...
2026-10-01T15:57:26.3338589Z Unpacking libhttp-negotiate-perl (6.01-2) ...
2026-10-01T15:57:26.3557973Z Selecting previously unselected package perl-openssl-defaults:amd64.
2026-10-01T15:57:26.3686966Z Preparing to unpack .../024-perl-openssl-defaults_7build3_amd64.deb ...
2026-10-01T15:57:26.3694668Z Unpacking perl-openssl-defaults:amd64 (7build3) ...
2026-10-01T15:57:26.3926996Z Selecting previously unselected package libnet-ssleay-perl:amd64.
2026-10-01T15:57:26.4055405Z Preparing to unpack .../025-libnet-ssleay-perl_1.94-1build4_amd64.deb ...
2026-10-01T15:57:26.4064677Z Unpacking libnet-ssleay-perl:amd64 (1.94-1build4) ...
2026-10-01T15:57:26.4496633Z Selecting previously unselected package libio-socket-ssl-perl.
2026-10-01T15:57:26.4615571Z Preparing to unpack .../026-libio-socket-ssl-perl_2.085-1_all.deb ...
2026-10-01T15:57:26.4631576Z Unpacking libio-socket-ssl-perl (2.085-1) ...
2026-10-01T15:57:26.4896128Z Selecting previously unselected package libnet-http-perl.
2026-10-01T15:57:26.5012412Z Preparing to unpack .../027-libnet-http-perl_6.23-1_all.deb ...
2026-10-01T15:57:26.5025922Z Unpacking libnet-http-perl (6.23-1) ...
2026-10-01T15:57:26.5253220Z Selecting previously unselected package liblwp-protocol-https-perl.
2026-10-01T15:57:26.5385437Z Preparing to unpack .../028-liblwp-protocol-https-perl_6.13-1_all.deb ...
2026-10-01T15:57:26.5396109Z Unpacking liblwp-protocol-https-perl (6.13-1) ...
2026-10-01T15:57:26.5642681Z Selecting previously unselected package libtry-tiny-perl.
2026-10-01T15:57:26.5775725Z Preparing to unpack .../029-libtry-tiny-perl_0.31-2_all.deb ...
2026-10-01T15:57:26.5783755Z Unpacking libtry-tiny-perl (0.31-2) ...
2026-10-01T15:57:26.5983138Z Selecting previously unselected package libwww-robotrules-perl.
2026-10-01T15:57:26.6113123Z Preparing to unpack .../030-libwww-robotrules-perl_6.02-1_all.deb ...
2026-10-01T15:57:26.6120613Z Unpacking libwww-robotrules-perl (6.02-1) ...
2026-10-01T15:57:26.6387731Z Selecting previously unselected package libwww-perl.
2026-10-01T15:57:26.6498156Z Preparing to unpack .../031-libwww-perl_6.76-1ubuntu0.1_all.deb ...
2026-10-01T15:57:26.6506862Z Unpacking libwww-perl (6.76-1ubuntu0.1) ...
2026-10-01T15:57:26.6851459Z Selecting previously unselected package patchutils.
2026-10-01T15:57:26.6982290Z Preparing to unpack .../032-patchutils_0.4.2-1build3_amd64.deb ...
2026-10-01T15:57:26.6996968Z Unpacking patchutils (0.4.2-1build3) ...
2026-10-01T15:57:26.7275954Z Selecting previously unselected package wdiff.
2026-10-01T15:57:26.7399452Z Preparing to unpack .../033-wdiff_1.2.2-6build1_amd64.deb ...
2026-10-01T15:57:26.7417138Z Unpacking wdiff (1.2.2-6build1) ...
2026-10-01T15:57:26.7648496Z Selecting previously unselected package devscripts.
2026-10-01T15:57:26.7778679Z Preparing to unpack .../034-devscripts_2.23.7ubuntu0.2_all.deb ...
2026-10-01T15:57:26.7983668Z Unpacking devscripts (2.23.7ubuntu0.2) ...
2026-10-01T15:57:26.9100214Z Selecting previously unselected package diffstat.
2026-10-01T15:57:26.9230743Z Preparing to unpack .../035-diffstat_1.66-1build1_amd64.deb ...
2026-10-01T15:57:26.9242823Z Unpacking diffstat (1.66-1build1) ...
2026-10-01T15:57:26.9445860Z Selecting previously unselected package python3-gpg.
2026-10-01T15:57:26.9572368Z Preparing to unpack .../036-python3-gpg_1.18.0-4.1ubuntu4_amd64.deb ...
2026-10-01T15:57:26.9585315Z Unpacking python3-gpg (1.18.0-4.1ubuntu4) ...
2026-10-01T15:57:26.9969437Z Selecting previously unselected package python3-xdg.
2026-10-01T15:57:27.0097385Z Preparing to unpack .../037-python3-xdg_0.28-2_all.deb ...
2026-10-01T15:57:27.0106532Z Unpacking python3-xdg (0.28-2) ...
2026-10-01T15:57:27.0354065Z Selecting previously unselected package dput.
2026-10-01T15:57:27.0482328Z Preparing to unpack .../038-dput_1.1.3ubuntu3_all.deb ...
2026-10-01T15:57:27.0547434Z Unpacking dput (1.1.3ubuntu3) ...
2026-10-01T15:57:27.0863069Z Selecting previously unselected package fonts-noto-mono.
2026-10-01T15:57:27.0992288Z Preparing to unpack .../039-fonts-noto-mono_20201225-2_all.deb ...
2026-10-01T15:57:27.1002107Z Unpacking fonts-noto-mono (20201225-2) ...
2026-10-01T15:57:27.1288988Z Selecting previously unselected package xfonts-encodings.
2026-10-01T15:57:27.1408550Z Preparing to unpack .../040-xfonts-encodings_1%3a1.0.5-0ubuntu2_all.deb ...
2026-10-01T15:57:27.1416371Z Unpacking xfonts-encodings (1:1.0.5-0ubuntu2) ...
2026-10-01T15:57:27.1722419Z Selecting previously unselected package xfonts-utils.
2026-10-01T15:57:27.1850038Z Preparing to unpack .../041-xfonts-utils_1%3a7.7+6build3_amd64.deb ...
2026-10-01T15:57:27.1895774Z Unpacking xfonts-utils (1:7.7+6build3) ...
2026-10-01T15:57:27.2226597Z Selecting previously unselected package fonts-urw-base35.
2026-10-01T15:57:27.2349492Z Preparing to unpack .../042-fonts-urw-base35_20200910-8_all.deb ...
2026-10-01T15:57:27.3018181Z Unpacking fonts-urw-base35 (20200910-8) ...
2026-10-01T15:57:27.4038854Z Selecting previously unselected package gdebi-core.
2026-10-01T15:57:27.4169428Z Preparing to unpack .../043-gdebi-core_0.9.5.7+nmu7_all.deb ...
2026-10-01T15:57:27.4177320Z Unpacking gdebi-core (0.9.5.7+nmu7) ...
2026-10-01T15:57:27.5546568Z Selecting previously unselected package gettext.
2026-10-01T15:57:27.5665254Z Preparing to unpack .../044-gettext_0.21-14ubuntu2_amd64.deb ...
2026-10-01T15:57:27.5682532Z Unpacking gettext (0.21-14ubuntu2) ...
2026-10-01T15:57:27.6136409Z Selecting previously unselected package libgs-common.
2026-10-01T15:57:27.6266024Z Preparing to unpack .../045-libgs-common_10.02.1~dfsg1-0ubuntu7.9_all.deb ...
2026-10-01T15:57:27.6291257Z Unpacking libgs-common (10.02.1~dfsg1-0ubuntu7.9) ...
2026-10-01T15:57:27.6530663Z Selecting previously unselected package libgs10-common.
2026-10-01T15:57:27.6662060Z Preparing to unpack .../046-libgs10-common_10.02.1~dfsg1-0ubuntu7.9_all.deb ...
2026-10-01T15:57:27.6671740Z Unpacking libgs10-common (10.02.1~dfsg1-0ubuntu7.9) ...
2026-10-01T15:57:27.7427800Z Selecting previously unselected package libidn12:amd64.
2026-10-01T15:57:27.7556116Z Preparing to unpack .../047-libidn12_1.42-1ubuntu0.1_amd64.deb ...
2026-10-01T15:57:27.7564335Z Unpacking libidn12:amd64 (1.42-1ubuntu0.1) ...
2026-10-01T15:57:27.7795197Z Selecting previously unselected package libijs-0.35:amd64.
2026-10-01T15:57:27.7923102Z Preparing to unpack .../048-libijs-0.35_0.35-15.1build1_amd64.deb ...
2026-10-01T15:57:27.7931343Z Unpacking libijs-0.35:amd64 (0.35-15.1build1) ...
2026-10-01T15:57:27.8134709Z Selecting previously unselected package libjbig2dec0:amd64.
2026-10-01T15:57:27.8262768Z Preparing to unpack .../049-libjbig2dec0_0.20-1ubuntu0.24.04.1_amd64.deb ...
2026-10-01T15:57:27.8271683Z Unpacking libjbig2dec0:amd64 (0.20-1ubuntu0.24.04.1) ...
2026-10-01T15:57:27.8525447Z Selecting previously unselected package libpaper1:amd64.
2026-10-01T15:57:27.8653304Z Preparing to unpack .../050-libpaper1_1.1.29build1_amd64.deb ...
2026-10-01T15:57:27.8661433Z Unpacking libpaper1:amd64 (1.1.29build1) ...
2026-10-01T15:57:27.8866369Z Selecting previously unselected package libgs10:amd64.
2026-10-01T15:57:27.8995411Z Preparing to unpack .../051-libgs10_10.02.1~dfsg1-0ubuntu7.9_amd64.deb ...
2026-10-01T15:57:27.9002525Z Unpacking libgs10:amd64 (10.02.1~dfsg1-0ubuntu7.9) ...
2026-10-01T15:57:28.0056037Z Selecting previously unselected package ghostscript.
2026-10-01T15:57:28.0172666Z Preparing to unpack .../052-ghostscript_10.02.1~dfsg1-0ubuntu7.9_amd64.deb ...
2026-10-01T15:57:28.0186692Z Unpacking ghostscript (10.02.1~dfsg1-0ubuntu7.9) ...
2026-10-01T15:57:28.0476457Z Selecting previously unselected package intltool-debian.
2026-10-01T15:57:28.0603836Z Preparing to unpack .../053-intltool-debian_0.35.0+20060710.6_all.deb ...
2026-10-01T15:57:28.0611151Z Unpacking intltool-debian (0.35.0+20060710.6) ...
2026-10-01T15:57:28.0861735Z Selecting previously unselected package libaliased-perl.
2026-10-01T15:57:28.0990585Z Preparing to unpack .../054-libaliased-perl_0.34-3_all.deb ...
2026-10-01T15:57:28.0998844Z Unpacking libaliased-perl (0.34-3) ...
2026-10-01T15:57:28.1202317Z Selecting previously unselected package libapt-pkg-perl.
2026-10-01T15:57:28.1328602Z Preparing to unpack .../055-libapt-pkg-perl_0.1.40build7_amd64.deb ...
2026-10-01T15:57:28.1336843Z Unpacking libapt-pkg-perl (0.1.40build7) ...
2026-10-01T15:57:28.1577170Z Selecting previously unselected package libarchive-zip-perl.
2026-10-01T15:57:28.1705076Z Preparing to unpack .../056-libarchive-zip-perl_1.68-1_all.deb ...
2026-10-01T15:57:28.1711949Z Unpacking libarchive-zip-perl (1.68-1) ...
2026-10-01T15:57:28.2006280Z Selecting previously unselected package libarray-intspan-perl.
2026-10-01T15:57:28.2126314Z Preparing to unpack .../057-libarray-intspan-perl_2.004-2_all.deb ...
2026-10-01T15:57:28.2133767Z Unpacking libarray-intspan-perl (2.004-2) ...
2026-10-01T15:57:28.2346651Z Selecting previously unselected package libmodule-implementation-perl.
2026-10-01T15:57:28.2473829Z Preparing to unpack .../058-libmodule-implementation-perl_0.09-2_all.deb ...
2026-10-01T15:57:28.2482256Z Unpacking libmodule-implementation-perl (0.09-2) ...
2026-10-01T15:57:28.2689481Z Selecting previously unselected package libsub-exporter-progressive-perl.
2026-10-01T15:57:28.2819122Z Preparing to unpack .../059-libsub-exporter-progressive-perl_0.001013-3_all.deb ...
2026-10-01T15:57:28.2827906Z Unpacking libsub-exporter-progressive-perl (0.001013-3) ...
2026-10-01T15:57:28.3051138Z Selecting previously unselected package libvariable-magic-perl.
2026-10-01T15:57:28.3180854Z Preparing to unpack .../060-libvariable-magic-perl_0.63-1build3_amd64.deb ...
2026-10-01T15:57:28.3189225Z Unpacking libvariable-magic-perl (0.63-1build3) ...
2026-10-01T15:57:28.3405034Z Selecting previously unselected package libb-hooks-endofscope-perl.
2026-10-01T15:57:28.3533525Z Preparing to unpack .../061-libb-hooks-endofscope-perl_0.28-1_all.deb ...
2026-10-01T15:57:28.3545356Z Unpacking libb-hooks-endofscope-perl (0.28-1) ...
2026-10-01T15:57:28.3785960Z Selecting previously unselected package libberkeleydb-perl:amd64.
2026-10-01T15:57:28.3896046Z Preparing to unpack .../062-libberkeleydb-perl_0.64-2build4_amd64.deb ...
2026-10-01T15:57:28.3903281Z Unpacking libberkeleydb-perl:amd64 (0.64-2build4) ...
2026-10-01T15:57:28.4159094Z Selecting previously unselected package libcapture-tiny-perl.
2026-10-01T15:57:28.4294560Z Preparing to unpack .../063-libcapture-tiny-perl_0.48-2_all.deb ...
2026-10-01T15:57:28.4306234Z Unpacking libcapture-tiny-perl (0.48-2) ...
2026-10-01T15:57:28.4509037Z Selecting previously unselected package libclass-data-inheritable-perl.
2026-10-01T15:57:28.4637625Z Preparing to unpack .../064-libclass-data-inheritable-perl_0.08-3_all.deb ...
2026-10-01T15:57:28.4645292Z Unpacking libclass-data-inheritable-perl (0.08-3) ...
2026-10-01T15:57:28.4855263Z Selecting previously unselected package libconfig-tiny-perl.
2026-10-01T15:57:28.4984497Z Preparing to unpack .../065-libconfig-tiny-perl_2.30-1_all.deb ...
2026-10-01T15:57:28.4992359Z Unpacking libconfig-tiny-perl (2.30-1) ...
2026-10-01T15:57:28.5196981Z Selecting previously unselected package libparams-util-perl.
2026-10-01T15:57:28.5331635Z Preparing to unpack .../066-libparams-util-perl_1.102-2build3_amd64.deb ...
2026-10-01T15:57:28.5339728Z Unpacking libparams-util-perl (1.102-2build3) ...
2026-10-01T15:57:28.5547181Z Selecting previously unselected package libsub-install-perl.
2026-10-01T15:57:28.5678960Z Preparing to unpack .../067-libsub-install-perl_0.929-1_all.deb ...
2026-10-01T15:57:28.5685856Z Unpacking libsub-install-perl (0.929-1) ...
2026-10-01T15:57:28.5895883Z Selecting previously unselected package libdata-optlist-perl.
2026-10-01T15:57:28.6015896Z Preparing to unpack .../068-libdata-optlist-perl_0.114-1_all.deb ...
2026-10-01T15:57:28.6023483Z Unpacking libdata-optlist-perl (0.114-1) ...
2026-10-01T15:57:28.6236549Z Selecting previously unselected package libsub-exporter-perl.
2026-10-01T15:57:28.6356795Z Preparing to unpack .../069-libsub-exporter-perl_0.990-1_all.deb ...
2026-10-01T15:57:28.6373354Z Unpacking libsub-exporter-perl (0.990-1) ...
2026-10-01T15:57:28.6597087Z Selecting previously unselected package libconst-fast-perl.
2026-10-01T15:57:28.6726197Z Preparing to unpack .../070-libconst-fast-perl_0.014-2_all.deb ...
2026-10-01T15:57:28.6745840Z Unpacking libconst-fast-perl (0.014-2) ...
2026-10-01T15:57:28.6950087Z Selecting previously unselected package libcpanel-json-xs-perl:amd64.
2026-10-01T15:57:28.7080547Z Preparing to unpack .../071-libcpanel-json-xs-perl_4.37-1ubuntu0.1_amd64.deb ...
2026-10-01T15:57:28.7101488Z Unpacking libcpanel-json-xs-perl:amd64 (4.37-1ubuntu0.1) ...
2026-10-01T15:57:28.7337225Z Selecting previously unselected package libdevel-stacktrace-perl.
2026-10-01T15:57:28.7467955Z Preparing to unpack .../072-libdevel-stacktrace-perl_2.0500-1_all.deb ...
2026-10-01T15:57:28.7481431Z Unpacking libdevel-stacktrace-perl (2.0500-1) ...
2026-10-01T15:57:28.7696095Z Selecting previously unselected package libexception-class-perl.
2026-10-01T15:57:28.7823809Z Preparing to unpack .../073-libexception-class-perl_1.45-1_all.deb ...
2026-10-01T15:57:28.7836651Z Unpacking libexception-class-perl (1.45-1) ...
2026-10-01T15:57:28.8035330Z Selecting previously unselected package libiterator-perl.
2026-10-01T15:57:28.8163790Z Preparing to unpack .../074-libiterator-perl_0.03+ds1-2_all.deb ...
2026-10-01T15:57:28.8176697Z Unpacking libiterator-perl (0.03+ds1-2) ...
2026-10-01T15:57:28.8376975Z Selecting previously unselected package libiterator-util-perl.
2026-10-01T15:57:28.8513107Z Preparing to unpack .../075-libiterator-util-perl_0.02+ds1-2_all.deb ...
2026-10-01T15:57:28.8527905Z Unpacking libiterator-util-perl (0.02+ds1-2) ...
2026-10-01T15:57:28.8729640Z Selecting previously unselected package libdata-dpath-perl.
2026-10-01T15:57:28.8859413Z Preparing to unpack .../076-libdata-dpath-perl_0.59-1_all.deb ...
2026-10-01T15:57:28.8870017Z Unpacking libdata-dpath-perl (0.59-1) ...
2026-10-01T15:57:28.9095772Z Selecting previously unselected package libdata-dump-perl.
2026-10-01T15:57:28.9225363Z Preparing to unpack .../077-libdata-dump-perl_1.25-1_all.deb ...
2026-10-01T15:57:28.9238136Z Unpacking libdata-dump-perl (1.25-1) ...
2026-10-01T15:57:28.9448049Z Selecting previously unselected package libdata-messagepack-perl.
2026-10-01T15:57:28.9581148Z Preparing to unpack .../078-libdata-messagepack-perl_1.02-1build4_amd64.deb ...
2026-10-01T15:57:28.9590156Z Unpacking libdata-messagepack-perl (1.02-1build4) ...
2026-10-01T15:57:28.9812177Z Selecting previously unselected package libnet-domain-tld-perl.
2026-10-01T15:57:28.9942433Z Preparing to unpack .../079-libnet-domain-tld-perl_1.75-3_all.deb ...
2026-10-01T15:57:28.9952374Z Unpacking libnet-domain-tld-perl (1.75-3) ...
2026-10-01T15:57:29.0161574Z Selecting previously unselected package libdata-validate-domain-perl.
2026-10-01T15:57:29.0294892Z Preparing to unpack .../080-libdata-validate-domain-perl_0.10-1.1_all.deb ...
2026-10-01T15:57:29.0302678Z Unpacking libdata-validate-domain-perl (0.10-1.1) ...
2026-10-01T15:57:29.0507630Z Selecting previously unselected package libnet-ipv6addr-perl.
2026-10-01T15:57:29.0636755Z Preparing to unpack .../081-libnet-ipv6addr-perl_1.02-1_all.deb ...
2026-10-01T15:57:29.0648973Z Unpacking libnet-ipv6addr-perl (1.02-1) ...
2026-10-01T15:57:29.1158897Z Selecting previously unselected package libnet-netmask-perl.
2026-10-01T15:57:29.1290057Z Preparing to unpack .../082-libnet-netmask-perl_2.0002-2_all.deb ...
2026-10-01T15:57:29.1303107Z Unpacking libnet-netmask-perl (2.0002-2) ...
2026-10-01T15:57:29.1530156Z Selecting previously unselected package libnetaddr-ip-perl.
2026-10-01T15:57:29.1660084Z Preparing to unpack .../083-libnetaddr-ip-perl_4.079+dfsg-2build4_amd64.deb ...
2026-10-01T15:57:29.1669038Z Unpacking libnetaddr-ip-perl (4.079+dfsg-2build4) ...
2026-10-01T15:57:29.1986729Z Selecting previously unselected package libdata-validate-ip-perl.
2026-10-01T15:57:29.2116671Z Preparing to unpack .../084-libdata-validate-ip-perl_0.31-1_all.deb ...
2026-10-01T15:57:29.2160563Z Unpacking libdata-validate-ip-perl (0.31-1) ...
2026-10-01T15:57:29.2388539Z Selecting previously unselected package libdata-validate-uri-perl.
2026-10-01T15:57:29.2517220Z Preparing to unpack .../085-libdata-validate-uri-perl_0.07-3_all.deb ...
2026-10-01T15:57:29.2525434Z Unpacking libdata-validate-uri-perl (0.07-3) ...
2026-10-01T15:57:29.2748616Z Selecting previously unselected package libdistro-info-perl.
2026-10-01T15:57:29.2878720Z Preparing to unpack .../086-libdistro-info-perl_1.7build1_all.deb ...
2026-10-01T15:57:29.2958999Z Unpacking libdistro-info-perl (1.7build1) ...
2026-10-01T15:57:29.3170581Z Selecting previously unselected package libemail-address-xs-perl.
2026-10-01T15:57:29.3302072Z Preparing to unpack .../087-libemail-address-xs-perl_1.05-1build4_amd64.deb ...
2026-10-01T15:57:29.3315868Z Unpacking libemail-address-xs-perl (1.05-1build4) ...
2026-10-01T15:57:29.3525772Z Selecting previously unselected package libexporter-tiny-perl.
2026-10-01T15:57:29.3656889Z Preparing to unpack .../088-libexporter-tiny-perl_1.006002-1_all.deb ...
2026-10-01T15:57:29.3667128Z Unpacking libexporter-tiny-perl (1.006002-1) ...
2026-10-01T15:57:29.3916123Z Selecting previously unselected package libipc-system-simple-perl.
2026-10-01T15:57:29.4034488Z Preparing to unpack .../089-libipc-system-simple-perl_1.30-2_all.deb ...
2026-10-01T15:57:29.4045584Z Unpacking libipc-system-simple-perl (1.30-2) ...
2026-10-01T15:57:29.4266649Z Selecting previously unselected package libfile-basedir-perl.
2026-10-01T15:57:29.4377365Z Preparing to unpack .../090-libfile-basedir-perl_0.09-2_all.deb ...
2026-10-01T15:57:29.4384420Z Unpacking libfile-basedir-perl (0.09-2) ...
2026-10-01T15:57:29.4611892Z Selecting previously unselected package libfile-chdir-perl.
2026-10-01T15:57:29.4740946Z Preparing to unpack .../091-libfile-chdir-perl_0.1008-1.1_all.deb ...
2026-10-01T15:57:29.4747740Z Unpacking libfile-chdir-perl (0.1008-1.1) ...
2026-10-01T15:57:29.4952759Z Selecting previously unselected package libnumber-compare-perl.
2026-10-01T15:57:29.5085037Z Preparing to unpack .../092-libnumber-compare-perl_0.03-3_all.deb ...
2026-10-01T15:57:29.5145646Z Unpacking libnumber-compare-perl (0.03-3) ...
2026-10-01T15:57:29.5333534Z Selecting previously unselected package libtext-glob-perl.
2026-10-01T15:57:29.5466239Z Preparing to unpack .../093-libtext-glob-perl_0.11-3_all.deb ...
2026-10-01T15:57:29.5470602Z Unpacking libtext-glob-perl (0.11-3) ...
2026-10-01T15:57:29.5673008Z Selecting previously unselected package libfile-find-rule-perl.
2026-10-01T15:57:29.5800922Z Preparing to unpack .../094-libfile-find-rule-perl_0.34-3ubuntu0.24.04.1_all.deb ...
2026-10-01T15:57:29.5809078Z Unpacking libfile-find-rule-perl (0.34-3ubuntu0.24.04.1) ...
2026-10-01T15:57:29.6016538Z Selecting previously unselected package libfont-afm-perl.
2026-10-01T15:57:29.6145833Z Preparing to unpack .../095-libfont-afm-perl_1.20-4_all.deb ...
2026-10-01T15:57:29.6155417Z Unpacking libfont-afm-perl (1.20-4) ...
2026-10-01T15:57:29.6373844Z Selecting previously unselected package libio-string-perl.
2026-10-01T15:57:29.6502457Z Preparing to unpack .../096-libio-string-perl_1.08-4_all.deb ...
2026-10-01T15:57:29.6509016Z Unpacking libio-string-perl (1.08-4) ...
2026-10-01T15:57:29.6711730Z Selecting previously unselected package libfont-ttf-perl.
2026-10-01T15:57:29.6842055Z Preparing to unpack .../097-libfont-ttf-perl_1.06-2_all.deb ...
2026-10-01T15:57:29.6850259Z Unpacking libfont-ttf-perl (1.06-2) ...
2026-10-01T15:57:29.7330007Z Selecting previously unselected package libfreezethaw-perl.
2026-10-01T15:57:29.7460077Z Preparing to unpack .../098-libfreezethaw-perl_0.5001-3_all.deb ...
2026-10-01T15:57:29.7467145Z Unpacking libfreezethaw-perl (0.5001-3) ...
2026-10-01T15:57:29.7670190Z Selecting previously unselected package libsort-versions-perl.
2026-10-01T15:57:29.7806116Z Preparing to unpack .../099-libsort-versions-perl_1.62-3_all.deb ...
2026-10-01T15:57:29.7813948Z Unpacking libsort-versions-perl (1.62-3) ...
2026-10-01T15:57:29.8018436Z Selecting previously unselected package libgit-wrapper-perl.
2026-10-01T15:57:29.8146604Z Preparing to unpack .../100-libgit-wrapper-perl_0.048-2_all.deb ...
2026-10-01T15:57:29.8155094Z Unpacking libgit-wrapper-perl (0.048-2) ...
2026-10-01T15:57:29.8375325Z Selecting previously unselected package libhtml-form-perl.
2026-10-01T15:57:29.8503025Z Preparing to unpack .../101-libhtml-form-perl_6.11-1_all.deb ...
2026-10-01T15:57:29.8510953Z Unpacking libhtml-form-perl (6.11-1) ...
2026-10-01T15:57:29.8734672Z Selecting previously unselected package libhtml-format-perl.
2026-10-01T15:57:29.8862141Z Preparing to unpack .../102-libhtml-format-perl_2.16-2_all.deb ...
2026-10-01T15:57:29.8870325Z Unpacking libhtml-format-perl (2.16-2) ...
2026-10-01T15:57:29.9088109Z Selecting previously unselected package libhtml-html5-entities-perl.
2026-10-01T15:57:29.9218697Z Preparing to unpack .../103-libhtml-html5-entities-perl_0.004-3_all.deb ...
2026-10-01T15:57:29.9228637Z Unpacking libhtml-html5-entities-perl (0.004-3) ...
2026-10-01T15:57:29.9436500Z Selecting previously unselected package libhtml-tokeparser-simple-perl.
2026-10-01T15:57:29.9555638Z Preparing to unpack .../104-libhtml-tokeparser-simple-perl_3.16-4_all.deb ...
2026-10-01T15:57:29.9567131Z Unpacking libhtml-tokeparser-simple-perl (3.16-4) ...
2026-10-01T15:57:29.9806030Z Selecting previously unselected package libhttp-daemon-perl.
2026-10-01T15:57:29.9937495Z Preparing to unpack .../105-libhttp-daemon-perl_6.16-1ubuntu0.24.04.1_all.deb ...
2026-10-01T15:57:29.9944650Z Unpacking libhttp-daemon-perl (6.16-1ubuntu0.24.04.1) ...
2026-10-01T15:57:30.0152111Z Selecting previously unselected package libindirect-perl.
2026-10-01T15:57:30.0280595Z Preparing to unpack .../106-libindirect-perl_0.39-2build4_amd64.deb ...
2026-10-01T15:57:30.0293996Z Unpacking libindirect-perl (0.39-2build4) ...
2026-10-01T15:57:30.0495878Z Selecting previously unselected package libio-interactive-perl.
2026-10-01T15:57:30.0629049Z Preparing to unpack .../107-libio-interactive-perl_1.025-1_all.deb ...
2026-10-01T15:57:30.0653410Z Unpacking libio-interactive-perl (1.025-1) ...
2026-10-01T15:57:30.0860636Z Selecting previously unselected package libjson-maybexs-perl.
2026-10-01T15:57:30.0989373Z Preparing to unpack .../108-libjson-maybexs-perl_1.004005-1_all.deb ...
2026-10-01T15:57:30.0997755Z Unpacking libjson-maybexs-perl (1.004005-1) ...
2026-10-01T15:57:30.1247300Z Selecting previously unselected package liblist-compare-perl.
2026-10-01T15:57:30.1374091Z Preparing to unpack .../109-liblist-compare-perl_0.55-2_all.deb ...
2026-10-01T15:57:30.1381557Z Unpacking liblist-compare-perl (0.55-2) ...
2026-10-01T15:57:30.1602440Z Selecting previously unselected package liblist-someutils-perl.
2026-10-01T15:57:30.1733630Z Preparing to unpack .../110-liblist-someutils-perl_0.59-1_all.deb ...
2026-10-01T15:57:30.1746109Z Unpacking liblist-someutils-perl (0.59-1) ...
2026-10-01T15:57:30.1975865Z Selecting previously unselected package liblist-someutils-xs-perl:amd64.
2026-10-01T15:57:30.2098760Z Preparing to unpack .../111-liblist-someutils-xs-perl_0.58-3build4_amd64.deb ...
2026-10-01T15:57:30.2105143Z Unpacking liblist-someutils-xs-perl:amd64 (0.58-3build4) ...
2026-10-01T15:57:30.2336531Z Selecting previously unselected package liblist-utilsby-perl.
2026-10-01T15:57:30.2457842Z Preparing to unpack .../112-liblist-utilsby-perl_0.12-2_all.deb ...
2026-10-01T15:57:30.2465552Z Unpacking liblist-utilsby-perl (0.12-2) ...
2026-10-01T15:57:30.2667197Z Selecting previously unselected package liblog-any-perl.
2026-10-01T15:57:30.2800495Z Preparing to unpack .../113-liblog-any-perl_1.717-1_all.deb ...
2026-10-01T15:57:30.2807557Z Unpacking liblog-any-perl (1.717-1) ...
2026-10-01T15:57:30.3082122Z Selecting previously unselected package liblog-any-adapter-screen-perl.
2026-10-01T15:57:30.3211938Z Preparing to unpack .../114-liblog-any-adapter-screen-perl_0.140-2_all.deb ...
2026-10-01T15:57:30.3226867Z Unpacking liblog-any-adapter-screen-perl (0.140-2) ...
2026-10-01T15:57:30.3421092Z Selecting previously unselected package libnet-smtp-ssl-perl.
2026-10-01T15:57:30.3550257Z Preparing to unpack .../115-libnet-smtp-ssl-perl_1.04-2_all.deb ...
2026-10-01T15:57:30.3557236Z Unpacking libnet-smtp-ssl-perl (1.04-2) ...
2026-10-01T15:57:30.3779259Z Selecting previously unselected package libmailtools-perl.
2026-10-01T15:57:30.3910759Z Preparing to unpack .../116-libmailtools-perl_2.21-2_all.deb ...
2026-10-01T15:57:30.3950126Z Unpacking libmailtools-perl (2.21-2) ...
2026-10-01T15:57:30.4259599Z Selecting previously unselected package libmarkdown2:amd64.
2026-10-01T15:57:30.4397669Z Preparing to unpack .../117-libmarkdown2_2.2.7-2build1_amd64.deb ...
2026-10-01T15:57:30.4404922Z Unpacking libmarkdown2:amd64 (2.2.7-2build1) ...
2026-10-01T15:57:30.4617114Z Selecting previously unselected package libmath-base85-perl.
2026-10-01T15:57:30.4749132Z Preparing to unpack .../118-libmath-base85-perl_0.5+dfsg-2_all.deb ...
2026-10-01T15:57:30.4756880Z Unpacking libmath-base85-perl (0.5+dfsg-2) ...
2026-10-01T15:57:30.4961772Z Selecting previously unselected package libmldbm-perl.
2026-10-01T15:57:30.5092532Z Preparing to unpack .../119-libmldbm-perl_2.05-4_all.deb ...
2026-10-01T15:57:30.5105555Z Unpacking libmldbm-perl (2.05-4) ...
2026-10-01T15:57:30.5312045Z Selecting previously unselected package libstrictures-perl.
2026-10-01T15:57:30.5445557Z Preparing to unpack .../120-libstrictures-perl_2.000006-1_all.deb ...
2026-10-01T15:57:30.5452454Z Unpacking libstrictures-perl (2.000006-1) ...
2026-10-01T15:57:30.5696107Z Selecting previously unselected package libmoox-aliases-perl.
2026-10-01T15:57:30.5810684Z Preparing to unpack .../121-libmoox-aliases-perl_0.001006-2_all.deb ...
2026-10-01T15:57:30.5817823Z Unpacking libmoox-aliases-perl (0.001006-2) ...
2026-10-01T15:57:30.6023814Z Selecting previously unselected package libmouse-perl.
2026-10-01T15:57:30.6155342Z Preparing to unpack .../122-libmouse-perl_2.5.10-1build8_amd64.deb ...
2026-10-01T15:57:30.6209660Z Unpacking libmouse-perl (2.5.10-1build8) ...
2026-10-01T15:57:30.6567211Z Selecting previously unselected package libpackage-stash-perl.
2026-10-01T15:57:30.6677498Z Preparing to unpack .../123-libpackage-stash-perl_0.40-1_all.deb ...
2026-10-01T15:57:30.6686325Z Unpacking libpackage-stash-perl (0.40-1) ...
2026-10-01T15:57:30.6903985Z Selecting previously unselected package libsub-identify-perl.
2026-10-01T15:57:30.7036642Z Preparing to unpack .../124-libsub-identify-perl_0.14-3build3_amd64.deb ...
2026-10-01T15:57:30.7045690Z Unpacking libsub-identify-perl (0.14-3build3) ...
2026-10-01T15:57:30.7291762Z Selecting previously unselected package libsub-name-perl:amd64.
2026-10-01T15:57:30.7423743Z Preparing to unpack .../125-libsub-name-perl_0.27-1build3_amd64.deb ...
2026-10-01T15:57:30.7431129Z Unpacking libsub-name-perl:amd64 (0.27-1build3) ...
2026-10-01T15:57:30.7639709Z Selecting previously unselected package libnamespace-clean-perl.
2026-10-01T15:57:30.7770615Z Preparing to unpack .../126-libnamespace-clean-perl_0.27-2_all.deb ...
2026-10-01T15:57:30.7777710Z Unpacking libnamespace-clean-perl (0.27-2) ...
2026-10-01T15:57:30.7986275Z Selecting previously unselected package libxs-parse-keyword-perl.
2026-10-01T15:57:30.8116804Z Preparing to unpack .../127-libxs-parse-keyword-perl_0.39-1build3_amd64.deb ...
2026-10-01T15:57:30.8124584Z Unpacking libxs-parse-keyword-perl (0.39-1build3) ...
2026-10-01T15:57:30.8397124Z Selecting previously unselected package libxs-parse-sublike-perl:amd64.
2026-10-01T15:57:30.8527862Z Preparing to unpack .../128-libxs-parse-sublike-perl_0.21-2build3_amd64.deb ...
2026-10-01T15:57:30.8535979Z Unpacking libxs-parse-sublike-perl:amd64 (0.21-2build3) ...
2026-10-01T15:57:30.8770840Z Selecting previously unselected package libobject-pad-perl.
2026-10-01T15:57:30.8900192Z Preparing to unpack .../129-libobject-pad-perl_0.808-1build3_amd64.deb ...
2026-10-01T15:57:30.8914297Z Unpacking libobject-pad-perl (0.808-1build3) ...
2026-10-01T15:57:30.9166910Z Selecting previously unselected package libpackage-stash-xs-perl:amd64.
2026-10-01T15:57:30.9295445Z Preparing to unpack .../130-libpackage-stash-xs-perl_0.30-1build4_amd64.deb ...
2026-10-01T15:57:30.9302799Z Unpacking libpackage-stash-xs-perl:amd64 (0.30-1build4) ...
2026-10-01T15:57:30.9519970Z Selecting previously unselected package libpaper-utils.
2026-10-01T15:57:30.9651703Z Preparing to unpack .../131-libpaper-utils_1.1.29build1_amd64.deb ...
2026-10-01T15:57:30.9667032Z Unpacking libpaper-utils (1.1.29build1) ...
2026-10-01T15:57:30.9880937Z Selecting previously unselected package libpath-iterator-rule-perl.
2026-10-01T15:57:31.0012047Z Preparing to unpack .../132-libpath-iterator-rule-perl_1.015-2_all.deb ...
2026-10-01T15:57:31.0025342Z Unpacking libpath-iterator-rule-perl (1.015-2) ...
2026-10-01T15:57:31.0243054Z Selecting previously unselected package libpath-tiny-perl.
2026-10-01T15:57:31.0372579Z Preparing to unpack .../133-libpath-tiny-perl_0.144-1_all.deb ...
2026-10-01T15:57:31.0381219Z Unpacking libpath-tiny-perl (0.144-1) ...
2026-10-01T15:57:31.0648720Z Selecting previously unselected package libperlio-gzip-perl.
2026-10-01T15:57:31.0784617Z Preparing to unpack .../134-libperlio-gzip-perl_0.20-1build4_amd64.deb ...
2026-10-01T15:57:31.0795642Z Unpacking libperlio-gzip-perl (0.20-1build4) ...
2026-10-01T15:57:31.1012217Z Selecting previously unselected package libperlio-utf8-strict-perl.
2026-10-01T15:57:31.1146262Z Preparing to unpack .../135-libperlio-utf8-strict-perl_0.010-1build3_amd64.deb ...
2026-10-01T15:57:31.1154671Z Unpacking libperlio-utf8-strict-perl (0.010-1build3) ...
2026-10-01T15:57:31.1396309Z Selecting previously unselected package libpod-parser-perl.
2026-10-01T15:57:31.1512272Z Preparing to unpack .../136-libpod-parser-perl_1.67-1_all.deb ...
2026-10-01T15:57:31.1660880Z Adding 'diversion of /usr/bin/podselect to /usr/bin/podselect.bundled by libpod-parser-perl'
2026-10-01T15:57:31.1824485Z Adding 'diversion of /usr/share/man/man1/podselect.1.gz to /usr/share/man/man1/podselect.bundled.1.gz by libpod-parser-perl'
2026-10-01T15:57:31.1876123Z Unpacking libpod-parser-perl (1.67-1) ...
2026-10-01T15:57:31.2117416Z Selecting previously unselected package libpod-constants-perl.
2026-10-01T15:57:31.2246981Z Preparing to unpack .../137-libpod-constants-perl_0.19-2_all.deb ...
2026-10-01T15:57:31.2253859Z Unpacking libpod-constants-perl (0.19-2) ...
2026-10-01T15:57:31.2506143Z Selecting previously unselected package libqpdf29t64:amd64.
2026-10-01T15:57:31.2627846Z Preparing to unpack .../138-libqpdf29t64_11.9.0-1.1ubuntu0.1_amd64.deb ...
2026-10-01T15:57:31.2645730Z Unpacking libqpdf29t64:amd64 (11.9.0-1.1ubuntu0.1) ...
2026-10-01T15:57:31.2988231Z Selecting previously unselected package libre-engine-re2-perl:amd64.
2026-10-01T15:57:31.3120266Z Preparing to unpack .../139-libre-engine-re2-perl_0.18+ds-1build3_amd64.deb ...
2026-10-01T15:57:31.3133091Z Unpacking libre-engine-re2-perl:amd64 (0.18+ds-1build3) ...
2026-10-01T15:57:31.3366161Z Selecting previously unselected package libregexp-pattern-license-perl.
2026-10-01T15:57:31.3489376Z Preparing to unpack .../140-libregexp-pattern-license-perl_3.11.0-1_all.deb ...
2026-10-01T15:57:31.3495895Z Unpacking libregexp-pattern-license-perl (3.11.0-1) ...
2026-10-01T15:57:31.3776592Z Selecting previously unselected package libregexp-pattern-perl.
2026-10-01T15:57:31.3897540Z Preparing to unpack .../141-libregexp-pattern-perl_0.2.14-2_all.deb ...
2026-10-01T15:57:31.3905450Z Unpacking libregexp-pattern-perl (0.2.14-2) ...
2026-10-01T15:57:31.4126864Z Selecting previously unselected package libregexp-wildcards-perl.
2026-10-01T15:57:31.4246700Z Preparing to unpack .../142-libregexp-wildcards-perl_1.05-3_all.deb ...
2026-10-01T15:57:31.4255724Z Unpacking libregexp-wildcards-perl (1.05-3) ...
2026-10-01T15:57:31.4476186Z Selecting previously unselected package libsereal-decoder-perl.
2026-10-01T15:57:31.4598251Z Preparing to unpack .../143-libsereal-decoder-perl_5.004+ds-1build3_amd64.deb ...
2026-10-01T15:57:31.4605934Z Unpacking libsereal-decoder-perl (5.004+ds-1build3) ...
2026-10-01T15:57:31.4836239Z Selecting previously unselected package libsereal-encoder-perl.
2026-10-01T15:57:31.4967163Z Preparing to unpack .../144-libsereal-encoder-perl_5.004+ds-1build3_amd64.deb ...
2026-10-01T15:57:31.4975790Z Unpacking libsereal-encoder-perl (5.004+ds-1build3) ...
2026-10-01T15:57:31.5213740Z Selecting previously unselected package libset-intspan-perl.
2026-10-01T15:57:31.5345459Z Preparing to unpack .../145-libset-intspan-perl_1.19-3_all.deb ...
2026-10-01T15:57:31.5353147Z Unpacking libset-intspan-perl (1.19-3) ...
2026-10-01T15:57:31.5572639Z Selecting previously unselected package libsocket6-perl.
2026-10-01T15:57:31.5702664Z Preparing to unpack .../146-libsocket6-perl_0.29-3build3_amd64.deb ...
2026-10-01T15:57:31.5716030Z Unpacking libsocket6-perl (0.29-3build3) ...
2026-10-01T15:57:31.5923702Z Selecting previously unselected package libstring-copyright-perl.
2026-10-01T15:57:31.6057140Z Preparing to unpack .../147-libstring-copyright-perl_0.003014-1_all.deb ...
2026-10-01T15:57:31.6069298Z Unpacking libstring-copyright-perl (0.003014-1) ...
2026-10-01T15:57:31.6353498Z Selecting previously unselected package libstring-escape-perl.
2026-10-01T15:57:31.6481427Z Preparing to unpack .../148-libstring-escape-perl_2010.002-3_all.deb ...
2026-10-01T15:57:31.6495786Z Unpacking libstring-escape-perl (2010.002-3) ...
2026-10-01T15:57:31.6701792Z Selecting previously unselected package libstring-license-perl.
2026-10-01T15:57:31.6833261Z Preparing to unpack .../149-libstring-license-perl_0.0.9-2ubuntu1_all.deb ...
2026-10-01T15:57:31.6845658Z Unpacking libstring-license-perl (0.0.9-2ubuntu1) ...
2026-10-01T15:57:31.7073322Z Selecting previously unselected package libstring-shellquote-perl.
2026-10-01T15:57:31.7202550Z Preparing to unpack .../150-libstring-shellquote-perl_1.04-3_all.deb ...
2026-10-01T15:57:31.7214288Z Unpacking libstring-shellquote-perl (1.04-3) ...
2026-10-01T15:57:31.7425663Z Selecting previously unselected package libsyntax-keyword-try-perl.
2026-10-01T15:57:31.7556481Z Preparing to unpack .../151-libsyntax-keyword-try-perl_0.29-1build3_amd64.deb ...
2026-10-01T15:57:31.7567487Z Unpacking libsyntax-keyword-try-perl (0.29-1build3) ...
2026-10-01T15:57:31.7790253Z Selecting previously unselected package libtext-levenshteinxs-perl.
2026-10-01T15:57:31.7919274Z Preparing to unpack .../152-libtext-levenshteinxs-perl_0.03-5build4_amd64.deb ...
2026-10-01T15:57:31.7935725Z Unpacking libtext-levenshteinxs-perl (0.03-5build4) ...
2026-10-01T15:57:31.8134326Z Selecting previously unselected package libtext-markdown-discount-perl.
2026-10-01T15:57:31.8263126Z Preparing to unpack .../153-libtext-markdown-discount-perl_0.16-1build3_amd64.deb ...
2026-10-01T15:57:31.8275646Z Unpacking libtext-markdown-discount-perl (0.16-1build3) ...
2026-10-01T15:57:31.8500042Z Selecting previously unselected package libtext-xslate-perl:amd64.
2026-10-01T15:57:31.8623163Z Preparing to unpack .../154-libtext-xslate-perl_3.5.9-1build5_amd64.deb ...
2026-10-01T15:57:31.8630427Z Unpacking libtext-xslate-perl:amd64 (3.5.9-1build5) ...
2026-10-01T15:57:31.9019392Z Selecting previously unselected package libtime-duration-perl.
2026-10-01T15:57:31.9149186Z Preparing to unpack .../155-libtime-duration-perl_1.21-2_all.deb ...
2026-10-01T15:57:31.9157316Z Unpacking libtime-duration-perl (1.21-2) ...
2026-10-01T15:57:31.9364029Z Selecting previously unselected package libtime-moment-perl.
2026-10-01T15:57:31.9493418Z Preparing to unpack .../156-libtime-moment-perl_0.44-2build4_amd64.deb ...
2026-10-01T15:57:31.9499441Z Unpacking libtime-moment-perl (0.44-2build4) ...
2026-10-01T15:57:31.9754610Z Selecting previously unselected package libunicode-utf8-perl.
2026-10-01T15:57:31.9883876Z Preparing to unpack .../157-libunicode-utf8-perl_0.62-2build3_amd64.deb ...
2026-10-01T15:57:31.9891113Z Unpacking libunicode-utf8-perl (0.62-2build3) ...
2026-10-01T15:57:32.0102279Z Selecting previously unselected package libwww-mechanize-perl.
2026-10-01T15:57:32.0233453Z Preparing to unpack .../158-libwww-mechanize-perl_2.18-1ubuntu1_all.deb ...
2026-10-01T15:57:32.0242991Z Unpacking libwww-mechanize-perl (2.18-1ubuntu1) ...
2026-10-01T15:57:32.0483280Z Selecting previously unselected package libyaml-libyaml-perl.
2026-10-01T15:57:32.0614074Z Preparing to unpack .../159-libyaml-libyaml-perl_0.89+ds-1ubuntu0.24.04.1_amd64.deb ...
2026-10-01T15:57:32.0621285Z Unpacking libyaml-libyaml-perl (0.89+ds-1ubuntu0.24.04.1) ...
2026-10-01T15:57:32.0881201Z Selecting previously unselected package licensecheck.
2026-10-01T15:57:32.1010891Z Preparing to unpack .../160-licensecheck_3.3.9-1ubuntu1_all.deb ...
2026-10-01T15:57:32.1019112Z Unpacking licensecheck (3.3.9-1ubuntu1) ...
2026-10-01T15:57:32.1249947Z Selecting previously unselected package libdevel-size-perl.
2026-10-01T15:57:32.1379027Z Preparing to unpack .../161-libdevel-size-perl_0.83-2build4_amd64.deb ...
2026-10-01T15:57:32.1386971Z Unpacking libdevel-size-perl (0.83-2build4) ...
2026-10-01T15:57:32.1595446Z Selecting previously unselected package libipc-run3-perl.
2026-10-01T15:57:32.1723662Z Preparing to unpack .../162-libipc-run3-perl_0.049-1_all.deb ...
2026-10-01T15:57:32.1730804Z Unpacking libipc-run3-perl (0.049-1) ...
2026-10-01T15:57:32.1957135Z Selecting previously unselected package lzip.
2026-10-01T15:57:32.2086269Z Preparing to unpack .../163-lzip_1.24.1-1build1_amd64.deb ...
2026-10-01T15:57:32.2098557Z Unpacking lzip (1.24.1-1build1) ...
2026-10-01T15:57:32.2315693Z Selecting previously unselected package lzop.
2026-10-01T15:57:32.2442134Z Preparing to unpack .../164-lzop_1.04-2build3_amd64.deb ...
2026-10-01T15:57:32.2449437Z Unpacking lzop (1.04-2build3) ...
2026-10-01T15:57:32.2672939Z Selecting previously unselected package t1utils.
2026-10-01T15:57:32.2805225Z Preparing to unpack .../165-t1utils_1.41-4build3_amd64.deb ...
2026-10-01T15:57:32.2812166Z Unpacking t1utils (1.41-4build3) ...
2026-10-01T15:57:32.3325752Z Selecting previously unselected package lintian.
2026-10-01T15:57:32.3458158Z Preparing to unpack .../166-lintian_2.117.0ubuntu1.5_all.deb ...
2026-10-01T15:57:32.3536665Z Unpacking lintian (2.117.0ubuntu1.5) ...
2026-10-01T15:57:32.8356368Z Selecting previously unselected package python3-nacl.
2026-10-01T15:57:32.8499965Z Preparing to unpack .../167-python3-nacl_1.5.0-4build1_amd64.deb ...
2026-10-01T15:57:32.8507609Z Unpacking python3-nacl (1.5.0-4build1) ...
2026-10-01T15:57:32.8796769Z Selecting previously unselected package python3-paramiko.
2026-10-01T15:57:32.8930659Z Preparing to unpack .../168-python3-paramiko_2.12.0-2ubuntu4.1_all.deb ...
2026-10-01T15:57:32.8937676Z Unpacking python3-paramiko (2.12.0-2ubuntu4.1) ...
2026-10-01T15:57:32.9266124Z Selecting previously unselected package python3-unidiff.
2026-10-01T15:57:32.9387664Z Preparing to unpack .../169-python3-unidiff_0.7.3-1_all.deb ...
2026-10-01T15:57:32.9400204Z Unpacking python3-unidiff (0.7.3-1) ...
2026-10-01T15:57:32.9628264Z Selecting previously unselected package qpdf.
2026-10-01T15:57:32.9759747Z Preparing to unpack .../170-qpdf_11.9.0-1.1ubuntu0.1_amd64.deb ...
2026-10-01T15:57:32.9775592Z Unpacking qpdf (11.9.0-1.1ubuntu0.1) ...
2026-10-01T15:57:33.0026318Z Selecting previously unselected package libauthen-sasl-perl.
2026-10-01T15:57:33.0145128Z Preparing to unpack .../171-libauthen-sasl-perl_2.1700-1ubuntu0.1_all.deb ...
2026-10-01T15:57:33.0156909Z Unpacking libauthen-sasl-perl (2.1700-1ubuntu0.1) ...
2026-10-01T15:57:33.0652129Z Setting up libapt-pkg-perl (0.1.40build7) ...
2026-10-01T15:57:33.0684636Z Setting up libstring-escape-perl (2010.002-3) ...
2026-10-01T15:57:33.0702486Z Setting up libberkeleydb-perl:amd64 (0.64-2build4) ...
2026-10-01T15:57:33.0723915Z Setting up wdiff (1.2.2-6build1) ...
2026-10-01T15:57:33.0746744Z Setting up libpaper1:amd64 (1.1.29build1) ...
2026-10-01T15:57:33.2101115Z 
2026-10-01T15:57:33.2102196Z Creating config file /etc/papersize with new version
2026-10-01T15:57:33.2578288Z Setting up libhttp-negotiate-perl (6.01-2) ...
2026-10-01T15:57:33.2596483Z Setting up libfile-which-perl (1.27-2) ...
2026-10-01T15:57:33.2618189Z Setting up gettext (0.21-14ubuntu2) ...
2026-10-01T15:57:33.2637520Z Setting up libunicode-utf8-perl (0.62-2build3) ...
2026-10-01T15:57:33.2661437Z Setting up libset-intspan-perl (1.19-3) ...
2026-10-01T15:57:33.2679947Z Setting up libmouse-perl (2.5.10-1build8) ...
2026-10-01T15:57:33.2699183Z Setting up libfile-listing-perl (6.16-1) ...
2026-10-01T15:57:33.2725599Z Setting up fonts-noto-mono (20201225-2) ...
2026-10-01T15:57:33.2753434Z Setting up gdebi-core (0.9.5.7+nmu7) ...
2026-10-01T15:57:33.3977418Z /usr/share/gdebi/GDebi/GDebiCli.py:159: SyntaxWarning: invalid escape sequence '\S'
2026-10-01T15:57:33.3978811Z   c = findall("[[(](\S+)/\S+[])]", msg)[0].lower()
2026-10-01T15:57:33.4111811Z Setting up libregexp-pattern-perl (0.2.14-2) ...
2026-10-01T15:57:33.4132281Z Setting up libdata-messagepack-perl (1.02-1build4) ...
2026-10-01T15:57:33.4154265Z Setting up libfont-afm-perl (1.20-4) ...
2026-10-01T15:57:33.4176510Z Setting up libdynaloader-functions-perl (0.003-3) ...
2026-10-01T15:57:33.4201815Z Setting up libtext-glob-perl (0.11-3) ...
2026-10-01T15:57:33.4217416Z Setting up libclass-method-modifiers-perl (2.15-1) ...
2026-10-01T15:57:33.4236328Z Setting up liblist-compare-perl (0.55-2) ...
2026-10-01T15:57:33.4256478Z Setting up libio-pty-perl (1:1.20-1build2) ...
2026-10-01T15:57:33.4277982Z Setting up libhttp-cookies-perl (6.11-1) ...
2026-10-01T15:57:33.4298989Z Setting up libarchive-zip-perl (1.68-1) ...
2026-10-01T15:57:33.4319180Z Setting up libsub-identify-perl (0.14-3build3) ...
2026-10-01T15:57:33.4338829Z Setting up libdistro-info-perl (1.7build1) ...
2026-10-01T15:57:33.4359481Z Setting up libcpanel-json-xs-perl:amd64 (4.37-1ubuntu0.1) ...
2026-10-01T15:57:33.4378467Z Setting up liblog-any-perl (1.717-1) ...
2026-10-01T15:57:33.4399917Z Setting up libijs-0.35:amd64 (0.35-15.1build1) ...
2026-10-01T15:57:33.4418312Z Setting up libauthen-sasl-perl (2.1700-1ubuntu0.1) ...
2026-10-01T15:57:33.4439240Z Setting up libhtml-tree-perl (5.07-3) ...
2026-10-01T15:57:33.4459287Z Setting up libdevel-size-perl (0.83-2build4) ...
2026-10-01T15:57:33.4478529Z Setting up libgs-common (10.02.1~dfsg1-0ubuntu7.9) ...
2026-10-01T15:57:33.4498131Z Setting up libregexp-pattern-license-perl (3.11.0-1) ...
2026-10-01T15:57:33.4518469Z Setting up libyaml-libyaml-perl (0.89+ds-1ubuntu0.24.04.1) ...
2026-10-01T15:57:33.4536819Z Setting up libio-interactive-perl (1.025-1) ...
2026-10-01T15:57:33.4558843Z Setting up libtry-tiny-perl (0.31-2) ...
2026-10-01T15:57:33.4578830Z Setting up perl-openssl-defaults:amd64 (7build3) ...
2026-10-01T15:57:33.4600121Z Setting up libmldbm-perl (2.05-4) ...
2026-10-01T15:57:33.4619034Z Setting up libqpdf29t64:amd64 (11.9.0-1.1ubuntu0.1) ...
2026-10-01T15:57:33.4639387Z Setting up libnet-http-perl (6.23-1) ...
2026-10-01T15:57:33.4656102Z Setting up libtime-moment-perl (0.44-2build4) ...
2026-10-01T15:57:33.4677855Z Setting up libhtml-format-perl (2.16-2) ...
2026-10-01T15:57:33.4705816Z Setting up libpaper-utils (1.1.29build1) ...
2026-10-01T15:57:33.4725622Z Setting up libmath-base85-perl (0.5+dfsg-2) ...
2026-10-01T15:57:33.4746788Z Setting up python3-xdg (0.28-2) ...
2026-10-01T15:57:33.6217417Z Setting up libconfig-tiny-perl (2.30-1) ...
2026-10-01T15:57:33.6241856Z Setting up libsereal-encoder-perl (5.004+ds-1build3) ...
2026-10-01T15:57:33.6260492Z Setting up liblist-utilsby-perl (0.12-2) ...
2026-10-01T15:57:33.6284033Z Setting up libstring-shellquote-perl (1.04-3) ...
2026-10-01T15:57:33.6302467Z Setting up libnet-netmask-perl (2.0002-2) ...
2026-10-01T15:57:33.6324027Z Setting up libsub-install-perl (0.929-1) ...
2026-10-01T15:57:33.6343929Z Setting up libindirect-perl (0.39-2build4) ...
2026-10-01T15:57:33.6360396Z Setting up poppler-data (0.4.12-1) ...
2026-10-01T15:57:33.6472228Z Setting up libxs-parse-sublike-perl:amd64 (0.21-2build3) ...
2026-10-01T15:57:33.6491846Z Setting up libnumber-compare-perl (0.03-3) ...
2026-10-01T15:57:33.6514474Z Setting up intltool-debian (0.35.0+20060710.6) ...
2026-10-01T15:57:33.6532144Z Setting up libfreezethaw-perl (0.5001-3) ...
2026-10-01T15:57:33.6550984Z Setting up patchutils (0.4.2-1build3) ...
2026-10-01T15:57:33.6568684Z Setting up libjson-maybexs-perl (1.004005-1) ...
2026-10-01T15:57:33.6585688Z Setting up libio-string-perl (1.08-4) ...
2026-10-01T15:57:33.6613850Z Setting up libnetaddr-ip-perl (4.079+dfsg-2build4) ...
2026-10-01T15:57:33.6633103Z Setting up libpackage-stash-xs-perl:amd64 (0.30-1build4) ...
2026-10-01T15:57:33.6654410Z Setting up libclass-data-inheritable-perl (0.08-3) ...
2026-10-01T15:57:33.6672720Z Setting up libxs-parse-keyword-perl (0.39-1build3) ...
2026-10-01T15:57:33.6693889Z Setting up python3-gpg (1.18.0-4.1ubuntu4) ...
2026-10-01T15:57:33.8291134Z Setting up libdata-dump-perl (1.25-1) ...
2026-10-01T15:57:33.8313963Z Setting up libfile-find-rule-perl (0.34-3ubuntu0.24.04.1) ...
2026-10-01T15:57:33.8365152Z Setting up libjbig2dec0:amd64 (0.20-1ubuntu0.24.04.1) ...
2026-10-01T15:57:33.8387414Z Setting up libipc-system-simple-perl (1.30-2) ...
2026-10-01T15:57:33.8408557Z Setting up libnet-domain-tld-perl (1.75-3) ...
2026-10-01T15:57:33.8430457Z Setting up libperlio-utf8-strict-perl (0.010-1build3) ...
2026-10-01T15:57:33.8452113Z Setting up libsocket6-perl (0.29-3build3) ...
2026-10-01T15:57:33.8470959Z Setting up lzip (1.24.1-1build1) ...
2026-10-01T15:57:33.8540554Z update-alternatives: using /usr/bin/lzip.lzip to provide /usr/bin/lzip (lzip) in auto mode
2026-10-01T15:57:33.8590535Z update-alternatives: using /usr/bin/lzip.lzip to provide /usr/bin/lzip-compressor (lzip-compressor) in auto mode
2026-10-01T15:57:33.8640342Z update-alternatives: using /usr/bin/lzip.lzip to provide /usr/bin/lzip-decompressor (lzip-decompressor) in auto mode
2026-10-01T15:57:33.8660936Z Setting up qpdf (11.9.0-1.1ubuntu0.1) ...
2026-10-01T15:57:33.8682479Z Setting up xfonts-encodings (1:1.0.5-0ubuntu2) ...
2026-10-01T15:57:33.8700927Z Setting up t1utils (1.41-4build3) ...
2026-10-01T15:57:33.8724507Z Setting up diffstat (1.66-1build1) ...
2026-10-01T15:57:33.8742517Z Setting up libvariable-magic-perl (0.63-1build3) ...
2026-10-01T15:57:33.8760371Z Setting up libidn12:amd64 (1.42-1ubuntu0.1) ...
2026-10-01T15:57:33.8777298Z Setting up libpod-parser-perl (1.67-1) ...
2026-10-01T15:57:33.8801364Z Setting up libb-hooks-op-check-perl:amd64 (0.22-3build1) ...
2026-10-01T15:57:33.9083254Z Setting up libipc-run-perl (20231003.0-1) ...
2026-10-01T15:57:33.9103555Z Setting up libparams-util-perl (1.102-2build3) ...
2026-10-01T15:57:33.9137215Z Setting up libtime-duration-perl (1.21-2) ...
2026-10-01T15:57:33.9161473Z Setting up libtext-xslate-perl:amd64 (3.5.9-1build5) ...
2026-10-01T15:57:33.9177126Z Setting up libsub-exporter-progressive-perl (0.001013-3) ...
2026-10-01T15:57:33.9210141Z Setting up libarray-intspan-perl (2.004-2) ...
2026-10-01T15:57:33.9234451Z Setting up libcapture-tiny-perl (0.48-2) ...
2026-10-01T15:57:33.9266991Z Setting up libsub-name-perl:amd64 (0.27-1build3) ...
2026-10-01T15:57:33.9294516Z Setting up libwww-robotrules-perl (6.02-1) ...
2026-10-01T15:57:33.9315714Z Setting up libsyntax-keyword-try-perl (0.29-1build3) ...
2026-10-01T15:57:33.9332502Z Setting up libdata-validate-domain-perl (0.10-1.1) ...
2026-10-01T15:57:33.9349802Z Setting up libhttp-daemon-perl (6.16-1ubuntu0.24.04.1) ...
2026-10-01T15:57:33.9368798Z Setting up libfile-chdir-perl (0.1008-1.1) ...
2026-10-01T15:57:33.9385056Z Setting up libpath-tiny-perl (0.144-1) ...
2026-10-01T15:57:33.9405815Z Setting up lzop (1.04-2build3) ...
2026-10-01T15:57:33.9423863Z Setting up liblog-any-adapter-screen-perl (0.140-2) ...
2026-10-01T15:57:33.9476399Z Setting up librole-tiny-perl (2.002004-1) ...
2026-10-01T15:57:33.9496484Z Setting up libipc-run3-perl (0.049-1) ...
2026-10-01T15:57:33.9514087Z Setting up libregexp-wildcards-perl (1.05-3) ...
2026-10-01T15:57:33.9533163Z Setting up libaliased-perl (0.34-3) ...
2026-10-01T15:57:33.9551339Z Setting up python3-unidiff (0.7.3-1) ...
2026-10-01T15:57:34.0773438Z Setting up libstrictures-perl (2.000006-1) ...
2026-10-01T15:57:34.0792719Z Setting up libsub-quote-perl (2.006008-1ubuntu1) ...
2026-10-01T15:57:34.0813012Z Setting up libdevel-stacktrace-perl (2.0500-1) ...
2026-10-01T15:57:34.0830319Z Setting up libclass-xsaccessor-perl (1.19-4build4) ...
2026-10-01T15:57:34.0845987Z Setting up fonts-droid-fallback (1:6.0.1r16-1.1build1) ...
2026-10-01T15:57:34.1065907Z Setting up libsort-versions-perl (1.62-3) ...
2026-10-01T15:57:34.1087119Z Setting up libexporter-tiny-perl (1.006002-1) ...
2026-10-01T15:57:34.1103972Z Setting up libre-engine-re2-perl:amd64 (0.18+ds-1build3) ...
2026-10-01T15:57:34.1120892Z Setting up libfile-dirlist-perl (0.05-3) ...
2026-10-01T15:57:34.1142668Z Setting up libfont-ttf-perl (1.06-2) ...
2026-10-01T15:57:34.1159594Z Setting up libfile-homedir-perl (1.006-2) ...
2026-10-01T15:57:34.1180999Z Setting up libtext-levenshteinxs-perl (0.03-5build4) ...
2026-10-01T15:57:34.1204659Z Setting up libperlio-gzip-perl (0.20-1build4) ...
2026-10-01T15:57:34.1225997Z Setting up libhtml-html5-entities-perl (0.004-3) ...
2026-10-01T15:57:34.1241985Z Setting up libsereal-decoder-perl (5.004+ds-1build3) ...
2026-10-01T15:57:34.1262458Z Setting up libmarkdown2:amd64 (2.2.7-2build1) ...
2026-10-01T15:57:34.1283590Z Setting up libnet-ipv6addr-perl (1.02-1) ...
2026-10-01T15:57:34.1303827Z Setting up libfile-touch-perl (0.12-2) ...
2026-10-01T15:57:34.1321974Z Setting up python3-nacl (1.5.0-4build1) ...
2026-10-01T15:57:34.2758435Z Setting up dctrl-tools (2.24-3build3) ...
2026-10-01T15:57:34.2858336Z Setting up libdata-validate-ip-perl (0.31-1) ...
2026-10-01T15:57:34.2876730Z Setting up libhtml-form-perl (6.11-1) ...
2026-10-01T15:57:34.2897260Z Setting up libemail-address-xs-perl (1.05-1build4) ...
2026-10-01T15:57:34.2913159Z Setting up libnet-ssleay-perl:amd64 (1.94-1build4) ...
2026-10-01T15:57:34.2936935Z Setting up libfile-basedir-perl (0.09-2) ...
2026-10-01T15:57:34.2953796Z Setting up libpod-constants-perl (0.19-2) ...
2026-10-01T15:57:34.2973813Z Setting up libpath-iterator-rule-perl (1.015-2) ...
2026-10-01T15:57:34.2993923Z Setting up libtext-markdown-discount-perl (0.16-1build3) ...
2026-10-01T15:57:34.3012049Z Setting up libexception-class-perl (1.45-1) ...
2026-10-01T15:57:34.3030766Z Setting up xfonts-utils (1:7.7+6build3) ...
2026-10-01T15:57:34.3080963Z Setting up libdevel-callchecker-perl:amd64 (0.008-2build3) ...
2026-10-01T15:57:34.3104095Z Setting up dput (1.1.3ubuntu3) ...
2026-10-01T15:57:34.4523329Z Setting up libobject-pad-perl (0.808-1build3) ...
2026-10-01T15:57:34.4537932Z Setting up libdata-validate-uri-perl (0.07-3) ...
2026-10-01T15:57:34.4560801Z Setting up libstring-copyright-perl (0.003014-1) ...
2026-10-01T15:57:34.4580484Z Setting up libdata-optlist-perl (0.114-1) ...
2026-10-01T15:57:34.4601328Z Setting up libgit-wrapper-perl (0.048-2) ...
2026-10-01T15:57:34.4621601Z Setting up python3-paramiko (2.12.0-2ubuntu4.1) ...
2026-10-01T15:57:34.6695831Z Setting up libio-socket-ssl-perl (2.085-1) ...
2026-10-01T15:57:34.6714272Z Setting up libsub-exporter-perl (0.990-1) ...
2026-10-01T15:57:34.6733921Z Setting up libiterator-perl (0.03+ds1-2) ...
2026-10-01T15:57:34.6751464Z Setting up libiterator-util-perl (0.02+ds1-2) ...
2026-10-01T15:57:34.6770142Z Setting up libparams-classify-perl:amd64 (0.015-2build5) ...
2026-10-01T15:57:34.6788544Z Setting up fonts-urw-base35 (20200910-8) ...
2026-10-01T15:57:34.8198756Z Setting up libnet-smtp-ssl-perl (1.04-2) ...
2026-10-01T15:57:34.8218513Z Setting up libmodule-runtime-perl (0.016-2) ...
2026-10-01T15:57:34.8239949Z Setting up libmailtools-perl (2.21-2) ...
2026-10-01T15:57:34.8258122Z Setting up libconst-fast-perl (0.014-2) ...
2026-10-01T15:57:34.8308900Z Setting up libdata-dpath-perl (0.59-1) ...
2026-10-01T15:57:34.8327171Z Setting up libgs10-common (10.02.1~dfsg1-0ubuntu7.9) ...
2026-10-01T15:57:34.8356830Z Setting up libmodule-implementation-perl (0.09-2) ...
2026-10-01T15:57:34.8375697Z Setting up libpackage-stash-perl (0.40-1) ...
2026-10-01T15:57:34.8397326Z Setting up libimport-into-perl (1.002005-2) ...
2026-10-01T15:57:34.8416908Z Setting up libmoo-perl (2.005005-1) ...
2026-10-01T15:57:34.8442247Z Setting up liblist-someutils-perl (0.59-1) ...
2026-10-01T15:57:34.8460744Z Setting up liblist-someutils-xs-perl:amd64 (0.58-3build4) ...
2026-10-01T15:57:34.8483991Z Setting up libmoox-aliases-perl (0.001006-2) ...
2026-10-01T15:57:34.8505572Z Setting up libb-hooks-endofscope-perl (0.28-1) ...
2026-10-01T15:57:34.8526005Z Setting up libgs10:amd64 (10.02.1~dfsg1-0ubuntu7.9) ...
2026-10-01T15:57:34.8548111Z Setting up ghostscript (10.02.1~dfsg1-0ubuntu7.9) ...
2026-10-01T15:57:34.8620764Z Setting up libnamespace-clean-perl (0.27-2) ...
2026-10-01T15:57:34.8898581Z Setting up libstring-license-perl (0.0.9-2ubuntu1) ...
2026-10-01T15:57:34.8922312Z Setting up licensecheck (3.3.9-1ubuntu1) ...
2026-10-01T15:57:34.8978287Z Setting up liblwp-protocol-https-perl (6.13-1) ...
2026-10-01T15:57:34.9000913Z Setting up libwww-perl (6.76-1ubuntu0.1) ...
2026-10-01T15:57:34.9031898Z Setting up libhtml-tokeparser-simple-perl (3.16-4) ...
2026-10-01T15:57:34.9058029Z Setting up libwww-mechanize-perl (2.18-1ubuntu1) ...
2026-10-01T15:57:34.9089847Z Setting up devscripts (2.23.7ubuntu0.2) ...
2026-10-01T15:57:35.0565942Z Setting up lintian (2.117.0ubuntu1.5) ...
2026-10-01T15:57:35.0637541Z Processing triggers for man-db (2.12.0-4build2) ...
2026-10-01T15:57:35.0663017Z Not building database; man-db/auto-update is not 'true'.
2026-10-01T15:57:35.0678531Z Processing triggers for install-info (7.1-3build2) ...
2026-10-01T15:57:35.1937235Z Processing triggers for fontconfig (2.15.0-1.1ubuntu2) ...
2026-10-01T15:57:35.3715709Z Processing triggers for libc-bin (2.39-0ubuntu8.9) ...
2026-10-01T15:57:36.1116249Z 
2026-10-01T15:57:36.1119883Z Running kernel seems to be up-to-date.
2026-10-01T15:57:36.1122024Z 
2026-10-01T15:57:36.1122229Z No services need to be restarted.
2026-10-01T15:57:36.1122521Z 
2026-10-01T15:57:36.1122691Z No containers need to be restarted.
2026-10-01T15:57:36.1122981Z 
2026-10-01T15:57:36.1123176Z No user sessions are running outdated binaries.
2026-10-01T15:57:36.1123519Z 
2026-10-01T15:57:36.1123865Z No VM guests are running outdated hypervisor (qemu) binaries on this host.
2026-10-01T15:57:37.0812145Z ##[endgroup]
2026-10-01T15:57:37.0814504Z ##[group]Installing R
2026-10-01T15:57:37.0828002Z [command]/usr/bin/sudo gdebi --non-interactive /home/runner/work/_temp/r-4.6.0_1_amd64.deb
2026-10-01T15:57:37.1106175Z /usr/bin/gdebi:113: SyntaxWarning: invalid escape sequence '\S'
2026-10-01T15:57:37.1107131Z   c = findall("[[(](\S+)/\S+[])]", msg)[0].lower()
2026-10-01T15:57:37.1679815Z 
2026-10-01T15:57:37.1766790Z Reading package lists... 0%
2026-10-01T15:57:37.1767340Z 
2026-10-01T15:57:37.1791978Z Reading package lists... 100%
2026-10-01T15:57:37.1792455Z 
2026-10-01T15:57:37.1792544Z 
2026-10-01T15:57:37.1792779Z Reading package lists... Done
2026-10-01T15:57:37.1793114Z 
2026-10-01T15:57:37.1793347Z Building dependency tree... 0%
2026-10-01T15:57:37.1793675Z 
2026-10-01T15:57:37.2166461Z Building dependency tree... 0%
2026-10-01T15:57:37.2167027Z 
2026-10-01T15:57:37.2167290Z Building dependency tree... 50%
2026-10-01T15:57:37.2167655Z 
2026-10-01T15:57:37.3816573Z Building dependency tree... 50%
2026-10-01T15:57:37.3817395Z 
2026-10-01T15:57:37.3817609Z 
2026-10-01T15:57:37.3817929Z Building dependency tree... Done
2026-10-01T15:57:37.3818371Z 
2026-10-01T15:57:37.3818678Z Reading state information... 0%
2026-10-01T15:57:37.3819276Z  
2026-10-01T15:57:37.3819721Z Reading state information... 0%
2026-10-01T15:57:37.5018851Z  
2026-10-01T15:57:37.5019478Z 
2026-10-01T15:57:37.5020391Z Reading state information... Done
2026-10-01T15:57:37.5020967Z 
2026-10-01T15:57:37.5021323Z Reading state information... 0%
2026-10-01T15:57:37.5058300Z   
2026-10-01T15:57:37.5058935Z Reading state information... 1%
2026-10-01T15:57:37.5097156Z   
2026-10-01T15:57:37.5098214Z Reading state information... 3%
2026-10-01T15:57:37.5136861Z   
2026-10-01T15:57:37.5137893Z Reading state information... 5%
2026-10-01T15:57:37.5172725Z   
2026-10-01T15:57:37.5173802Z Reading state information... 7%
2026-10-01T15:57:37.5210687Z   
2026-10-01T15:57:37.5211669Z Reading state information... 9%
2026-10-01T15:57:37.5248943Z   
2026-10-01T15:57:37.5250005Z Reading state information... 11%
2026-10-01T15:57:37.5285449Z  
2026-10-01T15:57:37.5286750Z Reading state information... 13%
2026-10-01T15:57:37.5321739Z  
2026-10-01T15:57:37.5322673Z Reading state information... 15%
2026-10-01T15:57:37.5360808Z  
2026-10-01T15:57:37.5361757Z Reading state information... 17%
2026-10-01T15:57:37.5398961Z  
2026-10-01T15:57:37.5399961Z Reading state information... 19%
2026-10-01T15:57:37.5434543Z  
2026-10-01T15:57:37.5435810Z Reading state information... 21%
2026-10-01T15:57:37.5475920Z  
2026-10-01T15:57:37.5485268Z Reading state information... 23%
2026-10-01T15:57:37.5519282Z  
2026-10-01T15:57:37.5520315Z Reading state information... 25%
2026-10-01T15:57:37.5559185Z  
2026-10-01T15:57:37.5560120Z Reading state information... 27%
2026-10-01T15:57:37.5598302Z  
2026-10-01T15:57:37.5599247Z Reading state information... 29%
2026-10-01T15:57:37.5633029Z  
2026-10-01T15:57:37.5633990Z Reading state information... 31%
2026-10-01T15:57:37.5669424Z  
2026-10-01T15:57:37.5670333Z Reading state information... 33%
2026-10-01T15:57:37.5708153Z  
2026-10-01T15:57:37.5709108Z Reading state information... 35%
2026-10-01T15:57:37.5747425Z  
2026-10-01T15:57:37.5748329Z Reading state information... 37%
2026-10-01T15:57:37.5787266Z  
2026-10-01T15:57:37.5788170Z Reading state information... 39%
2026-10-01T15:57:37.5825583Z  
2026-10-01T15:57:37.5826629Z Reading state information... 41%
2026-10-01T15:57:37.5864231Z  
2026-10-01T15:57:37.5865451Z Reading state information... 43%
2026-10-01T15:57:37.5904659Z  
2026-10-01T15:57:37.5910221Z Reading state information... 45%
2026-10-01T15:57:37.5945297Z  
2026-10-01T15:57:37.5946502Z Reading state information... 47%
2026-10-01T15:57:37.5983174Z  
2026-10-01T15:57:37.5984124Z Reading state information... 49%
2026-10-01T15:57:37.6022044Z  
2026-10-01T15:57:37.6022945Z Reading state information... 51%
2026-10-01T15:57:37.6061648Z  
2026-10-01T15:57:37.6062563Z Reading state information... 53%
2026-10-01T15:57:37.6104492Z  
2026-10-01T15:57:37.6105612Z Reading state information... 55%
2026-10-01T15:57:37.6140006Z  
2026-10-01T15:57:37.6141011Z Reading state information... 57%
2026-10-01T15:57:37.6173858Z  
2026-10-01T15:57:37.6174654Z Reading state information... 59%
2026-10-01T15:57:37.6209252Z  
2026-10-01T15:57:37.6210054Z Reading state information... 61%
2026-10-01T15:57:37.6243849Z  
2026-10-01T15:57:37.6244370Z Reading state information... 63%
2026-10-01T15:57:37.6278136Z  
2026-10-01T15:57:37.6278620Z Reading state information... 65%
2026-10-01T15:57:37.6311794Z  
2026-10-01T15:57:37.6312601Z Reading state information... 67%
2026-10-01T15:57:37.6345858Z  
2026-10-01T15:57:37.6346353Z Reading state information... 69%
2026-10-01T15:57:37.6381391Z  
2026-10-01T15:57:37.6381926Z Reading state information... 71%
2026-10-01T15:57:37.6417881Z  
2026-10-01T15:57:37.6418395Z Reading state information... 73%
2026-10-01T15:57:37.6453269Z  
2026-10-01T15:57:37.6453768Z Reading state information... 75%
2026-10-01T15:57:37.6486934Z  
2026-10-01T15:57:37.6487449Z Reading state information... 77%
2026-10-01T15:57:37.6524154Z  
2026-10-01T15:57:37.6524671Z Reading state information... 79%
2026-10-01T15:57:37.6566033Z  
2026-10-01T15:57:37.6566552Z Reading state information... 81%
2026-10-01T15:57:37.6605378Z  
2026-10-01T15:57:37.6605893Z Reading state information... 83%
2026-10-01T15:57:37.6643741Z  
2026-10-01T15:57:37.6644571Z Reading state information... 85%
2026-10-01T15:57:37.6682034Z  
2026-10-01T15:57:37.6682536Z Reading state information... 87%
2026-10-01T15:57:37.6716681Z  
2026-10-01T15:57:37.6717201Z Reading state information... 89%
2026-10-01T15:57:37.6751859Z  
2026-10-01T15:57:37.6752371Z Reading state information... 91%
2026-10-01T15:57:37.6788131Z  
2026-10-01T15:57:37.6788654Z Reading state information... 93%
2026-10-01T15:57:37.6827521Z  
2026-10-01T15:57:37.6828043Z Reading state information... 95%
2026-10-01T15:57:37.6866973Z  
2026-10-01T15:57:37.6867486Z Reading state information... 97%
2026-10-01T15:57:37.6902838Z  
2026-10-01T15:57:37.6903274Z Reading state information... 99%
2026-10-01T16:00:34.6348972Z  Selecting previously unselected package bzip2-doc.
2026-10-01T16:00:34.6415084Z (Reading database ... 
2026-10-01T16:00:34.6416018Z (Reading database ... 5%
2026-10-01T16:00:34.6416812Z (Reading database ... 10%
2026-10-01T16:00:34.6417650Z (Reading database ... 15%
2026-10-01T16:00:34.6418521Z (Reading database ... 20%
2026-10-01T16:00:34.6419285Z (Reading database ... 25%
2026-10-01T16:00:34.6420039Z (Reading database ... 30%
2026-10-01T16:00:34.6420781Z (Reading database ... 35%
2026-10-01T16:00:34.6421576Z (Reading database ... 40%
2026-10-01T16:00:34.6422341Z (Reading database ... 45%
2026-10-01T16:00:34.6423045Z (Reading database ... 50%
2026-10-01T16:00:34.6534581Z (Reading database ... 55%
2026-10-01T16:00:34.6557830Z (Reading database ... 60%
2026-10-01T16:00:34.6587077Z (Reading database ... 65%
2026-10-01T16:00:34.6606466Z (Reading database ... 70%
2026-10-01T16:00:34.6650188Z (Reading database ... 75%
2026-10-01T16:00:34.6682503Z (Reading database ... 80%
2026-10-01T16:00:34.6846356Z (Reading database ... 85%
2026-10-01T16:00:34.7061514Z (Reading database ... 90%
2026-10-01T16:00:34.7145578Z (Reading database ... 95%
2026-10-01T16:00:34.7146556Z (Reading database ... 100%
2026-10-01T16:00:34.7147536Z (Reading database ... 209467 files and directories currently installed.)
2026-10-01T16:00:34.7191103Z Preparing to unpack .../0-bzip2-doc_1.0.8-5.1ubuntu0.1_all.deb ...
2026-10-01T16:00:34.7205587Z Unpacking bzip2-doc (1.0.8-5.1ubuntu0.1) ...
2026-10-01T16:00:34.7454636Z Selecting previously unselected package libbz2-dev:amd64.
2026-10-01T16:00:34.7586294Z Preparing to unpack .../1-libbz2-dev_1.0.8-5.1ubuntu0.1_amd64.deb ...
2026-10-01T16:00:34.7593460Z Unpacking libbz2-dev:amd64 (1.0.8-5.1ubuntu0.1) ...
2026-10-01T16:00:34.7795659Z Selecting previously unselected package libdeflate-dev:amd64.
2026-10-01T16:00:34.7930580Z Preparing to unpack .../2-libdeflate-dev_1.19-1build1.1_amd64.deb ...
2026-10-01T16:00:34.7943429Z Unpacking libdeflate-dev:amd64 (1.19-1build1.1) ...
2026-10-01T16:00:34.8269668Z Selecting previously unselected package libopenblas0-pthread:amd64.
2026-10-01T16:00:34.8408104Z Preparing to unpack .../3-libopenblas0-pthread_0.3.26+ds-1ubuntu0.1_amd64.deb ...
2026-10-01T16:00:34.8421458Z Unpacking libopenblas0-pthread:amd64 (0.3.26+ds-1ubuntu0.1) ...
2026-10-01T16:00:35.0114385Z Selecting previously unselected package libopenblas0:amd64.
2026-10-01T16:00:35.0250480Z Preparing to unpack .../4-libopenblas0_0.3.26+ds-1ubuntu0.1_amd64.deb ...
2026-10-01T16:00:35.0262976Z Unpacking libopenblas0:amd64 (0.3.26+ds-1ubuntu0.1) ...
2026-10-01T16:00:35.0476147Z Selecting previously unselected package libopenblas-pthread-dev:amd64.
2026-10-01T16:00:35.0599263Z Preparing to unpack .../5-libopenblas-pthread-dev_0.3.26+ds-1ubuntu0.1_amd64.deb ...
2026-10-01T16:00:35.0607046Z Unpacking libopenblas-pthread-dev:amd64 (0.3.26+ds-1ubuntu0.1) ...
2026-10-01T16:00:35.2665709Z Selecting previously unselected package libopenblas-dev:amd64.
2026-10-01T16:00:35.2799143Z Preparing to unpack .../6-libopenblas-dev_0.3.26+ds-1ubuntu0.1_amd64.deb ...
2026-10-01T16:00:35.2806617Z Unpacking libopenblas-dev:amd64 (0.3.26+ds-1ubuntu0.1) ...
2026-10-01T16:00:35.3014407Z Selecting previously unselected package liblzma-dev:amd64.
2026-10-01T16:00:35.3147590Z Preparing to unpack .../7-liblzma-dev_5.6.1+really5.4.5-1ubuntu0.3_amd64.deb ...
2026-10-01T16:00:35.3154317Z Unpacking liblzma-dev:amd64 (5.6.1+really5.4.5-1ubuntu0.3) ...
2026-10-01T16:00:35.3430079Z Selecting previously unselected package libtirpc-dev:amd64.
2026-10-01T16:00:35.3560538Z Preparing to unpack .../8-libtirpc-dev_1.3.4+ds-1.1build1_amd64.deb ...
2026-10-01T16:00:35.3569043Z Unpacking libtirpc-dev:amd64 (1.3.4+ds-1.1build1) ...
2026-10-01T16:00:35.4164558Z Setting up bzip2-doc (1.0.8-5.1ubuntu0.1) ...
2026-10-01T16:00:35.4185930Z Setting up libopenblas0-pthread:amd64 (0.3.26+ds-1ubuntu0.1) ...
2026-10-01T16:00:35.4246319Z update-alternatives: using /usr/lib/x86_64-linux-gnu/openblas-pthread/libblas.so.3 to provide /usr/lib/x86_64-linux-gnu/libblas.so.3 (libblas.so.3-x86_64-linux-gnu) in auto mode
2026-10-01T16:00:35.4295090Z update-alternatives: using /usr/lib/x86_64-linux-gnu/openblas-pthread/liblapack.so.3 to provide /usr/lib/x86_64-linux-gnu/liblapack.so.3 (liblapack.so.3-x86_64-linux-gnu) in auto mode
2026-10-01T16:00:35.4342485Z update-alternatives: using /usr/lib/x86_64-linux-gnu/openblas-pthread/libopenblas.so.0 to provide /usr/lib/x86_64-linux-gnu/libopenblas.so.0 (libopenblas.so.0-x86_64-linux-gnu) in auto mode
2026-10-01T16:00:35.4358563Z Setting up libtirpc-dev:amd64 (1.3.4+ds-1.1build1) ...
2026-10-01T16:00:35.4379174Z Setting up liblzma-dev:amd64 (5.6.1+really5.4.5-1ubuntu0.3) ...
2026-10-01T16:00:35.4402913Z Setting up libopenblas0:amd64 (0.3.26+ds-1ubuntu0.1) ...
2026-10-01T16:00:35.4419654Z Setting up libdeflate-dev:amd64 (1.19-1build1.1) ...
2026-10-01T16:00:35.4438518Z Setting up libbz2-dev:amd64 (1.0.8-5.1ubuntu0.1) ...
2026-10-01T16:00:35.4456316Z Setting up libopenblas-pthread-dev:amd64 (0.3.26+ds-1ubuntu0.1) ...
2026-10-01T16:00:35.4515572Z update-alternatives: using /usr/lib/x86_64-linux-gnu/openblas-pthread/libblas.so to provide /usr/lib/x86_64-linux-gnu/libblas.so (libblas.so-x86_64-linux-gnu) in auto mode
2026-10-01T16:00:35.4571507Z update-alternatives: using /usr/lib/x86_64-linux-gnu/openblas-pthread/liblapack.so to provide /usr/lib/x86_64-linux-gnu/liblapack.so (liblapack.so-x86_64-linux-gnu) in auto mode
2026-10-01T16:00:35.4627142Z update-alternatives: using /usr/lib/x86_64-linux-gnu/openblas-pthread/libopenblas.so to provide /usr/lib/x86_64-linux-gnu/libopenblas.so (libopenblas.so-x86_64-linux-gnu) in auto mode
2026-10-01T16:00:35.4645583Z Setting up libopenblas-dev:amd64 (0.3.26+ds-1ubuntu0.1) ...
2026-10-01T16:00:35.4669168Z Processing triggers for libc-bin (2.39-0ubuntu8.9) ...
2026-10-01T16:00:35.4813232Z Processing triggers for man-db (2.12.0-4build2) ...
2026-10-01T16:00:35.4829846Z Not building database; man-db/auto-update is not 'true'.
2026-10-01T16:00:35.4868487Z Processing triggers for install-info (7.1-3build2) ...
2026-10-01T16:00:36.2251804Z 
2026-10-01T16:00:36.2252543Z Running kernel seems to be up-to-date.
2026-10-01T16:00:36.2253080Z 
2026-10-01T16:00:36.2253366Z No services need to be restarted.
2026-10-01T16:00:36.2253766Z 
2026-10-01T16:00:36.2254095Z No containers need to be restarted.
2026-10-01T16:00:36.2254484Z 
2026-10-01T16:00:36.2255149Z No user sessions are running outdated binaries.
2026-10-01T16:00:36.2255719Z 
2026-10-01T16:00:36.2256154Z No VM guests are running outdated hypervisor (qemu) binaries on this host.
2026-10-01T16:00:37.2920249Z Selecting previously unselected package r-4.6.0.
2026-10-01T16:00:37.3778108Z (Reading database ... 209657 files and directories currently installed.)
2026-10-01T16:00:37.3820354Z Preparing to unpack .../work/_temp/r-4.6.0_1_amd64.deb ...
2026-10-01T16:00:37.3828559Z Unpacking r-4.6.0 (1) ...
2026-10-01T16:00:38.2043366Z Setting up r-4.6.0 (1) ...
2026-10-01T16:00:38.2226850Z 
2026-10-01T16:00:38.2227156Z 
2026-10-01T16:00:38.2227807Z Reading state information... Done
2026-10-01T16:00:38.2228366Z 
2026-10-01T16:00:38.2228914Z Get:1 file:/etc/apt/apt-mirrors.txt Mirrorlist [144 B]                          
2026-10-01T16:00:38.2229640Z 
2026-10-01T16:00:38.2230415Z Get:2 http://azure.archive.ubuntu.com/ubuntu noble-updates/main amd64 bzip2-doc all 1.0.8-5.1ubuntu0.1 [499 kB]
2026-10-01T16:00:38.2231668Z 
2026-10-01T16:00:38.2232411Z Ign http://azure.archive.ubuntu.com/ubuntu noble-updates/main amd64 libbz2-dev amd64 1.0.8-5.1ubuntu0.1
2026-10-01T16:00:38.2233513Z 
2026-10-01T16:00:38.2234217Z Ign http://azure.archive.ubuntu.com/ubuntu noble-updates/main amd64 libdeflate-dev amd64 1.19-1build1.1
2026-10-01T16:00:38.2235609Z 
2026-10-01T16:00:38.2236384Z Ign http://azure.archive.ubuntu.com/ubuntu noble-updates/universe amd64 libopenblas0-pthread amd64 0.3.26+ds-1ubuntu0.1
2026-10-01T16:00:38.2237322Z 
2026-10-01T16:00:38.2238076Z Get:3 http://azure.archive.ubuntu.com/ubuntu noble-updates/universe amd64 libopenblas0 amd64 0.3.26+ds-1ubuntu0.1 [6190 B]
2026-10-01T16:00:38.2239089Z 
2026-10-01T16:00:38.2239901Z Get:4 http://azure.archive.ubuntu.com/ubuntu noble-updates/universe amd64 libopenblas-pthread-dev amd64 0.3.26+ds-1ubuntu0.1 [4899 kB]
2026-10-01T16:00:38.2240903Z 
2026-10-01T16:00:38.2241677Z Get:5 http://azure.archive.ubuntu.com/ubuntu noble-updates/universe amd64 libopenblas-dev amd64 0.3.26+ds-1ubuntu0.1 [19.6 kB]
2026-10-01T16:00:38.2242614Z 
2026-10-01T16:00:38.2243311Z Ign http://azure.archive.ubuntu.com/ubuntu noble-updates/main amd64 liblzma-dev amd64 5.6.1+really5.4.5-1ubuntu0.3
2026-10-01T16:00:38.2244198Z 
2026-10-01T16:00:38.2245061Z Ign http://azure.archive.ubuntu.com/ubuntu noble/main amd64 libtirpc-dev amd64 1.3.4+ds-1.1build1
2026-10-01T16:00:38.2245876Z 
2026-10-01T16:00:38.2246505Z Ign http://azure.archive.ubuntu.com/ubuntu noble-updates/main amd64 libbz2-dev amd64 1.0.8-5.1ubuntu0.1
2026-10-01T16:00:38.2247299Z 
2026-10-01T16:00:38.2247907Z Ign http://azure.archive.ubuntu.com/ubuntu noble-updates/main amd64 libdeflate-dev amd64 1.19-1build1.1
2026-10-01T16:00:38.2248672Z 
2026-10-01T16:00:38.2249356Z Ign http://azure.archive.ubuntu.com/ubuntu noble-updates/universe amd64 libopenblas0-pthread amd64 0.3.26+ds-1ubuntu0.1
2026-10-01T16:00:38.2250208Z 
2026-10-01T16:00:38.2250863Z Ign http://azure.archive.ubuntu.com/ubuntu noble-updates/main amd64 liblzma-dev amd64 5.6.1+really5.4.5-1ubuntu0.3
2026-10-01T16:00:38.2251669Z 
2026-10-01T16:00:38.2252281Z Get:6 https://archive.ubuntu.com/ubuntu noble-updates/main amd64 libbz2-dev amd64 1.0.8-5.1ubuntu0.1 [33.6 kB]
2026-10-01T16:00:38.2253070Z 
2026-10-01T16:00:38.2253693Z Get:7 https://archive.ubuntu.com/ubuntu noble-updates/main amd64 libdeflate-dev amd64 1.19-1build1.1 [50.9 kB]
2026-10-01T16:00:38.2254465Z 
2026-10-01T16:00:38.2255416Z Get:8 https://archive.ubuntu.com/ubuntu noble-updates/universe amd64 libopenblas0-pthread amd64 0.3.26+ds-1ubuntu0.1 [7183 kB]
2026-10-01T16:00:38.2256313Z 
2026-10-01T16:00:38.2256868Z Ign http://azure.archive.ubuntu.com/ubuntu noble/main amd64 libtirpc-dev amd64 1.3.4+ds-1.1build1
2026-10-01T16:00:38.2257582Z 
2026-10-01T16:00:38.2258245Z Get:9 https://archive.ubuntu.com/ubuntu noble-updates/main amd64 liblzma-dev amd64 5.6.1+really5.4.5-1ubuntu0.3 [176 kB]
2026-10-01T16:00:38.2259070Z 
2026-10-01T16:00:38.2259662Z Get:10 https://archive.ubuntu.com/ubuntu noble/main amd64 libtirpc-dev amd64 1.3.4+ds-1.1build1 [193 kB]
2026-10-01T16:00:38.2260395Z 
2026-10-01T16:00:38.2260794Z Fetched 13.1 MB in 6s (1185 kB/s)                                               
2026-10-01T16:00:38.2537402Z ##[endgroup]
2026-10-01T16:00:38.2551944Z [command]/usr/bin/sudo ln -sf /opt/R/4.6.0/bin/R /usr/local/bin/R
2026-10-01T16:00:38.2678696Z [command]/usr/bin/sudo ln -sf /opt/R/4.6.0/bin/Rscript /usr/local/bin/Rscript
2026-10-01T16:00:38.2863466Z [command]/usr/bin/lsb_release --short --codename
2026-10-01T16:00:38.2963941Z noble
2026-10-01T16:00:38.3136619Z ##[group]Run sudo apt-get update
2026-10-01T16:00:38.3136997Z [36;1msudo apt-get update[0m
2026-10-01T16:00:38.3137397Z [36;1msudo apt-get install -y --no-install-recommends \[0m
2026-10-01T16:00:38.3137909Z [36;1m  build-essential gfortran libcurl4-openssl-dev libssl-dev libxml2-dev \[0m
2026-10-01T16:00:38.3138441Z [36;1m  libgit2-dev libicu-dev libnlopt-dev libglpk-dev libuv1-dev \[0m
2026-10-01T16:00:38.3138960Z [36;1m  libfontconfig1-dev libfreetype6-dev libharfbuzz-dev libfribidi-dev \[0m
2026-10-01T16:00:38.3139405Z [36;1m  libpng-dev libjpeg-dev libtiff-dev[0m
2026-10-01T16:00:38.3433937Z shell: /usr/bin/bash -e {0}
2026-10-01T16:00:38.3434520Z env:
2026-10-01T16:00:38.3435005Z   R_LIBS_USER: /home/runner/work/_temp/Library
2026-10-01T16:00:38.3435343Z   TZ: UTC
2026-10-01T16:00:38.3435563Z   _R_CHECK_SYSTEM_CLOCK_: FALSE
2026-10-01T16:00:38.3435829Z   NOT_CRAN: true
2026-10-01T16:00:38.3436243Z   RSPM: https://packagemanager.posit.co/cran/__linux__/noble/latest
2026-10-01T16:00:38.3436865Z   RENV_CONFIG_REPOS_OVERRIDE: https://packagemanager.posit.co/cran/__linux__/noble/latest
2026-10-01T16:00:38.3437362Z ##[endgroup]
2026-10-01T16:00:38.4690853Z Get:1 file:/etc/apt/apt-mirrors.txt Mirrorlist [144 B]
2026-10-01T16:00:38.5717978Z Hit:3 https://packages.microsoft.com/ubuntu/24.04/prod noble InRelease
2026-10-01T16:00:38.5737796Z Hit:2 http://azure.archive.ubuntu.com/ubuntu noble InRelease
2026-10-01T16:00:38.5747394Z Hit:4 http://azure.archive.ubuntu.com/ubuntu noble-updates InRelease
2026-10-01T16:00:38.5765800Z Hit:5 http://azure.archive.ubuntu.com/ubuntu noble-backports InRelease
2026-10-01T16:00:38.5769231Z Hit:6 http://azure.archive.ubuntu.com/ubuntu noble-security InRelease
2026-10-01T16:00:41.2162246Z Reading package lists...
2026-10-01T16:00:41.2476449Z Reading package lists...
2026-10-01T16:00:41.4696080Z Building dependency tree...
2026-10-01T16:00:41.4704706Z Reading state information...
2026-10-01T16:00:41.6376537Z gfortran is already the newest version (4:13.2.0-7ubuntu1).
2026-10-01T16:00:41.6396042Z libxml2-dev is already the newest version (2.9.14+dfsg-1.3ubuntu3.9).
2026-10-01T16:00:41.6397046Z libxml2-dev set to manually installed.
2026-10-01T16:00:41.6398127Z libicu-dev is already the newest version (74.2-1ubuntu3.1).
2026-10-01T16:00:41.6399142Z The following additional packages will be installed:
2026-10-01T16:00:41.6400329Z   gir1.2-freedesktop gir1.2-freedesktop-dev gir1.2-glib-2.0-dev
2026-10-01T16:00:41.6401632Z   gir1.2-harfbuzz-0.0 libamd3 libblkid-dev libbrotli-dev libbtf2 libcamd3
2026-10-01T16:00:41.6420507Z   libccolamd3 libcholmod5 libcolamd3 libcxsparse4 libfontconfig-dev
2026-10-01T16:00:41.6421667Z   libgirepository-2.0-0 libgit2-1.7 libglib2.0-dev libglib2.0-dev-bin
2026-10-01T16:00:41.6422740Z   libglpk40 libgraphite2-dev libharfbuzz-cairo0 libharfbuzz-gobject0
2026-10-01T16:00:41.6423862Z   libharfbuzz-icu0 libharfbuzz-subset0 libhttp-parser-dev libhttp-parser2.9
2026-10-01T16:00:41.6425272Z   libjbig-dev libjpeg-turbo8-dev libjpeg8-dev libklu2 libldl3 liblerc-dev
2026-10-01T16:00:41.6426355Z   libmount-dev libnlopt0 libparu0 librbio4 libselinux1-dev libsepol-dev
2026-10-01T16:00:41.6427335Z   libsharpyuv-dev libspex2 libspqr4 libssh2-1-dev libssl3t64
2026-10-01T16:00:41.6428388Z   libsuitesparse-dev libsuitesparse-mongoose3 libsuitesparseconfig7 libtiffxx6
2026-10-01T16:00:41.6429416Z   libumfpack6 libwebp-dev libwebpdecoder3 openssl uuid-dev
2026-10-01T16:00:41.6430136Z Suggested packages:
2026-10-01T16:00:41.6430942Z   libcurl4-doc libidn-dev libkrb5-dev libldap2-dev librtmp-dev freetype2-doc
2026-10-01T16:00:41.6431965Z   libglib2.0-doc libgdk-pixbuf2.0-bin libxml2-utils libiodbc2-dev
2026-10-01T16:00:41.6432901Z   default-libmysqlclient-dev libgraphite2-utils libssl-doc
2026-10-01T16:00:41.6433614Z Recommended packages:
2026-10-01T16:00:41.6434173Z   libpng-tools libgraphblas-dev
2026-10-01T16:00:41.6763671Z The following NEW packages will be installed:
2026-10-01T16:00:41.6765609Z   build-essential gir1.2-freedesktop gir1.2-freedesktop-dev
2026-10-01T16:00:41.6767021Z   gir1.2-glib-2.0-dev gir1.2-harfbuzz-0.0 libamd3 libblkid-dev libbrotli-dev
2026-10-01T16:00:41.6768486Z   libbtf2 libcamd3 libccolamd3 libcholmod5 libcolamd3 libcurl4-openssl-dev
2026-10-01T16:00:41.6769805Z   libcxsparse4 libfontconfig-dev libfontconfig1-dev libfreetype-dev
2026-10-01T16:00:41.6771206Z   libfribidi-dev libgirepository-2.0-0 libgit2-1.7 libgit2-dev libglib2.0-dev
2026-10-01T16:00:41.6772666Z   libglib2.0-dev-bin libglpk-dev libglpk40 libgraphite2-dev libharfbuzz-cairo0
2026-10-01T16:00:41.6774058Z   libharfbuzz-dev libharfbuzz-gobject0 libharfbuzz-icu0 libharfbuzz-subset0
2026-10-01T16:00:41.6775893Z   libhttp-parser-dev libhttp-parser2.9 libjbig-dev libjpeg-dev
2026-10-01T16:00:41.6777166Z   libjpeg-turbo8-dev libjpeg8-dev libklu2 libldl3 liblerc-dev libmount-dev
2026-10-01T16:00:41.6778477Z   libnlopt-dev libnlopt0 libparu0 libpng-dev librbio4 libselinux1-dev
2026-10-01T16:00:41.6779678Z   libsepol-dev libsharpyuv-dev libspex2 libspqr4 libssh2-1-dev
2026-10-01T16:00:41.6780887Z   libsuitesparse-dev libsuitesparse-mongoose3 libsuitesparseconfig7
2026-10-01T16:00:41.6782086Z   libtiff-dev libtiffxx6 libumfpack6 libuv1-dev libwebp-dev libwebpdecoder3
2026-10-01T16:00:41.6782938Z   uuid-dev
2026-10-01T16:00:41.6793218Z The following packages will be upgraded:
2026-10-01T16:00:41.6796196Z   libssl-dev libssl3t64 openssl
2026-10-01T16:00:41.6981770Z 3 upgraded, 63 newly installed, 0 to remove and 22 not upgraded.
2026-10-01T16:00:41.6982783Z Need to get 19.0 MB of archives.
2026-10-01T16:00:41.6983882Z After this operation, 65.9 MB of additional disk space will be used.
2026-10-01T16:00:41.6985910Z Get:1 file:/etc/apt/apt-mirrors.txt Mirrorlist [144 B]
2026-10-01T16:01:11.7561528Z Ign:2 http://azure.archive.ubuntu.com/ubuntu noble-updates/main amd64 libssl-dev amd64 3.0.13-0ubuntu3.16
2026-10-01T16:01:11.7682984Z Get:3 http://azure.archive.ubuntu.com/ubuntu noble-updates/main amd64 libssl3t64 amd64 3.0.13-0ubuntu3.16 [1945 kB]
2026-10-01T16:01:42.1580282Z Ign:4 http://azure.archive.ubuntu.com/ubuntu noble-updates/main amd64 openssl amd64 3.0.13-0ubuntu3.16
2026-10-01T16:01:57.4173137Z Ign:5 http://azure.archive.ubuntu.com/ubuntu noble/main amd64 build-essential amd64 12.10ubuntu1
2026-10-01T16:01:57.4179736Z Ign:6 http://azure.archive.ubuntu.com/ubuntu noble/main amd64 gir1.2-freedesktop amd64 1.80.1-1
2026-10-01T16:01:57.4187984Z Ign:7 http://azure.archive.ubuntu.com/ubuntu noble-updates/main amd64 gir1.2-glib-2.0-dev amd64 2.80.0-6ubuntu3.9
2026-10-01T16:01:57.4200339Z Ign:8 http://azure.archive.ubuntu.com/ubuntu noble/main amd64 gir1.2-freedesktop-dev amd64 1.80.1-1
2026-10-01T16:01:57.4206114Z Ign:9 http://azure.archive.ubuntu.com/ubuntu noble/main amd64 libharfbuzz-gobject0 amd64 8.3.0-2build2
2026-10-01T16:01:57.4207967Z Ign:10 http://azure.archive.ubuntu.com/ubuntu noble/main amd64 gir1.2-harfbuzz-0.0 amd64 8.3.0-2build2
2026-10-01T16:01:57.4209709Z Ign:11 http://azure.archive.ubuntu.com/ubuntu noble/main amd64 libsuitesparseconfig7 amd64 1:7.6.1+dfsg-1build1
2026-10-01T16:01:57.4211251Z Ign:12 http://azure.archive.ubuntu.com/ubuntu noble/universe amd64 libamd3 amd64 1:7.6.1+dfsg-1build1
2026-10-01T16:01:57.4212802Z Ign:13 http://azure.archive.ubuntu.com/ubuntu noble/main amd64 libbrotli-dev amd64 1.1.0-2build2
2026-10-01T16:01:57.4214383Z Ign:14 http://azure.archive.ubuntu.com/ubuntu noble/universe amd64 libbtf2 amd64 1:7.6.1+dfsg-1build1
2026-10-01T16:01:57.4216372Z Ign:15 http://azure.archive.ubuntu.com/ubuntu noble/universe amd64 libcamd3 amd64 1:7.6.1+dfsg-1build1
2026-10-01T16:01:57.4218170Z Ign:16 http://azure.archive.ubuntu.com/ubuntu noble/universe amd64 libccolamd3 amd64 1:7.6.1+dfsg-1build1
2026-10-01T16:01:57.4219906Z Ign:17 http://azure.archive.ubuntu.com/ubuntu noble/main amd64 libcolamd3 amd64 1:7.6.1+dfsg-1build1
2026-10-01T16:01:57.4221624Z Ign:18 http://azure.archive.ubuntu.com/ubuntu noble/universe amd64 libcholmod5 amd64 1:7.6.1+dfsg-1build1
2026-10-01T16:01:57.4223908Z Ign:19 http://azure.archive.ubuntu.com/ubuntu noble-updates/main amd64 libcurl4-openssl-dev amd64 8.5.0-2ubuntu10.15
2026-10-01T16:01:57.4226070Z Ign:20 http://azure.archive.ubuntu.com/ubuntu noble/universe amd64 libcxsparse4 amd64 1:7.6.1+dfsg-1build1
2026-10-01T16:01:57.4227829Z Ign:21 http://azure.archive.ubuntu.com/ubuntu noble-updates/main amd64 libpng-dev amd64 1.6.43-5ubuntu0.6
2026-10-01T16:01:57.4229657Z Ign:22 http://azure.archive.ubuntu.com/ubuntu noble-updates/main amd64 libfreetype-dev amd64 2.13.2+dfsg-1ubuntu0.1
2026-10-01T16:01:57.4231427Z Ign:23 http://azure.archive.ubuntu.com/ubuntu noble-updates/main amd64 uuid-dev amd64 2.39.3-9ubuntu6.6
2026-10-01T16:01:57.4233162Z Ign:24 http://azure.archive.ubuntu.com/ubuntu noble/main amd64 libfontconfig-dev amd64 2.15.0-1.1ubuntu2
2026-10-01T16:01:57.4235415Z Ign:25 http://azure.archive.ubuntu.com/ubuntu noble/main amd64 libfontconfig1-dev amd64 2.15.0-1.1ubuntu2
2026-10-01T16:01:57.4237010Z Ign:26 http://azure.archive.ubuntu.com/ubuntu noble/main amd64 libfribidi-dev amd64 1.0.13-3build1
2026-10-01T16:01:57.4238749Z Ign:27 http://azure.archive.ubuntu.com/ubuntu noble-updates/main amd64 libgirepository-2.0-0 amd64 2.80.0-6ubuntu3.9
2026-10-01T16:01:57.4240475Z Ign:28 http://azure.archive.ubuntu.com/ubuntu noble/main amd64 libhttp-parser2.9 amd64 2.9.4-6build1
2026-10-01T16:01:57.4242156Z Ign:29 http://azure.archive.ubuntu.com/ubuntu noble-updates/main amd64 libgit2-1.7 amd64 1.7.2+ds-1ubuntu3.2
2026-10-01T16:01:57.4243948Z Ign:30 http://azure.archive.ubuntu.com/ubuntu noble-updates/main amd64 libglib2.0-dev-bin amd64 2.80.0-6ubuntu3.9
2026-10-01T16:01:57.4246096Z Ign:31 http://azure.archive.ubuntu.com/ubuntu noble-updates/main amd64 libblkid-dev amd64 2.39.3-9ubuntu6.6
2026-10-01T16:01:57.4247755Z Ign:32 http://azure.archive.ubuntu.com/ubuntu noble/main amd64 libsepol-dev amd64 3.5-2build1
2026-10-01T16:01:57.4249456Z Ign:33 http://azure.archive.ubuntu.com/ubuntu noble-updates/main amd64 libselinux1-dev amd64 3.5-2ubuntu2.1
2026-10-01T16:01:57.4251206Z Ign:34 http://azure.archive.ubuntu.com/ubuntu noble-updates/main amd64 libmount-dev amd64 2.39.3-9ubuntu6.6
2026-10-01T16:01:57.4252950Z Ign:35 http://azure.archive.ubuntu.com/ubuntu noble-updates/main amd64 libglib2.0-dev amd64 2.80.0-6ubuntu3.9
2026-10-01T16:01:57.4254574Z Ign:36 http://azure.archive.ubuntu.com/ubuntu noble/universe amd64 libglpk40 amd64 5.0-1build2
2026-10-01T16:01:57.4256362Z Ign:37 http://azure.archive.ubuntu.com/ubuntu noble/universe amd64 libklu2 amd64 1:7.6.1+dfsg-1build1
2026-10-01T16:01:57.4258034Z Ign:38 http://azure.archive.ubuntu.com/ubuntu noble/universe amd64 libldl3 amd64 1:7.6.1+dfsg-1build1
2026-10-01T16:01:57.4259800Z Ign:39 http://azure.archive.ubuntu.com/ubuntu noble/universe amd64 libsuitesparse-mongoose3 amd64 1:7.6.1+dfsg-1build1
2026-10-01T16:01:57.4261611Z Ign:40 http://azure.archive.ubuntu.com/ubuntu noble/universe amd64 libumfpack6 amd64 1:7.6.1+dfsg-1build1
2026-10-01T16:01:57.4263317Z Ign:41 http://azure.archive.ubuntu.com/ubuntu noble/universe amd64 librbio4 amd64 1:7.6.1+dfsg-1build1
2026-10-01T16:01:57.4265374Z Ign:42 http://azure.archive.ubuntu.com/ubuntu noble/universe amd64 libspqr4 amd64 1:7.6.1+dfsg-1build1
2026-10-01T16:01:57.4267191Z Ign:43 http://azure.archive.ubuntu.com/ubuntu noble/universe amd64 libspex2 amd64 1:7.6.1+dfsg-1build1
2026-10-01T16:01:57.4268847Z Ign:44 http://azure.archive.ubuntu.com/ubuntu noble/universe amd64 libparu0 amd64 1:7.6.1+dfsg-1build1
2026-10-01T16:01:57.4270572Z Ign:45 http://azure.archive.ubuntu.com/ubuntu noble/universe amd64 libsuitesparse-dev amd64 1:7.6.1+dfsg-1build1
2026-10-01T16:01:57.4272222Z Ign:46 http://azure.archive.ubuntu.com/ubuntu noble/universe amd64 libglpk-dev amd64 5.0-1build2
2026-10-01T16:01:57.4273983Z Ign:47 http://azure.archive.ubuntu.com/ubuntu noble-updates/main amd64 libgraphite2-dev amd64 1.3.14-2ubuntu0.24.04.1
2026-10-01T16:01:57.4276023Z Ign:48 http://azure.archive.ubuntu.com/ubuntu noble/main amd64 libharfbuzz-cairo0 amd64 8.3.0-2build2
2026-10-01T16:01:57.4277679Z Ign:49 http://azure.archive.ubuntu.com/ubuntu noble/main amd64 libharfbuzz-icu0 amd64 8.3.0-2build2
2026-10-01T16:01:57.4279809Z Ign:50 http://azure.archive.ubuntu.com/ubuntu noble/main amd64 libharfbuzz-subset0 amd64 8.3.0-2build2
2026-10-01T16:01:57.4281431Z Ign:51 http://azure.archive.ubuntu.com/ubuntu noble/main amd64 libharfbuzz-dev amd64 8.3.0-2build2
2026-10-01T16:01:57.4282906Z Ign:52 http://azure.archive.ubuntu.com/ubuntu noble/main amd64 libjpeg-turbo8-dev amd64 2.1.5-2ubuntu2
2026-10-01T16:01:57.4284476Z Ign:53 http://azure.archive.ubuntu.com/ubuntu noble/main amd64 libjpeg8-dev amd64 8c-2ubuntu11
2026-10-01T16:01:57.4286374Z Ign:54 http://azure.archive.ubuntu.com/ubuntu noble/main amd64 libjpeg-dev amd64 8c-2ubuntu11
2026-10-01T16:01:57.4288401Z Ign:55 http://azure.archive.ubuntu.com/ubuntu noble/main amd64 liblerc-dev amd64 4.0.0+ds-4ubuntu2
2026-10-01T16:01:57.4290065Z Ign:56 http://azure.archive.ubuntu.com/ubuntu noble/main amd64 libsharpyuv-dev amd64 1.3.2-0.4build3
2026-10-01T16:01:57.4291886Z Ign:57 http://azure.archive.ubuntu.com/ubuntu noble-updates/main amd64 libssh2-1-dev amd64 1.11.0-4.1ubuntu0.24.04.4
2026-10-01T16:01:57.4293621Z Ign:58 http://azure.archive.ubuntu.com/ubuntu noble/main amd64 libjbig-dev amd64 2.1-6.1ubuntu2
2026-10-01T16:01:57.4295595Z Ign:59 http://azure.archive.ubuntu.com/ubuntu noble/main amd64 libwebpdecoder3 amd64 1.3.2-0.4build3
2026-10-01T16:01:57.4297249Z Ign:60 http://azure.archive.ubuntu.com/ubuntu noble/main amd64 libwebp-dev amd64 1.3.2-0.4build3
2026-10-01T16:01:57.4299031Z Ign:61 http://azure.archive.ubuntu.com/ubuntu noble-updates/main amd64 libtiffxx6 amd64 4.5.1+git230720-4ubuntu2.5
2026-10-01T16:01:57.4300916Z Ign:62 http://azure.archive.ubuntu.com/ubuntu noble-updates/main amd64 libtiff-dev amd64 4.5.1+git230720-4ubuntu2.5
2026-10-01T16:01:57.4302677Z Ign:63 http://azure.archive.ubuntu.com/ubuntu noble/main amd64 libuv1-dev amd64 1.48.0-1.1build1
2026-10-01T16:01:57.4304361Z Ign:64 http://azure.archive.ubuntu.com/ubuntu noble/main amd64 libhttp-parser-dev amd64 2.9.4-6build1
2026-10-01T16:01:57.4306488Z Ign:65 http://azure.archive.ubuntu.com/ubuntu noble-updates/main amd64 libgit2-dev amd64 1.7.2+ds-1ubuntu3.2
2026-10-01T16:01:57.4308169Z Ign:66 http://azure.archive.ubuntu.com/ubuntu noble/universe amd64 libnlopt0 amd64 2.7.1-5build2
2026-10-01T16:01:57.4309764Z Ign:67 http://azure.archive.ubuntu.com/ubuntu noble/universe amd64 libnlopt-dev amd64 2.7.1-5build2
2026-10-01T16:01:57.4311462Z Ign:2 http://azure.archive.ubuntu.com/ubuntu noble-updates/main amd64 libssl-dev amd64 3.0.13-0ubuntu3.16
2026-10-01T16:01:57.4336283Z Ign:4 http://azure.archive.ubuntu.com/ubuntu noble-updates/main amd64 openssl amd64 3.0.13-0ubuntu3.16
2026-10-01T16:01:58.3462731Z Get:2 https://archive.ubuntu.com/ubuntu noble-updates/main amd64 libssl-dev amd64 3.0.13-0ubuntu3.16 [2409 kB]
2026-10-01T16:01:58.4168723Z Ign:5 http://azure.archive.ubuntu.com/ubuntu noble/main amd64 build-essential amd64 12.10ubuntu1
2026-10-01T16:01:58.4170368Z Ign:6 http://azure.archive.ubuntu.com/ubuntu noble/main amd64 gir1.2-freedesktop amd64 1.80.1-1
2026-10-01T16:01:58.4175129Z Ign:7 http://azure.archive.ubuntu.com/ubuntu noble-updates/main amd64 gir1.2-glib-2.0-dev amd64 2.80.0-6ubuntu3.9
2026-10-01T16:01:58.4185710Z Ign:8 http://azure.archive.ubuntu.com/ubuntu noble/main amd64 gir1.2-freedesktop-dev amd64 1.80.1-1
2026-10-01T16:01:58.4193290Z Ign:9 http://azure.archive.ubuntu.com/ubuntu noble/main amd64 libharfbuzz-gobject0 amd64 8.3.0-2build2
2026-10-01T16:01:58.4200768Z Ign:10 http://azure.archive.ubuntu.com/ubuntu noble/main amd64 gir1.2-harfbuzz-0.0 amd64 8.3.0-2build2
2026-10-01T16:01:58.4202633Z Ign:11 http://azure.archive.ubuntu.com/ubuntu noble/main amd64 libsuitesparseconfig7 amd64 1:7.6.1+dfsg-1build1
2026-10-01T16:01:58.4208619Z Ign:12 http://azure.archive.ubuntu.com/ubuntu noble/universe amd64 libamd3 amd64 1:7.6.1+dfsg-1build1
2026-10-01T16:01:58.4209953Z Ign:13 http://azure.archive.ubuntu.com/ubuntu noble/main amd64 libbrotli-dev amd64 1.1.0-2build2
2026-10-01T16:01:58.4210913Z Ign:14 http://azure.archive.ubuntu.com/ubuntu noble/universe amd64 libbtf2 amd64 1:7.6.1+dfsg-1build1
2026-10-01T16:01:58.4212184Z Ign:15 http://azure.archive.ubuntu.com/ubuntu noble/universe amd64 libcamd3 amd64 1:7.6.1+dfsg-1build1
2026-10-01T16:01:58.4213160Z Ign:16 http://azure.archive.ubuntu.com/ubuntu noble/universe amd64 libccolamd3 amd64 1:7.6.1+dfsg-1build1
2026-10-01T16:01:58.4214073Z Ign:17 http://azure.archive.ubuntu.com/ubuntu noble/main amd64 libcolamd3 amd64 1:7.6.1+dfsg-1build1
2026-10-01T16:01:58.4215563Z Ign:18 http://azure.archive.ubuntu.com/ubuntu noble/universe amd64 libcholmod5 amd64 1:7.6.1+dfsg-1build1
2026-10-01T16:01:58.4217269Z Ign:19 http://azure.archive.ubuntu.com/ubuntu noble-updates/main amd64 libcurl4-openssl-dev amd64 8.5.0-2ubuntu10.15
2026-10-01T16:01:58.4218607Z Ign:20 http://azure.archive.ubuntu.com/ubuntu noble/universe amd64 libcxsparse4 amd64 1:7.6.1+dfsg-1build1
2026-10-01T16:01:58.4219428Z Ign:21 http://azure.archive.ubuntu.com/ubuntu noble-updates/main amd64 libpng-dev amd64 1.6.43-5ubuntu0.6
2026-10-01T16:01:58.4220325Z Ign:22 http://azure.archive.ubuntu.com/ubuntu noble-updates/main amd64 libfreetype-dev amd64 2.13.2+dfsg-1ubuntu0.1
2026-10-01T16:01:58.4221172Z Ign:23 http://azure.archive.ubuntu.com/ubuntu noble-updates/main amd64 uuid-dev amd64 2.39.3-9ubuntu6.6
2026-10-01T16:01:58.4221967Z Ign:24 http://azure.archive.ubuntu.com/ubuntu noble/main amd64 libfontconfig-dev amd64 2.15.0-1.1ubuntu2
2026-10-01T16:01:58.4222754Z Ign:25 http://azure.archive.ubuntu.com/ubuntu noble/main amd64 libfontconfig1-dev amd64 2.15.0-1.1ubuntu2
2026-10-01T16:01:58.4223515Z Ign:26 http://azure.archive.ubuntu.com/ubuntu noble/main amd64 libfribidi-dev amd64 1.0.13-3build1
2026-10-01T16:01:58.4224374Z Ign:27 http://azure.archive.ubuntu.com/ubuntu noble-updates/main amd64 libgirepository-2.0-0 amd64 2.80.0-6ubuntu3.9
2026-10-01T16:01:58.4225551Z Ign:28 http://azure.archive.ubuntu.com/ubuntu noble/main amd64 libhttp-parser2.9 amd64 2.9.4-6build1
2026-10-01T16:01:58.4226378Z Ign:29 http://azure.archive.ubuntu.com/ubuntu noble-updates/main amd64 libgit2-1.7 amd64 1.7.2+ds-1ubuntu3.2
2026-10-01T16:01:58.4227248Z Ign:30 http://azure.archive.ubuntu.com/ubuntu noble-updates/main amd64 libglib2.0-dev-bin amd64 2.80.0-6ubuntu3.9
2026-10-01T16:01:58.4228095Z Ign:31 http://azure.archive.ubuntu.com/ubuntu noble-updates/main amd64 libblkid-dev amd64 2.39.3-9ubuntu6.6
2026-10-01T16:01:58.4228862Z Ign:32 http://azure.archive.ubuntu.com/ubuntu noble/main amd64 libsepol-dev amd64 3.5-2build1
2026-10-01T16:01:58.4229635Z Ign:33 http://azure.archive.ubuntu.com/ubuntu noble-updates/main amd64 libselinux1-dev amd64 3.5-2ubuntu2.1
2026-10-01T16:01:58.4230456Z Ign:34 http://azure.archive.ubuntu.com/ubuntu noble-updates/main amd64 libmount-dev amd64 2.39.3-9ubuntu6.6
2026-10-01T16:01:58.4231292Z Ign:35 http://azure.archive.ubuntu.com/ubuntu noble-updates/main amd64 libglib2.0-dev amd64 2.80.0-6ubuntu3.9
2026-10-01T16:01:58.4232076Z Ign:36 http://azure.archive.ubuntu.com/ubuntu noble/universe amd64 libglpk40 amd64 5.0-1build2
2026-10-01T16:01:58.4232848Z Ign:37 http://azure.archive.ubuntu.com/ubuntu noble/universe amd64 libklu2 amd64 1:7.6.1+dfsg-1build1
2026-10-01T16:01:58.4233617Z Ign:38 http://azure.archive.ubuntu.com/ubuntu noble/universe amd64 libldl3 amd64 1:7.6.1+dfsg-1build1
2026-10-01T16:01:58.4234468Z Ign:39 http://azure.archive.ubuntu.com/ubuntu noble/universe amd64 libsuitesparse-mongoose3 amd64 1:7.6.1+dfsg-1build1
2026-10-01T16:01:58.4236008Z Ign:40 http://azure.archive.ubuntu.com/ubuntu noble/universe amd64 libumfpack6 amd64 1:7.6.1+dfsg-1build1
2026-10-01T16:01:58.4236835Z Ign:41 http://azure.archive.ubuntu.com/ubuntu noble/universe amd64 librbio4 amd64 1:7.6.1+dfsg-1build1
2026-10-01T16:01:58.4237647Z Ign:42 http://azure.archive.ubuntu.com/ubuntu noble/universe amd64 libspqr4 amd64 1:7.6.1+dfsg-1build1
2026-10-01T16:01:58.4238447Z Ign:43 http://azure.archive.ubuntu.com/ubuntu noble/universe amd64 libspex2 amd64 1:7.6.1+dfsg-1build1
2026-10-01T16:01:58.4239217Z Ign:44 http://azure.archive.ubuntu.com/ubuntu noble/universe amd64 libparu0 amd64 1:7.6.1+dfsg-1build1
2026-10-01T16:01:58.4240207Z Ign:45 http://azure.archive.ubuntu.com/ubuntu noble/universe amd64 libsuitesparse-dev amd64 1:7.6.1+dfsg-1build1
2026-10-01T16:01:58.4241026Z Ign:46 http://azure.archive.ubuntu.com/ubuntu noble/universe amd64 libglpk-dev amd64 5.0-1build2
2026-10-01T16:01:58.4241869Z Ign:47 http://azure.archive.ubuntu.com/ubuntu noble-updates/main amd64 libgraphite2-dev amd64 1.3.14-2ubuntu0.24.04.1
2026-10-01T16:01:58.4242709Z Ign:48 http://azure.archive.ubuntu.com/ubuntu noble/main amd64 libharfbuzz-cairo0 amd64 8.3.0-2build2
2026-10-01T16:01:58.4243476Z Ign:49 http://azure.archive.ubuntu.com/ubuntu noble/main amd64 libharfbuzz-icu0 amd64 8.3.0-2build2
2026-10-01T16:01:58.4244243Z Ign:50 http://azure.archive.ubuntu.com/ubuntu noble/main amd64 libharfbuzz-subset0 amd64 8.3.0-2build2
2026-10-01T16:01:58.4245296Z Ign:51 http://azure.archive.ubuntu.com/ubuntu noble/main amd64 libharfbuzz-dev amd64 8.3.0-2build2
2026-10-01T16:01:58.4246074Z Ign:52 http://azure.archive.ubuntu.com/ubuntu noble/main amd64 libjpeg-turbo8-dev amd64 2.1.5-2ubuntu2
2026-10-01T16:01:58.4246830Z Ign:53 http://azure.archive.ubuntu.com/ubuntu noble/main amd64 libjpeg8-dev amd64 8c-2ubuntu11
2026-10-01T16:01:58.4247557Z Ign:54 http://azure.archive.ubuntu.com/ubuntu noble/main amd64 libjpeg-dev amd64 8c-2ubuntu11
2026-10-01T16:01:58.4248284Z Ign:55 http://azure.archive.ubuntu.com/ubuntu noble/main amd64 liblerc-dev amd64 4.0.0+ds-4ubuntu2
2026-10-01T16:01:58.4249041Z Ign:56 http://azure.archive.ubuntu.com/ubuntu noble/main amd64 libsharpyuv-dev amd64 1.3.2-0.4build3
2026-10-01T16:01:58.4249881Z Ign:57 http://azure.archive.ubuntu.com/ubuntu noble-updates/main amd64 libssh2-1-dev amd64 1.11.0-4.1ubuntu0.24.04.4
2026-10-01T16:01:58.4250693Z Ign:58 http://azure.archive.ubuntu.com/ubuntu noble/main amd64 libjbig-dev amd64 2.1-6.1ubuntu2
2026-10-01T16:01:58.4251434Z Ign:59 http://azure.archive.ubuntu.com/ubuntu noble/main amd64 libwebpdecoder3 amd64 1.3.2-0.4build3
2026-10-01T16:01:58.4252184Z Ign:60 http://azure.archive.ubuntu.com/ubuntu noble/main amd64 libwebp-dev amd64 1.3.2-0.4build3
2026-10-01T16:01:58.4253074Z Ign:61 http://azure.archive.ubuntu.com/ubuntu noble-updates/main amd64 libtiffxx6 amd64 4.5.1+git230720-4ubuntu2.5
2026-10-01T16:01:58.4253978Z Ign:62 http://azure.archive.ubuntu.com/ubuntu noble-updates/main amd64 libtiff-dev amd64 4.5.1+git230720-4ubuntu2.5
2026-10-01T16:01:58.4254894Z Ign:63 http://azure.archive.ubuntu.com/ubuntu noble/main amd64 libuv1-dev amd64 1.48.0-1.1build1
2026-10-01T16:01:58.4255653Z Ign:64 http://azure.archive.ubuntu.com/ubuntu noble/main amd64 libhttp-parser-dev amd64 2.9.4-6build1
2026-10-01T16:01:58.4256470Z Ign:65 http://azure.archive.ubuntu.com/ubuntu noble-updates/main amd64 libgit2-dev amd64 1.7.2+ds-1ubuntu3.2
2026-10-01T16:01:58.4257260Z Ign:66 http://azure.archive.ubuntu.com/ubuntu noble/universe amd64 libnlopt0 amd64 2.7.1-5build2
2026-10-01T16:01:58.4258011Z Ign:67 http://azure.archive.ubuntu.com/ubuntu noble/universe amd64 libnlopt-dev amd64 2.7.1-5build2
2026-10-01T16:01:59.5362092Z Get:4 https://archive.ubuntu.com/ubuntu noble-updates/main amd64 openssl amd64 3.0.13-0ubuntu3.16 [1004 kB]
2026-10-01T16:01:59.6968822Z Get:5 https://archive.ubuntu.com/ubuntu noble/main amd64 build-essential amd64 12.10ubuntu1 [4928 B]
2026-10-01T16:01:59.8054075Z Get:6 https://archive.ubuntu.com/ubuntu noble/main amd64 gir1.2-freedesktop amd64 1.80.1-1 [49.7 kB]
2026-10-01T16:01:59.9158325Z Get:7 https://archive.ubuntu.com/ubuntu noble-updates/main amd64 gir1.2-glib-2.0-dev amd64 2.80.0-6ubuntu3.9 [848 kB]
2026-10-01T16:02:00.0685514Z Get:8 https://archive.ubuntu.com/ubuntu noble/main amd64 gir1.2-freedesktop-dev amd64 1.80.1-1 [28.8 kB]
2026-10-01T16:02:00.1782033Z Get:9 https://archive.ubuntu.com/ubuntu noble/main amd64 libharfbuzz-gobject0 amd64 8.3.0-2build2 [34.3 kB]
2026-10-01T16:02:00.2881228Z Get:10 https://archive.ubuntu.com/ubuntu noble/main amd64 gir1.2-harfbuzz-0.0 amd64 8.3.0-2build2 [44.5 kB]
2026-10-01T16:02:00.3988263Z Get:11 https://archive.ubuntu.com/ubuntu noble/main amd64 libsuitesparseconfig7 amd64 1:7.6.1+dfsg-1build1 [12.9 kB]
2026-10-01T16:02:00.5076473Z Get:12 https://archive.ubuntu.com/ubuntu noble/universe amd64 libamd3 amd64 1:7.6.1+dfsg-1build1 [27.2 kB]
2026-10-01T16:02:00.6183445Z Get:13 https://archive.ubuntu.com/ubuntu noble/main amd64 libbrotli-dev amd64 1.1.0-2build2 [353 kB]
2026-10-01T16:02:00.7455424Z Get:14 https://archive.ubuntu.com/ubuntu noble/universe amd64 libbtf2 amd64 1:7.6.1+dfsg-1build1 [13.6 kB]
2026-10-01T16:02:00.8539646Z Get:15 https://archive.ubuntu.com/ubuntu noble/universe amd64 libcamd3 amd64 1:7.6.1+dfsg-1build1 [23.8 kB]
2026-10-01T16:02:00.9628573Z Get:16 https://archive.ubuntu.com/ubuntu noble/universe amd64 libccolamd3 amd64 1:7.6.1+dfsg-1build1 [25.9 kB]
2026-10-01T16:02:01.0721904Z Get:17 https://archive.ubuntu.com/ubuntu noble/main amd64 libcolamd3 amd64 1:7.6.1+dfsg-1build1 [19.4 kB]
2026-10-01T16:02:01.1810547Z Get:18 https://archive.ubuntu.com/ubuntu noble/universe amd64 libcholmod5 amd64 1:7.6.1+dfsg-1build1 [667 kB]
2026-10-01T16:02:01.3244356Z Get:19 https://archive.ubuntu.com/ubuntu noble-updates/main amd64 libcurl4-openssl-dev amd64 8.5.0-2ubuntu10.15 [446 kB]
2026-10-01T16:02:01.4555023Z Get:20 https://archive.ubuntu.com/ubuntu noble/universe amd64 libcxsparse4 amd64 1:7.6.1+dfsg-1build1 [75.1 kB]
2026-10-01T16:02:01.7151351Z Get:21 https://archive.ubuntu.com/ubuntu noble-updates/main amd64 libpng-dev amd64 1.6.43-5ubuntu0.6 [265 kB]
2026-10-01T16:02:01.8365156Z Get:22 https://archive.ubuntu.com/ubuntu noble-updates/main amd64 libfreetype-dev amd64 2.13.2+dfsg-1ubuntu0.1 [575 kB]
2026-10-01T16:02:01.9751406Z Get:23 https://archive.ubuntu.com/ubuntu noble-updates/main amd64 uuid-dev amd64 2.39.3-9ubuntu6.6 [33.5 kB]
2026-10-01T16:02:02.0848606Z Get:24 https://archive.ubuntu.com/ubuntu noble/main amd64 libfontconfig-dev amd64 2.15.0-1.1ubuntu2 [161 kB]
2026-10-01T16:02:02.2010414Z Get:25 https://archive.ubuntu.com/ubuntu noble/main amd64 libfontconfig1-dev amd64 2.15.0-1.1ubuntu2 [1840 B]
2026-10-01T16:02:02.3099116Z Get:26 https://archive.ubuntu.com/ubuntu noble/main amd64 libfribidi-dev amd64 1.0.13-3build1 [64.8 kB]
2026-10-01T16:02:02.4209574Z Get:27 https://archive.ubuntu.com/ubuntu noble-updates/main amd64 libgirepository-2.0-0 amd64 2.80.0-6ubuntu3.9 [73.5 kB]
2026-10-01T16:02:02.5324613Z Get:28 https://archive.ubuntu.com/ubuntu noble/main amd64 libhttp-parser2.9 amd64 2.9.4-6build1 [22.3 kB]
2026-10-01T16:02:02.6409630Z Get:29 https://archive.ubuntu.com/ubuntu noble-updates/main amd64 libgit2-1.7 amd64 1.7.2+ds-1ubuntu3.2 [529 kB]
2026-10-01T16:02:02.7765946Z Get:30 https://archive.ubuntu.com/ubuntu noble-updates/main amd64 libglib2.0-dev-bin amd64 2.80.0-6ubuntu3.9 [138 kB]
2026-10-01T16:02:02.8915096Z Get:31 https://archive.ubuntu.com/ubuntu noble-updates/main amd64 libblkid-dev amd64 2.39.3-9ubuntu6.6 [205 kB]
2026-10-01T16:02:03.0096899Z Get:32 https://archive.ubuntu.com/ubuntu noble/main amd64 libsepol-dev amd64 3.5-2build1 [384 kB]
2026-10-01T16:02:03.1382982Z Get:33 https://archive.ubuntu.com/ubuntu noble-updates/main amd64 libselinux1-dev amd64 3.5-2ubuntu2.1 [164 kB]
2026-10-01T16:02:03.2548400Z Get:34 https://archive.ubuntu.com/ubuntu noble-updates/main amd64 libmount-dev amd64 2.39.3-9ubuntu6.6 [14.9 kB]
2026-10-01T16:02:03.3631738Z Get:35 https://archive.ubuntu.com/ubuntu noble-updates/main amd64 libglib2.0-dev amd64 2.80.0-6ubuntu3.9 [1860 kB]
2026-10-01T16:02:03.5701604Z Get:36 https://archive.ubuntu.com/ubuntu noble/universe amd64 libglpk40 amd64 5.0-1build2 [369 kB]
2026-10-01T16:02:03.6920446Z Get:37 https://archive.ubuntu.com/ubuntu noble/universe amd64 libklu2 amd64 1:7.6.1+dfsg-1build1 [79.0 kB]
2026-10-01T16:02:03.8029670Z Get:38 https://archive.ubuntu.com/ubuntu noble/universe amd64 libldl3 amd64 1:7.6.1+dfsg-1build1 [13.3 kB]
2026-10-01T16:02:03.9120472Z Get:39 https://archive.ubuntu.com/ubuntu noble/universe amd64 libsuitesparse-mongoose3 amd64 1:7.6.1+dfsg-1build1 [33.5 kB]
2026-10-01T16:02:04.1691767Z Get:40 https://archive.ubuntu.com/ubuntu noble/universe amd64 libumfpack6 amd64 1:7.6.1+dfsg-1build1 [268 kB]
2026-10-01T16:02:04.2878424Z Get:41 https://archive.ubuntu.com/ubuntu noble/universe amd64 librbio4 amd64 1:7.6.1+dfsg-1build1 [26.5 kB]
2026-10-01T16:02:04.3975941Z Get:42 https://archive.ubuntu.com/ubuntu noble/universe amd64 libspqr4 amd64 1:7.6.1+dfsg-1build1 [135 kB]
2026-10-01T16:02:04.5105881Z Get:43 https://archive.ubuntu.com/ubuntu noble/universe amd64 libspex2 amd64 1:7.6.1+dfsg-1build1 [35.0 kB]
2026-10-01T16:02:04.6198158Z Get:44 https://archive.ubuntu.com/ubuntu noble/universe amd64 libparu0 amd64 1:7.6.1+dfsg-1build1 [50.0 kB]
2026-10-01T16:02:04.7292858Z Get:45 https://archive.ubuntu.com/ubuntu noble/universe amd64 libsuitesparse-dev amd64 1:7.6.1+dfsg-1build1 [1535 kB]
2026-10-01T16:02:04.8966566Z Get:46 https://archive.ubuntu.com/ubuntu noble/universe amd64 libglpk-dev amd64 5.0-1build2 [478 kB]
2026-10-01T16:02:05.0224458Z Get:47 https://archive.ubuntu.com/ubuntu noble-updates/main amd64 libgraphite2-dev amd64 1.3.14-2ubuntu0.24.04.1 [14.7 kB]
2026-10-01T16:02:05.1308131Z Get:48 https://archive.ubuntu.com/ubuntu noble/main amd64 libharfbuzz-cairo0 amd64 8.3.0-2build2 [26.2 kB]
2026-10-01T16:02:05.2399460Z Get:49 https://archive.ubuntu.com/ubuntu noble/main amd64 libharfbuzz-icu0 amd64 8.3.0-2build2 [13.3 kB]
2026-10-01T16:02:05.3487014Z Get:50 https://archive.ubuntu.com/ubuntu noble/main amd64 libharfbuzz-subset0 amd64 8.3.0-2build2 [448 kB]
2026-10-01T16:02:05.4735675Z Get:51 https://archive.ubuntu.com/ubuntu noble/main amd64 libharfbuzz-dev amd64 8.3.0-2build2 [142 kB]
2026-10-01T16:02:05.5862197Z Get:52 https://archive.ubuntu.com/ubuntu noble/main amd64 libjpeg-turbo8-dev amd64 2.1.5-2ubuntu2 [295 kB]
2026-10-01T16:02:05.7049763Z Get:53 https://archive.ubuntu.com/ubuntu noble/main amd64 libjpeg8-dev amd64 8c-2ubuntu11 [1484 B]
2026-10-01T16:02:05.8135883Z Get:54 https://archive.ubuntu.com/ubuntu noble/main amd64 libjpeg-dev amd64 8c-2ubuntu11 [1482 B]
2026-10-01T16:02:05.9223769Z Get:55 https://archive.ubuntu.com/ubuntu noble/main amd64 liblerc-dev amd64 4.0.0+ds-4ubuntu2 [182 kB]
2026-10-01T16:02:06.0365966Z Get:56 https://archive.ubuntu.com/ubuntu noble/main amd64 libsharpyuv-dev amd64 1.3.2-0.4build3 [16.0 kB]
2026-10-01T16:02:06.1450787Z Get:57 https://archive.ubuntu.com/ubuntu noble-updates/main amd64 libssh2-1-dev amd64 1.11.0-4.1ubuntu0.24.04.4 [260 kB]
2026-10-01T16:02:06.2624996Z Get:58 https://archive.ubuntu.com/ubuntu noble/main amd64 libjbig-dev amd64 2.1-6.1ubuntu2 [27.9 kB]
2026-10-01T16:02:06.5200466Z Get:59 https://archive.ubuntu.com/ubuntu noble/main amd64 libwebpdecoder3 amd64 1.3.2-0.4build3 [114 kB]
2026-10-01T16:02:06.6327102Z Get:60 https://archive.ubuntu.com/ubuntu noble/main amd64 libwebp-dev amd64 1.3.2-0.4build3 [367 kB]
2026-10-01T16:02:06.7546656Z Get:61 https://archive.ubuntu.com/ubuntu noble-updates/main amd64 libtiffxx6 amd64 4.5.1+git230720-4ubuntu2.5 [5642 B]
2026-10-01T16:02:06.8632417Z Get:62 https://archive.ubuntu.com/ubuntu noble-updates/main amd64 libtiff-dev amd64 4.5.1+git230720-4ubuntu2.5 [338 kB]
2026-10-01T16:02:06.9830671Z Get:63 https://archive.ubuntu.com/ubuntu noble/main amd64 libuv1-dev amd64 1.48.0-1.1build1 [136 kB]
2026-10-01T16:02:07.0960899Z Get:64 https://archive.ubuntu.com/ubuntu noble/main amd64 libhttp-parser-dev amd64 2.9.4-6build1 [21.5 kB]
2026-10-01T16:02:07.2046458Z Get:65 https://archive.ubuntu.com/ubuntu noble-updates/main amd64 libgit2-dev amd64 1.7.2+ds-1ubuntu3.2 [814 kB]
2026-10-01T16:02:07.3432487Z Get:66 https://archive.ubuntu.com/ubuntu noble/universe amd64 libnlopt0 amd64 2.7.1-5build2 [184 kB]
2026-10-01T16:02:07.4577377Z Get:67 https://archive.ubuntu.com/ubuntu noble/universe amd64 libnlopt-dev amd64 2.7.1-5build2 [43.9 kB]
2026-10-01T16:02:07.7841182Z Fetched 19.0 MB in 1min 26s (222 kB/s)
2026-10-01T16:02:07.8106074Z (Reading database ... 
2026-10-01T16:02:07.8106684Z (Reading database ... 5%
2026-10-01T16:02:07.8107187Z (Reading database ... 10%
2026-10-01T16:02:07.8107694Z (Reading database ... 15%
2026-10-01T16:02:07.8108209Z (Reading database ... 20%
2026-10-01T16:02:07.8108669Z (Reading database ... 25%
2026-10-01T16:02:07.8109133Z (Reading database ... 30%
2026-10-01T16:02:07.8109846Z (Reading database ... 35%
2026-10-01T16:02:07.8110342Z (Reading database ... 40%
2026-10-01T16:02:07.8110812Z (Reading database ... 45%
2026-10-01T16:02:07.8111266Z (Reading database ... 50%
2026-10-01T16:02:07.8228891Z (Reading database ... 55%
2026-10-01T16:02:07.8251067Z (Reading database ... 60%
2026-10-01T16:02:07.8281216Z (Reading database ... 65%
2026-10-01T16:02:07.8301170Z (Reading database ... 70%
2026-10-01T16:02:07.8345255Z (Reading database ... 75%
2026-10-01T16:02:07.8382846Z (Reading database ... 80%
2026-10-01T16:02:07.8560880Z (Reading database ... 85%
2026-10-01T16:02:07.8782739Z (Reading database ... 90%
2026-10-01T16:02:07.8863925Z (Reading database ... 95%
2026-10-01T16:02:07.8865628Z (Reading database ... 100%
2026-10-01T16:02:07.8866692Z (Reading database ... 212106 files and directories currently installed.)
2026-10-01T16:02:07.8909842Z Preparing to unpack .../libssl-dev_3.0.13-0ubuntu3.16_amd64.deb ...
2026-10-01T16:02:07.8941293Z Unpacking libssl-dev:amd64 (3.0.13-0ubuntu3.16) over (3.0.13-0ubuntu3.15) ...
2026-10-01T16:02:08.0476020Z Preparing to unpack .../libssl3t64_3.0.13-0ubuntu3.16_amd64.deb ...
2026-10-01T16:02:08.0512092Z Unpacking libssl3t64:amd64 (3.0.13-0ubuntu3.16) over (3.0.13-0ubuntu3.15) ...
2026-10-01T16:02:08.1218641Z Setting up libssl3t64:amd64 (3.0.13-0ubuntu3.16) ...
2026-10-01T16:02:08.1616048Z (Reading database ... 
2026-10-01T16:02:08.1616601Z (Reading database ... 5%
2026-10-01T16:02:08.1617084Z (Reading database ... 10%
2026-10-01T16:02:08.1617549Z (Reading database ... 15%
2026-10-01T16:02:08.1618006Z (Reading database ... 20%
2026-10-01T16:02:08.1618466Z (Reading database ... 25%
2026-10-01T16:02:08.1618950Z (Reading database ... 30%
2026-10-01T16:02:08.1619398Z (Reading database ... 35%
2026-10-01T16:02:08.1619927Z (Reading database ... 40%
2026-10-01T16:02:08.1620419Z (Reading database ... 45%
2026-10-01T16:02:08.1620862Z (Reading database ... 50%
2026-10-01T16:02:08.1746199Z (Reading database ... 55%
2026-10-01T16:02:08.1773642Z (Reading database ... 60%
2026-10-01T16:02:08.1808434Z (Reading database ... 65%
2026-10-01T16:02:08.1831490Z (Reading database ... 70%
2026-10-01T16:02:08.1881394Z (Reading database ... 75%
2026-10-01T16:02:08.1918390Z (Reading database ... 80%
2026-10-01T16:02:08.2091667Z (Reading database ... 85%
2026-10-01T16:02:08.2306428Z (Reading database ... 90%
2026-10-01T16:02:08.2386665Z (Reading database ... 95%
2026-10-01T16:02:08.2387749Z (Reading database ... 100%
2026-10-01T16:02:08.2388725Z (Reading database ... 212106 files and directories currently installed.)
2026-10-01T16:02:08.2433799Z Preparing to unpack .../00-openssl_3.0.13-0ubuntu3.16_amd64.deb ...
2026-10-01T16:02:08.2455107Z Unpacking openssl (3.0.13-0ubuntu3.16) over (3.0.13-0ubuntu3.15) ...
2026-10-01T16:02:08.3420021Z Selecting previously unselected package build-essential.
2026-10-01T16:02:08.3559720Z Preparing to unpack .../01-build-essential_12.10ubuntu1_amd64.deb ...
2026-10-01T16:02:08.3566389Z Unpacking build-essential (12.10ubuntu1) ...
2026-10-01T16:02:08.3764498Z Selecting previously unselected package gir1.2-freedesktop:amd64.
2026-10-01T16:02:08.3904571Z Preparing to unpack .../02-gir1.2-freedesktop_1.80.1-1_amd64.deb ...
2026-10-01T16:02:08.3915995Z Unpacking gir1.2-freedesktop:amd64 (1.80.1-1) ...
2026-10-01T16:02:08.4145719Z Selecting previously unselected package gir1.2-glib-2.0-dev:amd64.
2026-10-01T16:02:08.4278148Z Preparing to unpack .../03-gir1.2-glib-2.0-dev_2.80.0-6ubuntu3.9_amd64.deb ...
2026-10-01T16:02:08.4285107Z Unpacking gir1.2-glib-2.0-dev:amd64 (2.80.0-6ubuntu3.9) ...
2026-10-01T16:02:08.4822376Z Selecting previously unselected package gir1.2-freedesktop-dev:amd64.
2026-10-01T16:02:08.4959024Z Preparing to unpack .../04-gir1.2-freedesktop-dev_1.80.1-1_amd64.deb ...
2026-10-01T16:02:08.4966446Z Unpacking gir1.2-freedesktop-dev:amd64 (1.80.1-1) ...
2026-10-01T16:02:08.5226712Z Selecting previously unselected package libharfbuzz-gobject0:amd64.
2026-10-01T16:02:08.5350747Z Preparing to unpack .../05-libharfbuzz-gobject0_8.3.0-2build2_amd64.deb ...
2026-10-01T16:02:08.5357793Z Unpacking libharfbuzz-gobject0:amd64 (8.3.0-2build2) ...
2026-10-01T16:02:08.5561789Z Selecting previously unselected package gir1.2-harfbuzz-0.0:amd64.
2026-10-01T16:02:08.5697717Z Preparing to unpack .../06-gir1.2-harfbuzz-0.0_8.3.0-2build2_amd64.deb ...
2026-10-01T16:02:08.5704130Z Unpacking gir1.2-harfbuzz-0.0:amd64 (8.3.0-2build2) ...
2026-10-01T16:02:08.5918426Z Selecting previously unselected package libsuitesparseconfig7:amd64.
2026-10-01T16:02:08.6053157Z Preparing to unpack .../07-libsuitesparseconfig7_1%3a7.6.1+dfsg-1build1_amd64.deb ...
2026-10-01T16:02:08.6061038Z Unpacking libsuitesparseconfig7:amd64 (1:7.6.1+dfsg-1build1) ...
2026-10-01T16:02:08.6307706Z Selecting previously unselected package libamd3:amd64.
2026-10-01T16:02:08.6442195Z Preparing to unpack .../08-libamd3_1%3a7.6.1+dfsg-1build1_amd64.deb ...
2026-10-01T16:02:08.6449234Z Unpacking libamd3:amd64 (1:7.6.1+dfsg-1build1) ...
2026-10-01T16:02:08.6656042Z Selecting previously unselected package libbrotli-dev:amd64.
2026-10-01T16:02:08.6788737Z Preparing to unpack .../09-libbrotli-dev_1.1.0-2build2_amd64.deb ...
2026-10-01T16:02:08.6797333Z Unpacking libbrotli-dev:amd64 (1.1.0-2build2) ...
2026-10-01T16:02:08.7086044Z Selecting previously unselected package libbtf2:amd64.
2026-10-01T16:02:08.7203825Z Preparing to unpack .../10-libbtf2_1%3a7.6.1+dfsg-1build1_amd64.deb ...
2026-10-01T16:02:08.7210131Z Unpacking libbtf2:amd64 (1:7.6.1+dfsg-1build1) ...
2026-10-01T16:02:08.7436082Z Selecting previously unselected package libcamd3:amd64.
2026-10-01T16:02:08.7559640Z Preparing to unpack .../11-libcamd3_1%3a7.6.1+dfsg-1build1_amd64.deb ...
2026-10-01T16:02:08.7565594Z Unpacking libcamd3:amd64 (1:7.6.1+dfsg-1build1) ...
2026-10-01T16:02:08.7766216Z Selecting previously unselected package libccolamd3:amd64.
2026-10-01T16:02:08.7901568Z Preparing to unpack .../12-libccolamd3_1%3a7.6.1+dfsg-1build1_amd64.deb ...
2026-10-01T16:02:08.7908838Z Unpacking libccolamd3:amd64 (1:7.6.1+dfsg-1build1) ...
2026-10-01T16:02:08.8121398Z Selecting previously unselected package libcolamd3:amd64.
2026-10-01T16:02:08.8254514Z Preparing to unpack .../13-libcolamd3_1%3a7.6.1+dfsg-1build1_amd64.deb ...
2026-10-01T16:02:08.8261921Z Unpacking libcolamd3:amd64 (1:7.6.1+dfsg-1build1) ...
2026-10-01T16:02:08.8494366Z Selecting previously unselected package libcholmod5:amd64.
2026-10-01T16:02:08.8629051Z Preparing to unpack .../14-libcholmod5_1%3a7.6.1+dfsg-1build1_amd64.deb ...
2026-10-01T16:02:08.8636518Z Unpacking libcholmod5:amd64 (1:7.6.1+dfsg-1build1) ...
2026-10-01T16:02:08.8922992Z Selecting previously unselected package libcurl4-openssl-dev:amd64.
2026-10-01T16:02:08.9059336Z Preparing to unpack .../15-libcurl4-openssl-dev_8.5.0-2ubuntu10.15_amd64.deb ...
2026-10-01T16:02:08.9066183Z Unpacking libcurl4-openssl-dev:amd64 (8.5.0-2ubuntu10.15) ...
2026-10-01T16:02:08.9367379Z Selecting previously unselected package libcxsparse4:amd64.
2026-10-01T16:02:08.9502753Z Preparing to unpack .../16-libcxsparse4_1%3a7.6.1+dfsg-1build1_amd64.deb ...
2026-10-01T16:02:08.9519457Z Unpacking libcxsparse4:amd64 (1:7.6.1+dfsg-1build1) ...
2026-10-01T16:02:08.9727774Z Selecting previously unselected package libpng-dev:amd64.
2026-10-01T16:02:08.9863335Z Preparing to unpack .../17-libpng-dev_1.6.43-5ubuntu0.6_amd64.deb ...
2026-10-01T16:02:08.9870780Z Unpacking libpng-dev:amd64 (1.6.43-5ubuntu0.6) ...
2026-10-01T16:02:09.0141783Z Selecting previously unselected package libfreetype-dev:amd64.
2026-10-01T16:02:09.0277504Z Preparing to unpack .../18-libfreetype-dev_2.13.2+dfsg-1ubuntu0.1_amd64.deb ...
2026-10-01T16:02:09.0285341Z Unpacking libfreetype-dev:amd64 (2.13.2+dfsg-1ubuntu0.1) ...
2026-10-01T16:02:09.0666310Z Selecting previously unselected package uuid-dev:amd64.
2026-10-01T16:02:09.0788552Z Preparing to unpack .../19-uuid-dev_2.39.3-9ubuntu6.6_amd64.deb ...
2026-10-01T16:02:09.0795762Z Unpacking uuid-dev:amd64 (2.39.3-9ubuntu6.6) ...
2026-10-01T16:02:09.1031911Z Selecting previously unselected package libfontconfig-dev:amd64.
2026-10-01T16:02:09.1168793Z Preparing to unpack .../20-libfontconfig-dev_2.15.0-1.1ubuntu2_amd64.deb ...
2026-10-01T16:02:09.1175380Z Unpacking libfontconfig-dev:amd64 (2.15.0-1.1ubuntu2) ...
2026-10-01T16:02:09.1432739Z Selecting previously unselected package libfontconfig1-dev:amd64.
2026-10-01T16:02:09.1567507Z Preparing to unpack .../21-libfontconfig1-dev_2.15.0-1.1ubuntu2_amd64.deb ...
2026-10-01T16:02:09.1573930Z Unpacking libfontconfig1-dev:amd64 (2.15.0-1.1ubuntu2) ...
2026-10-01T16:02:09.1771023Z Selecting previously unselected package libfribidi-dev:amd64.
2026-10-01T16:02:09.1906927Z Preparing to unpack .../22-libfribidi-dev_1.0.13-3build1_amd64.deb ...
2026-10-01T16:02:09.1929917Z Unpacking libfribidi-dev:amd64 (1.0.13-3build1) ...
2026-10-01T16:02:09.2233400Z Selecting previously unselected package libgirepository-2.0-0:amd64.
2026-10-01T16:02:09.2367718Z Preparing to unpack .../23-libgirepository-2.0-0_2.80.0-6ubuntu3.9_amd64.deb ...
2026-10-01T16:02:09.2375332Z Unpacking libgirepository-2.0-0:amd64 (2.80.0-6ubuntu3.9) ...
2026-10-01T16:02:09.2598119Z Selecting previously unselected package libhttp-parser2.9:amd64.
2026-10-01T16:02:09.2731695Z Preparing to unpack .../24-libhttp-parser2.9_2.9.4-6build1_amd64.deb ...
2026-10-01T16:02:09.2745981Z Unpacking libhttp-parser2.9:amd64 (2.9.4-6build1) ...
2026-10-01T16:02:09.2985379Z Selecting previously unselected package libgit2-1.7:amd64.
2026-10-01T16:02:09.3118574Z Preparing to unpack .../25-libgit2-1.7_1.7.2+ds-1ubuntu3.2_amd64.deb ...
2026-10-01T16:02:09.3125789Z Unpacking libgit2-1.7:amd64 (1.7.2+ds-1ubuntu3.2) ...
2026-10-01T16:02:09.3398121Z Selecting previously unselected package libglib2.0-dev-bin.
2026-10-01T16:02:09.3529173Z Preparing to unpack .../26-libglib2.0-dev-bin_2.80.0-6ubuntu3.9_amd64.deb ...
2026-10-01T16:02:09.3536814Z Unpacking libglib2.0-dev-bin (2.80.0-6ubuntu3.9) ...
2026-10-01T16:02:09.3827387Z Selecting previously unselected package libblkid-dev:amd64.
2026-10-01T16:02:09.3965469Z Preparing to unpack .../27-libblkid-dev_2.39.3-9ubuntu6.6_amd64.deb ...
2026-10-01T16:02:09.3973640Z Unpacking libblkid-dev:amd64 (2.39.3-9ubuntu6.6) ...
2026-10-01T16:02:09.4229101Z Selecting previously unselected package libsepol-dev:amd64.
2026-10-01T16:02:09.4363725Z Preparing to unpack .../28-libsepol-dev_3.5-2build1_amd64.deb ...
2026-10-01T16:02:09.4371741Z Unpacking libsepol-dev:amd64 (3.5-2build1) ...
2026-10-01T16:02:09.4711982Z Selecting previously unselected package libselinux1-dev:amd64.
2026-10-01T16:02:09.4849429Z Preparing to unpack .../29-libselinux1-dev_3.5-2ubuntu2.1_amd64.deb ...
2026-10-01T16:02:09.4860648Z Unpacking libselinux1-dev:amd64 (3.5-2ubuntu2.1) ...
2026-10-01T16:02:09.5356209Z Selecting previously unselected package libmount-dev:amd64.
2026-10-01T16:02:09.5491453Z Preparing to unpack .../30-libmount-dev_2.39.3-9ubuntu6.6_amd64.deb ...
2026-10-01T16:02:09.5500191Z Unpacking libmount-dev:amd64 (2.39.3-9ubuntu6.6) ...
2026-10-01T16:02:09.5722128Z Selecting previously unselected package libglib2.0-dev:amd64.
2026-10-01T16:02:09.5856837Z Preparing to unpack .../31-libglib2.0-dev_2.80.0-6ubuntu3.9_amd64.deb ...
2026-10-01T16:02:09.5864132Z Unpacking libglib2.0-dev:amd64 (2.80.0-6ubuntu3.9) ...
2026-10-01T16:02:09.6972298Z Selecting previously unselected package libglpk40:amd64.
2026-10-01T16:02:09.7111803Z Preparing to unpack .../32-libglpk40_5.0-1build2_amd64.deb ...
2026-10-01T16:02:09.7119280Z Unpacking libglpk40:amd64 (5.0-1build2) ...
2026-10-01T16:02:09.7413242Z Selecting previously unselected package libklu2:amd64.
2026-10-01T16:02:09.7547157Z Preparing to unpack .../33-libklu2_1%3a7.6.1+dfsg-1build1_amd64.deb ...
2026-10-01T16:02:09.7553845Z Unpacking libklu2:amd64 (1:7.6.1+dfsg-1build1) ...
2026-10-01T16:02:09.7786456Z Selecting previously unselected package libldl3:amd64.
2026-10-01T16:02:09.7912483Z Preparing to unpack .../34-libldl3_1%3a7.6.1+dfsg-1build1_amd64.deb ...
2026-10-01T16:02:09.7920988Z Unpacking libldl3:amd64 (1:7.6.1+dfsg-1build1) ...
2026-10-01T16:02:09.8133463Z Selecting previously unselected package libsuitesparse-mongoose3:amd64.
2026-10-01T16:02:09.8270246Z Preparing to unpack .../35-libsuitesparse-mongoose3_1%3a7.6.1+dfsg-1build1_amd64.deb ...
2026-10-01T16:02:09.8277495Z Unpacking libsuitesparse-mongoose3:amd64 (1:7.6.1+dfsg-1build1) ...
2026-10-01T16:02:09.8520328Z Selecting previously unselected package libumfpack6:amd64.
2026-10-01T16:02:09.8661877Z Preparing to unpack .../36-libumfpack6_1%3a7.6.1+dfsg-1build1_amd64.deb ...
2026-10-01T16:02:09.8670965Z Unpacking libumfpack6:amd64 (1:7.6.1+dfsg-1build1) ...
2026-10-01T16:02:09.8929866Z Selecting previously unselected package librbio4:amd64.
2026-10-01T16:02:09.9064239Z Preparing to unpack .../37-librbio4_1%3a7.6.1+dfsg-1build1_amd64.deb ...
2026-10-01T16:02:09.9071889Z Unpacking librbio4:amd64 (1:7.6.1+dfsg-1build1) ...
2026-10-01T16:02:09.9283025Z Selecting previously unselected package libspqr4:amd64.
2026-10-01T16:02:09.9416927Z Preparing to unpack .../38-libspqr4_1%3a7.6.1+dfsg-1build1_amd64.deb ...
2026-10-01T16:02:09.9451603Z Unpacking libspqr4:amd64 (1:7.6.1+dfsg-1build1) ...
2026-10-01T16:02:09.9691243Z Selecting previously unselected package libspex2:amd64.
2026-10-01T16:02:09.9826177Z Preparing to unpack .../39-libspex2_1%3a7.6.1+dfsg-1build1_amd64.deb ...
2026-10-01T16:02:09.9834099Z Unpacking libspex2:amd64 (1:7.6.1+dfsg-1build1) ...
2026-10-01T16:02:10.0060398Z Selecting previously unselected package libparu0:amd64.
2026-10-01T16:02:10.0193600Z Preparing to unpack .../40-libparu0_1%3a7.6.1+dfsg-1build1_amd64.deb ...
2026-10-01T16:02:10.0201288Z Unpacking libparu0:amd64 (1:7.6.1+dfsg-1build1) ...
2026-10-01T16:02:10.0411238Z Selecting previously unselected package libsuitesparse-dev:amd64.
2026-10-01T16:02:10.0546584Z Preparing to unpack .../41-libsuitesparse-dev_1%3a7.6.1+dfsg-1build1_amd64.deb ...
2026-10-01T16:02:10.0571992Z Unpacking libsuitesparse-dev:amd64 (1:7.6.1+dfsg-1build1) ...
2026-10-01T16:02:10.1283468Z Selecting previously unselected package libglpk-dev:amd64.
2026-10-01T16:02:10.1420956Z Preparing to unpack .../42-libglpk-dev_5.0-1build2_amd64.deb ...
2026-10-01T16:02:10.1433359Z Unpacking libglpk-dev:amd64 (5.0-1build2) ...
2026-10-01T16:02:10.1732101Z Selecting previously unselected package libgraphite2-dev:amd64.
2026-10-01T16:02:10.1870238Z Preparing to unpack .../43-libgraphite2-dev_1.3.14-2ubuntu0.24.04.1_amd64.deb ...
2026-10-01T16:02:10.1885313Z Unpacking libgraphite2-dev:amd64 (1.3.14-2ubuntu0.24.04.1) ...
2026-10-01T16:02:10.2121371Z Selecting previously unselected package libharfbuzz-cairo0:amd64.
2026-10-01T16:02:10.2257971Z Preparing to unpack .../44-libharfbuzz-cairo0_8.3.0-2build2_amd64.deb ...
2026-10-01T16:02:10.2265727Z Unpacking libharfbuzz-cairo0:amd64 (8.3.0-2build2) ...
2026-10-01T16:02:10.2496310Z Selecting previously unselected package libharfbuzz-icu0:amd64.
2026-10-01T16:02:10.2625332Z Preparing to unpack .../45-libharfbuzz-icu0_8.3.0-2build2_amd64.deb ...
2026-10-01T16:02:10.2632126Z Unpacking libharfbuzz-icu0:amd64 (8.3.0-2build2) ...
2026-10-01T16:02:10.2896412Z Selecting previously unselected package libharfbuzz-subset0:amd64.
2026-10-01T16:02:10.3028584Z Preparing to unpack .../46-libharfbuzz-subset0_8.3.0-2build2_amd64.deb ...
2026-10-01T16:02:10.3035943Z Unpacking libharfbuzz-subset0:amd64 (8.3.0-2build2) ...
2026-10-01T16:02:10.3303535Z Selecting previously unselected package libharfbuzz-dev:amd64.
2026-10-01T16:02:10.3443661Z Preparing to unpack .../47-libharfbuzz-dev_8.3.0-2build2_amd64.deb ...
2026-10-01T16:02:10.3458718Z Unpacking libharfbuzz-dev:amd64 (8.3.0-2build2) ...
2026-10-01T16:02:10.3791509Z Selecting previously unselected package libjpeg-turbo8-dev:amd64.
2026-10-01T16:02:10.3927293Z Preparing to unpack .../48-libjpeg-turbo8-dev_2.1.5-2ubuntu2_amd64.deb ...
2026-10-01T16:02:10.3936127Z Unpacking libjpeg-turbo8-dev:amd64 (2.1.5-2ubuntu2) ...
2026-10-01T16:02:10.4206818Z Selecting previously unselected package libjpeg8-dev:amd64.
2026-10-01T16:02:10.4341973Z Preparing to unpack .../49-libjpeg8-dev_8c-2ubuntu11_amd64.deb ...
2026-10-01T16:02:10.4349723Z Unpacking libjpeg8-dev:amd64 (8c-2ubuntu11) ...
2026-10-01T16:02:10.4550354Z Selecting previously unselected package libjpeg-dev:amd64.
2026-10-01T16:02:10.4689378Z Preparing to unpack .../50-libjpeg-dev_8c-2ubuntu11_amd64.deb ...
2026-10-01T16:02:10.4697429Z Unpacking libjpeg-dev:amd64 (8c-2ubuntu11) ...
2026-10-01T16:02:10.4899184Z Selecting previously unselected package liblerc-dev:amd64.
2026-10-01T16:02:10.5037139Z Preparing to unpack .../51-liblerc-dev_4.0.0+ds-4ubuntu2_amd64.deb ...
2026-10-01T16:02:10.5043909Z Unpacking liblerc-dev:amd64 (4.0.0+ds-4ubuntu2) ...
2026-10-01T16:02:10.5306537Z Selecting previously unselected package libsharpyuv-dev:amd64.
2026-10-01T16:02:10.5433487Z Preparing to unpack .../52-libsharpyuv-dev_1.3.2-0.4build3_amd64.deb ...
2026-10-01T16:02:10.5440382Z Unpacking libsharpyuv-dev:amd64 (1.3.2-0.4build3) ...
2026-10-01T16:02:10.5651903Z Selecting previously unselected package libssh2-1-dev:amd64.
2026-10-01T16:02:10.5785863Z Preparing to unpack .../53-libssh2-1-dev_1.11.0-4.1ubuntu0.24.04.4_amd64.deb ...
2026-10-01T16:02:10.5793654Z Unpacking libssh2-1-dev:amd64 (1.11.0-4.1ubuntu0.24.04.4) ...
2026-10-01T16:02:10.6383931Z Selecting previously unselected package libjbig-dev:amd64.
2026-10-01T16:02:10.6521748Z Preparing to unpack .../54-libjbig-dev_2.1-6.1ubuntu2_amd64.deb ...
2026-10-01T16:02:10.6531682Z Unpacking libjbig-dev:amd64 (2.1-6.1ubuntu2) ...
2026-10-01T16:02:10.6751311Z Selecting previously unselected package libwebpdecoder3:amd64.
2026-10-01T16:02:10.6885597Z Preparing to unpack .../55-libwebpdecoder3_1.3.2-0.4build3_amd64.deb ...
2026-10-01T16:02:10.6894907Z Unpacking libwebpdecoder3:amd64 (1.3.2-0.4build3) ...
2026-10-01T16:02:10.7118913Z Selecting previously unselected package libwebp-dev:amd64.
2026-10-01T16:02:10.7255220Z Preparing to unpack .../56-libwebp-dev_1.3.2-0.4build3_amd64.deb ...
2026-10-01T16:02:10.7262723Z Unpacking libwebp-dev:amd64 (1.3.2-0.4build3) ...
2026-10-01T16:02:10.7581977Z Selecting previously unselected package libtiffxx6:amd64.
2026-10-01T16:02:10.7717896Z Preparing to unpack .../57-libtiffxx6_4.5.1+git230720-4ubuntu2.5_amd64.deb ...
2026-10-01T16:02:10.7728023Z Unpacking libtiffxx6:amd64 (4.5.1+git230720-4ubuntu2.5) ...
2026-10-01T16:02:10.7929942Z Selecting previously unselected package libtiff-dev:amd64.
2026-10-01T16:02:10.8066072Z Preparing to unpack .../58-libtiff-dev_4.5.1+git230720-4ubuntu2.5_amd64.deb ...
2026-10-01T16:02:10.8076040Z Unpacking libtiff-dev:amd64 (4.5.1+git230720-4ubuntu2.5) ...
2026-10-01T16:02:10.8462843Z Selecting previously unselected package libuv1-dev:amd64.
2026-10-01T16:02:10.8601404Z Preparing to unpack .../59-libuv1-dev_1.48.0-1.1build1_amd64.deb ...
2026-10-01T16:02:10.8610431Z Unpacking libuv1-dev:amd64 (1.48.0-1.1build1) ...
2026-10-01T16:02:10.8886771Z Selecting previously unselected package libhttp-parser-dev:amd64.
2026-10-01T16:02:10.9003104Z Preparing to unpack .../60-libhttp-parser-dev_2.9.4-6build1_amd64.deb ...
2026-10-01T16:02:10.9010239Z Unpacking libhttp-parser-dev:amd64 (2.9.4-6build1) ...
2026-10-01T16:02:10.9218336Z Selecting previously unselected package libgit2-dev:amd64.
2026-10-01T16:02:10.9352446Z Preparing to unpack .../61-libgit2-dev_1.7.2+ds-1ubuntu3.2_amd64.deb ...
2026-10-01T16:02:10.9359848Z Unpacking libgit2-dev:amd64 (1.7.2+ds-1ubuntu3.2) ...
2026-10-01T16:02:10.9926677Z Selecting previously unselected package libnlopt0:amd64.
2026-10-01T16:02:11.0065630Z Preparing to unpack .../62-libnlopt0_2.7.1-5build2_amd64.deb ...
2026-10-01T16:02:11.0102095Z Unpacking libnlopt0:amd64 (2.7.1-5build2) ...
2026-10-01T16:02:11.0366494Z Selecting previously unselected package libnlopt-dev:amd64.
2026-10-01T16:02:11.0482426Z Preparing to unpack .../63-libnlopt-dev_2.7.1-5build2_amd64.deb ...
2026-10-01T16:02:11.0574677Z Unpacking libnlopt-dev:amd64 (2.7.1-5build2) ...
2026-10-01T16:02:11.1214594Z Setting up libuv1-dev:amd64 (1.48.0-1.1build1) ...
2026-10-01T16:02:11.1242110Z Setting up libglib2.0-dev-bin (2.80.0-6ubuntu3.9) ...
2026-10-01T16:02:11.2821028Z Setting up libjpeg-turbo8-dev:amd64 (2.1.5-2ubuntu2) ...
2026-10-01T16:02:11.2839991Z Setting up gir1.2-freedesktop:amd64 (1.80.1-1) ...
2026-10-01T16:02:11.2858711Z Setting up libharfbuzz-icu0:amd64 (8.3.0-2build2) ...
2026-10-01T16:02:11.2877375Z Setting up libgirepository-2.0-0:amd64 (2.80.0-6ubuntu3.9) ...
2026-10-01T16:02:11.2895256Z Setting up libfribidi-dev:amd64 (1.0.13-3build1) ...
2026-10-01T16:02:11.2913166Z Setting up libpng-dev:amd64 (1.6.43-5ubuntu0.6) ...
2026-10-01T16:02:11.2931259Z Setting up libcxsparse4:amd64 (1:7.6.1+dfsg-1build1) ...
2026-10-01T16:02:11.2952786Z Setting up libjbig-dev:amd64 (2.1-6.1ubuntu2) ...
2026-10-01T16:02:11.2970283Z Setting up libwebpdecoder3:amd64 (1.3.2-0.4build3) ...
2026-10-01T16:02:11.2987831Z Setting up libnlopt0:amd64 (2.7.1-5build2) ...
2026-10-01T16:02:11.3007178Z Setting up libharfbuzz-gobject0:amd64 (8.3.0-2build2) ...
2026-10-01T16:02:11.3030009Z Setting up libldl3:amd64 (1:7.6.1+dfsg-1build1) ...
2026-10-01T16:02:11.3047706Z Setting up gir1.2-harfbuzz-0.0:amd64 (8.3.0-2build2) ...
2026-10-01T16:02:11.3065458Z Setting up libbtf2:amd64 (1:7.6.1+dfsg-1build1) ...
2026-10-01T16:02:11.3083115Z Setting up libgraphite2-dev:amd64 (1.3.14-2ubuntu0.24.04.1) ...
2026-10-01T16:02:11.3102526Z Setting up libharfbuzz-cairo0:amd64 (8.3.0-2build2) ...
2026-10-01T16:02:11.3121064Z Setting up libcurl4-openssl-dev:amd64 (8.5.0-2ubuntu10.15) ...
2026-10-01T16:02:11.3138909Z Setting up uuid-dev:amd64 (2.39.3-9ubuntu6.6) ...
2026-10-01T16:02:11.3155797Z Setting up libssl-dev:amd64 (3.0.13-0ubuntu3.16) ...
2026-10-01T16:02:11.3177136Z Setting up libsepol-dev:amd64 (3.5-2build1) ...
2026-10-01T16:02:11.3195502Z Setting up liblerc-dev:amd64 (4.0.0+ds-4ubuntu2) ...
2026-10-01T16:02:11.3213339Z Setting up libssh2-1-dev:amd64 (1.11.0-4.1ubuntu0.24.04.4) ...
2026-10-01T16:02:11.3232244Z Setting up gir1.2-glib-2.0-dev:amd64 (2.80.0-6ubuntu3.9) ...
2026-10-01T16:02:11.3249783Z Setting up libharfbuzz-subset0:amd64 (8.3.0-2build2) ...
2026-10-01T16:02:11.3267083Z Setting up build-essential (12.10ubuntu1) ...
2026-10-01T16:02:11.3290424Z Setting up libsuitesparseconfig7:amd64 (1:7.6.1+dfsg-1build1) ...
2026-10-01T16:02:11.3309197Z Setting up libjpeg8-dev:amd64 (8c-2ubuntu11) ...
2026-10-01T16:02:11.3328732Z Setting up libnlopt-dev:amd64 (2.7.1-5build2) ...
2026-10-01T16:02:11.3399234Z Setting up libsharpyuv-dev:amd64 (1.3.2-0.4build3) ...
2026-10-01T16:02:11.3420799Z Setting up openssl (3.0.13-0ubuntu3.16) ...
2026-10-01T16:02:11.3461168Z Setting up libtiffxx6:amd64 (4.5.1+git230720-4ubuntu2.5) ...
2026-10-01T16:02:11.3479171Z Setting up libbrotli-dev:amd64 (1.1.0-2build2) ...
2026-10-01T16:02:11.3507725Z Setting up libhttp-parser2.9:amd64 (2.9.4-6build1) ...
2026-10-01T16:02:11.3532321Z Setting up libblkid-dev:amd64 (2.39.3-9ubuntu6.6) ...
2026-10-01T16:02:11.3550780Z Setting up libhttp-parser-dev:amd64 (2.9.4-6build1) ...
2026-10-01T16:02:11.3572378Z Setting up libamd3:amd64 (1:7.6.1+dfsg-1build1) ...
2026-10-01T16:02:11.3593316Z Setting up libcolamd3:amd64 (1:7.6.1+dfsg-1build1) ...
2026-10-01T16:02:11.3610861Z Setting up libselinux1-dev:amd64 (3.5-2ubuntu2.1) ...
2026-10-01T16:02:11.3632768Z Setting up libsuitesparse-mongoose3:amd64 (1:7.6.1+dfsg-1build1) ...
2026-10-01T16:02:11.3657107Z Setting up libjpeg-dev:amd64 (8c-2ubuntu11) ...
2026-10-01T16:02:11.3676833Z Setting up libcamd3:amd64 (1:7.6.1+dfsg-1build1) ...
2026-10-01T16:02:11.3696202Z Setting up libfreetype-dev:amd64 (2.13.2+dfsg-1ubuntu0.1) ...
2026-10-01T16:02:11.3716232Z Setting up libwebp-dev:amd64 (1.3.2-0.4build3) ...
2026-10-01T16:02:11.3739204Z Setting up libtiff-dev:amd64 (4.5.1+git230720-4ubuntu2.5) ...
2026-10-01T16:02:11.3756978Z Setting up libglpk40:amd64 (5.0-1build2) ...
2026-10-01T16:02:11.3777048Z Setting up librbio4:amd64 (1:7.6.1+dfsg-1build1) ...
2026-10-01T16:02:11.3797372Z Setting up gir1.2-freedesktop-dev:amd64 (1.80.1-1) ...
2026-10-01T16:02:11.3848119Z Setting up libccolamd3:amd64 (1:7.6.1+dfsg-1build1) ...
2026-10-01T16:02:11.3866902Z Setting up libgit2-1.7:amd64 (1.7.2+ds-1ubuntu3.2) ...
2026-10-01T16:02:11.3889200Z Setting up libmount-dev:amd64 (2.39.3-9ubuntu6.6) ...
2026-10-01T16:02:11.3912985Z Setting up libgit2-dev:amd64 (1.7.2+ds-1ubuntu3.2) ...
2026-10-01T16:02:11.3930758Z Setting up libcholmod5:amd64 (1:7.6.1+dfsg-1build1) ...
2026-10-01T16:02:11.3952455Z Setting up libspex2:amd64 (1:7.6.1+dfsg-1build1) ...
2026-10-01T16:02:11.3970822Z Setting up libspqr4:amd64 (1:7.6.1+dfsg-1build1) ...
2026-10-01T16:02:11.3999795Z Setting up libfontconfig-dev:amd64 (2.15.0-1.1ubuntu2) ...
2026-10-01T16:02:11.4017901Z Setting up libglib2.0-dev:amd64 (2.80.0-6ubuntu3.9) ...
2026-10-01T16:02:11.4037309Z Setting up libklu2:amd64 (1:7.6.1+dfsg-1build1) ...
2026-10-01T16:02:11.4060730Z Setting up libumfpack6:amd64 (1:7.6.1+dfsg-1build1) ...
2026-10-01T16:02:11.4079236Z Setting up libfontconfig1-dev:amd64 (2.15.0-1.1ubuntu2) ...
2026-10-01T16:02:11.4101472Z Setting up libparu0:amd64 (1:7.6.1+dfsg-1build1) ...
2026-10-01T16:02:11.4121761Z Setting up libsuitesparse-dev:amd64 (1:7.6.1+dfsg-1build1) ...
2026-10-01T16:02:11.4143211Z Setting up libglpk-dev:amd64 (5.0-1build2) ...
2026-10-01T16:02:11.4186680Z Processing triggers for libc-bin (2.39-0ubuntu8.9) ...
2026-10-01T16:02:11.4362101Z Processing triggers for man-db (2.12.0-4build2) ...
2026-10-01T16:02:11.4378779Z Not building database; man-db/auto-update is not 'true'.
2026-10-01T16:02:11.4394413Z Processing triggers for libglib2.0-0t64:amd64 (2.80.0-6ubuntu3.9) ...
2026-10-01T16:02:11.4609076Z Setting up libharfbuzz-dev:amd64 (8.3.0-2build2) ...
2026-10-01T16:02:11.9205131Z 
2026-10-01T16:02:11.9206140Z Running kernel seems to be up-to-date.
2026-10-01T16:02:11.9206803Z 
2026-10-01T16:02:11.9207198Z Restarting services...
2026-10-01T16:02:11.9696609Z  /etc/needrestart/restart.d/systemd-manager
2026-10-01T16:02:12.3512906Z  systemctl restart packagekit.service php8.3-fpm.service systemd-journald.service systemd-networkd.service systemd-resolved.service systemd-udevd.service udisks2.service
2026-10-01T16:02:12.6820309Z 
2026-10-01T16:02:12.6821179Z Service restarts being deferred:
2026-10-01T16:02:12.6822265Z  systemctl restart hosted-compute-agent.service
2026-10-01T16:02:12.6823201Z  systemctl restart systemd-logind.service
2026-10-01T16:02:12.6824121Z  systemctl restart walinuxagent.service
2026-10-01T16:02:12.6824640Z 
2026-10-01T16:02:12.6825961Z No containers need to be restarted.
2026-10-01T16:02:12.6826442Z 
2026-10-01T16:02:12.6826749Z User sessions running outdated binaries:
2026-10-01T16:02:12.6827411Z  runner @ user manager service: systemd[992]
2026-10-01T16:02:12.6918410Z 
2026-10-01T16:02:12.6919225Z No VM guests are running outdated hypervisor (qemu) binaries on this host.
2026-10-01T16:02:13.6745307Z ##[group]Run r-lib/actions/setup-renv@v2
2026-10-01T16:02:13.6745639Z with:
2026-10-01T16:02:13.6745838Z   cache-version: v1
2026-10-01T16:02:13.6746095Z   bypass-cache: false
2026-10-01T16:02:13.6746321Z   working-directory: .
2026-10-01T16:02:13.6746533Z env:
2026-10-01T16:02:13.6746752Z   R_LIBS_USER: /home/runner/work/_temp/Library
2026-10-01T16:02:13.6747036Z   TZ: UTC
2026-10-01T16:02:13.6747227Z   _R_CHECK_SYSTEM_CLOCK_: FALSE
2026-10-01T16:02:13.6747470Z   NOT_CRAN: true
2026-10-01T16:02:13.6747789Z   RSPM: https://packagemanager.posit.co/cran/__linux__/noble/latest
2026-10-01T16:02:13.6748344Z   RENV_CONFIG_REPOS_OVERRIDE: https://packagemanager.posit.co/cran/__linux__/noble/latest
2026-10-01T16:02:13.6748809Z   LMPLOT_EXPLICIT_BOOTSTRAP: 1
2026-10-01T16:02:13.6749047Z ##[endgroup]
2026-10-01T16:02:13.6814505Z ##[start-action display=Set RENV_PATHS_ROOT;id=__r-lib_actions_2.__run]
2026-10-01T16:02:13.6858870Z ##[group]Run echo "RENV_PATHS_ROOT=/home/runner/work/_temp/renv" >> $GITHUB_ENV
2026-10-01T16:02:13.6859439Z [36;1mecho "RENV_PATHS_ROOT=/home/runner/work/_temp/renv" >> $GITHUB_ENV[0m
2026-10-01T16:02:13.6926442Z shell: /usr/bin/bash --noprofile --norc -e -o pipefail {0}
2026-10-01T16:02:13.6926804Z env:
2026-10-01T16:02:13.6927028Z   R_LIBS_USER: /home/runner/work/_temp/Library
2026-10-01T16:02:13.6927316Z   TZ: UTC
2026-10-01T16:02:13.6927509Z   _R_CHECK_SYSTEM_CLOCK_: FALSE
2026-10-01T16:02:13.6927743Z   NOT_CRAN: true
2026-10-01T16:02:13.6928056Z   RSPM: https://packagemanager.posit.co/cran/__linux__/noble/latest
2026-10-01T16:02:13.6928590Z   RENV_CONFIG_REPOS_OVERRIDE: https://packagemanager.posit.co/cran/__linux__/noble/latest
2026-10-01T16:02:13.6929039Z   LMPLOT_EXPLICIT_BOOTSTRAP: 1
2026-10-01T16:02:13.6929281Z ##[endgroup]
2026-10-01T16:02:13.7033117Z ##[end-action id=__r-lib_actions_2.__run;outcome=success;conclusion=success;duration_ms=21]
2026-10-01T16:02:13.7036000Z ##[start-action display=Install and activate renv;id=__r-lib_actions_2.__run_2]
2026-10-01T16:02:13.7052961Z ##[group]Run if (!requireNamespace("renv", quietly=TRUE)) install.packages("renv")
2026-10-01T16:02:13.7053523Z [36;1mif (!requireNamespace("renv", quietly=TRUE)) install.packages("renv")[0m
2026-10-01T16:02:13.7054136Z [36;1mrenv::activate(profile = )[0m
2026-10-01T16:02:13.7060096Z shell: /usr/local/bin/Rscript {0}
2026-10-01T16:02:13.7060354Z env:
2026-10-01T16:02:13.7060579Z   R_LIBS_USER: /home/runner/work/_temp/Library
2026-10-01T16:02:13.7060865Z   TZ: UTC
2026-10-01T16:02:13.7061066Z   _R_CHECK_SYSTEM_CLOCK_: FALSE
2026-10-01T16:02:13.7061304Z   NOT_CRAN: true
2026-10-01T16:02:13.7061622Z   RSPM: https://packagemanager.posit.co/cran/__linux__/noble/latest
2026-10-01T16:02:13.7062152Z   RENV_CONFIG_REPOS_OVERRIDE: https://packagemanager.posit.co/cran/__linux__/noble/latest
2026-10-01T16:02:13.7062619Z   RENV_PATHS_ROOT: /home/runner/work/_temp/renv
2026-10-01T16:02:13.7062917Z   LMPLOT_EXPLICIT_BOOTSTRAP: 1
2026-10-01T16:02:13.7063155Z ##[endgroup]
2026-10-01T16:02:13.8706262Z # Bootstrapping renv 1.2.3 ---------------------------------------------------
2026-10-01T16:02:14.7225122Z - Downloading renv ... OK
2026-10-01T16:02:15.1017379Z - Installing renv  ... OK
2026-10-01T16:02:15.1018134Z 
2026-10-01T16:02:15.6373813Z - One or more packages recorded in the lockfile are not installed.
2026-10-01T16:02:15.6376508Z - Use `renv::status()` for more details.
2026-10-01T16:02:15.8162915Z ##[end-action id=__r-lib_actions_2.__run_2;outcome=success;conclusion=success;duration_ms=2112]
2026-10-01T16:02:15.8167254Z ##[start-action display=Get R and OS version;id=__r-lib_actions_2.get-version]
2026-10-01T16:02:15.8191314Z ##[group]Run cat("os-version=", sessionInfo()$running, "\n", file = Sys.getenv("GITHUB_OUTPUT"), sep = "", append = TRUE)
2026-10-01T16:02:15.8192135Z [36;1mcat("os-version=", sessionInfo()$running, "\n", file = Sys.getenv("GITHUB_OUTPUT"), sep = "", append = TRUE)[0m
2026-10-01T16:02:15.8193075Z [36;1mcat("r-version=", R.Version()$version.string, "\n", file = Sys.getenv("GITHUB_OUTPUT"), sep = "", append = TRUE)[0m
2026-10-01T16:02:15.8200364Z shell: /usr/local/bin/Rscript {0}
2026-10-01T16:02:15.8200632Z env:
2026-10-01T16:02:15.8200874Z   R_LIBS_USER: /home/runner/work/_temp/Library
2026-10-01T16:02:15.8201159Z   TZ: UTC
2026-10-01T16:02:15.8201352Z   _R_CHECK_SYSTEM_CLOCK_: FALSE
2026-10-01T16:02:15.8201588Z   NOT_CRAN: true
2026-10-01T16:02:15.8201906Z   RSPM: https://packagemanager.posit.co/cran/__linux__/noble/latest
2026-10-01T16:02:15.8202481Z   RENV_CONFIG_REPOS_OVERRIDE: https://packagemanager.posit.co/cran/__linux__/noble/latest
2026-10-01T16:02:15.8202969Z   RENV_PATHS_ROOT: /home/runner/work/_temp/renv
2026-10-01T16:02:15.8203273Z   LMPLOT_EXPLICIT_BOOTSTRAP: 1
2026-10-01T16:02:15.8203510Z ##[endgroup]
2026-10-01T16:02:16.4906590Z - One or more packages recorded in the lockfile are not installed.
2026-10-01T16:02:16.4907963Z - Use `renv::status()` for more details.
2026-10-01T16:02:16.5537512Z ##[end-action id=__r-lib_actions_2.get-version;outcome=success;conclusion=success;duration_ms=736]
2026-10-01T16:02:16.5542797Z ##[start-action display=Restore Renv package cache;id=__r-lib_actions_2.__actions_cache]
2026-10-01T16:02:16.6190119Z ##[group]Run actions/cache@27d5ce7f107fe9357f9df03efb73ab90386fccae
2026-10-01T16:02:16.6190485Z with:
2026-10-01T16:02:16.6190719Z   path: /home/runner/work/_temp/renv
renv/library

2026-10-01T16:02:16.6191326Z   key: Ubuntu 24.04.5 LTS-R version 4.6.0 (2026-04-24)-v1-3fcb548257f1c23be87b868f678c6375696cdf3b21c1adf73aff867969a41470
2026-10-01T16:02:16.6191965Z   restore-keys: Ubuntu 24.04.5 LTS-R version 4.6.0 (2026-04-24)-v1-
2026-10-01T16:02:16.6192336Z   enableCrossOsArchive: false
2026-10-01T16:02:16.6192598Z   fail-on-cache-miss: false
2026-10-01T16:02:16.6192841Z   lookup-only: false
2026-10-01T16:02:16.6193056Z   save-always: false
2026-10-01T16:02:16.6193257Z env:
2026-10-01T16:02:16.6193472Z   R_LIBS_USER: /home/runner/work/_temp/Library
2026-10-01T16:02:16.6193753Z   TZ: UTC
2026-10-01T16:02:16.6193967Z   _R_CHECK_SYSTEM_CLOCK_: FALSE
2026-10-01T16:02:16.6194210Z   NOT_CRAN: true
2026-10-01T16:02:16.6194535Z   RSPM: https://packagemanager.posit.co/cran/__linux__/noble/latest
2026-10-01T16:02:16.6195769Z   RENV_CONFIG_REPOS_OVERRIDE: https://packagemanager.posit.co/cran/__linux__/noble/latest
2026-10-01T16:02:16.6196256Z   RENV_PATHS_ROOT: /home/runner/work/_temp/renv
2026-10-01T16:02:16.6196565Z   LMPLOT_EXPLICIT_BOOTSTRAP: 1
2026-10-01T16:02:16.6196807Z ##[endgroup]
2026-10-01T16:02:16.8846195Z Cache hit for: Ubuntu 24.04.5 LTS-R version 4.6.0 (2026-04-24)-v1-3fcb548257f1c23be87b868f678c6375696cdf3b21c1adf73aff867969a41470
2026-10-01T16:02:17.9596356Z Received 180355072 of 205076071 (87.9%), 171.7 MBs/sec
2026-10-01T16:02:18.0642852Z Received 205076071 of 205076071 (100.0%), 176.2 MBs/sec
2026-10-01T16:02:18.0645553Z Cache Size: ~196 MB (205076071 B)
2026-10-01T16:02:18.0692648Z [command]/usr/bin/tar -xf /home/runner/work/_temp/beb6f9b0-ed94-4652-8129-247877193dcd/cache.tzst -P -C /home/runner/work/lmplot/lmplot --use-compress-program unzstd
2026-10-01T16:02:19.0349990Z Cache restored successfully
2026-10-01T16:02:19.0519374Z Cache restored from key: Ubuntu 24.04.5 LTS-R version 4.6.0 (2026-04-24)-v1-3fcb548257f1c23be87b868f678c6375696cdf3b21c1adf73aff867969a41470
2026-10-01T16:02:19.0642437Z ##[end-action id=__r-lib_actions_2.__actions_cache;outcome=success;conclusion=success;duration_ms=2509]
2026-10-01T16:02:19.0645688Z ##[start-action display=Restore Renv package cache;id=__r-lib_actions_2.cache-packages-restore]
2026-10-01T16:02:19.0661215Z ##[end-action id=__r-lib_actions_2.cache-packages-restore;outcome=skipped;conclusion=skipped;duration_ms=0]
2026-10-01T16:02:19.0663731Z ##[start-action display=Install renv dependencies;id=__r-lib_actions_2.__run_3]
2026-10-01T16:02:19.0681448Z ##[group]Run renv::restore()
2026-10-01T16:02:19.0682069Z [36;1mrenv::restore()[0m
2026-10-01T16:02:19.0689629Z shell: /usr/local/bin/Rscript {0}
2026-10-01T16:02:19.0689899Z env:
2026-10-01T16:02:19.0690300Z   R_LIBS_USER: /home/runner/work/_temp/Library
2026-10-01T16:02:19.0690604Z   TZ: UTC
2026-10-01T16:02:19.0690808Z   _R_CHECK_SYSTEM_CLOCK_: FALSE
2026-10-01T16:02:19.0691053Z   NOT_CRAN: true
2026-10-01T16:02:19.0691392Z   RSPM: https://packagemanager.posit.co/cran/__linux__/noble/latest
2026-10-01T16:02:19.0691935Z   RENV_CONFIG_REPOS_OVERRIDE: https://packagemanager.posit.co/cran/__linux__/noble/latest
2026-10-01T16:02:19.0692421Z   RENV_PATHS_ROOT: /home/runner/work/_temp/renv
2026-10-01T16:02:19.0692723Z   LMPLOT_EXPLICIT_BOOTSTRAP: 1
2026-10-01T16:02:19.0706449Z ##[endgroup]
2026-10-01T16:02:22.0130180Z The following required system packages are not installed:
2026-10-01T16:02:22.0132169Z - chromium  [required by chromote]
2026-10-01T16:02:22.0133052Z - cmake     [required by fs, nloptr]
2026-10-01T16:02:22.0133994Z - pandoc    [required by knitr, rmarkdown]
2026-10-01T16:02:22.0135427Z The R packages depending on these system packages may fail to install.
2026-10-01T16:02:22.0136243Z 
2026-10-01T16:02:22.0155854Z An administrator can install these packages with:
2026-10-01T16:02:22.0156767Z - sudo apt install chromium cmake pandoc
2026-10-01T16:02:22.0157310Z 
2026-10-01T16:02:22.3264236Z - The library is already synchronized with the lockfile.
2026-10-01T16:02:22.4447779Z ##[end-action id=__r-lib_actions_2.__run_3;outcome=success;conclusion=success;duration_ms=3378]
2026-10-01T16:02:22.4452021Z ##[start-action display=Don't use tar 1.30 from Rtools35 to store the cache;id=__r-lib_actions_2.__run_4]
2026-10-01T16:02:22.4481914Z ##[group]Run if command -v /c/Rtools/bin/tar && /c/Rtools/bin/tar --version | grep -q 'tar (GNU tar) 1.30'
2026-10-01T16:02:22.4483212Z [36;1mif command -v /c/Rtools/bin/tar && /c/Rtools/bin/tar --version | grep -q 'tar (GNU tar) 1.30'[0m
2026-10-01T16:02:22.4484157Z [36;1m  then echo 'C:/Program Files/Git/usr/bin' >> $GITHUB_PATH[0m
2026-10-01T16:02:22.4485614Z [36;1mfi[0m
2026-10-01T16:02:22.4560349Z shell: /usr/bin/bash --noprofile --norc -e -o pipefail {0}
2026-10-01T16:02:22.4560705Z env:
2026-10-01T16:02:22.4560956Z   R_LIBS_USER: /home/runner/work/_temp/Library
2026-10-01T16:02:22.4561252Z   TZ: UTC
2026-10-01T16:02:22.4561452Z   _R_CHECK_SYSTEM_CLOCK_: FALSE
2026-10-01T16:02:22.4561921Z   NOT_CRAN: true
2026-10-01T16:02:22.4562252Z   RSPM: https://packagemanager.posit.co/cran/__linux__/noble/latest
2026-10-01T16:02:22.4562834Z   RENV_CONFIG_REPOS_OVERRIDE: https://packagemanager.posit.co/cran/__linux__/noble/latest
2026-10-01T16:02:22.4563352Z   RENV_PATHS_ROOT: /home/runner/work/_temp/renv
2026-10-01T16:02:22.4563673Z   LMPLOT_EXPLICIT_BOOTSTRAP: 1
2026-10-01T16:02:22.4563924Z ##[endgroup]
2026-10-01T16:02:22.4681262Z ##[end-action id=__r-lib_actions_2.__run_4;outcome=success;conclusion=success;duration_ms=22]
2026-10-01T16:02:22.4683705Z ##[start-action display=Save Renv package cache;id=__r-lib_actions_2.__actions_cache_2]
2026-10-01T16:02:22.4707185Z ##[end-action id=__r-lib_actions_2.__actions_cache_2;outcome=skipped;conclusion=skipped;duration_ms=0]
2026-10-01T16:02:22.4741563Z ##[group]Run if ($env:RUNNER_OS -eq 'Windows') {
2026-10-01T16:02:22.4741978Z [36;1mif ($env:RUNNER_OS -eq 'Windows') {[0m
2026-10-01T16:02:22.4742442Z [36;1m  $chrome = Join-Path $env:ProgramFiles 'Google\Chrome\Application\chrome.exe'[0m
2026-10-01T16:02:22.4743063Z [36;1m  if (!(Test-Path -LiteralPath $chrome)) { throw "Chrome was not found: $chrome" }[0m
2026-10-01T16:02:22.4743494Z [36;1m} else {[0m
2026-10-01T16:02:22.4743810Z [36;1m  $chrome = (Get-Command google-chrome -ErrorAction Stop).Source[0m
2026-10-01T16:02:22.4744183Z [36;1m}[0m
2026-10-01T16:02:22.4744561Z [36;1m"CHROMOTE_CHROME=$chrome" | Out-File -FilePath $env:GITHUB_ENV -Encoding utf8 -Append[0m
2026-10-01T16:02:22.4769785Z shell: /usr/bin/pwsh -command ". '{0}'"
2026-10-01T16:02:22.4770283Z env:
2026-10-01T16:02:22.4770704Z   R_LIBS_USER: /home/runner/work/_temp/Library
2026-10-01T16:02:22.4771230Z   TZ: UTC
2026-10-01T16:02:22.4771580Z   _R_CHECK_SYSTEM_CLOCK_: FALSE
2026-10-01T16:02:22.4772046Z   NOT_CRAN: true
2026-10-01T16:02:22.4772608Z   RSPM: https://packagemanager.posit.co/cran/__linux__/noble/latest
2026-10-01T16:02:22.4773187Z   RENV_CONFIG_REPOS_OVERRIDE: https://packagemanager.posit.co/cran/__linux__/noble/latest
2026-10-01T16:02:22.4773862Z   RENV_PATHS_ROOT: /home/runner/work/_temp/renv
2026-10-01T16:02:22.4774173Z ##[endgroup]
2026-10-01T16:02:26.7037794Z ##[group]Run $checks = @'
2026-10-01T16:02:26.7038362Z [36;1m$checks = @'[0m
2026-10-01T16:02:26.7038819Z [36;1mstopifnot(getRversion() == "4.6.0")[0m
2026-10-01T16:02:26.7039439Z [36;1mstopifnot(isTRUE(renv::status()$synchronized))[0m
2026-10-01T16:02:26.7040208Z [36;1mrequired <- c("renv", "shiny", "plotly", "bslib", "DT", "ggplot2",[0m
2026-10-01T16:02:26.7041062Z [36;1m  "ggfortify", "lme4", "jsonlite", "shinyWidgets", "shinyAce",[0m
2026-10-01T16:02:26.7041802Z [36;1m  "testthat", "shinytest2", "chromote", "yaml")[0m
2026-10-01T16:02:26.7042682Z [36;1mstopifnot(all(vapply(required, requireNamespace, logical(1), quietly = TRUE)))[0m
2026-10-01T16:02:26.7043553Z [36;1mpackages <- installed.packages()[0m
2026-10-01T16:02:26.7044526Z [36;1mprint(packages[intersect(required, rownames(packages)), c("Package", "Version", "Built"), drop = FALSE])[0m
2026-10-01T16:02:26.7045893Z [36;1mstopifnot(file.exists(Sys.getenv("CHROMOTE_CHROME")))[0m
2026-10-01T16:02:26.7046576Z [36;1mlocal({[0m
2026-10-01T16:02:26.7047038Z [36;1m  browser <- chromote::ChromoteSession$new()[0m
2026-10-01T16:02:26.7047633Z [36;1m  on.exit(browser$close())[0m
2026-10-01T16:02:26.7048194Z [36;1m  print(browser$Browser$getVersion())[0m
2026-10-01T16:02:26.7048721Z [36;1m})[0m
2026-10-01T16:02:26.7049061Z [36;1m'@[0m
2026-10-01T16:02:26.7049671Z [36;1m# The Windows bin/Rscript.exe dispatcher truncates multiline -e input.[0m
2026-10-01T16:02:26.7050613Z [36;1m$checksPath = Join-Path $env:RUNNER_TEMP 'lmplot-ci-checks.R'[0m
2026-10-01T16:02:26.7051481Z [36;1m$checks | Set-Content -LiteralPath $checksPath -Encoding utf8[0m
2026-10-01T16:02:26.7052167Z [36;1mRscript $checksPath[0m
2026-10-01T16:02:26.7052700Z [36;1mif ($LASTEXITCODE -ne 0) { exit $LASTEXITCODE }[0m
2026-10-01T16:02:26.7082525Z shell: /usr/bin/pwsh -command ". '{0}'"
2026-10-01T16:02:26.7083038Z env:
2026-10-01T16:02:26.7083283Z   R_LIBS_USER: /home/runner/work/_temp/Library
2026-10-01T16:02:26.7083584Z   TZ: UTC
2026-10-01T16:02:26.7083801Z   _R_CHECK_SYSTEM_CLOCK_: FALSE
2026-10-01T16:02:26.7084057Z   NOT_CRAN: true
2026-10-01T16:02:26.7084392Z   RSPM: https://packagemanager.posit.co/cran/__linux__/noble/latest
2026-10-01T16:02:26.7085372Z   RENV_CONFIG_REPOS_OVERRIDE: https://packagemanager.posit.co/cran/__linux__/noble/latest
2026-10-01T16:02:26.7085883Z   RENV_PATHS_ROOT: /home/runner/work/_temp/renv
2026-10-01T16:02:26.7086219Z   CHROMOTE_CHROME: /usr/bin/google-chrome
2026-10-01T16:02:26.7086508Z ##[endgroup]
2026-10-01T16:02:31.1794674Z No issues found -- the project is in a consistent state.
2026-10-01T16:02:33.2417215Z              Package        Version 
2026-10-01T16:02:33.2418234Z renv         "renv"         "1.2.3" 
2026-10-01T16:02:33.2419408Z shiny        "shiny"        "1.14.0"
2026-10-01T16:02:33.2420286Z plotly       "plotly"       "4.12.0"
2026-10-01T16:02:33.2421098Z bslib        "bslib"        "0.11.0"
2026-10-01T16:02:33.2421920Z DT           "DT"           "0.34.0"
2026-10-01T16:02:33.2422731Z ggplot2      "ggplot2"      "4.0.3" 
2026-10-01T16:02:33.2423554Z ggfortify    "ggfortify"    "0.4.19"
2026-10-01T16:02:33.2424395Z lme4         "lme4"         "2.0-6" 
2026-10-01T16:02:33.2425450Z jsonlite     "jsonlite"     "2.0.0" 
2026-10-01T16:02:33.2426270Z shinyWidgets "shinyWidgets" "0.9.1" 
2026-10-01T16:02:33.2427046Z shinyAce     "shinyAce"     "0.4.4" 
2026-10-01T16:02:33.2427878Z testthat     "testthat"     "3.3.2" 
2026-10-01T16:02:33.2428668Z shinytest2   "shinytest2"   "0.5.1" 
2026-10-01T16:02:33.2429400Z chromote     "chromote"     "0.5.1" 
2026-10-01T16:02:33.2430134Z yaml         "yaml"         "2.3.12"
2026-10-01T16:02:33.2431020Z              Built                                                        
2026-10-01T16:02:33.2432072Z renv         "R 4.6.0; ; 2026-05-17 05:14:32 UTC; unix"                   
2026-10-01T16:02:33.2433078Z shiny        "R 4.6.0; ; 2026-08-12 20:24:30 UTC; unix"                   
2026-10-01T16:02:33.2434461Z plotly       "R 4.6.0; ; 2026-04-24 03:50:41 UTC; unix"                   
2026-10-01T16:02:33.2435804Z bslib        "R 4.6.0; ; 2026-05-17 05:14:55 UTC; unix"                   
2026-10-01T16:02:33.2436810Z DT           "R 4.6.0; ; 2026-08-12 20:25:47 UTC; unix"                   
2026-10-01T16:02:33.2437819Z ggplot2      "R 4.6.0; ; 2026-08-12 20:22:35 UTC; unix"                   
2026-10-01T16:02:33.2438892Z ggfortify    "R 4.6.0; ; 2026-04-24 23:46:40 UTC; unix"                   
2026-10-01T16:02:33.2439943Z lme4         "R 4.6.0; x86_64-pc-linux-gnu; 2026-08-12 20:24:11 UTC; unix"
2026-10-01T16:02:33.2441004Z jsonlite     "R 4.6.0; x86_64-pc-linux-gnu; 2026-08-12 20:21:31 UTC; unix"
2026-10-01T16:02:33.2442083Z shinyWidgets "R 4.6.0; ; 2026-08-12 20:25:33 UTC; unix"                   
2026-10-01T16:02:33.2443140Z shinyAce     "R 4.6.0; ; 2026-04-24 22:48:50 UTC; unix"                   
2026-10-01T16:02:33.2444187Z testthat     "R 4.6.0; x86_64-pc-linux-gnu; 2026-09-26 06:36:19 UTC; unix"
2026-10-01T16:02:33.2445498Z shinytest2   "R 4.6.0; x86_64-pc-linux-gnu; 2026-05-07 06:49:00 UTC; unix"
2026-10-01T16:02:33.2446580Z chromote     "R 4.6.0; ; 2026-04-24 02:21:53 UTC; unix"                   
2026-10-01T16:02:33.2447614Z yaml         "R 4.6.0; x86_64-pc-linux-gnu; 2026-08-12 20:21:42 UTC; unix"
2026-10-01T16:02:35.6606129Z $protocolVersion
2026-10-01T16:02:35.6629260Z [1] "1.3"
2026-10-01T16:02:35.6641416Z 
2026-10-01T16:02:35.6665556Z $product
2026-10-01T16:02:35.6666314Z [1] "Chrome/154.0.8037.57"
2026-10-01T16:02:35.6690981Z 
2026-10-01T16:02:35.6691416Z $revision
2026-10-01T16:02:35.6692124Z [1] "@73c14f6228d7cd537c855007e8f88678969cc0eb"
2026-10-01T16:02:35.6692679Z 
2026-10-01T16:02:35.6693015Z $userAgent
2026-10-01T16:02:35.6694188Z [1] "Mozilla/5.0 (X11; Linux x86_64) AppleWebKit/537.36 (KHTML, like Gecko) HeadlessChrome/154.0.0.0 Safari/537.36"
2026-10-01T16:02:35.6695373Z 
2026-10-01T16:02:35.6695717Z $jsVersion
2026-10-01T16:02:35.6696785Z [1] "15.4.80.11"
2026-10-01T16:02:35.6697180Z 
2026-10-01T16:02:35.8360128Z ##[group]Run $tests = @'
2026-10-01T16:02:35.8360654Z [36;1m$tests = @'[0m
2026-10-01T16:02:35.8361372Z [36;1mresults <- testthat::test_dir('tests', reporter='summary', stop_on_failure=FALSE)[0m
2026-10-01T16:02:35.8362105Z [36;1mevidence <- as.data.frame(results)[0m
2026-10-01T16:02:35.8362595Z [36;1mevidence <- evidence[c("file", "test", "failed", "error", "warning", "skipped", "passed")][0m
2026-10-01T16:02:35.8363304Z [36;1mevidence_dir <- file.path(Sys.getenv("RUNNER_TEMP", unset=tempdir()), "lmplot-test-evidence")[0m
2026-10-01T16:02:35.8363896Z [36;1mdir.create(evidence_dir, recursive=TRUE, showWarnings=FALSE)[0m
2026-10-01T16:02:35.8364420Z [36;1mwrite.csv(evidence, file.path(evidence_dir, "results.csv"), row.names=FALSE)[0m
2026-10-01T16:02:35.8365215Z [36;1mprint(evidence)[0m
2026-10-01T16:02:35.8365608Z [36;1mstopifnot(!any(evidence$failed > 0L | evidence$error | evidence$skipped))[0m
2026-10-01T16:02:35.8366033Z [36;1m'@[0m
2026-10-01T16:02:35.8366367Z [36;1m$testsPath = Join-Path $env:RUNNER_TEMP 'lmplot-ci-tests.R'[0m
2026-10-01T16:02:35.8366822Z [36;1m$tests | Set-Content -LiteralPath $testsPath -Encoding utf8[0m
2026-10-01T16:02:35.8367200Z [36;1mRscript $testsPath[0m
2026-10-01T16:02:35.8367508Z [36;1mif ($LASTEXITCODE -ne 0) { exit $LASTEXITCODE }[0m
2026-10-01T16:02:35.8391241Z shell: /usr/bin/pwsh -command ". '{0}'"
2026-10-01T16:02:35.8391528Z env:
2026-10-01T16:02:35.8391762Z   R_LIBS_USER: /home/runner/work/_temp/Library
2026-10-01T16:02:35.8392053Z   TZ: UTC
2026-10-01T16:02:35.8392256Z   _R_CHECK_SYSTEM_CLOCK_: FALSE
2026-10-01T16:02:35.8392499Z   NOT_CRAN: true
2026-10-01T16:02:35.8392831Z   RSPM: https://packagemanager.posit.co/cran/__linux__/noble/latest
2026-10-01T16:02:35.8393402Z   RENV_CONFIG_REPOS_OVERRIDE: https://packagemanager.posit.co/cran/__linux__/noble/latest
2026-10-01T16:02:35.8393908Z   RENV_PATHS_ROOT: /home/runner/work/_temp/renv
2026-10-01T16:02:35.8394244Z   CHROMOTE_CHROME: /usr/bin/google-chrome
2026-10-01T16:02:35.8394537Z   LMPLOT_TRUSTED_LOCAL: 
2026-10-01T16:02:35.8395064Z ##[endgroup]
2026-10-01T16:02:42.6417150Z acceptance: .........................................................................................................................
2026-10-01T16:02:43.6996062Z accessibility: .................................
2026-10-01T16:02:44.6128956Z analysis_request: ..............................................................................................................................................................................................................
2026-10-01T16:02:44.8269460Z app_structure: ............
2026-10-01T16:04:09.1536281Z app: .........................................................
2026-10-01T16:04:12.6731715Z ci_scripts: ..................................
2026-10-01T16:04:33.7253165Z cli_contract: ....................................................................................................................................................................................................
2026-10-01T16:04:33.7332726Z config: ..
2026-10-01T16:04:56.7410262Z data_provenance_browser: ............................................................................................................
2026-10-01T16:04:56.8823287Z deployment: ...............................................................................
2026-10-01T16:04:57.3126775Z eli5: ....................................................................................................
2026-10-01T16:04:57.3431732Z example_manifest: ............
2026-10-01T16:04:57.3945275Z example_sources: ............
2026-10-01T16:04:59.0389955Z examples: ................................................................................................
2026-10-01T16:05:15.5474453Z link_browser: ..
2026-10-01T16:05:31.6335220Z model_brain_contract: .........................................................................................................................................................................................................................................................................................................................................................................................................................................................................................................................................................................................................................................................................................................................................................................................................................................................................................................................................................................................................................................................................................................................................................................................................................................................................................................................................................................................................................................................................................................................................................................................................................................................................................................................................................................................................................................................................................................................................................................................................................................................................................................................................................................................................................................................................................................................................................................................................................................................................................................................................................................................................................................................................................................................................................................................................................................................................................................................................................................................................................................................................................................................................................................................................................................................................................................................................................................................................................................................................................................................................................................................................................................................................................................................................................................................................................................................................................................................................................................................................................................................................................................................................................................................................................................................................................................................................................................................................................................................................................................................................................................................................................................................................................................................................................................................................................................................................................................................................................................................................................................................................................................................................................................................................................................................................................................................................................................................................................................................................................................................................................................................................................................................................................................................................................................................................................................................................................................................................................................................................................................................................................................................................................................................................................................................................................................................................................................................................................................................................................................................................................................................................................................................................................................................................................................................................................................................................................................................................................................................................................................................................................................................................................................................................................................................................................................................................................................................................................................................................................................................................................................................................................................................................................................................................................................................................................................................................................................................................................................................................................................................................................................................................................................................................................................................................................................................................................................................................................................................................................................................................................................................................................................................................................................................................................................................................................................................................................................................................................................................................................................................................................................................................................................................................................................................................
2026-10-01T16:05:31.6368621Z MODEL_BRAIN_BUDGET elapsed=0.345 seconds bytes=33598128
2026-10-01T16:05:33.2842922Z .....
2026-10-01T16:05:45.4762764Z model_brain_ui: .........................................................................................................................................................................................
2026-10-01T16:05:46.6677500Z model_brain: ....................................................................................................................................................................................................................................................................
2026-10-01T16:05:46.9131342Z model_diagnostics: .......................................................................
2026-10-01T16:05:46.9508371Z model_fitting: ....
2026-10-01T16:05:47.3504540Z model: ....................................................................................................................................................
2026-10-01T16:05:51.9512953Z pipeline: .........................................................................................................................................................
2026-10-01T16:05:53.1253918Z production_entrypoints: .........
2026-10-01T16:05:53.3819939Z real_data_acceptance: ..................................................
2026-10-01T16:06:00.5771570Z release: .....................................................................................................................................
2026-10-01T16:06:01.7972352Z scientific_copy_tables: ................
2026-10-01T16:06:26.7087888Z scientific_copy: .....................................................................................................................
2026-10-01T16:06:56.2079329Z scientific_metadata: ...............................................................................................................................................................................................................
2026-10-01T16:07:53.6294669Z server: .....................................................................................................................................................
2026-10-01T16:07:56.9025341Z shiny_modules: .................................................
2026-10-01T16:07:57.2178266Z simulation: ..............................................................................................
2026-10-01T16:07:58.4932249Z visualization: ........................................................................................................................
2026-10-01T16:07:58.4934816Z 
2026-10-01T16:07:58.5024585Z ══ DONE ════════════════════════════════════════════════════════════════════════
2026-10-01T16:07:59.2570664Z                               file
2026-10-01T16:07:59.2571432Z 1                test_acceptance.R
2026-10-01T16:07:59.2572093Z 2             test_accessibility.R
2026-10-01T16:07:59.2572724Z 3             test_accessibility.R
2026-10-01T16:07:59.2573366Z 4             test_accessibility.R
2026-10-01T16:07:59.2574047Z 5          test_analysis_request.R
2026-10-01T16:07:59.2574678Z 6          test_analysis_request.R
2026-10-01T16:07:59.2575593Z 7          test_analysis_request.R
2026-10-01T16:07:59.2576213Z 8          test_analysis_request.R
2026-10-01T16:07:59.2576821Z 9          test_analysis_request.R
2026-10-01T16:07:59.2577435Z 10            test_app_structure.R
2026-10-01T16:07:59.2578038Z 11                      test_app.R
2026-10-01T16:07:59.2579281Z 12                      test_app.R
2026-10-01T16:07:59.2579901Z 13                      test_app.R
2026-10-01T16:07:59.2580489Z 14                      test_app.R
2026-10-01T16:07:59.2581089Z 15               test_ci_scripts.R
2026-10-01T16:07:59.2581685Z 16               test_ci_scripts.R
2026-10-01T16:07:59.2582340Z 17             test_cli_contract.R
2026-10-01T16:07:59.2582950Z 18             test_cli_contract.R
2026-10-01T16:07:59.2583561Z 19             test_cli_contract.R
2026-10-01T16:07:59.2584159Z 20             test_cli_contract.R
2026-10-01T16:07:59.2584928Z 21             test_cli_contract.R
2026-10-01T16:07:59.2585561Z 22             test_cli_contract.R
2026-10-01T16:07:59.2586156Z 23             test_cli_contract.R
2026-10-01T16:07:59.2586752Z 24             test_cli_contract.R
2026-10-01T16:07:59.2587351Z 25             test_cli_contract.R
2026-10-01T16:07:59.2587955Z 26             test_cli_contract.R
2026-10-01T16:07:59.2588561Z 27             test_cli_contract.R
2026-10-01T16:07:59.2589183Z 28             test_cli_contract.R
2026-10-01T16:07:59.2589797Z 29             test_cli_contract.R
2026-10-01T16:07:59.2590413Z 30             test_cli_contract.R
2026-10-01T16:07:59.2591019Z 31             test_cli_contract.R
2026-10-01T16:07:59.2591626Z 32             test_cli_contract.R
2026-10-01T16:07:59.2592241Z 33             test_cli_contract.R
2026-10-01T16:07:59.2592843Z 34                   test_config.R
2026-10-01T16:07:59.2593455Z 35  test_data_provenance_browser.R
2026-10-01T16:07:59.2594090Z 36               test_deployment.R
2026-10-01T16:07:59.2594698Z 37               test_deployment.R
2026-10-01T16:07:59.2595495Z 38               test_deployment.R
2026-10-01T16:07:59.2596102Z 39               test_deployment.R
2026-10-01T16:07:59.2596713Z 40                     test_eli5.R
2026-10-01T16:07:59.2597309Z 41                     test_eli5.R
2026-10-01T16:07:59.2597917Z 42                     test_eli5.R
2026-10-01T16:07:59.2598530Z 43         test_example_manifest.R
2026-10-01T16:07:59.2599158Z 44         test_example_manifest.R
2026-10-01T16:07:59.2599775Z 45          test_example_sources.R
2026-10-01T16:07:59.2600390Z 46          test_example_sources.R
2026-10-01T16:07:59.2601009Z 47                 test_examples.R
2026-10-01T16:07:59.2601614Z 48                 test_examples.R
2026-10-01T16:07:59.2602211Z 49                 test_examples.R
2026-10-01T16:07:59.2602871Z 50                 test_examples.R
2026-10-01T16:07:59.2603564Z 51                 test_examples.R
2026-10-01T16:07:59.2604249Z 52                 test_examples.R
2026-10-01T16:07:59.2605135Z 53                 test_examples.R
2026-10-01T16:07:59.2605829Z 54                 test_examples.R
2026-10-01T16:07:59.2606504Z 55             test_link_browser.R
2026-10-01T16:07:59.2607175Z 56     test_model_brain_contract.R
2026-10-01T16:07:59.2607894Z 57     test_model_brain_contract.R
2026-10-01T16:07:59.2608595Z 58     test_model_brain_contract.R
2026-10-01T16:07:59.2609280Z 59     test_model_brain_contract.R
2026-10-01T16:07:59.2609988Z 60     test_model_brain_contract.R
2026-10-01T16:07:59.2610646Z 61     test_model_brain_contract.R
2026-10-01T16:07:59.2611205Z 62     test_model_brain_contract.R
2026-10-01T16:07:59.2611742Z 63     test_model_brain_contract.R
2026-10-01T16:07:59.2612334Z 64     test_model_brain_contract.R
2026-10-01T16:07:59.2612935Z 65     test_model_brain_contract.R
2026-10-01T16:07:59.2613565Z 66     test_model_brain_contract.R
2026-10-01T16:07:59.2614204Z 67     test_model_brain_contract.R
2026-10-01T16:07:59.2615060Z 68           test_model_brain_ui.R
2026-10-01T16:07:59.2615724Z 69           test_model_brain_ui.R
2026-10-01T16:07:59.2616366Z 70           test_model_brain_ui.R
2026-10-01T16:07:59.2616851Z 71           test_model_brain_ui.R
2026-10-01T16:07:59.2617384Z 72           test_model_brain_ui.R
2026-10-01T16:07:59.2618011Z 73           test_model_brain_ui.R
2026-10-01T16:07:59.2618662Z 74              test_model_brain.R
2026-10-01T16:07:59.2619317Z 75              test_model_brain.R
2026-10-01T16:07:59.2620296Z 76              test_model_brain.R
2026-10-01T16:07:59.2620995Z 77              test_model_brain.R
2026-10-01T16:07:59.2621640Z 78              test_model_brain.R
2026-10-01T16:07:59.2622313Z 79              test_model_brain.R
2026-10-01T16:07:59.2622987Z 80              test_model_brain.R
2026-10-01T16:07:59.2623484Z 81        test_model_diagnostics.R
2026-10-01T16:07:59.2624190Z 82        test_model_diagnostics.R
2026-10-01T16:07:59.2625032Z 83        test_model_diagnostics.R
2026-10-01T16:07:59.2625838Z 84        test_model_diagnostics.R
2026-10-01T16:07:59.2626515Z 85        test_model_diagnostics.R
2026-10-01T16:07:59.2627146Z 86        test_model_diagnostics.R
2026-10-01T16:07:59.2628824Z 87        test_model_diagnostics.R
2026-10-01T16:07:59.2629505Z 88        test_model_diagnostics.R
2026-10-01T16:07:59.2630192Z 89            test_model_fitting.R
2026-10-01T16:07:59.2736024Z 90            test_model_fitting.R
2026-10-01T16:07:59.2765402Z 91            test_model_fitting.R
2026-10-01T16:07:59.2825413Z 92            test_model_fitting.R
2026-10-01T16:07:59.2851950Z 93                    test_model.R
2026-10-01T16:07:59.2879831Z 94                    test_model.R
2026-10-01T16:07:59.2915454Z 95                    test_model.R
2026-10-01T16:07:59.2916216Z 96                    test_model.R
2026-10-01T16:07:59.2935298Z 97                    test_model.R
2026-10-01T16:07:59.2951445Z 98                    test_model.R
2026-10-01T16:07:59.2965478Z 99                    test_model.R
2026-10-01T16:07:59.2975733Z 100                   test_model.R
2026-10-01T16:07:59.2995412Z 101                   test_model.R
2026-10-01T16:07:59.3009715Z 102                test_pipeline.R
2026-10-01T16:07:59.3010726Z 103                test_pipeline.R
2026-10-01T16:07:59.3011429Z 104                test_pipeline.R
2026-10-01T16:07:59.3012112Z 105                test_pipeline.R
2026-10-01T16:07:59.3012801Z 106                test_pipeline.R
2026-10-01T16:07:59.3013497Z 107                test_pipeline.R
2026-10-01T16:07:59.3014207Z 108                test_pipeline.R
2026-10-01T16:07:59.3018042Z 109                test_pipeline.R
2026-10-01T16:07:59.3018821Z 110  test_production_entrypoints.R
2026-10-01T16:07:59.3019535Z 111    test_real_data_acceptance.R
2026-10-01T16:07:59.3020245Z 112                 test_release.R
2026-10-01T16:07:59.3020925Z 113                 test_release.R
2026-10-01T16:07:59.3021608Z 114                 test_release.R
2026-10-01T16:07:59.3022333Z 115                 test_release.R
2026-10-01T16:07:59.3023055Z 116                 test_release.R
2026-10-01T16:07:59.3023770Z 117                 test_release.R
2026-10-01T16:07:59.3024508Z 118                 test_release.R
2026-10-01T16:07:59.3025497Z 119                 test_release.R
2026-10-01T16:07:59.3026176Z 120                 test_release.R
2026-10-01T16:07:59.3026856Z 121                 test_release.R
2026-10-01T16:07:59.3027590Z 122                 test_release.R
2026-10-01T16:07:59.3028256Z 123                 test_release.R
2026-10-01T16:07:59.3028949Z 124                 test_release.R
2026-10-01T16:07:59.3029613Z 125                 test_release.R
2026-10-01T16:07:59.3030265Z 126                 test_release.R
2026-10-01T16:07:59.3030938Z 127  test_scientific_copy_tables.R
2026-10-01T16:07:59.3031634Z 128  test_scientific_copy_tables.R
2026-10-01T16:07:59.3032506Z 129         test_scientific_copy.R
2026-10-01T16:07:59.3033202Z 130         test_scientific_copy.R
2026-10-01T16:07:59.3033891Z 131         test_scientific_copy.R
2026-10-01T16:07:59.3034624Z 132         test_scientific_copy.R
2026-10-01T16:07:59.3036751Z 133     test_scientific_metadata.R
2026-10-01T16:07:59.3037455Z 134     test_scientific_metadata.R
2026-10-01T16:07:59.3038149Z 135     test_scientific_metadata.R
2026-10-01T16:07:59.3038844Z 136     test_scientific_metadata.R
2026-10-01T16:07:59.3039552Z 137     test_scientific_metadata.R
2026-10-01T16:07:59.3040233Z 138                  test_server.R
2026-10-01T16:07:59.3040908Z 139                  test_server.R
2026-10-01T16:07:59.3042213Z 140                  test_server.R
2026-10-01T16:07:59.3042928Z 141                  test_server.R
2026-10-01T16:07:59.3043618Z 142                  test_server.R
2026-10-01T16:07:59.3044288Z 143                  test_server.R
2026-10-01T16:07:59.3045289Z 144           test_shiny_modules.R
2026-10-01T16:07:59.3045983Z 145           test_shiny_modules.R
2026-10-01T16:07:59.3046658Z 146           test_shiny_modules.R
2026-10-01T16:07:59.3047333Z 147           test_shiny_modules.R
2026-10-01T16:07:59.3047996Z 148           test_shiny_modules.R
2026-10-01T16:07:59.3048674Z 149           test_shiny_modules.R
2026-10-01T16:07:59.3049343Z 150           test_shiny_modules.R
2026-10-01T16:07:59.3050016Z 151           test_shiny_modules.R
2026-10-01T16:07:59.3050687Z 152              test_simulation.R
2026-10-01T16:07:59.3051349Z 153              test_simulation.R
2026-10-01T16:07:59.3052025Z 154              test_simulation.R
2026-10-01T16:07:59.3052698Z 155              test_simulation.R
2026-10-01T16:07:59.3053388Z 156              test_simulation.R
2026-10-01T16:07:59.3054060Z 157              test_simulation.R
2026-10-01T16:07:59.3055158Z 158              test_simulation.R
2026-10-01T16:07:59.3055851Z 159              test_simulation.R
2026-10-01T16:07:59.3056512Z 160              test_simulation.R
2026-10-01T16:07:59.3057189Z 161           test_visualization.R
2026-10-01T16:07:59.3057863Z 162           test_visualization.R
2026-10-01T16:07:59.3058536Z 163           test_visualization.R
2026-10-01T16:07:59.3059363Z 164           test_visualization.R
2026-10-01T16:07:59.3060109Z 165           test_visualization.R
2026-10-01T16:07:59.3060795Z 166           test_visualization.R
2026-10-01T16:07:59.3061476Z 167           test_visualization.R
2026-10-01T16:07:59.3062154Z 168           test_visualization.R
2026-10-01T16:07:59.3062929Z 169           test_visualization.R
2026-10-01T16:07:59.3063625Z 170           test_visualization.R
2026-10-01T16:07:59.3064314Z 171           test_visualization.R
2026-10-01T16:07:59.3065315Z 172           test_visualization.R
2026-10-01T16:07:59.3065974Z 173           test_visualization.R
2026-10-01T16:07:59.3066629Z 174           test_visualization.R
2026-10-01T16:07:59.3067272Z 175           test_visualization.R
2026-10-01T16:07:59.3068207Z                                                                                        test
2026-10-01T16:07:59.3069270Z 1                                              the complete beta matrix executes end to end
2026-10-01T16:07:59.3070447Z 2                    semantic shell and Brain chart alternatives resolve their descriptions
2026-10-01T16:07:59.3073417Z 3         large chart alternatives explicitly preview rows and keep the table data separate
2026-10-01T16:07:59.3075494Z 4            local typography and selected scientific colors meet declared contrast targets
2026-10-01T16:07:59.3076870Z 5                            request defaults are normalized without accepting extra fields
2026-10-01T16:07:59.3078143Z 6                               request rejects malformed objects and required scalar types
2026-10-01T16:07:59.3079346Z 7                                      link grid and source presence are strictly validated
2026-10-01T16:07:59.3080538Z 8                             simulation validates nested keys types and every public bound
2026-10-01T16:07:59.3081776Z 9                           Expert requires the exact schema and a trusted local capability
2026-10-01T16:07:59.3083871Z 10          public shell exposes four workflows, semantic landmarks and namespaced controls
2026-10-01T16:07:59.3085341Z 11                          browser log classification uses strict levels and warning pairs
2026-10-01T16:07:59.3086505Z 12                              the public modular app completes its browser smoke workflow
2026-10-01T16:07:59.3087586Z 13                          browser service failure retains plot and download then recovers
2026-10-01T16:07:59.3088763Z 14                   keyboard workflow and observed Plotly clicks share the Brain selection
2026-10-01T16:07:59.3091346Z 15               both CI R steps execute later lines and propagate their failure on Windows
2026-10-01T16:07:59.3092673Z 16               CI saves complete test evidence before failing for errors or skipped tests
2026-10-01T16:07:59.3093959Z 17                     CLI returns the versioned complete result from any working directory
2026-10-01T16:07:59.3095656Z 18                          serialized Brain contributions retain reconstructible precision
2026-10-01T16:07:59.3115776Z 19                            CLI exports out-of-domain grid predictions as explained nulls
2026-10-01T16:07:59.3145766Z 20                                   CLI classifies malformed and forbidden public requests
2026-10-01T16:07:59.3147071Z 21                                CLI requires exactly two arguments and keeps stdout empty
2026-10-01T16:07:59.3150968Z 22                       extra CLI arguments write an error to the identifiable second path
2026-10-01T16:07:59.3176826Z 23          sourced CLI classifies dependency and analysis failures without leaking details
2026-10-01T16:07:59.3187239Z 24                   CLI handles unavailable jsonlite and lme4 without runtime installation
2026-10-01T16:07:59.3196416Z 25                       serialization and mapping failures produce a fixed exit-4 envelope
2026-10-01T16:07:59.3275973Z 26                               CLI leaves absent output parents absent and reports exit 4
2026-10-01T16:07:59.3315738Z 27                                      CLI handles dependency errors during module loading
2026-10-01T16:07:59.3356453Z 28                 headless CLI works with Shiny present and optional UI addons unavailable
2026-10-01T16:07:59.3381276Z 29                     CLI handles request I/O and keeps original serialization diagnostics
2026-10-01T16:07:59.3406975Z 30                            CLI exports real-data identity and GLMM unavailable intervals
2026-10-01T16:07:59.3408378Z 31                 CLI validates the Brain once and retains one-item arrays and factor text
2026-10-01T16:07:59.3409807Z 32                     JSON sanitizer preserves row and array positions with explicit nulls
2026-10-01T16:07:59.3411346Z 33                  atomic writer uses one replacement and never moves the old output aside
2026-10-01T16:07:59.3412412Z 34                                                                    beta version is exact
2026-10-01T16:07:59.3413427Z 35                  Data filters remain operable without focusing or exposing sizing copies
2026-10-01T16:07:59.3414587Z 36                       the shipped runtime contains only the maintained Shiny application
2026-10-01T16:07:59.3418925Z 37                                ignore configuration retires Python deployment exclusions
2026-10-01T16:07:59.3419717Z 38            the image builds locked dependencies and starts Shiny without privileged init
2026-10-01T16:07:59.3420932Z 39                      Compose bounds an immutable non-root service on an internal network
2026-10-01T16:07:59.3422040Z 40                coefficient copy uses link-specific associations and conditional p-values
2026-10-01T16:07:59.3423019Z 41                           Guided interpretation is deterministic for all 15 combinations
2026-10-01T16:07:59.3423905Z 42                                   Guided interpretation renders an English public module
2026-10-01T16:07:59.3425419Z 43                                       real-data manifest covers the seven models exactly
2026-10-01T16:07:59.3426685Z 44                         real-data manifest records deterministic preprocessing summaries
2026-10-01T16:07:59.3427970Z 45                                                         SHA-256 helper hashes file bytes
2026-10-01T16:07:59.3428956Z 46                                        all reviewed sources exist and match the manifest
2026-10-01T16:07:59.3430078Z 47                                                prepared examples load, validate, and fit
2026-10-01T16:07:59.3431200Z 48                                            prepared examples satisfy their exact domains
2026-10-01T16:07:59.3433109Z 49                                   each model resolves to its assigned scientific example
2026-10-01T16:07:59.3434492Z 50                               prepared examples retain exact source-role display columns
2026-10-01T16:07:59.3436205Z 51                               example metadata retains exact scientific labels and units
2026-10-01T16:07:59.3437508Z 52                           real examples expose scientific plots and enriched diagnostics
2026-10-01T16:07:59.3438747Z 53                                       GLMM example omits the unreadable 65-school legend
2026-10-01T16:07:59.3439900Z 54                                 all source hashes pass before any builder or writer runs
2026-10-01T16:07:59.3441143Z 55                          same-default model switch fits the link selected in the browser
2026-10-01T16:07:59.3442562Z 56                  all registry cases produce complete valid contracts and exact intervals
2026-10-01T16:07:59.3443981Z 57                          schema and arithmetic mutations cannot be accepted or sanitized
2026-10-01T16:07:59.3445543Z 58       selection is a strict pure lookup and default is the median conditional prediction
2026-10-01T16:07:59.3447137Z 59      record collections cannot become keyed objects and scalar values cannot be matrices
2026-10-01T16:07:59.3448655Z 60                   builder rejects changed fitted rows and invalid label or mode requests
2026-10-01T16:07:59.3450129Z 61              schema records contain only their names attribute before JSON serialization
2026-10-01T16:07:59.3451541Z 62                      link curve values must remain plain numeric vectors for JSON arrays
2026-10-01T16:07:59.3452945Z 63                      GLMM source groups match fitted rows independently of factor levels
2026-10-01T16:07:59.3454339Z 64                         GLMM group summary ordering is independent of factor level order
2026-10-01T16:07:59.3456103Z 65              GLMM always contains both modes and rejects legacy fits and malformed pairs
2026-10-01T16:07:59.3457690Z 66                   analysis builds and validates exactly once and navigation never refits
2026-10-01T16:07:59.3459028Z 67               warnings are ordered records and the 5000-row contract stays within budget
2026-10-01T16:07:59.3460597Z 68                   chart CSV retains double precision and explicit missing numeric values
2026-10-01T16:07:59.3461947Z 69               Brain renderers preserve stored contributions, intervals and curve samples
2026-10-01T16:07:59.3463425Z 70          GLMM group alternatives retain every group and mark population effects inactive
2026-10-01T16:07:59.3465000Z 71                           all supported Brain renderers need no scientific recomputation
2026-10-01T16:07:59.3466490Z 72         selection is shared, generation guarded and navigation never recomputes analysis
2026-10-01T16:07:59.3467925Z 73                 GLMM mode changes preserve source identity and select stored mode values
2026-10-01T16:07:59.3469150Z 74                                          all 15 model/link cases reproduce R predictions
2026-10-01T16:07:59.3470321Z 75                               observation records preserve residuals and term arithmetic
2026-10-01T16:07:59.3471711Z 76                 observation IDs prefer a valid business ID and otherwise use row numbers
2026-10-01T16:07:59.3473091Z 77                                 tolerance is scaled without weakening its absolute floor
2026-10-01T16:07:59.3474238Z 78                                             labels are normalized without inferred units
2026-10-01T16:07:59.3475607Z 79                                  lme4 GLMM modes use the fitted random intercept exactly
2026-10-01T16:07:59.3476892Z 80                                      legacy nlme and fixed-factor GLMM fits are rejected
2026-10-01T16:07:59.3478038Z 81                                      LM metrics retain neutral numeric comparison values
2026-10-01T16:07:59.3479557Z 82                         GLM metrics use Pearson dispersion and preserve undefined values
2026-10-01T16:07:59.3481194Z 83                       coefficient intervals use LM t limits and GLM labelled Wald limits
2026-10-01T16:07:59.3482574Z 84                             LM and GLM intervals target mean responses and preserve rows
2026-10-01T16:07:59.3483884Z 85         inverse and sqrt link intervals cannot reverse bounds or cross a branch silently
2026-10-01T16:07:59.3485674Z 86                        GLMM correlations separate population and conditional predictions
2026-10-01T16:07:59.3487120Z 87                family diagnostic strategies return information without validity verdicts
2026-10-01T16:07:59.3488470Z 88                 GLMM diagnostics expose optimizer messages singularity and unknown codes
2026-10-01T16:07:59.3489811Z 89                                       every registry entry resolves a named fit strategy
2026-10-01T16:07:59.3491014Z 90                                 GLMM reports a dependency error when lme4 is unavailable
2026-10-01T16:07:59.3492244Z 91                                                 GLMM never returns an lm or lme fallback
2026-10-01T16:07:59.3493302Z 92                                                          lm_2d ignores an extra Y column
2026-10-01T16:07:59.3494396Z 93                                              registry exposes the beta acceptance matrix
2026-10-01T16:07:59.3495765Z 94                                                 invalid models and links fail explicitly
2026-10-01T16:07:59.3497066Z 95                            every beta combination fits and returns response-scale values
2026-10-01T16:07:59.3498290Z 96                               Poisson identity fits the documented acceptance simulation
2026-10-01T16:07:59.3499617Z 97                            fit_model validates GLMM groups without relying on simulation
2026-10-01T16:07:59.3500882Z 98               extract_model_kpis and extract_coefficient_table return structured metrics
2026-10-01T16:07:59.3502334Z 99             model_latex_formula returns LaTeX formula for all 15 model/link combinations
2026-10-01T16:07:59.3503670Z 100                            format_pval and get_pval_sig_class return significance tiers
2026-10-01T16:07:59.3505361Z 101                           residual diagnostics flag curvature without claiming adequacy
2026-10-01T16:07:59.3506711Z 102                                     service factory validates every injected dependency
2026-10-01T16:07:59.3507943Z 103                              validated simulation returns canonical assessment and grid
2026-10-01T16:07:59.3509295Z 104                                  nonlinear diagnostics and custom grid reach the result
2026-10-01T16:07:59.3510494Z 105                              real examples resolve lazily and match the requested model
2026-10-01T16:07:59.3511892Z 106                  default real requests use injected resolution without a local manifest
2026-10-01T16:07:59.3513176Z 107                           service outputs warnings and errors are faithfully propagated
2026-10-01T16:07:59.3514547Z 108                          Expert execution enforces trust and the four argument contract
2026-10-01T16:07:59.3516051Z 109                 use case rejects legacy and mutated boundaries before service execution
2026-10-01T16:07:59.3517425Z 110                               run_analysis production entry point fits an lm_2d request
2026-10-01T16:07:59.3518589Z 111                                            all examples have complete offline artifacts
2026-10-01T16:07:59.3519752Z 112                            release retains the locked Shiny runtime and launch contract
2026-10-01T16:07:59.3521057Z 113                                         a fresh R process activates the project library
2026-10-01T16:07:59.3522286Z 114                      README documents the exact beta matrix and trusted expert boundary
2026-10-01T16:07:59.3523700Z 115                  launcher validates an explicitly restored library before running Shiny
2026-10-01T16:07:59.3525725Z 116                  Windows launcher fails without bootstrapping an absent project library
2026-10-01T16:07:59.3527501Z 117         direct R and CLI startup refuse a missing project library without bootstrapping
2026-10-01T16:07:59.3528944Z 118                           explicit bootstrap command restores an already locked project
2026-10-01T16:07:59.3530270Z 119                                      renv lockfile covers runtime and test dependencies
2026-10-01T16:07:59.3531491Z 120                    ignore rules exclude transient state without hiding release evidence
2026-10-01T16:07:59.3532687Z 121                                      TODO records completed automated beta verification
2026-10-01T16:07:59.3533283Z 122                         release identity agrees across runtime, image, docs and license
2026-10-01T16:07:59.3534419Z 123              public release guidance documents CLI and the isolated deployment boundary
2026-10-01T16:07:59.3536051Z 124                          CI requires both locked R platforms and isolated Docker health
2026-10-01T16:07:59.3537468Z 125                            image and CI restoration explicitly opt in to renv bootstrap
2026-10-01T16:07:59.3538650Z 126                                            runtime R sources never install dependencies
2026-10-01T16:07:59.3539970Z 127                      Overview coefficients and enriched CSV include each predictor unit
2026-10-01T16:07:59.3541391Z 128         unit validation rejects empty supplied metadata and names the actual link scale
2026-10-01T16:07:59.3542953Z 129                    documented real units reach the strict Brain and exported chart data
2026-10-01T16:07:59.3544429Z 130          observations and fitted means use distinct scientifically correct chart labels
2026-10-01T16:07:59.3545952Z 131               coefficient units distinguish predictor units and transformed link scales
2026-10-01T16:07:59.3547374Z 132 GLMM diagnostic and enriched exports identify conditional predictions without refitting
2026-10-01T16:07:59.3549009Z 133                           out-of-domain grid rows are explained in the committed result
2026-10-01T16:07:59.3550244Z 134                              all real Plotly traces use literal scientific hover labels
2026-10-01T16:07:59.3551239Z 135                        real plot titles include exact model family labels and citations
2026-10-01T16:07:59.3552257Z 136                           simulation plots retain generic canonical axes without labels
2026-10-01T16:07:59.3553277Z 137                          every real provenance card defines variables and preprocessing
2026-10-01T16:07:59.3554352Z 138              coordinator retains success, logs details, sanitizes failures and recovers
2026-10-01T16:07:59.3555672Z 139                service and logger failure preserves results; first failure is not stale
2026-10-01T16:07:59.3556722Z 140                          app generates only on submission and drafts preserve downloads
2026-10-01T16:07:59.3557762Z 141                      all registered models and real examples use the canonical workflow
2026-10-01T16:07:59.3558842Z 142              trusted Expert runs only through the boundary and invalid GLMM retains CSV
2026-10-01T16:07:59.3559935Z 143                separate sessions start empty and only literal trust flag enables Expert
2026-10-01T16:07:59.3561064Z 144             configuration validates source-exclusive requests and rejects forged Expert
2026-10-01T16:07:59.3562197Z 145                  configuration resets shared links and ignores delayed prior selections
2026-10-01T16:07:59.3563273Z 146                     a same-default model switch accepts the next visible link selection
2026-10-01T16:07:59.3564306Z 147                          views render committed values without scientific recomputation
2026-10-01T16:07:59.3565580Z 148           public and trusted configuration controls are capability-gated and namespaced
2026-10-01T16:07:59.3566720Z 149               Overview selection uses stable identities and rejects stale result events
2026-10-01T16:07:59.3568171Z 150                  diagnostic guidance exposes known advice without raw optimizer details
2026-10-01T16:07:59.3569229Z 151                                       configuration instances keep disjoint draft state
2026-10-01T16:07:59.3570242Z 152                 simulation collector returns parameters and code without executing them
2026-10-01T16:07:59.3571466Z 153                    generated reproducible code preserves patterns and random draw order
2026-10-01T16:07:59.3575772Z 154                                        all beta combinations simulate deterministically
2026-10-01T16:07:59.3576649Z 155                                               simulated responses respect their domains
2026-10-01T16:07:59.3577526Z 156                     square-root count simulation rejects negative generating predictors
2026-10-01T16:07:59.3578411Z 157                              standard GLMM simulation enforces the group-count contract
2026-10-01T16:07:59.3579031Z 158               GLMM simulation data requires complete membership in five observed groups
2026-10-01T16:07:59.3579618Z 159                                                expert evaluation rejects invalid output
2026-10-01T16:07:59.3580204Z 160         simulate_data supports non-linear patterns (quadratic, cosine, heteroscedastic)
2026-10-01T16:07:59.3580819Z 161                                     prediction grids contain finite response-scale fits
2026-10-01T16:07:59.3581362Z 162                                    GLMM prediction grids represent a population surface
2026-10-01T16:07:59.3581883Z 163                                               GLMM surfaces accept character group data
2026-10-01T16:07:59.3582419Z 164                            enrichment adds exactly fitted values and response residuals
2026-10-01T16:07:59.3582996Z 165                              valid GLMM fitting and enrichment preserve every input row
2026-10-01T16:07:59.3583558Z 166                           2D LM plot contains observations and an X-ordered fitted line
2026-10-01T16:07:59.3584127Z 167                            3D plots contain point clouds and optional response surfaces
2026-10-01T16:07:59.3584673Z 168                                       surface matrix rows map to Y and columns map to X
2026-10-01T16:07:59.3585892Z 169                                            GLMM observations retain group color mapping
2026-10-01T16:07:59.3586778Z 170                                          diagnostic plots use supported representations
2026-10-01T16:07:59.3587732Z 171                           diagnostic warning filtering preserves non-lifecycle warnings
2026-10-01T16:07:59.3588727Z 172                               prediction_grid expands bounds according to pad parameter
2026-10-01T16:07:59.3589601Z 173                                            3D plots include initial camera eye position
2026-10-01T16:07:59.3590561Z 174                             padded count and Gamma grids mark invalid means unavailable
2026-10-01T16:07:59.3591564Z 175                committed chart alternatives retain exact prediction and interval values
2026-10-01T16:07:59.3592402Z     failed error warning skipped passed
2026-10-01T16:07:59.3592983Z 1        0 FALSE       0   FALSE    121
2026-10-01T16:07:59.3593995Z 2        0 FALSE       0   FALSE     22
2026-10-01T16:07:59.3605222Z 3        0 FALSE       0   FALSE      3
2026-10-01T16:07:59.3605848Z 4        0 FALSE       0   FALSE      8
2026-10-01T16:07:59.3606395Z 5        0 FALSE       0   FALSE      8
2026-10-01T16:07:59.3606937Z 6        0 FALSE       0   FALSE     36
2026-10-01T16:07:59.3607481Z 7        0 FALSE       0   FALSE     28
2026-10-01T16:07:59.3608014Z 8        0 FALSE       0   FALSE    111
2026-10-01T16:07:59.3608547Z 9        0 FALSE       0   FALSE     23
2026-10-01T16:07:59.3609081Z 10       0 FALSE       0   FALSE     12
2026-10-01T16:07:59.3609624Z 11       0 FALSE       0   FALSE      7
2026-10-01T16:07:59.3610158Z 12       0 FALSE       0   FALSE     18
2026-10-01T16:07:59.3610693Z 13       0 FALSE       0   FALSE      8
2026-10-01T16:07:59.3611609Z 14       0 FALSE       0   FALSE     24
2026-10-01T16:07:59.3612164Z 15       0 FALSE       0   FALSE      9
2026-10-01T16:07:59.3612704Z 16       0 FALSE       0   FALSE     25
2026-10-01T16:07:59.3613241Z 17       0 FALSE       0   FALSE     16
2026-10-01T16:07:59.3613777Z 18       0 FALSE       0   FALSE      4
2026-10-01T16:07:59.3614321Z 19       0 FALSE       0   FALSE      5
2026-10-01T16:07:59.3615035Z 20       0 FALSE       0   FALSE     35
2026-10-01T16:07:59.3615616Z 21       0 FALSE       0   FALSE      8
2026-10-01T16:07:59.3616160Z 22       0 FALSE       0   FALSE     13
2026-10-01T16:07:59.3616702Z 23       0 FALSE       0   FALSE     24
2026-10-01T16:07:59.3617244Z 24       0 FALSE       0   FALSE     10
2026-10-01T16:07:59.3617771Z 25       0 FALSE       0   FALSE     10
2026-10-01T16:07:59.3618253Z 26       0 FALSE       0   FALSE      5
2026-10-01T16:07:59.3618783Z 27       0 FALSE       0   FALSE     10
2026-10-01T16:07:59.3619329Z 28       0 FALSE       0   FALSE      4
2026-10-01T16:07:59.3619892Z 29       0 FALSE       0   FALSE     12
2026-10-01T16:07:59.3620433Z 30       0 FALSE       0   FALSE     14
2026-10-01T16:07:59.3620968Z 31       0 FALSE       0   FALSE      3
2026-10-01T16:07:59.3621486Z 32       0 FALSE       0   FALSE     11
2026-10-01T16:07:59.3622078Z 33       0 FALSE       0   FALSE     12
2026-10-01T16:07:59.3622616Z 34       0 FALSE       0   FALSE      2
2026-10-01T16:07:59.3623166Z 35       0 FALSE       0   FALSE    108
2026-10-01T16:07:59.3623712Z 36       0 FALSE       0   FALSE     43
2026-10-01T16:07:59.3624255Z 37       0 FALSE       0   FALSE      2
2026-10-01T16:07:59.3625040Z 38       0 FALSE       0   FALSE     14
2026-10-01T16:07:59.3625604Z 39       0 FALSE       0   FALSE     20
2026-10-01T16:07:59.3626153Z 40       0 FALSE       0   FALSE     21
2026-10-01T16:07:59.3626693Z 41       0 FALSE       0   FALSE     77
2026-10-01T16:07:59.3627241Z 42       0 FALSE       0   FALSE      2
2026-10-01T16:07:59.3627795Z 43       0 FALSE       0   FALSE     11
2026-10-01T16:07:59.3628359Z 44       0 FALSE       0   FALSE      1
2026-10-01T16:07:59.3628903Z 45       0 FALSE       0   FALSE      1
2026-10-01T16:07:59.3629442Z 46       0 FALSE       0   FALSE     11
2026-10-01T16:07:59.3629990Z 47       0 FALSE       0   FALSE     36
2026-10-01T16:07:59.3630534Z 48       0 FALSE       0   FALSE      6
2026-10-01T16:07:59.3631083Z 49       0 FALSE       0   FALSE      1
2026-10-01T16:07:59.3631628Z 50       0 FALSE       0   FALSE      6
2026-10-01T16:07:59.3632191Z 51       0 FALSE       0   FALSE      6
2026-10-01T16:07:59.3632734Z 52       0 FALSE       0   FALSE     35
2026-10-01T16:07:59.3633277Z 53       0 FALSE       0   FALSE      2
2026-10-01T16:07:59.3633821Z 54       0 FALSE       0   FALSE      4
2026-10-01T16:07:59.3634373Z 55       0 FALSE       0   FALSE      2
2026-10-01T16:07:59.3635417Z 56       0 FALSE       0   FALSE   8102
2026-10-01T16:07:59.3635973Z 57       0 FALSE       0   FALSE     75
2026-10-01T16:07:59.3636520Z 58       0 FALSE       0   FALSE     12
2026-10-01T16:07:59.3637087Z 59       0 FALSE       0   FALSE      9
2026-10-01T16:07:59.3637636Z 60       0 FALSE       0   FALSE      9
2026-10-01T16:07:59.3638181Z 61       0 FALSE       0   FALSE     55
2026-10-01T16:07:59.3638730Z 62       0 FALSE       0   FALSE      8
2026-10-01T16:07:59.3639283Z 63       0 FALSE       0   FALSE      3
2026-10-01T16:07:59.3639828Z 64       0 FALSE       0   FALSE      2
2026-10-01T16:07:59.3640377Z 65       0 FALSE       0   FALSE    565
2026-10-01T16:07:59.3640920Z 66       0 FALSE       0   FALSE     65
2026-10-01T16:07:59.3641467Z 67       0 FALSE       0   FALSE      5
2026-10-01T16:07:59.3642011Z 68       0 FALSE       0   FALSE      3
2026-10-01T16:07:59.3642540Z 69       0 FALSE       0   FALSE     28
2026-10-01T16:07:59.3643058Z 70       0 FALSE       0   FALSE      9
2026-10-01T16:07:59.3643584Z 71       0 FALSE       0   FALSE    121
2026-10-01T16:07:59.3644096Z 72       0 FALSE       0   FALSE     19
2026-10-01T16:07:59.3645017Z 73       0 FALSE       0   FALSE      5
2026-10-01T16:07:59.3645724Z 74       0 FALSE       0   FALSE     79
2026-10-01T16:07:59.3646287Z 75       0 FALSE       0   FALSE    161
2026-10-01T16:07:59.3646831Z 76       0 FALSE       0   FALSE      5
2026-10-01T16:07:59.3647373Z 77       0 FALSE       0   FALSE      1
2026-10-01T16:07:59.3647916Z 78       0 FALSE       0   FALSE      4
2026-10-01T16:07:59.3648469Z 79       0 FALSE       0   FALSE      8
2026-10-01T16:07:59.3648990Z 80       0 FALSE       0   FALSE      2
2026-10-01T16:07:59.3649504Z 81       0 FALSE       0   FALSE      6
2026-10-01T16:07:59.3650036Z 82       0 FALSE       0   FALSE      5
2026-10-01T16:07:59.3650583Z 83       0 FALSE       0   FALSE      8
2026-10-01T16:07:59.3651151Z 84       0 FALSE       0   FALSE     22
2026-10-01T16:07:59.3651691Z 85       0 FALSE       0   FALSE      4
2026-10-01T16:07:59.3652235Z 86       0 FALSE       0   FALSE      6
2026-10-01T16:07:59.3652779Z 87       0 FALSE       0   FALSE     13
2026-10-01T16:07:59.3653324Z 88       0 FALSE       0   FALSE      7
2026-10-01T16:07:59.3653871Z 89       0 FALSE       0   FALSE      1
2026-10-01T16:07:59.3654409Z 90       0 FALSE       0   FALSE      1
2026-10-01T16:07:59.3655125Z 91       0 FALSE       0   FALSE      1
2026-10-01T16:07:59.3655661Z 92       0 FALSE       0   FALSE      1
2026-10-01T16:07:59.3656193Z 93       0 FALSE       0   FALSE      4
2026-10-01T16:07:59.3656729Z 94       0 FALSE       0   FALSE      2
2026-10-01T16:07:59.3657274Z 95       0 FALSE       0   FALSE     87
2026-10-01T16:07:59.3657812Z 96       0 FALSE       0   FALSE      4
2026-10-01T16:07:59.3658346Z 97       0 FALSE       0   FALSE     11
2026-10-01T16:07:59.3658888Z 98       0 FALSE       0   FALSE     11
2026-10-01T16:07:59.3659425Z 99       0 FALSE       0   FALSE     20
2026-10-01T16:07:59.3659962Z 100      0 FALSE       0   FALSE      5
2026-10-01T16:07:59.3660497Z 101      0 FALSE       0   FALSE      4
2026-10-01T16:07:59.3661032Z 102      0 FALSE       0   FALSE    101
2026-10-01T16:07:59.3661586Z 103      0 FALSE       0   FALSE     11
2026-10-01T16:07:59.3662129Z 104      0 FALSE       0   FALSE      3
2026-10-01T16:07:59.3662664Z 105      0 FALSE       0   FALSE      9
2026-10-01T16:07:59.3663200Z 106      0 FALSE       0   FALSE      6
2026-10-01T16:07:59.3663744Z 107      0 FALSE       0   FALSE      4
2026-10-01T16:07:59.3664283Z 108      0 FALSE       0   FALSE      6
2026-10-01T16:07:59.3665061Z 109      0 FALSE       0   FALSE     13
2026-10-01T16:07:59.3665608Z 110      0 FALSE       0   FALSE      9
2026-10-01T16:07:59.3666150Z 111      0 FALSE       0   FALSE     50
2026-10-01T16:07:59.3666691Z 112      0 FALSE       0   FALSE      4
2026-10-01T16:07:59.3667233Z 113      0 FALSE       0   FALSE      1
2026-10-01T16:07:59.3667772Z 114      0 FALSE       0   FALSE     21
2026-10-01T16:07:59.3668316Z 115      0 FALSE       0   FALSE      9
2026-10-01T16:07:59.3668855Z 116      0 FALSE       0   FALSE      1
2026-10-01T16:07:59.3669394Z 117      0 FALSE       0   FALSE     10
2026-10-01T16:07:59.3669939Z 118      0 FALSE       0   FALSE      2
2026-10-01T16:07:59.3670483Z 119      0 FALSE       0   FALSE      2
2026-10-01T16:07:59.3671020Z 120      0 FALSE       0   FALSE      2
2026-10-01T16:07:59.3671556Z 121      0 FALSE       0   FALSE      2
2026-10-01T16:07:59.3672148Z 122      0 FALSE       0   FALSE     14
2026-10-01T16:07:59.3672708Z 123      0 FALSE       0   FALSE     11
2026-10-01T16:07:59.3673251Z 124      0 FALSE       0   FALSE     29
2026-10-01T16:07:59.3673795Z 125      0 FALSE       0   FALSE      3
2026-10-01T16:07:59.3674333Z 126      0 FALSE       0   FALSE     22
2026-10-01T16:07:59.3675043Z 127      0 FALSE       0   FALSE      4
2026-10-01T16:07:59.3675578Z 128      0 FALSE       0   FALSE     12
2026-10-01T16:07:59.3676113Z 129      0 FALSE       0   FALSE     61
2026-10-01T16:07:59.3676646Z 130      0 FALSE       0   FALSE     32
2026-10-01T16:07:59.3677192Z 131      0 FALSE       0   FALSE      6
2026-10-01T16:07:59.3677733Z 132      0 FALSE       0   FALSE     18
2026-10-01T16:07:59.3678626Z 133      0 FALSE       0   FALSE      5
2026-10-01T16:07:59.3679169Z 134      0 FALSE       0   FALSE     77
2026-10-01T16:07:59.3679713Z 135      0 FALSE       0   FALSE     18
2026-10-01T16:07:59.3680254Z 136      0 FALSE       0   FALSE      5
2026-10-01T16:07:59.3680796Z 137      0 FALSE       0   FALSE    102
2026-10-01T16:07:59.3681323Z 138      0 FALSE       0   FALSE     16
2026-10-01T16:07:59.3681853Z 139      0 FALSE       0   FALSE      8
2026-10-01T16:07:59.3682387Z 140      0 FALSE       0   FALSE      6
2026-10-01T16:07:59.3682921Z 141      0 FALSE       0   FALSE     98
2026-10-01T16:07:59.3683457Z 142      0 FALSE       0   FALSE      6
2026-10-01T16:07:59.3684005Z 143      0 FALSE       0   FALSE     15
2026-10-01T16:07:59.3684546Z 144      0 FALSE       0   FALSE      6
2026-10-01T16:07:59.3685248Z 145      0 FALSE       0   FALSE      6
2026-10-01T16:07:59.3685791Z 146      0 FALSE       0   FALSE      3
2026-10-01T16:07:59.3686336Z 147      0 FALSE       0   FALSE     17
2026-10-01T16:07:59.3686892Z 148      0 FALSE       0   FALSE      4
2026-10-01T16:07:59.3687428Z 149      0 FALSE       0   FALSE      7
2026-10-01T16:07:59.3687958Z 150      0 FALSE       0   FALSE      2
2026-10-01T16:07:59.3688492Z 151      0 FALSE       0   FALSE      4
2026-10-01T16:07:59.3689026Z 152      0 FALSE       0   FALSE     19
2026-10-01T16:07:59.3689564Z 153      0 FALSE       0   FALSE     12
2026-10-01T16:07:59.3690172Z 154      0 FALSE       0   FALSE     46
2026-10-01T16:07:59.3690720Z 155      0 FALSE       0   FALSE      4
2026-10-01T16:07:59.3691259Z 156      0 FALSE       0   FALSE      1
2026-10-01T16:07:59.3691801Z 157      0 FALSE       0   FALSE      3
2026-10-01T16:07:59.3692347Z 158      0 FALSE       0   FALSE      2
2026-10-01T16:07:59.3692892Z 159      0 FALSE       0   FALSE      2
2026-10-01T16:07:59.3693430Z 160      0 FALSE       0   FALSE      5
2026-10-01T16:07:59.3693962Z 161      0 FALSE       0   FALSE     21
2026-10-01T16:07:59.3694500Z 162      0 FALSE       0   FALSE      4
2026-10-01T16:07:59.3695199Z 163      0 FALSE       0   FALSE      4
2026-10-01T16:07:59.3695744Z 164      0 FALSE       0   FALSE     28
2026-10-01T16:07:59.3696286Z 165      0 FALSE       0   FALSE      4
2026-10-01T16:07:59.3696831Z 166      0 FALSE       0   FALSE      6
2026-10-01T16:07:59.3697370Z 167      0 FALSE       0   FALSE     15
2026-10-01T16:07:59.3697907Z 168      0 FALSE       0   FALSE      2
2026-10-01T16:07:59.3698442Z 169      0 FALSE       0   FALSE      2
2026-10-01T16:07:59.3698981Z 170      0 FALSE       0   FALSE      4
2026-10-01T16:07:59.3699529Z 171      0 FALSE       0   FALSE      2
2026-10-01T16:07:59.3700071Z 172      0 FALSE       0   FALSE      4
2026-10-01T16:07:59.3700616Z 173      0 FALSE       0   FALSE      3
2026-10-01T16:07:59.3701162Z 174      0 FALSE       0   FALSE     14
2026-10-01T16:07:59.3701667Z 175      0 FALSE       0   FALSE      7
2026-10-01T16:07:59.4484526Z ##[group]Run actions/upload-artifact@v4
2026-10-01T16:07:59.4485257Z with:
2026-10-01T16:07:59.4485565Z   name: test-evidence-ubuntu-latest-1
2026-10-01T16:07:59.4485926Z   path: /home/runner/work/_temp/lmplot-test-evidence/
2026-10-01T16:07:59.4486294Z   if-no-files-found: warn
2026-10-01T16:07:59.4486537Z   compression-level: 6
2026-10-01T16:07:59.4497371Z   overwrite: false
2026-10-01T16:07:59.4497829Z   include-hidden-files: false
2026-10-01T16:07:59.4498156Z env:
2026-10-01T16:07:59.4498403Z   R_LIBS_USER: /home/runner/work/_temp/Library
2026-10-01T16:07:59.4498702Z   TZ: UTC
2026-10-01T16:07:59.4498920Z   _R_CHECK_SYSTEM_CLOCK_: FALSE
2026-10-01T16:07:59.4499174Z   NOT_CRAN: true
2026-10-01T16:07:59.4499517Z   RSPM: https://packagemanager.posit.co/cran/__linux__/noble/latest
2026-10-01T16:07:59.4500096Z   RENV_CONFIG_REPOS_OVERRIDE: https://packagemanager.posit.co/cran/__linux__/noble/latest
2026-10-01T16:07:59.4500599Z   RENV_PATHS_ROOT: /home/runner/work/_temp/renv
2026-10-01T16:07:59.4500968Z   CHROMOTE_CHROME: /usr/bin/google-chrome
2026-10-01T16:07:59.4501477Z ##[endgroup]
2026-10-01T16:07:59.7254043Z (node:8316) [DEP0040] DeprecationWarning: The `punycode` module is deprecated. Please use a userland alternative instead.
2026-10-01T16:07:59.7256068Z (Use `node --trace-deprecation ...` to show where the warning was created)
2026-10-01T16:07:59.7370508Z With the provided path, there will be 1 file uploaded
2026-10-01T16:07:59.7395913Z Artifact name is valid!
2026-10-01T16:07:59.7415360Z Root directory input is valid!
2026-10-01T16:07:59.9683324Z Beginning upload of artifact content to blob storage
2026-10-01T16:07:59.9905581Z (node:8316) [DEP0169] DeprecationWarning: `url.parse()` behavior is not standardized and prone to errors that have security implications. Use the WHATWG URL API instead. CVEs are not issued for `url.parse()` vulnerabilities.
2026-10-01T16:08:00.0249858Z Uploaded bytes 5488
2026-10-01T16:08:00.0420440Z Finished uploading artifact content to blob storage!
2026-10-01T16:08:00.0422145Z SHA256 digest of uploaded artifact zip is f341c0b54c8c8b43bcdb3f9c6e1fc46fc2d5286a30d9ad3404c956e20340d510
2026-10-01T16:08:00.0423502Z Finalizing artifact upload
2026-10-01T16:08:00.2418616Z Artifact test-evidence-ubuntu-latest-1.zip successfully finalized. Artifact ID 11176171462
2026-10-01T16:08:00.2420569Z Artifact test-evidence-ubuntu-latest-1 has been successfully uploaded! Final size is 5488 bytes. Artifact ID is 11176171462
2026-10-01T16:08:00.2422549Z Artifact download URL: https://github.com/ktubi970/lmplot/actions/runs/36885551520/artifacts/11176171462
2026-10-01T16:08:00.2643216Z Post job cleanup.
2026-10-01T16:08:00.2646944Z ##[start-action display=Restore Renv package cache;id=__3fc906df-0570-47f0-ad85-771db3aed3b0.__actions_cache]
2026-10-01T16:08:00.3267951Z Post job cleanup.
2026-10-01T16:08:00.4731132Z Cache hit occurred on the primary key Ubuntu 24.04.5 LTS-R version 4.6.0 (2026-04-24)-v1-3fcb548257f1c23be87b868f678c6375696cdf3b21c1adf73aff867969a41470, not saving cache.
2026-10-01T16:08:00.4832214Z ##[end-action id=__3fc906df-0570-47f0-ad85-771db3aed3b0.__actions_cache;outcome=success;conclusion=success;duration_ms=218]
2026-10-01T16:08:00.4954639Z Post job cleanup.
2026-10-01T16:08:00.6031299Z [command]/usr/bin/git version
2026-10-01T16:08:00.6100225Z git version 2.55.0
2026-10-01T16:08:00.6161346Z Temporarily overriding HOME='/home/runner/work/_temp/57bda829-e20d-47de-a098-cb6f3ed09afa' before making global git config changes
2026-10-01T16:08:00.6165564Z Adding repository directory to the temporary git global config as a safe directory
2026-10-01T16:08:00.6175040Z [command]/usr/bin/git config --global --add safe.directory /home/runner/work/lmplot/lmplot
2026-10-01T16:08:00.6238291Z [command]/usr/bin/git config --local --name-only --get-regexp core\.sshCommand
2026-10-01T16:08:00.6294053Z [command]/usr/bin/git submodule foreach --recursive sh -c "git config --local --name-only --get-regexp 'core\.sshCommand' && git config --local --unset-all 'core.sshCommand' || :"
2026-10-01T16:08:00.6637669Z [command]/usr/bin/git config --local --name-only --get-regexp http\.https\:\/\/github\.com\/\.extraheader
2026-10-01T16:08:00.6687070Z http.https://github.com/.extraheader
2026-10-01T16:08:00.6701322Z [command]/usr/bin/git config --local --unset-all http.https://github.com/.extraheader
2026-10-01T16:08:00.6754518Z [command]/usr/bin/git submodule foreach --recursive sh -c "git config --local --name-only --get-regexp 'http\.https\:\/\/github\.com\/\.extraheader' && git config --local --unset-all 'http.https://github.com/.extraheader' || :"
2026-10-01T16:08:00.7226292Z [command]/usr/bin/git config --local --name-only --get-regexp ^includeIf\.gitdir:
2026-10-01T16:08:00.7296255Z [command]/usr/bin/git submodule foreach --recursive git config --local --show-origin --name-only --get-regexp remote.origin.url
2026-10-01T16:08:00.7847883Z Cleaning up orphan processes
2026-10-01T16:08:00.8303336Z ##[warning]Node.js 20 is deprecated. The following actions target Node.js 20 but are being forced to run on Node.js 24: actions/checkout@v4, actions/upload-artifact@v4. For more information see: https://github.blog/changelog/2025-09-19-deprecation-of-node-20-on-github-actions-runners/
