2026-10-01T16:08:06.3247090Z Current runner version: '2.337.0'
2026-10-01T16:08:06.3304320Z ##[group]Runner Image Provisioner
2026-10-01T16:08:06.3305727Z Hosted Compute Agent
2026-10-01T16:08:06.3306809Z Version: 20260901.588
2026-10-01T16:08:06.3308262Z Commit: f88ec8081b781fac6c440065ac7ff9e710ce3d0b
2026-10-01T16:08:06.3309631Z Build Date: 2026-09-01T19:56:44Z
2026-10-01T16:08:06.3338652Z Worker ID: {1afb6653-bc63-4ad7-a55c-6dcd73150142}
2026-10-01T16:08:06.3340102Z Azure Region: eastus
2026-10-01T16:08:06.3345736Z ##[endgroup]
2026-10-01T16:08:06.3348291Z ##[group]Operating System
2026-10-01T16:08:06.3349404Z Ubuntu
2026-10-01T16:08:06.3353256Z 24.04.5
2026-10-01T16:08:06.3354319Z LTS
2026-10-01T16:08:06.3356041Z ##[endgroup]
2026-10-01T16:08:06.3357232Z ##[group]Runner Image
2026-10-01T16:08:06.3358336Z Image: ubuntu-24.04
2026-10-01T16:08:06.3359605Z Version: 20260927.320.1
2026-10-01T16:08:06.3363950Z Included Software: https://github.com/actions/runner-images/blob/ubuntu24/20260927.320/images/ubuntu/Ubuntu2404-Readme.md
2026-10-01T16:08:06.3366610Z Image Release: https://github.com/actions/runner-images/releases/tag/ubuntu24%2F20260927.320
2026-10-01T16:08:06.3368320Z ##[endgroup]
2026-10-01T16:08:06.3370315Z ##[group]GITHUB_TOKEN Permissions
2026-10-01T16:08:06.3373912Z Contents: read
2026-10-01T16:08:06.3374999Z Metadata: read
2026-10-01T16:08:06.3376061Z ##[endgroup]
2026-10-01T16:08:06.3379368Z Secret source: Actions
2026-10-01T16:08:06.3381677Z Cache mode: write
2026-10-01T16:08:06.3383123Z Prepare workflow directory
2026-10-01T16:08:06.4365909Z Prepare all required actions
2026-10-01T16:08:06.4454131Z Getting action download info
2026-10-01T16:08:06.7119448Z Download action repository 'actions/checkout@v4' (SHA:11d5960a326750d5838078e36cf38b85af677262)
2026-10-01T16:08:06.8447156Z Download action repository 'docker/setup-buildx-action@v3' (SHA:8d2750c68a42422c14e847fe6c8ac0403b4cbd6f)
2026-10-01T16:08:07.0661754Z Download action repository 'docker/build-push-action@v6' (SHA:10e90e3645eae34f1e60eeb005ba3a3d33f178e8)
2026-10-01T16:08:07.3885962Z Complete job name: Docker build and egress-blocked application health
2026-10-01T16:08:07.4725387Z ##[group]Run actions/checkout@v4
2026-10-01T16:08:07.4726545Z with:
2026-10-01T16:08:07.4727130Z   repository: ktubi970/lmplot
2026-10-01T16:08:07.4731713Z   token: ***
2026-10-01T16:08:07.4732316Z   ssh-strict: true
2026-10-01T16:08:07.4732963Z   ssh-user: git
2026-10-01T16:08:07.4733567Z   persist-credentials: true
2026-10-01T16:08:07.4734211Z   clean: true
2026-10-01T16:08:07.4734875Z   sparse-checkout-cone-mode: true
2026-10-01T16:08:07.4735585Z   fetch-depth: 1
2026-10-01T16:08:07.4736197Z   fetch-tags: false
2026-10-01T16:08:07.4736826Z   show-progress: true
2026-10-01T16:08:07.4737467Z   lfs: false
2026-10-01T16:08:07.4738161Z   submodules: false
2026-10-01T16:08:07.4738780Z   set-safe-directory: true
2026-10-01T16:08:07.4739462Z   allow-unsafe-pr-checkout: false
2026-10-01T16:08:07.4740698Z ##[endgroup]
2026-10-01T16:08:07.5955074Z Syncing repository: ktubi970/lmplot
2026-10-01T16:08:07.5959009Z ##[group]Getting Git version info
2026-10-01T16:08:07.5961128Z Working directory is '/home/runner/work/lmplot/lmplot'
2026-10-01T16:08:07.5963532Z [command]/usr/bin/git version
2026-10-01T16:08:07.6132315Z git version 2.55.0
2026-10-01T16:08:07.6172403Z ##[endgroup]
2026-10-01T16:08:07.6203196Z Temporarily overriding HOME='/home/runner/work/_temp/6ec93ab8-03a7-409b-9a84-57c05925d97f' before making global git config changes
2026-10-01T16:08:07.6230738Z Adding repository directory to the temporary git global config as a safe directory
2026-10-01T16:08:07.6234094Z [command]/usr/bin/git config --global --add safe.directory /home/runner/work/lmplot/lmplot
2026-10-01T16:08:07.6296956Z Deleting the contents of '/home/runner/work/lmplot/lmplot'
2026-10-01T16:08:07.6308042Z ##[group]Initializing the repository
2026-10-01T16:08:07.6309743Z [command]/usr/bin/git init /home/runner/work/lmplot/lmplot
2026-10-01T16:08:07.6452183Z hint: Using 'master' as the name for the initial branch. This default branch name
2026-10-01T16:08:07.6472461Z hint: will change to "main" in Git 3.0. To configure the initial branch name
2026-10-01T16:08:07.6483937Z hint: to use in all of your new repositories, which will suppress this warning,
2026-10-01T16:08:07.6486050Z hint: call:
2026-10-01T16:08:07.6508801Z hint:
2026-10-01T16:08:07.6510777Z hint: 	git config --global init.defaultBranch <name>
2026-10-01T16:08:07.6513872Z hint:
2026-10-01T16:08:07.6515563Z hint: Names commonly chosen instead of 'master' are 'main', 'trunk' and
2026-10-01T16:08:07.6518336Z hint: 'development'. The just-created branch can be renamed via this command:
2026-10-01T16:08:07.6520171Z hint:
2026-10-01T16:08:07.6523366Z hint: 	git branch -m <name>
2026-10-01T16:08:07.6524614Z hint:
2026-10-01T16:08:07.6529424Z hint: Disable this message with "git config set advice.defaultBranchName false"
2026-10-01T16:08:07.6540659Z Initialized empty Git repository in /home/runner/work/lmplot/lmplot/.git/
2026-10-01T16:08:07.6559793Z [command]/usr/bin/git remote add origin https://github.com/ktubi970/lmplot
2026-10-01T16:08:07.6564813Z ##[endgroup]
2026-10-01T16:08:07.6566900Z ##[group]Disabling automatic garbage collection
2026-10-01T16:08:07.6568776Z [command]/usr/bin/git config --local gc.auto 0
2026-10-01T16:08:07.6681335Z ##[endgroup]
2026-10-01T16:08:07.6683328Z ##[group]Setting up auth
2026-10-01T16:08:07.6726172Z [command]/usr/bin/git config --local --name-only --get-regexp core\.sshCommand
2026-10-01T16:08:07.6732366Z [command]/usr/bin/git submodule foreach --recursive sh -c "git config --local --name-only --get-regexp 'core\.sshCommand' && git config --local --unset-all 'core.sshCommand' || :"
2026-10-01T16:08:07.7232520Z [command]/usr/bin/git config --local --name-only --get-regexp http\.https\:\/\/github\.com\/\.extraheader
2026-10-01T16:08:07.7313539Z [command]/usr/bin/git submodule foreach --recursive sh -c "git config --local --name-only --get-regexp 'http\.https\:\/\/github\.com\/\.extraheader' && git config --local --unset-all 'http.https://github.com/.extraheader' || :"
2026-10-01T16:08:07.7581441Z [command]/usr/bin/git config --local --name-only --get-regexp ^includeIf\.gitdir:
2026-10-01T16:08:07.7629568Z [command]/usr/bin/git submodule foreach --recursive git config --local --show-origin --name-only --get-regexp remote.origin.url
2026-10-01T16:08:07.8011555Z [command]/usr/bin/git config --local http.https://github.com/.extraheader AUTHORIZATION: basic ***
2026-10-01T16:08:07.8059648Z ##[endgroup]
2026-10-01T16:08:07.8063069Z ##[group]Fetching the repository
2026-10-01T16:08:07.8074665Z [command]/usr/bin/git -c protocol.version=2 fetch --no-tags --prune --no-recurse-submodules --depth=1 origin +fdc7647bc73fc4e9574135895f119608ede4ae16:refs/remotes/origin/master
2026-10-01T16:08:08.2228344Z From https://github.com/ktubi970/lmplot
2026-10-01T16:08:08.2232697Z  * [new ref]         fdc7647bc73fc4e9574135895f119608ede4ae16 -> origin/master
2026-10-01T16:08:08.2241404Z ##[endgroup]
2026-10-01T16:08:08.2244821Z ##[group]Determining the checkout info
2026-10-01T16:08:08.2248372Z ##[endgroup]
2026-10-01T16:08:08.2251227Z [command]/usr/bin/git sparse-checkout disable
2026-10-01T16:08:08.2314331Z [command]/usr/bin/git config --local --unset-all extensions.worktreeConfig
2026-10-01T16:08:08.2357294Z ##[group]Checking out the ref
2026-10-01T16:08:08.2361528Z [command]/usr/bin/git checkout --progress --force -B master refs/remotes/origin/master
2026-10-01T16:08:08.2628114Z Reset branch 'master'
2026-10-01T16:08:08.2635073Z branch 'master' set up to track 'origin/master'.
2026-10-01T16:08:08.2649029Z ##[endgroup]
2026-10-01T16:08:08.2698143Z [command]/usr/bin/git log -1 --format=%H
2026-10-01T16:08:08.2772130Z fdc7647bc73fc4e9574135895f119608ede4ae16
2026-10-01T16:08:08.3435086Z ##[group]Run docker/setup-buildx-action@v3
2026-10-01T16:08:08.3437281Z with:
2026-10-01T16:08:08.3438819Z   driver: docker-container
2026-10-01T16:08:08.3440974Z   use: true
2026-10-01T16:08:08.3442528Z   keep-state: false
2026-10-01T16:08:08.3444165Z   cache-binary: true
2026-10-01T16:08:08.3445814Z   cleanup: true
2026-10-01T16:08:08.3447695Z   install: false
2026-10-01T16:08:08.3449245Z ##[endgroup]
2026-10-01T16:08:08.6501737Z (node:2075) [DEP0040] DeprecationWarning: The `punycode` module is deprecated. Please use a userland alternative instead.
2026-10-01T16:08:08.6508027Z (Use `node --trace-deprecation ...` to show where the warning was created)
2026-10-01T16:08:08.6633041Z ##[group]Docker info
2026-10-01T16:08:08.6636774Z [command]/usr/bin/docker version
2026-10-01T16:08:08.8072587Z Client: Docker Engine - Community
2026-10-01T16:08:08.8091861Z  Version:           28.0.4
2026-10-01T16:08:08.8105167Z  API version:       1.48
2026-10-01T16:08:08.8113726Z  Go version:        go1.23.7
2026-10-01T16:08:08.8115963Z  Git commit:        b8034c0
2026-10-01T16:08:08.8118215Z  Built:             Tue Mar 25 15:07:16 2025
2026-10-01T16:08:08.8121129Z  OS/Arch:           linux/amd64
2026-10-01T16:08:08.8123309Z  Context:           default
2026-10-01T16:08:08.8124668Z 
2026-10-01T16:08:08.8125595Z Server: Docker Engine - Community
2026-10-01T16:08:08.8127790Z  Engine:
2026-10-01T16:08:08.8129409Z   Version:          28.0.4
2026-10-01T16:08:08.8131937Z   API version:      1.48 (minimum version 1.24)
2026-10-01T16:08:08.8134468Z   Go version:       go1.23.7
2026-10-01T16:08:08.8136609Z   Git commit:       6430e49
2026-10-01T16:08:08.8138845Z   Built:            Tue Mar 25 15:07:16 2025
2026-10-01T16:08:08.8141886Z   OS/Arch:          linux/amd64
2026-10-01T16:08:08.8144129Z   Experimental:     false
2026-10-01T16:08:08.8149890Z  containerd:
2026-10-01T16:08:08.8151746Z   Version:          v2.3.6
2026-10-01T16:08:08.8153846Z   GitCommit:        ee2735368117d2eb259779949d5e75cdafec9761
2026-10-01T16:08:08.8156214Z  runc:
2026-10-01T16:08:08.8157825Z   Version:          1.5.1
2026-10-01T16:08:08.8159736Z   GitCommit:        v1.5.1-0-g8f2685a4
2026-10-01T16:08:08.8162491Z  docker-init:
2026-10-01T16:08:08.8171594Z   Version:          0.19.0
2026-10-01T16:08:08.8172695Z   GitCommit:        de40ad0
2026-10-01T16:08:08.8174588Z [command]/usr/bin/docker info
2026-10-01T16:08:09.0902096Z Client: Docker Engine - Community
2026-10-01T16:08:09.0949067Z  Version:    28.0.4
2026-10-01T16:08:09.0950875Z  Context:    default
2026-10-01T16:08:09.0952558Z  Debug Mode: false
2026-10-01T16:08:09.0953851Z  Plugins:
2026-10-01T16:08:09.0955139Z   buildx: Docker Buildx (Docker Inc.)
2026-10-01T16:08:09.0956668Z     Version:  v0.37.1
2026-10-01T16:08:09.0958265Z     Path:     /usr/libexec/docker/cli-plugins/docker-buildx
2026-10-01T16:08:09.0960133Z   compose: Docker Compose (Docker Inc.)
2026-10-01T16:08:09.0962109Z     Version:  v2.38.2
2026-10-01T16:08:09.0963720Z     Path:     /usr/libexec/docker/cli-plugins/docker-compose
2026-10-01T16:08:09.0964959Z 
2026-10-01T16:08:09.0966295Z Server:
2026-10-01T16:08:09.0969145Z  Containers: 0
2026-10-01T16:08:09.0973105Z   Running: 0
2026-10-01T16:08:09.0975015Z   Paused: 0
2026-10-01T16:08:09.0977410Z   Stopped: 0
2026-10-01T16:08:09.0979250Z  Images: 6
2026-10-01T16:08:09.0981950Z  Server Version: 28.0.4
2026-10-01T16:08:09.0984043Z  Storage Driver: overlay2
2026-10-01T16:08:09.0986821Z   Backing Filesystem: extfs
2026-10-01T16:08:09.0988992Z   Supports d_type: true
2026-10-01T16:08:09.0991351Z   Using metacopy: false
2026-10-01T16:08:09.0993283Z   Native Overlay Diff: false
2026-10-01T16:08:09.0995519Z   userxattr: false
2026-10-01T16:08:09.1003634Z  Logging Driver: json-file
2026-10-01T16:08:09.1005919Z  Cgroup Driver: systemd
2026-10-01T16:08:09.1008053Z  Cgroup Version: 2
2026-10-01T16:08:09.1009864Z  Plugins:
2026-10-01T16:08:09.1012273Z   Volume: local
2026-10-01T16:08:09.1014607Z   Network: bridge host ipvlan macvlan null overlay
2026-10-01T16:08:09.1018753Z   Log: awslogs fluentd gcplogs gelf journald json-file local splunk syslog
2026-10-01T16:08:09.1022092Z  Swarm: inactive
2026-10-01T16:08:09.1024555Z  Runtimes: io.containerd.runc.v2 runc
2026-10-01T16:08:09.1027110Z  Default Runtime: runc
2026-10-01T16:08:09.1029495Z  Init Binary: docker-init
2026-10-01T16:08:09.1032268Z  containerd version: ee2735368117d2eb259779949d5e75cdafec9761
2026-10-01T16:08:09.1035808Z  runc version: v1.5.1-0-g8f2685a4
2026-10-01T16:08:09.1037920Z  init version: de40ad0
2026-10-01T16:08:09.1040166Z  Security Options:
2026-10-01T16:08:09.1042478Z   apparmor
2026-10-01T16:08:09.1044520Z   seccomp
2026-10-01T16:08:09.1046282Z    Profile: builtin
2026-10-01T16:08:09.1048415Z   cgroupns
2026-10-01T16:08:09.1050590Z  Kernel Version: 6.17.0-1022-azure
2026-10-01T16:08:09.1053210Z  Operating System: Ubuntu 24.04.5 LTS
2026-10-01T16:08:09.1055631Z  OSType: linux
2026-10-01T16:08:09.1057871Z  Architecture: x86_64
2026-10-01T16:08:09.1059791Z  CPUs: 2
2026-10-01T16:08:09.1062299Z  Total Memory: 7.752GiB
2026-10-01T16:08:09.1067071Z  Name: runnervm8df0l
2026-10-01T16:08:09.1075455Z  ID: 96bc9d58-7015-4b4a-8357-8e592f0b19b5
2026-10-01T16:08:09.1077895Z  Docker Root Dir: /var/lib/docker
2026-10-01T16:08:09.1081785Z  Debug Mode: false
2026-10-01T16:08:09.1085275Z  Username: githubactions
2026-10-01T16:08:09.1087985Z  Experimental: false
2026-10-01T16:08:09.1090829Z  Insecure Registries:
2026-10-01T16:08:09.1099103Z   ::1/128
2026-10-01T16:08:09.1102251Z   127.0.0.0/8
2026-10-01T16:08:09.1104719Z  Live Restore Enabled: false
2026-10-01T16:08:09.1107289Z 
2026-10-01T16:08:09.1112802Z ##[endgroup]
2026-10-01T16:08:09.1743032Z ##[group]Buildx version
2026-10-01T16:08:09.1784816Z [command]/usr/bin/docker buildx version
2026-10-01T16:08:09.2348213Z github.com/docker/buildx v0.37.1 0b265a9f62db554fa9aba6dd19e1bd5704bc7d8a
2026-10-01T16:08:09.2366292Z ##[endgroup]
2026-10-01T16:08:09.2542043Z ##[group]Inspecting default docker context
2026-10-01T16:08:09.2700094Z [
2026-10-01T16:08:09.2701735Z   {
2026-10-01T16:08:09.2703143Z     "Name": "default",
2026-10-01T16:08:09.2704684Z     "Metadata": {},
2026-10-01T16:08:09.2706060Z     "Endpoints": {
2026-10-01T16:08:09.2706990Z       "docker": {
2026-10-01T16:08:09.2708002Z         "Host": "unix:///var/run/docker.sock",
2026-10-01T16:08:09.2709315Z         "SkipTLSVerify": false
2026-10-01T16:08:09.2710350Z       }
2026-10-01T16:08:09.2713618Z     },
2026-10-01T16:08:09.2715167Z     "TLSMaterial": {},
2026-10-01T16:08:09.2717067Z     "Storage": {
2026-10-01T16:08:09.2718774Z       "MetadataPath": "<IN MEMORY>",
2026-10-01T16:08:09.2721267Z       "TLSPath": "<IN MEMORY>"
2026-10-01T16:08:09.2723146Z     }
2026-10-01T16:08:09.2724821Z   }
2026-10-01T16:08:09.2726208Z ]
2026-10-01T16:08:09.2729388Z ##[endgroup]
2026-10-01T16:08:09.2732375Z ##[group]Creating a new builder instance
2026-10-01T16:08:09.4546236Z [command]/usr/bin/docker buildx create --name builder-b5ebfe01-dc69-44ec-a0f5-ed74a6f60de7 --driver docker-container --buildkitd-flags --allow-insecure-entitlement security.insecure --allow-insecure-entitlement network.host --use
2026-10-01T16:08:09.5237356Z builder-b5ebfe01-dc69-44ec-a0f5-ed74a6f60de7
2026-10-01T16:08:09.5283670Z ##[endgroup]
2026-10-01T16:08:09.5286940Z ##[group]Booting builder
2026-10-01T16:08:09.5328403Z [command]/usr/bin/docker buildx inspect --bootstrap --builder builder-b5ebfe01-dc69-44ec-a0f5-ed74a6f60de7
2026-10-01T16:08:09.5918660Z #1 [internal] booting buildkit
2026-10-01T16:08:09.7424092Z #1 pulling image moby/buildkit:buildx-stable-1
2026-10-01T16:08:15.4445940Z #1 pulling image moby/buildkit:buildx-stable-1 5.9s done
2026-10-01T16:08:15.5994839Z #1 creating container buildx_buildkit_builder-b5ebfe01-dc69-44ec-a0f5-ed74a6f60de70
2026-10-01T16:08:15.8482307Z #1 creating container buildx_buildkit_builder-b5ebfe01-dc69-44ec-a0f5-ed74a6f60de70 0.4s done
2026-10-01T16:08:15.8875584Z #1 DONE 6.3s
2026-10-01T16:08:15.9229529Z Name:          builder-b5ebfe01-dc69-44ec-a0f5-ed74a6f60de7
2026-10-01T16:08:15.9241339Z Driver:        docker-container
2026-10-01T16:08:15.9248356Z Last Activity: 2026-10-01 16:08:09 +0000 UTC
2026-10-01T16:08:15.9249080Z 
2026-10-01T16:08:15.9266195Z Nodes:
2026-10-01T16:08:15.9271836Z Name:                  builder-b5ebfe01-dc69-44ec-a0f5-ed74a6f60de70
2026-10-01T16:08:15.9272892Z Endpoint:              unix:///var/run/docker.sock
2026-10-01T16:08:15.9273679Z Status:                running
2026-10-01T16:08:15.9275263Z BuildKit daemon flags: --allow-insecure-entitlement security.insecure --allow-insecure-entitlement network.host
2026-10-01T16:08:15.9276469Z BuildKit version:      v0.33.1
2026-10-01T16:08:15.9277376Z Platforms:             linux/amd64, linux/amd64/v2, linux/amd64/v3, linux/386
2026-10-01T16:08:15.9278197Z Labels:
2026-10-01T16:08:15.9278870Z  org.mobyproject.buildkit.worker.executor:         oci
2026-10-01T16:08:15.9279765Z  org.mobyproject.buildkit.worker.hostname:         1aefc9784117
2026-10-01T16:08:15.9280947Z  org.mobyproject.buildkit.worker.network:          host
2026-10-01T16:08:15.9281889Z  org.mobyproject.buildkit.worker.oci.process-mode: sandbox
2026-10-01T16:08:15.9282826Z  org.mobyproject.buildkit.worker.selinux.enabled:  false
2026-10-01T16:08:15.9283762Z  org.mobyproject.buildkit.worker.snapshotter:      overlayfs
2026-10-01T16:08:15.9284551Z GC Policy rule#0:
2026-10-01T16:08:15.9285072Z  All:            false
2026-10-01T16:08:15.9285980Z  Filters:        type==source.local type==exec.cachemount type==source.git.checkout
2026-10-01T16:08:15.9286926Z  Keep Duration:  48h0m0s
2026-10-01T16:08:15.9287513Z  Max Used Space: 488.3MiB
2026-10-01T16:08:15.9288085Z GC Policy rule#1:
2026-10-01T16:08:15.9288653Z  All:            false
2026-10-01T16:08:15.9289408Z  Keep Duration:  1440h0m0s
2026-10-01T16:08:15.9290203Z  Reserved Space: 7.451GiB
2026-10-01T16:08:15.9291539Z  Max Used Space: 54.02GiB
2026-10-01T16:08:15.9292255Z  Min Free Space: 13.97GiB
2026-10-01T16:08:15.9292984Z GC Policy rule#2:
2026-10-01T16:08:15.9293625Z  All:            false
2026-10-01T16:08:15.9294290Z  Reserved Space: 7.451GiB
2026-10-01T16:08:15.9295089Z  Max Used Space: 54.02GiB
2026-10-01T16:08:15.9295757Z  Min Free Space: 13.97GiB
2026-10-01T16:08:15.9296379Z GC Policy rule#3:
2026-10-01T16:08:15.9296941Z  All:            true
2026-10-01T16:08:15.9297528Z  Reserved Space: 7.451GiB
2026-10-01T16:08:15.9298130Z  Max Used Space: 54.02GiB
2026-10-01T16:08:15.9298754Z  Min Free Space: 13.97GiB
2026-10-01T16:08:15.9322495Z ##[endgroup]
2026-10-01T16:08:16.0423232Z ##[group]Inspect builder
2026-10-01T16:08:16.0424271Z {
2026-10-01T16:08:16.0426941Z   "nodes": [
2026-10-01T16:08:16.0427314Z     {
2026-10-01T16:08:16.0427845Z       "name": "builder-b5ebfe01-dc69-44ec-a0f5-ed74a6f60de70",
2026-10-01T16:08:16.0428567Z       "endpoint": "unix:///var/run/docker.sock",
2026-10-01T16:08:16.0429079Z       "status": "running",
2026-10-01T16:08:16.0430034Z       "buildkitd-flags": "--allow-insecure-entitlement security.insecure --allow-insecure-entitlement network.host",
2026-10-01T16:08:16.0431290Z       "buildkit": "v0.33.1",
2026-10-01T16:08:16.0432065Z       "platforms": "linux/amd64,linux/amd64/v2,linux/amd64/v3,linux/386",
2026-10-01T16:08:16.0432747Z       "features": {
2026-10-01T16:08:16.0433325Z         "Automatically load images to the Docker Engine image store": true,
2026-10-01T16:08:16.0434046Z         "Cache export": true,
2026-10-01T16:08:16.0434497Z         "Direct push": true,
2026-10-01T16:08:16.0434991Z         "Docker exporter": true,
2026-10-01T16:08:16.0435469Z         "Multi-platform build": true,
2026-10-01T16:08:16.0435952Z         "OCI exporter": true
2026-10-01T16:08:16.0436371Z       },
2026-10-01T16:08:16.0436707Z       "labels": {
2026-10-01T16:08:16.0437202Z         "org.mobyproject.buildkit.worker.executor": "oci",
2026-10-01T16:08:16.0437997Z         "org.mobyproject.buildkit.worker.hostname": "1aefc9784117",
2026-10-01T16:08:16.0438779Z         "org.mobyproject.buildkit.worker.network": "host",
2026-10-01T16:08:16.0439583Z         "org.mobyproject.buildkit.worker.oci.process-mode": "sandbox",
2026-10-01T16:08:16.0441182Z         "org.mobyproject.buildkit.worker.selinux.enabled": "false",
2026-10-01T16:08:16.0442095Z         "org.mobyproject.buildkit.worker.snapshotter": "overlayfs"
2026-10-01T16:08:16.0442789Z       },
2026-10-01T16:08:16.0443199Z       "gcPolicy": [
2026-10-01T16:08:16.0443625Z         {
2026-10-01T16:08:16.0444026Z           "all": false,
2026-10-01T16:08:16.0444759Z           "filter": [
2026-10-01T16:08:16.0445386Z             "type==source.local type==exec.cachemount type==source.git.checkout"
2026-10-01T16:08:16.0446113Z           ],
2026-10-01T16:08:16.0446492Z           "keepDuration": "48h0m0s",
2026-10-01T16:08:16.0446978Z           "maxUsedSpace": "488.3MiB"
2026-10-01T16:08:16.0447432Z         },
2026-10-01T16:08:16.0447773Z         {
2026-10-01T16:08:16.0448122Z           "all": false,
2026-10-01T16:08:16.0448547Z           "keepDuration": "1440h0m0s",
2026-10-01T16:08:16.0449073Z           "reservedSpace": "7.451GiB",
2026-10-01T16:08:16.0449575Z           "maxUsedSpace": "54.02GiB",
2026-10-01T16:08:16.0450105Z           "minFreeSpace": "13.97GiB"
2026-10-01T16:08:16.0450951Z         },
2026-10-01T16:08:16.0451422Z         {
2026-10-01T16:08:16.0451760Z           "all": false,
2026-10-01T16:08:16.0452176Z           "reservedSpace": "7.451GiB",
2026-10-01T16:08:16.0452660Z           "maxUsedSpace": "54.02GiB",
2026-10-01T16:08:16.0453141Z           "minFreeSpace": "13.97GiB"
2026-10-01T16:08:16.0453642Z         },
2026-10-01T16:08:16.0453978Z         {
2026-10-01T16:08:16.0454339Z           "all": true,
2026-10-01T16:08:16.0454761Z           "reservedSpace": "7.451GiB",
2026-10-01T16:08:16.0455276Z           "maxUsedSpace": "54.02GiB",
2026-10-01T16:08:16.0455757Z           "minFreeSpace": "13.97GiB"
2026-10-01T16:08:16.0456208Z         }
2026-10-01T16:08:16.0456542Z       ]
2026-10-01T16:08:16.0457104Z     }
2026-10-01T16:08:16.0457567Z   ],
2026-10-01T16:08:16.0458021Z   "name": "builder-b5ebfe01-dc69-44ec-a0f5-ed74a6f60de7",
2026-10-01T16:08:16.0458680Z   "driver": "docker-container",
2026-10-01T16:08:16.0459167Z   "lastActivity": "2026-10-01T16:08:09.000Z"
2026-10-01T16:08:16.0459688Z }
2026-10-01T16:08:16.0460303Z ##[endgroup]
2026-10-01T16:08:16.0461170Z ##[group]BuildKit version
2026-10-01T16:08:16.0461716Z builder-b5ebfe01-dc69-44ec-a0f5-ed74a6f60de70: v0.33.1
2026-10-01T16:08:16.0462620Z ##[endgroup]
2026-10-01T16:08:16.0582068Z ##[group]Run docker compose config --quiet
2026-10-01T16:08:16.0582498Z [36;1mdocker compose config --quiet[0m
2026-10-01T16:08:16.0582855Z [36;1mdocker compose config --format json | jq -e '[0m
2026-10-01T16:08:16.0583187Z [36;1m  . as $config |[0m
2026-10-01T16:08:16.0583485Z [36;1m  ($config.services | keys == ["lmplot"]) and[0m
2026-10-01T16:08:16.0583842Z [36;1m  ($config.services.lmplot as $app |[0m
2026-10-01T16:08:16.0584266Z [36;1m    (($app.environment // {}) | has("LMPLOT_TRUSTED_LOCAL") | not) and[0m
2026-10-01T16:08:16.0584698Z [36;1m    (($app.ports // []) | length == 0) and[0m
2026-10-01T16:08:16.0585018Z [36;1m    ($app.read_only == true) and[0m
2026-10-01T16:08:16.0585341Z [36;1m    ($app.networks | keys | length > 0) and[0m
2026-10-01T16:08:16.0585778Z [36;1m    ([$app.networks | keys[] | $config.networks[.].internal] | all(. == true)))'[0m
2026-10-01T16:08:16.0959333Z shell: /usr/bin/bash --noprofile --norc -e -o pipefail {0}
2026-10-01T16:08:16.0959914Z ##[endgroup]
2026-10-01T16:08:16.3275342Z true
2026-10-01T16:08:16.3400801Z ##[group]Run docker/build-push-action@v6
2026-10-01T16:08:16.3401131Z with:
2026-10-01T16:08:16.3401323Z   context: .
2026-10-01T16:08:16.3401543Z   platforms: linux/amd64
2026-10-01T16:08:16.3401781Z   load: true
2026-10-01T16:08:16.3401990Z   push: false
2026-10-01T16:08:16.3402195Z   tags: lmplot:0.10.0-beta.1
2026-10-01T16:08:16.3402432Z   cache-from: type=gha
2026-10-01T16:08:16.3402665Z   cache-to: type=gha,mode=max
2026-10-01T16:08:16.3402907Z   no-cache: false
2026-10-01T16:08:16.3403107Z   pull: false
2026-10-01T16:08:16.3405394Z   github-token: ***
2026-10-01T16:08:16.3405622Z ##[endgroup]
2026-10-01T16:08:16.6349383Z (node:2558) [DEP0040] DeprecationWarning: The `punycode` module is deprecated. Please use a userland alternative instead.
2026-10-01T16:08:16.6372449Z (Use `node --trace-deprecation ...` to show where the warning was created)
2026-10-01T16:08:16.6391341Z ##[group]GitHub Actions runtime token ACs
2026-10-01T16:08:16.6410967Z refs/heads/master: read/write
2026-10-01T16:08:16.6417524Z ##[endgroup]
2026-10-01T16:08:16.6418354Z ##[group]Docker info
2026-10-01T16:08:16.6471087Z [command]/usr/bin/docker version
2026-10-01T16:08:16.6841370Z Client: Docker Engine - Community
2026-10-01T16:08:16.6871006Z  Version:           28.0.4
2026-10-01T16:08:16.6911569Z  API version:       1.48
2026-10-01T16:08:16.6970959Z  Go version:        go1.23.7
2026-10-01T16:08:16.6971447Z  Git commit:        b8034c0
2026-10-01T16:08:16.6990880Z  Built:             Tue Mar 25 15:07:16 2025
2026-10-01T16:08:16.7011014Z  OS/Arch:           linux/amd64
2026-10-01T16:08:16.7051019Z  Context:           default
2026-10-01T16:08:16.7110746Z 
2026-10-01T16:08:16.7131585Z Server: Docker Engine - Community
2026-10-01T16:08:16.7171135Z  Engine:
2026-10-01T16:08:16.7181086Z   Version:          28.0.4
2026-10-01T16:08:16.7201424Z   API version:      1.48 (minimum version 1.24)
2026-10-01T16:08:16.7221302Z   Go version:       go1.23.7
2026-10-01T16:08:16.7232232Z   Git commit:       6430e49
2026-10-01T16:08:16.7248115Z   Built:            Tue Mar 25 15:07:16 2025
2026-10-01T16:08:16.7261356Z   OS/Arch:          linux/amd64
2026-10-01T16:08:16.7281386Z   Experimental:     false
2026-10-01T16:08:16.7294786Z  containerd:
2026-10-01T16:08:16.7309807Z   Version:          v2.3.6
2026-10-01T16:08:16.7349374Z   GitCommit:        ee2735368117d2eb259779949d5e75cdafec9761
2026-10-01T16:08:16.7375779Z  runc:
2026-10-01T16:08:16.7421323Z   Version:          1.5.1
2026-10-01T16:08:16.7445470Z   GitCommit:        v1.5.1-0-g8f2685a4
2026-10-01T16:08:16.7481270Z  docker-init:
2026-10-01T16:08:16.7491010Z   Version:          0.19.0
2026-10-01T16:08:16.7525779Z   GitCommit:        de40ad0
2026-10-01T16:08:16.7611188Z [command]/usr/bin/docker info
2026-10-01T16:08:16.8141473Z Client: Docker Engine - Community
2026-10-01T16:08:16.8145303Z  Version:    28.0.4
2026-10-01T16:08:16.8154224Z  Context:    default
2026-10-01T16:08:16.8154595Z  Debug Mode: false
2026-10-01T16:08:16.8154938Z  Plugins:
2026-10-01T16:08:16.8155354Z   buildx: Docker Buildx (Docker Inc.)
2026-10-01T16:08:16.8155801Z     Version:  v0.37.1
2026-10-01T16:08:16.8156257Z     Path:     /usr/libexec/docker/cli-plugins/docker-buildx
2026-10-01T16:08:16.8156851Z   compose: Docker Compose (Docker Inc.)
2026-10-01T16:08:16.8157321Z     Version:  v2.38.2
2026-10-01T16:08:16.8157797Z     Path:     /usr/libexec/docker/cli-plugins/docker-compose
2026-10-01T16:08:16.8158210Z 
2026-10-01T16:08:16.8158331Z Server:
2026-10-01T16:08:16.8158618Z  Containers: 1
2026-10-01T16:08:16.8158923Z   Running: 1
2026-10-01T16:08:16.8159217Z   Paused: 0
2026-10-01T16:08:16.8159552Z   Stopped: 0
2026-10-01T16:08:16.8209558Z  Images: 7
2026-10-01T16:08:16.8217148Z  Server Version: 28.0.4
2026-10-01T16:08:16.8217805Z  Storage Driver: overlay2
2026-10-01T16:08:16.8218422Z   Backing Filesystem: extfs
2026-10-01T16:08:16.8219097Z   Supports d_type: true
2026-10-01T16:08:16.8219743Z   Using metacopy: false
2026-10-01T16:08:16.8220734Z   Native Overlay Diff: false
2026-10-01T16:08:16.8221863Z   userxattr: false
2026-10-01T16:08:16.8222617Z  Logging Driver: json-file
2026-10-01T16:08:16.8223311Z  Cgroup Driver: systemd
2026-10-01T16:08:16.8224007Z  Cgroup Version: 2
2026-10-01T16:08:16.8224669Z  Plugins:
2026-10-01T16:08:16.8225303Z   Volume: local
2026-10-01T16:08:16.8226039Z   Network: bridge host ipvlan macvlan null overlay
2026-10-01T16:08:16.8227179Z   Log: awslogs fluentd gcplogs gelf journald json-file local splunk syslog
2026-10-01T16:08:16.8228197Z  Swarm: inactive
2026-10-01T16:08:16.8228905Z  Runtimes: io.containerd.runc.v2 runc
2026-10-01T16:08:16.8229692Z  Default Runtime: runc
2026-10-01T16:08:16.8230737Z  Init Binary: docker-init
2026-10-01T16:08:16.8231595Z  containerd version: ee2735368117d2eb259779949d5e75cdafec9761
2026-10-01T16:08:16.8232562Z  runc version: v1.5.1-0-g8f2685a4
2026-10-01T16:08:16.8233195Z  init version: de40ad0
2026-10-01T16:08:16.8233758Z  Security Options:
2026-10-01T16:08:16.8234305Z   apparmor
2026-10-01T16:08:16.8234813Z   seccomp
2026-10-01T16:08:16.8235585Z    Profile: builtin
2026-10-01T16:08:16.8236159Z   cgroupns
2026-10-01T16:08:16.8236749Z  Kernel Version: 6.17.0-1022-azure
2026-10-01T16:08:16.8237459Z  Operating System: Ubuntu 24.04.5 LTS
2026-10-01T16:08:16.8238144Z  OSType: linux
2026-10-01T16:08:16.8238735Z  Architecture: x86_64
2026-10-01T16:08:16.8239320Z  CPUs: 2
2026-10-01T16:08:16.8239835Z  Total Memory: 7.752GiB
2026-10-01T16:08:16.8240705Z  Name: runnervm8df0l
2026-10-01T16:08:16.8241509Z  ID: 96bc9d58-7015-4b4a-8357-8e592f0b19b5
2026-10-01T16:08:16.8242343Z  Docker Root Dir: /var/lib/docker
2026-10-01T16:08:16.8243118Z  Debug Mode: false
2026-10-01T16:08:16.8243787Z  Username: githubactions
2026-10-01T16:08:16.8244481Z  Experimental: false
2026-10-01T16:08:16.8245139Z  Insecure Registries:
2026-10-01T16:08:16.8245868Z   ::1/128
2026-10-01T16:08:16.8246491Z   127.0.0.0/8
2026-10-01T16:08:16.8247159Z  Live Restore Enabled: false
2026-10-01T16:08:16.8247634Z 
2026-10-01T16:08:16.8248368Z ##[endgroup]
2026-10-01T16:08:16.8249133Z ##[group]Proxy configuration
2026-10-01T16:08:16.8249823Z No proxy configuration found
2026-10-01T16:08:16.8251040Z ##[endgroup]
2026-10-01T16:08:16.9269939Z ##[group]Buildx version
2026-10-01T16:08:16.9296731Z [command]/usr/bin/docker buildx version
2026-10-01T16:08:16.9843506Z github.com/docker/buildx v0.37.1 0b265a9f62db554fa9aba6dd19e1bd5704bc7d8a
2026-10-01T16:08:16.9877532Z ##[endgroup]
2026-10-01T16:08:16.9878599Z ##[group]Builder info
2026-10-01T16:08:17.1432614Z {
2026-10-01T16:08:17.1464650Z   "nodes": [
2026-10-01T16:08:17.1475821Z     {
2026-10-01T16:08:17.1497720Z       "name": "builder-b5ebfe01-dc69-44ec-a0f5-ed74a6f60de70",
2026-10-01T16:08:17.1505466Z       "endpoint": "unix:///var/run/docker.sock",
2026-10-01T16:08:17.1518552Z       "status": "running",
2026-10-01T16:08:17.1551665Z       "buildkitd-flags": "--allow-insecure-entitlement security.insecure --allow-insecure-entitlement network.host",
2026-10-01T16:08:17.1581210Z       "buildkit": "v0.33.1",
2026-10-01T16:08:17.1636694Z       "platforms": "linux/amd64,linux/amd64/v2,linux/amd64/v3,linux/386",
2026-10-01T16:08:17.1705479Z       "features": {
2026-10-01T16:08:17.1844253Z         "Automatically load images to the Docker Engine image store": true,
2026-10-01T16:08:17.1864158Z         "Cache export": true,
2026-10-01T16:08:17.1873957Z         "Direct push": true,
2026-10-01T16:08:17.1897720Z         "Docker exporter": true,
2026-10-01T16:08:17.2179408Z         "Multi-platform build": true,
2026-10-01T16:08:17.2184789Z         "OCI exporter": true
2026-10-01T16:08:17.2267601Z       },
2026-10-01T16:08:17.2281101Z       "labels": {
2026-10-01T16:08:17.2341374Z         "org.mobyproject.buildkit.worker.executor": "oci",
2026-10-01T16:08:17.2342922Z         "org.mobyproject.buildkit.worker.hostname": "1aefc9784117",
2026-10-01T16:08:17.2396254Z         "org.mobyproject.buildkit.worker.network": "host",
2026-10-01T16:08:17.2397442Z         "org.mobyproject.buildkit.worker.oci.process-mode": "sandbox",
2026-10-01T16:08:17.2399034Z         "org.mobyproject.buildkit.worker.selinux.enabled": "false",
2026-10-01T16:08:17.2400029Z         "org.mobyproject.buildkit.worker.snapshotter": "overlayfs"
2026-10-01T16:08:17.2401295Z       },
2026-10-01T16:08:17.2401775Z       "gcPolicy": [
2026-10-01T16:08:17.2402283Z         {
2026-10-01T16:08:17.2402720Z           "all": false,
2026-10-01T16:08:17.2403242Z           "filter": [
2026-10-01T16:08:17.2403951Z             "type==source.local type==exec.cachemount type==source.git.checkout"
2026-10-01T16:08:17.2404793Z           ],
2026-10-01T16:08:17.2405249Z           "keepDuration": "48h0m0s",
2026-10-01T16:08:17.2405843Z           "maxUsedSpace": "488.3MiB"
2026-10-01T16:08:17.2406371Z         },
2026-10-01T16:08:17.2406860Z         {
2026-10-01T16:08:17.2407309Z           "all": false,
2026-10-01T16:08:17.2407824Z           "keepDuration": "1440h0m0s",
2026-10-01T16:08:17.2408464Z           "reservedSpace": "7.451GiB",
2026-10-01T16:08:17.2409180Z           "maxUsedSpace": "54.02GiB",
2026-10-01T16:08:17.2409821Z           "minFreeSpace": "13.97GiB"
2026-10-01T16:08:17.2412647Z         },
2026-10-01T16:08:17.2413002Z         {
2026-10-01T16:08:17.2413346Z           "all": false,
2026-10-01T16:08:17.2413787Z           "reservedSpace": "7.451GiB",
2026-10-01T16:08:17.2414301Z           "maxUsedSpace": "54.02GiB",
2026-10-01T16:08:17.2414792Z           "minFreeSpace": "13.97GiB"
2026-10-01T16:08:17.2415248Z         },
2026-10-01T16:08:17.2415566Z         {
2026-10-01T16:08:17.2415901Z           "all": true,
2026-10-01T16:08:17.2416312Z           "reservedSpace": "7.451GiB",
2026-10-01T16:08:17.2416798Z           "maxUsedSpace": "54.02GiB",
2026-10-01T16:08:17.2417280Z           "minFreeSpace": "13.97GiB"
2026-10-01T16:08:17.2417721Z         }
2026-10-01T16:08:17.2418025Z       ]
2026-10-01T16:08:17.2418339Z     }
2026-10-01T16:08:17.2418652Z   ],
2026-10-01T16:08:17.2419107Z   "name": "builder-b5ebfe01-dc69-44ec-a0f5-ed74a6f60de7",
2026-10-01T16:08:17.2419725Z   "driver": "docker-container",
2026-10-01T16:08:17.2420883Z   "lastActivity": "2026-10-01T16:08:09.000Z"
2026-10-01T16:08:17.2421562Z }
2026-10-01T16:08:17.2422334Z ##[endgroup]
2026-10-01T16:08:17.4418350Z [command]/usr/bin/docker buildx build --cache-from type=gha --cache-to type=gha,mode=max --iidfile /home/runner/work/_temp/docker-actions-toolkit-rlxDRm/build-iidfile-ef074fca46.txt --platform linux/amd64 --tag lmplot:0.10.0-beta.1 --load --metadata-file /home/runner/work/_temp/docker-actions-toolkit-rlxDRm/build-metadata-70d978f4e7.json .
2026-10-01T16:08:17.7787296Z #0 building with "builder-b5ebfe01-dc69-44ec-a0f5-ed74a6f60de7" instance using docker-container driver
2026-10-01T16:08:17.7788297Z 
2026-10-01T16:08:17.7788834Z #1 [internal] load build definition from Dockerfile
2026-10-01T16:08:17.7789699Z #1 transferring dockerfile: 2.43kB done
2026-10-01T16:08:17.7790655Z #1 DONE 0.0s
2026-10-01T16:08:17.7790912Z 
2026-10-01T16:08:17.7791247Z #2 [auth] rocker/shiny:pull token for registry-1.docker.io
2026-10-01T16:08:17.7791964Z #2 DONE 0.0s
2026-10-01T16:08:17.7792531Z 
2026-10-01T16:08:17.7793507Z #3 [internal] load metadata for docker.io/rocker/shiny:4.6.0@sha256:95a0d826be0bfc9bd41300385b35cf0ec074fc6b82cfaa92fddd7c6f6f2fd0dd
2026-10-01T16:08:17.9089747Z #3 DONE 0.3s
2026-10-01T16:08:18.0387979Z 
2026-10-01T16:08:18.0388828Z #4 [internal] load .dockerignore
2026-10-01T16:08:18.0390022Z #4 transferring context: 223B done
2026-10-01T16:08:18.0391171Z #4 DONE 0.0s
2026-10-01T16:08:18.0391585Z 
2026-10-01T16:08:18.0392068Z #5 importing cache manifest from gha:5240956565812826197
2026-10-01T16:08:18.0392923Z #5 DONE 0.0s
2026-10-01T16:08:18.0393720Z 
2026-10-01T16:08:18.0395628Z #6 [internal] load build context
2026-10-01T16:08:18.0396780Z #6 transferring context: 2.77MB 0.1s done
2026-10-01T16:08:18.1669490Z #6 DONE 0.1s
2026-10-01T16:08:18.1673345Z 
2026-10-01T16:08:18.1674309Z #7 [ 1/13] FROM docker.io/rocker/shiny:4.6.0@sha256:95a0d826be0bfc9bd41300385b35cf0ec074fc6b82cfaa92fddd7c6f6f2fd0dd
2026-10-01T16:08:18.1678369Z #7 resolve docker.io/rocker/shiny:4.6.0@sha256:95a0d826be0bfc9bd41300385b35cf0ec074fc6b82cfaa92fddd7c6f6f2fd0dd done
2026-10-01T16:08:18.1679789Z #7 sha256:bf09c754ec9050394b03c86d421f92a566932b271e0319e134343bf676c93232 23.04kB / 23.04kB 0.0s done
2026-10-01T16:08:18.1682993Z #7 sha256:9083a697c5875e5df1a0a0449ddef9e1c8422e2b724c2d1fe3db431ad7c23f49 1.85kB / 1.85kB 0.0s done
2026-10-01T16:08:18.1685644Z #7 sha256:ff78e229ad83d652356ed92c2f75694e76d39c593a59fe1d2d8e55f028362f3b 751B / 751B 0.1s done
2026-10-01T16:08:18.3115482Z #7 sha256:3e5a715c1f41f567ae327e0d54a3ca24aef556777f0f4fc8e821c1bdb3442d86 524B / 524B 0.1s done
2026-10-01T16:08:18.3117210Z #7 sha256:95ae03dac77d0169776d3d7ffc3e4f3dea80a74901eb69b9db0425233259326f 1.28kB / 1.28kB 0.1s done
2026-10-01T16:08:18.3119188Z #7 sha256:cb259a83ac3dd9fea0b394df41df2b298adf0df938fef5999475af18a751c257 29.73MB / 29.73MB 0.1s done
2026-10-01T16:08:18.3121045Z #7 extracting sha256:cb259a83ac3dd9fea0b394df41df2b298adf0df938fef5999475af18a751c257
2026-10-01T16:08:18.3122773Z #7 sha256:79eed9a75400b4f205327be2491a05355dbc2c0b94b45befc51f1e65089f279f 1.15kB / 1.15kB 0.0s done
2026-10-01T16:08:18.3124782Z #7 sha256:6cfc6f9b36a0d6330f3a12c41499bfd209244cbcfaf76f66c27640a1cacba7ba 1.50kB / 1.50kB 0.0s done
2026-10-01T16:08:18.3126360Z #7 sha256:ec1a715e6e8db41092815a164d88f4e01de597e6aa08b14aab898cfcff997b0b 2.83kB / 2.83kB 0.0s done
2026-10-01T16:08:18.3127918Z #7 sha256:b161343ae97ccb1183f5360a75223d13e3f3ee92c7f7266cd1e81ceeafeb8b20 28.50MB / 28.50MB 0.1s done
2026-10-01T16:08:18.5015366Z #7 sha256:233fd3ccd43e7a48dc5e3e30eba907dc5160d751ae590aad4d38f96f7ad4102a 44.04MB / 310.96MB 0.3s
2026-10-01T16:08:18.5017957Z #7 sha256:ccca413a1c600a580b26e35f004b1e4c4bf845a09ea2cc3b220325e2ac7fd81e 7.34MB / 207.33MB 0.2s
2026-10-01T16:08:18.6552174Z #7 sha256:233fd3ccd43e7a48dc5e3e30eba907dc5160d751ae590aad4d38f96f7ad4102a 89.13MB / 310.96MB 0.5s
2026-10-01T16:08:18.8005457Z #7 sha256:233fd3ccd43e7a48dc5e3e30eba907dc5160d751ae590aad4d38f96f7ad4102a 123.73MB / 310.96MB 0.6s
2026-10-01T16:08:18.8006966Z #7 sha256:ccca413a1c600a580b26e35f004b1e4c4bf845a09ea2cc3b220325e2ac7fd81e 28.31MB / 207.33MB 0.5s
2026-10-01T16:08:18.9509417Z #7 sha256:233fd3ccd43e7a48dc5e3e30eba907dc5160d751ae590aad4d38f96f7ad4102a 164.63MB / 310.96MB 0.8s
2026-10-01T16:08:18.9512046Z #7 sha256:ccca413a1c600a580b26e35f004b1e4c4bf845a09ea2cc3b220325e2ac7fd81e 39.85MB / 207.33MB 0.6s
2026-10-01T16:08:19.1022854Z #7 sha256:233fd3ccd43e7a48dc5e3e30eba907dc5160d751ae590aad4d38f96f7ad4102a 203.42MB / 310.96MB 0.9s
2026-10-01T16:08:19.1024475Z #7 sha256:ccca413a1c600a580b26e35f004b1e4c4bf845a09ea2cc3b220325e2ac7fd81e 55.57MB / 207.33MB 0.8s
2026-10-01T16:08:19.2509788Z #7 sha256:233fd3ccd43e7a48dc5e3e30eba907dc5160d751ae590aad4d38f96f7ad4102a 245.37MB / 310.96MB 1.1s
2026-10-01T16:08:19.2513744Z #7 sha256:ccca413a1c600a580b26e35f004b1e4c4bf845a09ea2cc3b220325e2ac7fd81e 76.55MB / 207.33MB 0.9s
2026-10-01T16:08:19.4006655Z #7 sha256:233fd3ccd43e7a48dc5e3e30eba907dc5160d751ae590aad4d38f96f7ad4102a 285.21MB / 310.96MB 1.2s
2026-10-01T16:08:19.4008858Z #7 sha256:ccca413a1c600a580b26e35f004b1e4c4bf845a09ea2cc3b220325e2ac7fd81e 94.37MB / 207.33MB 1.1s
2026-10-01T16:08:19.5516803Z #7 sha256:233fd3ccd43e7a48dc5e3e30eba907dc5160d751ae590aad4d38f96f7ad4102a 310.96MB / 310.96MB 1.4s
2026-10-01T16:08:19.5519264Z #7 sha256:ccca413a1c600a580b26e35f004b1e4c4bf845a09ea2cc3b220325e2ac7fd81e 106.95MB / 207.33MB 1.2s
2026-10-01T16:08:19.7011902Z #7 sha256:ccca413a1c600a580b26e35f004b1e4c4bf845a09ea2cc3b220325e2ac7fd81e 120.59MB / 207.33MB 1.4s
2026-10-01T16:08:19.8514256Z #7 sha256:ccca413a1c600a580b26e35f004b1e4c4bf845a09ea2cc3b220325e2ac7fd81e 135.27MB / 207.33MB 1.5s
2026-10-01T16:08:20.0004203Z #7 sha256:ccca413a1c600a580b26e35f004b1e4c4bf845a09ea2cc3b220325e2ac7fd81e 152.04MB / 207.33MB 1.7s
2026-10-01T16:08:20.1512029Z #7 sha256:ccca413a1c600a580b26e35f004b1e4c4bf845a09ea2cc3b220325e2ac7fd81e 196.08MB / 207.33MB 1.8s
2026-10-01T16:08:20.3008123Z #7 sha256:ccca413a1c600a580b26e35f004b1e4c4bf845a09ea2cc3b220325e2ac7fd81e 207.33MB / 207.33MB 2.0s
2026-10-01T16:08:20.7512932Z #7 extracting sha256:cb259a83ac3dd9fea0b394df41df2b298adf0df938fef5999475af18a751c257 2.5s done
2026-10-01T16:08:20.7514514Z #7 extracting sha256:9083a697c5875e5df1a0a0449ddef9e1c8422e2b724c2d1fe3db431ad7c23f49
2026-10-01T16:08:21.3545049Z #7 sha256:233fd3ccd43e7a48dc5e3e30eba907dc5160d751ae590aad4d38f96f7ad4102a 310.96MB / 310.96MB 3.0s done
2026-10-01T16:08:21.7655977Z #7 extracting sha256:9083a697c5875e5df1a0a0449ddef9e1c8422e2b724c2d1fe3db431ad7c23f49 1.1s done
2026-10-01T16:08:21.9206302Z #7 sha256:ccca413a1c600a580b26e35f004b1e4c4bf845a09ea2cc3b220325e2ac7fd81e 207.33MB / 207.33MB 3.6s done
2026-10-01T16:08:21.9207671Z #7 extracting sha256:233fd3ccd43e7a48dc5e3e30eba907dc5160d751ae590aad4d38f96f7ad4102a
2026-10-01T16:08:28.5568569Z #7 extracting sha256:233fd3ccd43e7a48dc5e3e30eba907dc5160d751ae590aad4d38f96f7ad4102a 6.8s done
2026-10-01T16:08:28.5569693Z #7 DONE 10.6s
2026-10-01T16:08:28.7141445Z 
2026-10-01T16:08:28.7142791Z #7 [ 1/13] FROM docker.io/rocker/shiny:4.6.0@sha256:95a0d826be0bfc9bd41300385b35cf0ec074fc6b82cfaa92fddd7c6f6f2fd0dd
2026-10-01T16:08:28.7144807Z #7 extracting sha256:ec1a715e6e8db41092815a164d88f4e01de597e6aa08b14aab898cfcff997b0b 0.1s done
2026-10-01T16:08:28.7146742Z #7 extracting sha256:6cfc6f9b36a0d6330f3a12c41499bfd209244cbcfaf76f66c27640a1cacba7ba 0.1s done
2026-10-01T16:08:28.7148302Z #7 DONE 10.8s
2026-10-01T16:08:28.8651191Z 
2026-10-01T16:08:28.8652982Z #7 [ 1/13] FROM docker.io/rocker/shiny:4.6.0@sha256:95a0d826be0bfc9bd41300385b35cf0ec074fc6b82cfaa92fddd7c6f6f2fd0dd
2026-10-01T16:08:28.8654714Z #7 extracting sha256:b161343ae97ccb1183f5360a75223d13e3f3ee92c7f7266cd1e81ceeafeb8b20
2026-10-01T16:08:29.2796272Z #7 extracting sha256:b161343ae97ccb1183f5360a75223d13e3f3ee92c7f7266cd1e81ceeafeb8b20 0.6s done
2026-10-01T16:08:29.2798711Z #7 DONE 11.3s
2026-10-01T16:08:29.4511270Z 
2026-10-01T16:08:29.4512746Z #7 [ 1/13] FROM docker.io/rocker/shiny:4.6.0@sha256:95a0d826be0bfc9bd41300385b35cf0ec074fc6b82cfaa92fddd7c6f6f2fd0dd
2026-10-01T16:08:29.4514584Z #7 extracting sha256:79eed9a75400b4f205327be2491a05355dbc2c0b94b45befc51f1e65089f279f done
2026-10-01T16:08:29.4515818Z #7 extracting sha256:ff78e229ad83d652356ed92c2f75694e76d39c593a59fe1d2d8e55f028362f3b done
2026-10-01T16:08:29.4516902Z #7 extracting sha256:95ae03dac77d0169776d3d7ffc3e4f3dea80a74901eb69b9db0425233259326f done
2026-10-01T16:08:29.4517965Z #7 extracting sha256:3e5a715c1f41f567ae327e0d54a3ca24aef556777f0f4fc8e821c1bdb3442d86 done
2026-10-01T16:08:29.4519023Z #7 extracting sha256:ccca413a1c600a580b26e35f004b1e4c4bf845a09ea2cc3b220325e2ac7fd81e
2026-10-01T16:08:36.9939457Z #7 extracting sha256:ccca413a1c600a580b26e35f004b1e4c4bf845a09ea2cc3b220325e2ac7fd81e 7.7s done
2026-10-01T16:08:36.9940634Z #7 DONE 19.0s
2026-10-01T16:08:37.1546001Z 
2026-10-01T16:08:37.1547031Z #7 [ 1/13] FROM docker.io/rocker/shiny:4.6.0@sha256:95a0d826be0bfc9bd41300385b35cf0ec074fc6b82cfaa92fddd7c6f6f2fd0dd
2026-10-01T16:08:37.1548156Z #7 extracting sha256:bf09c754ec9050394b03c86d421f92a566932b271e0319e134343bf676c93232 done
2026-10-01T16:08:37.1548927Z #7 DONE 19.0s
2026-10-01T16:08:37.1549279Z 
2026-10-01T16:08:37.1552042Z #8 [ 2/13] RUN apt-get update  && apt-get install -y --no-install-recommends       build-essential gfortran wget       libcurl4-openssl-dev libssl-dev libxml2-dev libgit2-dev libicu-dev       libnlopt-dev libglpk-dev       libfontconfig1-dev libfreetype6-dev libharfbuzz-dev libfribidi-dev       libpng-dev libjpeg-dev libtiff-dev  && rm -rf /var/lib/apt/lists/*
2026-10-01T16:08:37.3686974Z #8 0.364 Get:1 http://security.ubuntu.com/ubuntu noble-security InRelease [126 kB]
2026-10-01T16:08:37.5362351Z #8 0.382 Get:2 http://archive.ubuntu.com/ubuntu noble InRelease [256 kB]
2026-10-01T16:08:37.8943536Z #8 0.890 Get:3 http://security.ubuntu.com/ubuntu noble-security/main amd64 Packages [1,318 kB]
2026-10-01T16:08:38.3062207Z #8 1.301 Get:4 http://archive.ubuntu.com/ubuntu noble-updates InRelease [126 kB]
2026-10-01T16:08:38.5738347Z #8 1.569 Get:5 http://security.ubuntu.com/ubuntu noble-security/multiverse amd64 Packages [50.0 kB]
2026-10-01T16:08:38.8006775Z #8 1.573 Get:6 http://security.ubuntu.com/ubuntu noble-security/restricted amd64 Packages [1,943 kB]
2026-10-01T16:08:38.8019321Z #8 1.654 Get:7 http://archive.ubuntu.com/ubuntu noble-backports InRelease [126 kB]
2026-10-01T16:08:38.8022429Z #8 1.796 Get:8 http://security.ubuntu.com/ubuntu noble-security/universe amd64 Packages [1,542 kB]
2026-10-01T16:08:38.9998085Z #8 1.995 Get:9 http://archive.ubuntu.com/ubuntu noble/restricted amd64 Packages [117 kB]
2026-10-01T16:08:39.3005648Z #8 2.295 Get:10 http://archive.ubuntu.com/ubuntu noble/multiverse amd64 Packages [331 kB]
2026-10-01T16:08:40.1845213Z #8 3.179 Get:11 http://archive.ubuntu.com/ubuntu noble/main amd64 Packages [1,808 kB]
2026-10-01T16:08:45.7737210Z #8 8.769 Get:12 http://archive.ubuntu.com/ubuntu noble/universe amd64 Packages [19.3 MB]
2026-10-01T16:09:45.0438328Z #8 68.04 Get:13 http://archive.ubuntu.com/ubuntu noble-updates/restricted amd64 Packages [2,127 kB]
2026-10-01T16:09:51.9721394Z #8 74.97 Get:14 http://archive.ubuntu.com/ubuntu noble-updates/main amd64 Packages [1,685 kB]
2026-10-01T16:09:56.7135993Z #8 79.71 Get:15 http://archive.ubuntu.com/ubuntu noble-updates/universe amd64 Packages [2,162 kB]
2026-10-01T16:10:04.1292601Z #8 87.12 Get:16 http://archive.ubuntu.com/ubuntu noble-updates/multiverse amd64 Packages [56.2 kB]
2026-10-01T16:10:04.3257267Z #8 87.32 Get:17 http://archive.ubuntu.com/ubuntu noble-backports/main amd64 Packages [49.0 kB]
2026-10-01T16:10:04.4996453Z #8 87.49 Get:18 http://archive.ubuntu.com/ubuntu noble-backports/universe amd64 Packages [36.0 kB]
2026-10-01T16:10:04.6226485Z #8 87.62 Get:19 http://archive.ubuntu.com/ubuntu noble-backports/multiverse amd64 Packages [671 B]
2026-10-01T16:10:04.7901112Z #8 87.64 Fetched 33.2 MB in 1min 28s (379 kB/s)
2026-10-01T16:10:05.3886427Z #8 87.64 Reading package lists...
2026-10-01T16:10:06.1805250Z #8 88.41 Reading package lists...
2026-10-01T16:10:06.3719016Z #8 89.19 Building dependency tree...
2026-10-01T16:10:06.5226445Z #8 89.37 Reading state information...
2026-10-01T16:10:06.5350976Z #8 89.53 gfortran is already the newest version (4:13.2.0-7ubuntu1).
2026-10-01T16:10:06.5354703Z #8 89.53 libfreetype-dev is already the newest version (2.13.2+dfsg-1ubuntu0.1).
2026-10-01T16:10:06.5355824Z #8 89.53 libfreetype-dev set to manually installed.
2026-10-01T16:10:06.5357785Z #8 89.53 libpng-dev is already the newest version (1.6.43-5ubuntu0.6).
2026-10-01T16:10:06.5358773Z #8 89.53 libpng-dev set to manually installed.
2026-10-01T16:10:06.5359637Z #8 89.53 The following additional packages will be installed:
2026-10-01T16:10:06.6892976Z #8 89.53   bzip2 dpkg-dev gir1.2-freedesktop gir1.2-freedesktop-dev gir1.2-glib-2.0
2026-10-01T16:10:06.6901148Z #8 89.53   gir1.2-glib-2.0-dev gir1.2-harfbuzz-0.0 icu-devtools libamd3 libbtf2
2026-10-01T16:10:06.6901897Z #8 89.53   libbz2-1.0 libbz2-dev libcamd3 libccolamd3 libcholmod5 libcolamd3
2026-10-01T16:10:06.6902674Z #8 89.53   libcurl4t64 libcxsparse4 libdeflate-dev libdpkg-perl libgdbm-compat4t64
2026-10-01T16:10:06.6903622Z #8 89.53   libgdbm6t64 libgirepository-2.0-0 libgit2-1.7 libglib2.0-0t64 libglib2.0-bin
2026-10-01T16:10:06.6904580Z #8 89.53   libglib2.0-data libglib2.0-dev libglib2.0-dev-bin libglpk40 libgmp-dev
2026-10-01T16:10:06.6905501Z #8 89.53   libgmpxx4ldbl libgraphite2-3 libgraphite2-dev libharfbuzz-cairo0
2026-10-01T16:10:06.6906484Z #8 89.53   libharfbuzz-gobject0 libharfbuzz-icu0 libharfbuzz-subset0 libhttp-parser-dev
2026-10-01T16:10:06.6907523Z #8 89.53   libhttp-parser2.9 libjbig-dev libjpeg8-dev libklu2 libldl3 liblerc-dev
2026-10-01T16:10:06.6908439Z #8 89.53   libltdl7 liblzma-dev libnlopt0 libparu0 libperl5.38t64 librbio4
2026-10-01T16:10:06.6909344Z #8 89.53   libsharpyuv-dev libspex2 libspqr4 libssh2-1-dev libssh2-1t64 libssl3t64
2026-10-01T16:10:06.6910306Z #8 89.53   libsuitesparse-dev libsuitesparse-mongoose3 libsuitesparseconfig7
2026-10-01T16:10:06.6911507Z #8 89.53   libumfpack6 libwebp-dev libwebpdecoder3 libwebpdemux2 libwebpmux3 libxml2
2026-10-01T16:10:06.6912790Z #8 89.53   libzstd-dev lto-disabled-list openssl patch perl perl-base perl-modules-5.38
2026-10-01T16:10:06.6913551Z #8 89.53   xz-utils
2026-10-01T16:10:06.6913913Z #8 89.53 Suggested packages:
2026-10-01T16:10:06.6914578Z #8 89.53   bzip2-doc debian-keyring libcurl4-doc libidn-dev libkrb5-dev libldap2-dev
2026-10-01T16:10:06.6915562Z #8 89.53   librtmp-dev gnupg | sq | sqop | pgpainless-cli | sequoia-chameleon-gnupg git
2026-10-01T16:10:06.6916569Z #8 89.53   bzr gdbm-l10n low-memory-monitor libglib2.0-doc libgdk-pixbuf2.0-bin
2026-10-01T16:10:06.6917560Z #8 89.53   libxml2-utils libiodbc2-dev default-libmysqlclient-dev gmp-doc libgmp10-doc
2026-10-01T16:10:06.6918604Z #8 89.53   libmpfr-dev libgraphite2-utils icu-doc libssl-doc ed diffutils-doc perl-doc
2026-10-01T16:10:06.6919491Z #8 89.53   libterm-readline-gnu-perl | libterm-readline-perl-perl
2026-10-01T16:10:06.6920128Z #8 89.53   libtap-harness-archive-perl
2026-10-01T16:10:06.6921099Z #8 89.53 Recommended packages:
2026-10-01T16:10:06.6921754Z #8 89.53   fakeroot gnupg | sq | sqop | pgpainless-cli | sequoia-chameleon-gnupg
2026-10-01T16:10:06.6922821Z #8 89.53   libalgorithm-merge-perl bzip2-doc libfile-fcntllock-perl
2026-10-01T16:10:06.6923579Z #8 89.53   liblocale-gettext-perl xdg-user-dirs libgraphblas-dev
2026-10-01T16:10:06.7153109Z #8 89.71 The following NEW packages will be installed:
2026-10-01T16:10:06.8695017Z #8 89.71   build-essential bzip2 dpkg-dev gir1.2-freedesktop gir1.2-freedesktop-dev
2026-10-01T16:10:06.8696411Z #8 89.71   gir1.2-glib-2.0 gir1.2-glib-2.0-dev gir1.2-harfbuzz-0.0 icu-devtools libamd3
2026-10-01T16:10:06.8697849Z #8 89.71   libbtf2 libcamd3 libccolamd3 libcholmod5 libcolamd3 libcxsparse4
2026-10-01T16:10:06.8699215Z #8 89.71   libdeflate-dev libdpkg-perl libfontconfig1-dev libfribidi-dev
2026-10-01T16:10:06.8700846Z #8 89.71   libgdbm-compat4t64 libgdbm6t64 libgit2-1.7 libgit2-dev libglpk-dev libglpk40
2026-10-01T16:10:06.8702394Z #8 89.71   libgmp-dev libgmpxx4ldbl libgraphite2-dev libharfbuzz-cairo0 libharfbuzz-dev
2026-10-01T16:10:06.8703982Z #8 89.71   libharfbuzz-gobject0 libharfbuzz-icu0 libharfbuzz-subset0 libhttp-parser-dev
2026-10-01T16:10:06.8705474Z #8 89.71   libhttp-parser2.9 libicu-dev libjbig-dev libjpeg-dev libjpeg8-dev libklu2
2026-10-01T16:10:06.8706924Z #8 89.71   libldl3 liblerc-dev libltdl7 liblzma-dev libnlopt-dev libnlopt0 libparu0
2026-10-01T16:10:06.8708284Z #8 89.71   libperl5.38t64 librbio4 libsharpyuv-dev libspex2 libspqr4 libssh2-1-dev
2026-10-01T16:10:06.8709495Z #8 89.71   libssh2-1t64 libssl-dev libsuitesparse-dev libsuitesparse-mongoose3
2026-10-01T16:10:06.8710857Z #8 89.71   libsuitesparseconfig7 libtiff-dev libumfpack6 libwebp-dev libwebpdecoder3
2026-10-01T16:10:06.8712031Z #8 89.71   libwebpdemux2 libwebpmux3 libxml2-dev libzstd-dev lto-disabled-list patch
2026-10-01T16:10:06.8713012Z #8 89.71   perl perl-modules-5.38 xz-utils
2026-10-01T16:10:06.8713673Z #8 89.71 The following packages will be upgraded:
2026-10-01T16:10:06.8714445Z #8 89.71   libbz2-1.0 libbz2-dev libcurl4-openssl-dev libcurl4t64 libgirepository-2.0-0
2026-10-01T16:10:06.8715343Z #8 89.71   libglib2.0-0t64 libglib2.0-bin libglib2.0-data libglib2.0-dev
2026-10-01T16:10:06.8716212Z #8 89.71   libglib2.0-dev-bin libgraphite2-3 libssl3t64 libxml2 openssl perl-base wget
2026-10-01T16:10:07.0261359Z #8 90.02 16 upgraded, 72 newly installed, 0 to remove and 66 not upgraded.
2026-10-01T16:10:07.0262463Z #8 90.02 Need to get 45.7 MB of archives.
2026-10-01T16:10:07.0263404Z #8 90.02 After this operation, 169 MB of additional disk space will be used.
2026-10-01T16:10:07.0264540Z #8 90.02 Get:1 http://archive.ubuntu.com/ubuntu noble-updates/main amd64 perl-base amd64 5.38.2-3.2ubuntu0.6 [1,826 kB]
2026-10-01T16:10:08.0869064Z #8 91.08 Get:2 http://archive.ubuntu.com/ubuntu noble-updates/main amd64 perl-modules-5.38 all 5.38.2-3.2ubuntu0.6 [3,110 kB]
2026-10-01T16:10:08.3449865Z #8 91.34 Get:3 http://archive.ubuntu.com/ubuntu noble-updates/main amd64 libbz2-dev amd64 1.0.8-5.1ubuntu0.1 [33.6 kB]
2026-10-01T16:10:08.5008805Z #8 91.34 Get:4 http://archive.ubuntu.com/ubuntu noble-updates/main amd64 libbz2-1.0 amd64 1.0.8-5.1ubuntu0.1 [34.6 kB]
2026-10-01T16:10:08.5010182Z #8 91.34 Get:5 http://archive.ubuntu.com/ubuntu noble/main amd64 libgdbm6t64 amd64 1.23-5.1build1 [34.4 kB]
2026-10-01T16:10:08.5011916Z #8 91.34 Get:6 http://archive.ubuntu.com/ubuntu noble/main amd64 libgdbm-compat4t64 amd64 1.23-5.1build1 [6,710 B]
2026-10-01T16:10:08.5016770Z #8 91.35 Get:7 http://archive.ubuntu.com/ubuntu noble-updates/main amd64 libperl5.38t64 amd64 5.38.2-3.2ubuntu0.6 [4,864 kB]
2026-10-01T16:10:08.5504207Z #8 91.55 Get:8 http://archive.ubuntu.com/ubuntu noble-updates/main amd64 perl amd64 5.38.2-3.2ubuntu0.6 [231 kB]
2026-10-01T16:10:08.6632197Z #8 91.55 Get:9 http://archive.ubuntu.com/ubuntu noble-updates/main amd64 libssl3t64 amd64 3.0.13-0ubuntu3.16 [1,945 kB]
2026-10-01T16:10:08.6633615Z #8 91.62 Get:10 http://archive.ubuntu.com/ubuntu noble-updates/main amd64 libglib2.0-data all 2.80.0-6ubuntu3.9 [50.1 kB]
2026-10-01T16:10:08.6635123Z #8 91.62 Get:11 http://archive.ubuntu.com/ubuntu noble-updates/main amd64 libglib2.0-dev amd64 2.80.0-6ubuntu3.9 [1,860 kB]
2026-10-01T16:10:08.6636434Z #8 91.66 Get:12 http://archive.ubuntu.com/ubuntu noble-updates/main amd64 libglib2.0-bin amd64 2.80.0-6ubuntu3.9 [97.9 kB]
2026-10-01T16:10:08.7634756Z #8 91.69 Get:13 http://archive.ubuntu.com/ubuntu noble-updates/main amd64 libglib2.0-dev-bin amd64 2.80.0-6ubuntu3.9 [138 kB]
2026-10-01T16:10:08.7641191Z #8 91.69 Get:14 http://archive.ubuntu.com/ubuntu noble-updates/main amd64 libgirepository-2.0-0 amd64 2.80.0-6ubuntu3.9 [73.5 kB]
2026-10-01T16:10:08.7643857Z #8 91.69 Get:15 http://archive.ubuntu.com/ubuntu noble-updates/main amd64 libglib2.0-0t64 amd64 2.80.0-6ubuntu3.9 [1,547 kB]
2026-10-01T16:10:08.7647373Z #8 91.71 Get:16 http://archive.ubuntu.com/ubuntu noble-updates/main amd64 gir1.2-glib-2.0 amd64 2.80.0-6ubuntu3.9 [183 kB]
2026-10-01T16:10:08.7649103Z #8 91.71 Get:17 http://archive.ubuntu.com/ubuntu noble-updates/main amd64 libxml2 amd64 2.9.14+dfsg-1.3ubuntu3.9 [765 kB]
2026-10-01T16:10:08.7650965Z #8 91.75 Get:18 http://archive.ubuntu.com/ubuntu noble-updates/main amd64 openssl amd64 3.0.13-0ubuntu3.16 [1,004 kB]
2026-10-01T16:10:08.7654829Z #8 91.76 Get:19 http://archive.ubuntu.com/ubuntu noble-updates/main amd64 wget amd64 1.21.4-1ubuntu4.5 [334 kB]
2026-10-01T16:10:08.8690313Z #8 91.76 Get:20 http://archive.ubuntu.com/ubuntu noble-updates/main amd64 xz-utils amd64 5.6.1+really5.4.5-1ubuntu0.3 [267 kB]
2026-10-01T16:10:08.8697544Z #8 91.85 Get:21 http://archive.ubuntu.com/ubuntu noble-updates/main amd64 libdpkg-perl all 1.22.6ubuntu6.6 [268 kB]
2026-10-01T16:10:08.8702433Z #8 91.85 Get:22 http://archive.ubuntu.com/ubuntu noble-updates/main amd64 bzip2 amd64 1.0.8-5.1ubuntu0.1 [34.6 kB]
2026-10-01T16:10:08.8704219Z #8 91.85 Get:23 http://archive.ubuntu.com/ubuntu noble/main amd64 patch amd64 2.7.6-7build3 [104 kB]
2026-10-01T16:10:08.8705290Z #8 91.86 Get:24 http://archive.ubuntu.com/ubuntu noble/main amd64 lto-disabled-list all 47 [12.4 kB]
2026-10-01T16:10:08.8706374Z #8 91.86 Get:25 http://archive.ubuntu.com/ubuntu noble-updates/main amd64 dpkg-dev all 1.22.6ubuntu6.6 [1,074 kB]
2026-10-01T16:10:08.8707580Z #8 91.86 Get:26 http://archive.ubuntu.com/ubuntu noble/main amd64 build-essential amd64 12.10ubuntu1 [4,928 B]
2026-10-01T16:10:09.0597198Z #8 91.87 Get:27 http://archive.ubuntu.com/ubuntu noble/main amd64 gir1.2-freedesktop amd64 1.80.1-1 [49.7 kB]
2026-10-01T16:10:09.0600094Z #8 91.95 Get:28 http://archive.ubuntu.com/ubuntu noble-updates/main amd64 gir1.2-glib-2.0-dev amd64 2.80.0-6ubuntu3.9 [848 kB]
2026-10-01T16:10:09.0623008Z #8 91.96 Get:29 http://archive.ubuntu.com/ubuntu noble/main amd64 gir1.2-freedesktop-dev amd64 1.80.1-1 [28.8 kB]
2026-10-01T16:10:09.0625602Z #8 91.96 Get:30 http://archive.ubuntu.com/ubuntu noble/main amd64 libharfbuzz-gobject0 amd64 8.3.0-2build2 [34.3 kB]
2026-10-01T16:10:09.0627526Z #8 92.05 Get:31 http://archive.ubuntu.com/ubuntu noble/main amd64 gir1.2-harfbuzz-0.0 amd64 8.3.0-2build2 [44.5 kB]
2026-10-01T16:10:09.1618787Z #8 92.06 Get:32 http://archive.ubuntu.com/ubuntu noble-updates/main amd64 icu-devtools amd64 74.2-1ubuntu3.1 [212 kB]
2026-10-01T16:10:09.1626196Z #8 92.06 Get:33 http://archive.ubuntu.com/ubuntu noble/main amd64 libsuitesparseconfig7 amd64 1:7.6.1+dfsg-1build1 [12.9 kB]
2026-10-01T16:10:09.1628440Z #8 92.06 Get:34 http://archive.ubuntu.com/ubuntu noble/universe amd64 libamd3 amd64 1:7.6.1+dfsg-1build1 [27.2 kB]
2026-10-01T16:10:09.1630759Z #8 92.06 Get:35 http://archive.ubuntu.com/ubuntu noble/universe amd64 libbtf2 amd64 1:7.6.1+dfsg-1build1 [13.6 kB]
2026-10-01T16:10:09.1632463Z #8 92.06 Get:36 http://archive.ubuntu.com/ubuntu noble/universe amd64 libcamd3 amd64 1:7.6.1+dfsg-1build1 [23.8 kB]
2026-10-01T16:10:09.1634745Z #8 92.06 Get:37 http://archive.ubuntu.com/ubuntu noble/universe amd64 libccolamd3 amd64 1:7.6.1+dfsg-1build1 [25.9 kB]
2026-10-01T16:10:09.1636668Z #8 92.16 Get:38 http://archive.ubuntu.com/ubuntu noble/main amd64 libcolamd3 amd64 1:7.6.1+dfsg-1build1 [19.4 kB]
2026-10-01T16:10:09.1638676Z #8 92.16 Get:39 http://archive.ubuntu.com/ubuntu noble/universe amd64 libcholmod5 amd64 1:7.6.1+dfsg-1build1 [667 kB]
2026-10-01T16:10:09.2654731Z #8 92.16 Get:40 http://archive.ubuntu.com/ubuntu noble-updates/main amd64 libcurl4-openssl-dev amd64 8.5.0-2ubuntu10.15 [446 kB]
2026-10-01T16:10:09.2676259Z #8 92.26 Get:41 http://archive.ubuntu.com/ubuntu noble-updates/main amd64 libcurl4t64 amd64 8.5.0-2ubuntu10.15 [343 kB]
2026-10-01T16:10:09.2692215Z #8 92.26 Get:42 http://archive.ubuntu.com/ubuntu noble/universe amd64 libcxsparse4 amd64 1:7.6.1+dfsg-1build1 [75.1 kB]
2026-10-01T16:10:09.3698524Z #8 92.26 Get:43 http://archive.ubuntu.com/ubuntu noble-updates/main amd64 libdeflate-dev amd64 1.19-1build1.1 [50.9 kB]
2026-10-01T16:10:09.3699931Z #8 92.26 Get:44 http://archive.ubuntu.com/ubuntu noble/main amd64 libfontconfig1-dev amd64 2.15.0-1.1ubuntu2 [1,840 B]
2026-10-01T16:10:09.3711907Z #8 92.26 Get:45 http://archive.ubuntu.com/ubuntu noble/main amd64 libfribidi-dev amd64 1.0.13-3build1 [64.8 kB]
2026-10-01T16:10:09.3713289Z #8 92.26 Get:46 http://archive.ubuntu.com/ubuntu noble/main amd64 libhttp-parser2.9 amd64 2.9.4-6build1 [22.3 kB]
2026-10-01T16:10:09.3715300Z #8 92.27 Get:47 http://archive.ubuntu.com/ubuntu noble-updates/main amd64 libssh2-1t64 amd64 1.11.0-4.1ubuntu0.24.04.4 [121 kB]
2026-10-01T16:10:09.3716469Z #8 92.36 Get:48 http://archive.ubuntu.com/ubuntu noble-updates/main amd64 libgit2-1.7 amd64 1.7.2+ds-1ubuntu3.2 [529 kB]
2026-10-01T16:10:09.3717226Z #8 92.36 Get:49 http://archive.ubuntu.com/ubuntu noble/main amd64 libltdl7 amd64 2.4.7-7build1 [40.3 kB]
2026-10-01T16:10:09.4702323Z #8 92.37 Get:50 http://archive.ubuntu.com/ubuntu noble/universe amd64 libglpk40 amd64 5.0-1build2 [369 kB]
2026-10-01T16:10:09.4706949Z #8 92.46 Get:51 http://archive.ubuntu.com/ubuntu noble-updates/main amd64 libgmpxx4ldbl amd64 2:6.3.0+dfsg-2ubuntu6.1 [9,888 B]
2026-10-01T16:10:09.4709175Z #8 92.46 Get:52 http://archive.ubuntu.com/ubuntu noble-updates/main amd64 libgmp-dev amd64 2:6.3.0+dfsg-2ubuntu6.1 [340 kB]
2026-10-01T16:10:09.4713445Z #8 92.46 Get:53 http://archive.ubuntu.com/ubuntu noble/universe amd64 libklu2 amd64 1:7.6.1+dfsg-1build1 [79.0 kB]
2026-10-01T16:10:09.4720291Z #8 92.47 Get:54 http://archive.ubuntu.com/ubuntu noble/universe amd64 libldl3 amd64 1:7.6.1+dfsg-1build1 [13.3 kB]
2026-10-01T16:10:09.6687738Z #8 92.47 Get:55 http://archive.ubuntu.com/ubuntu noble/universe amd64 libsuitesparse-mongoose3 amd64 1:7.6.1+dfsg-1build1 [33.5 kB]
2026-10-01T16:10:09.6689486Z #8 92.47 Get:56 http://archive.ubuntu.com/ubuntu noble/universe amd64 libumfpack6 amd64 1:7.6.1+dfsg-1build1 [268 kB]
2026-10-01T16:10:09.6690926Z #8 92.47 Get:57 http://archive.ubuntu.com/ubuntu noble/universe amd64 librbio4 amd64 1:7.6.1+dfsg-1build1 [26.5 kB]
2026-10-01T16:10:09.6692166Z #8 92.56 Get:58 http://archive.ubuntu.com/ubuntu noble/universe amd64 libspqr4 amd64 1:7.6.1+dfsg-1build1 [135 kB]
2026-10-01T16:10:09.6693514Z #8 92.56 Get:59 http://archive.ubuntu.com/ubuntu noble/universe amd64 libspex2 amd64 1:7.6.1+dfsg-1build1 [35.0 kB]
2026-10-01T16:10:09.6695098Z #8 92.56 Get:60 http://archive.ubuntu.com/ubuntu noble/universe amd64 libparu0 amd64 1:7.6.1+dfsg-1build1 [50.0 kB]
2026-10-01T16:10:09.6696447Z #8 92.66 Get:61 http://archive.ubuntu.com/ubuntu noble/universe amd64 libsuitesparse-dev amd64 1:7.6.1+dfsg-1build1 [1,535 kB]
2026-10-01T16:10:09.7694539Z #8 92.68 Get:62 http://archive.ubuntu.com/ubuntu noble/universe amd64 libglpk-dev amd64 5.0-1build2 [478 kB]
2026-10-01T16:10:09.7696875Z #8 92.68 Get:63 http://archive.ubuntu.com/ubuntu noble-updates/main amd64 libgraphite2-3 amd64 1.3.14-2ubuntu0.24.04.1 [73.4 kB]
2026-10-01T16:10:09.7698656Z #8 92.68 Get:64 http://archive.ubuntu.com/ubuntu noble-updates/main amd64 libgraphite2-dev amd64 1.3.14-2ubuntu0.24.04.1 [14.7 kB]
2026-10-01T16:10:09.7700569Z #8 92.68 Get:65 http://archive.ubuntu.com/ubuntu noble/main amd64 libharfbuzz-cairo0 amd64 8.3.0-2build2 [26.2 kB]
2026-10-01T16:10:09.7702124Z #8 92.69 Get:66 http://archive.ubuntu.com/ubuntu noble/main amd64 libharfbuzz-icu0 amd64 8.3.0-2build2 [13.3 kB]
2026-10-01T16:10:09.7703846Z #8 92.69 Get:67 http://archive.ubuntu.com/ubuntu noble/main amd64 libharfbuzz-subset0 amd64 8.3.0-2build2 [448 kB]
2026-10-01T16:10:09.7705382Z #8 92.77 Get:68 http://archive.ubuntu.com/ubuntu noble-updates/main amd64 libicu-dev amd64 74.2-1ubuntu3.1 [11.9 MB]
2026-10-01T16:10:09.9048005Z #8 92.90 Get:69 http://archive.ubuntu.com/ubuntu noble/main amd64 libharfbuzz-dev amd64 8.3.0-2build2 [142 kB]
2026-10-01T16:10:10.0094474Z #8 92.90 Get:70 http://archive.ubuntu.com/ubuntu noble/main amd64 libjpeg8-dev amd64 8c-2ubuntu11 [1,484 B]
2026-10-01T16:10:10.0098306Z #8 92.90 Get:71 http://archive.ubuntu.com/ubuntu noble/main amd64 libjpeg-dev amd64 8c-2ubuntu11 [1,482 B]
2026-10-01T16:10:10.0099754Z #8 92.90 Get:72 http://archive.ubuntu.com/ubuntu noble/main amd64 liblerc-dev amd64 4.0.0+ds-4ubuntu2 [182 kB]
2026-10-01T16:10:10.0101634Z #8 92.91 Get:73 http://archive.ubuntu.com/ubuntu noble/main amd64 libsharpyuv-dev amd64 1.3.2-0.4build3 [16.0 kB]
2026-10-01T16:10:10.0103213Z #8 92.91 Get:74 http://archive.ubuntu.com/ubuntu noble-updates/main amd64 libssl-dev amd64 3.0.13-0ubuntu3.16 [2,409 kB]
2026-10-01T16:10:10.0104823Z #8 92.92 Get:75 http://archive.ubuntu.com/ubuntu noble-updates/main amd64 libssh2-1-dev amd64 1.11.0-4.1ubuntu0.24.04.4 [260 kB]
2026-10-01T16:10:10.0106315Z #8 92.92 Get:76 http://archive.ubuntu.com/ubuntu noble/main amd64 libjbig-dev amd64 2.1-6.1ubuntu2 [27.9 kB]
2026-10-01T16:10:10.0107848Z #8 92.92 Get:77 http://archive.ubuntu.com/ubuntu noble-updates/main amd64 liblzma-dev amd64 5.6.1+really5.4.5-1ubuntu0.3 [176 kB]
2026-10-01T16:10:10.0109561Z #8 93.00 Get:78 http://archive.ubuntu.com/ubuntu noble-updates/main amd64 libzstd-dev amd64 1.5.5+dfsg2-2build1.1 [364 kB]
2026-10-01T16:10:10.1111536Z #8 93.11 Get:79 http://archive.ubuntu.com/ubuntu noble/main amd64 libwebpdemux2 amd64 1.3.2-0.4build3 [12.4 kB]
2026-10-01T16:10:10.2119670Z #8 93.11 Get:80 http://archive.ubuntu.com/ubuntu noble/main amd64 libwebpmux3 amd64 1.3.2-0.4build3 [25.7 kB]
2026-10-01T16:10:10.2126406Z #8 93.11 Get:81 http://archive.ubuntu.com/ubuntu noble/main amd64 libwebpdecoder3 amd64 1.3.2-0.4build3 [114 kB]
2026-10-01T16:10:10.2128730Z #8 93.11 Get:82 http://archive.ubuntu.com/ubuntu noble/main amd64 libwebp-dev amd64 1.3.2-0.4build3 [367 kB]
2026-10-01T16:10:10.2130279Z #8 93.11 Get:83 http://archive.ubuntu.com/ubuntu noble-updates/main amd64 libtiff-dev amd64 4.5.1+git230720-4ubuntu2.5 [338 kB]
2026-10-01T16:10:10.2137258Z #8 93.12 Get:84 http://archive.ubuntu.com/ubuntu noble-updates/main amd64 libxml2-dev amd64 2.9.14+dfsg-1.3ubuntu3.9 [781 kB]
2026-10-01T16:10:10.2138902Z #8 93.12 Get:85 http://archive.ubuntu.com/ubuntu noble/main amd64 libhttp-parser-dev amd64 2.9.4-6build1 [21.5 kB]
2026-10-01T16:10:10.2142158Z #8 93.12 Get:86 http://archive.ubuntu.com/ubuntu noble-updates/main amd64 libgit2-dev amd64 1.7.2+ds-1ubuntu3.2 [814 kB]
2026-10-01T16:10:10.2143445Z #8 93.13 Get:87 http://archive.ubuntu.com/ubuntu noble/universe amd64 libnlopt0 amd64 2.7.1-5build2 [184 kB]
2026-10-01T16:10:10.2145520Z #8 93.21 Get:88 http://archive.ubuntu.com/ubuntu noble/universe amd64 libnlopt-dev amd64 2.7.1-5build2 [43.9 kB]
2026-10-01T16:10:10.3363182Z #8 93.33 debconf: delaying package configuration, since apt-utils is not installed
2026-10-01T16:10:10.5699746Z #8 93.36 Fetched 45.7 MB in 3s (13.1 MB/s)
2026-10-01T16:10:10.5701287Z #8 93.38 (Reading database ... 
2026-10-01T16:10:10.5703820Z (Reading database ... 5%
2026-10-01T16:10:10.5704131Z (Reading database ... 10%
2026-10-01T16:10:10.5704420Z (Reading database ... 15%
2026-10-01T16:10:10.5704690Z (Reading database ... 20%
2026-10-01T16:10:10.5705227Z (Reading database ... 25%
2026-10-01T16:10:10.5705676Z (Reading database ... 30%
2026-10-01T16:10:10.5706173Z (Reading database ... 35%
2026-10-01T16:10:10.5706630Z (Reading database ... 40%
2026-10-01T16:10:10.5707064Z (Reading database ... 45%
2026-10-01T16:10:10.5707470Z (Reading database ... 50%
2026-10-01T16:10:10.5707724Z (Reading database ... 55%
2026-10-01T16:10:10.5708096Z (Reading database ... 60%
2026-10-01T16:10:10.5708856Z (Reading database ... 65%
2026-10-01T16:10:10.5709105Z (Reading database ... 70%
2026-10-01T16:10:10.5709335Z (Reading database ... 75%
2026-10-01T16:10:10.5709568Z (Reading database ... 80%
2026-10-01T16:10:10.5709995Z (Reading database ... 85%
2026-10-01T16:10:10.5710666Z (Reading database ... 90%
2026-10-01T16:10:10.5711084Z (Reading database ... 95%
2026-10-01T16:10:10.5711493Z (Reading database ... 100%
2026-10-01T16:10:10.5712105Z (Reading database ... 24154 files and directories currently installed.)
2026-10-01T16:10:10.5713005Z #8 93.40 Preparing to unpack .../perl-base_5.38.2-3.2ubuntu0.6_amd64.deb ...
2026-10-01T16:10:10.5713685Z #8 93.41 Unpacking perl-base (5.38.2-3.2ubuntu0.6) over (5.38.2-3.2ubuntu0.2) ...
2026-10-01T16:10:11.0137961Z #8 94.01 Setting up perl-base (5.38.2-3.2ubuntu0.6) ...
2026-10-01T16:10:11.2108542Z #8 94.03 Selecting previously unselected package perl-modules-5.38.
2026-10-01T16:10:11.2109517Z #8 94.03 (Reading database ... 
2026-10-01T16:10:11.2110241Z (Reading database ... 5%
2026-10-01T16:10:11.2111156Z (Reading database ... 10%
2026-10-01T16:10:11.2111753Z (Reading database ... 15%
2026-10-01T16:10:11.2112360Z (Reading database ... 20%
2026-10-01T16:10:11.2112934Z (Reading database ... 25%
2026-10-01T16:10:11.2113508Z (Reading database ... 30%
2026-10-01T16:10:11.2114111Z (Reading database ... 35%
2026-10-01T16:10:11.2114670Z (Reading database ... 40%
2026-10-01T16:10:11.2115233Z (Reading database ... 45%
2026-10-01T16:10:11.2115785Z (Reading database ... 50%
2026-10-01T16:10:11.2116338Z (Reading database ... 55%
2026-10-01T16:10:11.2116884Z (Reading database ... 60%
2026-10-01T16:10:11.2117451Z (Reading database ... 65%
2026-10-01T16:10:11.2118009Z (Reading database ... 70%
2026-10-01T16:10:11.2119349Z (Reading database ... 75%
2026-10-01T16:10:11.2120038Z (Reading database ... 80%
2026-10-01T16:10:11.2121281Z (Reading database ... 85%
2026-10-01T16:10:11.2121906Z (Reading database ... 90%
2026-10-01T16:10:11.2122785Z (Reading database ... 95%
2026-10-01T16:10:11.2123398Z (Reading database ... 100%
2026-10-01T16:10:11.2124192Z (Reading database ... 24154 files and directories currently installed.)
2026-10-01T16:10:11.2125332Z #8 94.06 Preparing to unpack .../perl-modules-5.38_5.38.2-3.2ubuntu0.6_all.deb ...
2026-10-01T16:10:11.2126443Z #8 94.06 Unpacking perl-modules-5.38 (5.38.2-3.2ubuntu0.6) ...
2026-10-01T16:10:11.3416114Z #8 94.34 Preparing to unpack .../libbz2-dev_1.0.8-5.1ubuntu0.1_amd64.deb ...
2026-10-01T16:10:11.4531866Z #8 94.34 Unpacking libbz2-dev:amd64 (1.0.8-5.1ubuntu0.1) over (1.0.8-5.1build0.1) ...
2026-10-01T16:10:11.4534175Z #8 94.36 Preparing to unpack .../libbz2-1.0_1.0.8-5.1ubuntu0.1_amd64.deb ...
2026-10-01T16:10:11.4535608Z #8 94.36 Unpacking libbz2-1.0:amd64 (1.0.8-5.1ubuntu0.1) over (1.0.8-5.1build0.1) ...
2026-10-01T16:10:11.4536762Z #8 94.39 Setting up libbz2-1.0:amd64 (1.0.8-5.1ubuntu0.1) ...
2026-10-01T16:10:11.4537857Z #8 94.41 Selecting previously unselected package libgdbm6t64:amd64.
2026-10-01T16:10:11.4538848Z #8 94.41 (Reading database ... 
2026-10-01T16:10:11.4539968Z (Reading database ... 5%
2026-10-01T16:10:11.4540907Z (Reading database ... 10%
2026-10-01T16:10:11.4541458Z (Reading database ... 15%
2026-10-01T16:10:11.4542213Z (Reading database ... 20%
2026-10-01T16:10:11.4542748Z (Reading database ... 25%
2026-10-01T16:10:11.4543525Z (Reading database ... 30%
2026-10-01T16:10:11.4544046Z (Reading database ... 35%
2026-10-01T16:10:11.4544830Z (Reading database ... 40%
2026-10-01T16:10:11.4545575Z (Reading database ... 45%
2026-10-01T16:10:11.4546108Z (Reading database ... 50%
2026-10-01T16:10:11.4546888Z (Reading database ... 55%
2026-10-01T16:10:11.4547409Z (Reading database ... 60%
2026-10-01T16:10:11.4548167Z (Reading database ... 65%
2026-10-01T16:10:11.4549515Z (Reading database ... 70%
2026-10-01T16:10:11.4551086Z (Reading database ... 75%
2026-10-01T16:10:11.4552270Z (Reading database ... 80%
2026-10-01T16:10:11.4557115Z (Reading database ... 85%
2026-10-01T16:10:11.4557566Z (Reading database ... 90%
2026-10-01T16:10:11.4572220Z (Reading database ... 95%
2026-10-01T16:10:11.4572622Z (Reading database ... 100%
2026-10-01T16:10:11.4573478Z (Reading database ... 25567 files and directories currently installed.)
2026-10-01T16:10:11.4574644Z #8 94.43 Preparing to unpack .../libgdbm6t64_1.23-5.1build1_amd64.deb ...
2026-10-01T16:10:11.4575791Z #8 94.43 Unpacking libgdbm6t64:amd64 (1.23-5.1build1) ...
2026-10-01T16:10:11.4576586Z #8 94.45 Selecting previously unselected package libgdbm-compat4t64:amd64.
2026-10-01T16:10:11.6285452Z #8 94.45 Preparing to unpack .../libgdbm-compat4t64_1.23-5.1build1_amd64.deb ...
2026-10-01T16:10:11.6288051Z #8 94.45 Unpacking libgdbm-compat4t64:amd64 (1.23-5.1build1) ...
2026-10-01T16:10:11.6289184Z #8 94.47 Selecting previously unselected package libperl5.38t64:amd64.
2026-10-01T16:10:11.6290323Z #8 94.47 Preparing to unpack .../libperl5.38t64_5.38.2-3.2ubuntu0.6_amd64.deb ...
2026-10-01T16:10:11.6295543Z #8 94.47 Unpacking libperl5.38t64:amd64 (5.38.2-3.2ubuntu0.6) ...
2026-10-01T16:10:11.7017004Z #8 94.70 Selecting previously unselected package perl.
2026-10-01T16:10:11.7019728Z #8 94.70 Preparing to unpack .../perl_5.38.2-3.2ubuntu0.6_amd64.deb ...
2026-10-01T16:10:11.8028125Z #8 94.70 Unpacking perl (5.38.2-3.2ubuntu0.6) ...
2026-10-01T16:10:11.8030107Z #8 94.74 Preparing to unpack .../libssl3t64_3.0.13-0ubuntu3.16_amd64.deb ...
2026-10-01T16:10:11.8031863Z #8 94.74 Unpacking libssl3t64:amd64 (3.0.13-0ubuntu3.16) over (3.0.13-0ubuntu3.11) ...
2026-10-01T16:10:11.8032953Z #8 94.80 Setting up libssl3t64:amd64 (3.0.13-0ubuntu3.16) ...
2026-10-01T16:10:12.0247036Z #8 94.82 (Reading database ... 
2026-10-01T16:10:12.0252365Z (Reading database ... 5%
2026-10-01T16:10:12.0253084Z (Reading database ... 10%
2026-10-01T16:10:12.0253647Z (Reading database ... 15%
2026-10-01T16:10:12.0254048Z (Reading database ... 20%
2026-10-01T16:10:12.0254754Z (Reading database ... 25%
2026-10-01T16:10:12.0255178Z (Reading database ... 30%
2026-10-01T16:10:12.0255597Z (Reading database ... 35%
2026-10-01T16:10:12.0256041Z (Reading database ... 40%
2026-10-01T16:10:12.0256444Z (Reading database ... 45%
2026-10-01T16:10:12.0256816Z (Reading database ... 50%
2026-10-01T16:10:12.0257208Z (Reading database ... 55%
2026-10-01T16:10:12.0257603Z (Reading database ... 60%
2026-10-01T16:10:12.0258015Z (Reading database ... 65%
2026-10-01T16:10:12.0258415Z (Reading database ... 70%
2026-10-01T16:10:12.0258826Z (Reading database ... 75%
2026-10-01T16:10:12.0259223Z (Reading database ... 80%
2026-10-01T16:10:12.0259606Z (Reading database ... 85%
2026-10-01T16:10:12.0259991Z (Reading database ... 90%
2026-10-01T16:10:12.0261165Z (Reading database ... 95%
2026-10-01T16:10:12.0261598Z (Reading database ... 100%
2026-10-01T16:10:12.0262167Z (Reading database ... 26166 files and directories currently installed.)
2026-10-01T16:10:12.0263041Z #8 94.84 Preparing to unpack .../00-libglib2.0-data_2.80.0-6ubuntu3.9_all.deb ...
2026-10-01T16:10:12.0264503Z #8 94.85 Unpacking libglib2.0-data (2.80.0-6ubuntu3.9) over (2.80.0-6ubuntu3.8) ...
2026-10-01T16:10:12.0265957Z #8 94.87 Preparing to unpack .../01-libglib2.0-dev_2.80.0-6ubuntu3.9_amd64.deb ...
2026-10-01T16:10:12.0267001Z #8 94.87 Unpacking libglib2.0-dev:amd64 (2.80.0-6ubuntu3.9) over (2.80.0-6ubuntu3.8) ...
2026-10-01T16:10:12.2203040Z #8 95.22 Preparing to unpack .../02-libglib2.0-bin_2.80.0-6ubuntu3.9_amd64.deb ...
2026-10-01T16:10:12.3605393Z #8 95.22 Unpacking libglib2.0-bin (2.80.0-6ubuntu3.9) over (2.80.0-6ubuntu3.8) ...
2026-10-01T16:10:12.3607183Z #8 95.25 Preparing to unpack .../03-libglib2.0-dev-bin_2.80.0-6ubuntu3.9_amd64.deb ...
2026-10-01T16:10:12.3608797Z #8 95.31 Unpacking libglib2.0-dev-bin (2.80.0-6ubuntu3.9) over (2.80.0-6ubuntu3.8) ...
2026-10-01T16:10:12.3610193Z #8 95.36 Preparing to unpack .../04-libgirepository-2.0-0_2.80.0-6ubuntu3.9_amd64.deb ...
2026-10-01T16:10:12.4703993Z #8 95.36 Unpacking libgirepository-2.0-0:amd64 (2.80.0-6ubuntu3.9) over (2.80.0-6ubuntu3.8) ...
2026-10-01T16:10:12.4705556Z #8 95.38 Preparing to unpack .../05-libglib2.0-0t64_2.80.0-6ubuntu3.9_amd64.deb ...
2026-10-01T16:10:12.4710224Z #8 95.39 Unpacking libglib2.0-0t64:amd64 (2.80.0-6ubuntu3.9) over (2.80.0-6ubuntu3.8) ...
2026-10-01T16:10:12.4712731Z #8 95.44 Selecting previously unselected package gir1.2-glib-2.0:amd64.
2026-10-01T16:10:12.4715814Z #8 95.44 Preparing to unpack .../06-gir1.2-glib-2.0_2.80.0-6ubuntu3.9_amd64.deb ...
2026-10-01T16:10:12.4716756Z #8 95.44 Unpacking gir1.2-glib-2.0:amd64 (2.80.0-6ubuntu3.9) ...
2026-10-01T16:10:12.4717529Z #8 95.47 Preparing to unpack .../07-libxml2_2.9.14+dfsg-1.3ubuntu3.9_amd64.deb ...
2026-10-01T16:10:12.5863247Z #8 95.47 Unpacking libxml2:amd64 (2.9.14+dfsg-1.3ubuntu3.9) over (2.9.14+dfsg-1.3ubuntu3.7) ...
2026-10-01T16:10:12.5864142Z #8 95.50 Preparing to unpack .../08-openssl_3.0.13-0ubuntu3.16_amd64.deb ...
2026-10-01T16:10:12.5864858Z #8 95.51 Unpacking openssl (3.0.13-0ubuntu3.16) over (3.0.13-0ubuntu3.11) ...
2026-10-01T16:10:12.5865535Z #8 95.55 Preparing to unpack .../09-wget_1.21.4-1ubuntu4.5_amd64.deb ...
2026-10-01T16:10:12.5866207Z #8 95.56 Unpacking wget (1.21.4-1ubuntu4.5) over (1.21.4-1ubuntu4.1) ...
2026-10-01T16:10:12.5866828Z #8 95.58 Selecting previously unselected package xz-utils.
2026-10-01T16:10:12.6870512Z #8 95.58 Preparing to unpack .../10-xz-utils_5.6.1+really5.4.5-1ubuntu0.3_amd64.deb ...
2026-10-01T16:10:12.6871974Z #8 95.59 Unpacking xz-utils (5.6.1+really5.4.5-1ubuntu0.3) ...
2026-10-01T16:10:12.6872926Z #8 95.61 Selecting previously unselected package libdpkg-perl.
2026-10-01T16:10:12.6873936Z #8 95.62 Preparing to unpack .../11-libdpkg-perl_1.22.6ubuntu6.6_all.deb ...
2026-10-01T16:10:12.6875706Z #8 95.62 Unpacking libdpkg-perl (1.22.6ubuntu6.6) ...
2026-10-01T16:10:12.6876765Z #8 95.65 Selecting previously unselected package bzip2.
2026-10-01T16:10:12.6878181Z #8 95.66 Preparing to unpack .../12-bzip2_1.0.8-5.1ubuntu0.1_amd64.deb ...
2026-10-01T16:10:12.6879352Z #8 95.66 Unpacking bzip2 (1.0.8-5.1ubuntu0.1) ...
2026-10-01T16:10:12.6880175Z #8 95.68 Selecting previously unselected package patch.
2026-10-01T16:10:12.6881329Z #8 95.68 Preparing to unpack .../13-patch_2.7.6-7build3_amd64.deb ...
2026-10-01T16:10:12.7951699Z #8 95.68 Unpacking patch (2.7.6-7build3) ...
2026-10-01T16:10:12.7961336Z #8 95.70 Selecting previously unselected package lto-disabled-list.
2026-10-01T16:10:12.7962747Z #8 95.70 Preparing to unpack .../14-lto-disabled-list_47_all.deb ...
2026-10-01T16:10:12.7963851Z #8 95.71 Unpacking lto-disabled-list (47) ...
2026-10-01T16:10:12.7964918Z #8 95.72 Selecting previously unselected package dpkg-dev.
2026-10-01T16:10:12.7965821Z #8 95.73 Preparing to unpack .../15-dpkg-dev_1.22.6ubuntu6.6_all.deb ...
2026-10-01T16:10:12.7966622Z #8 95.73 Unpacking dpkg-dev (1.22.6ubuntu6.6) ...
2026-10-01T16:10:12.7967396Z #8 95.77 Selecting previously unselected package build-essential.
2026-10-01T16:10:12.7968289Z #8 95.77 Preparing to unpack .../16-build-essential_12.10ubuntu1_amd64.deb ...
2026-10-01T16:10:12.7969117Z #8 95.78 Unpacking build-essential (12.10ubuntu1) ...
2026-10-01T16:10:12.7970245Z #8 95.79 Selecting previously unselected package gir1.2-freedesktop:amd64.
2026-10-01T16:10:12.8991547Z #8 95.80 Preparing to unpack .../17-gir1.2-freedesktop_1.80.1-1_amd64.deb ...
2026-10-01T16:10:12.8994336Z #8 95.80 Unpacking gir1.2-freedesktop:amd64 (1.80.1-1) ...
2026-10-01T16:10:12.8995520Z #8 95.82 Selecting previously unselected package gir1.2-glib-2.0-dev:amd64.
2026-10-01T16:10:12.8996710Z #8 95.82 Preparing to unpack .../18-gir1.2-glib-2.0-dev_2.80.0-6ubuntu3.9_amd64.deb ...
2026-10-01T16:10:12.8997855Z #8 95.82 Unpacking gir1.2-glib-2.0-dev:amd64 (2.80.0-6ubuntu3.9) ...
2026-10-01T16:10:12.8998935Z #8 95.87 Selecting previously unselected package gir1.2-freedesktop-dev:amd64.
2026-10-01T16:10:12.9008695Z #8 95.87 Preparing to unpack .../19-gir1.2-freedesktop-dev_1.80.1-1_amd64.deb ...
2026-10-01T16:10:12.9015489Z #8 95.87 Unpacking gir1.2-freedesktop-dev:amd64 (1.80.1-1) ...
2026-10-01T16:10:12.9016849Z #8 95.89 Selecting previously unselected package libharfbuzz-gobject0:amd64.
2026-10-01T16:10:12.9990824Z #8 95.90 Preparing to unpack .../20-libharfbuzz-gobject0_8.3.0-2build2_amd64.deb ...
2026-10-01T16:10:13.0000003Z #8 95.90 Unpacking libharfbuzz-gobject0:amd64 (8.3.0-2build2) ...
2026-10-01T16:10:13.0001668Z #8 95.92 Selecting previously unselected package gir1.2-harfbuzz-0.0:amd64.
2026-10-01T16:10:13.0003741Z #8 95.92 Preparing to unpack .../21-gir1.2-harfbuzz-0.0_8.3.0-2build2_amd64.deb ...
2026-10-01T16:10:13.0005222Z #8 95.92 Unpacking gir1.2-harfbuzz-0.0:amd64 (8.3.0-2build2) ...
2026-10-01T16:10:13.0006777Z #8 95.94 Selecting previously unselected package icu-devtools.
2026-10-01T16:10:13.0008653Z #8 95.94 Preparing to unpack .../22-icu-devtools_74.2-1ubuntu3.1_amd64.deb ...
2026-10-01T16:10:13.0010113Z #8 95.94 Unpacking icu-devtools (74.2-1ubuntu3.1) ...
2026-10-01T16:10:13.0011596Z #8 95.97 Selecting previously unselected package libsuitesparseconfig7:amd64.
2026-10-01T16:10:13.0013843Z #8 95.97 Preparing to unpack .../23-libsuitesparseconfig7_1%3a7.6.1+dfsg-1build1_amd64.deb ...
2026-10-01T16:10:13.0015474Z #8 95.97 Unpacking libsuitesparseconfig7:amd64 (1:7.6.1+dfsg-1build1) ...
2026-10-01T16:10:13.0018127Z #8 95.99 Selecting previously unselected package libamd3:amd64.
2026-10-01T16:10:13.0019248Z #8 95.99 Preparing to unpack .../24-libamd3_1%3a7.6.1+dfsg-1build1_amd64.deb ...
2026-10-01T16:10:13.0021988Z #8 96.00 Unpacking libamd3:amd64 (1:7.6.1+dfsg-1build1) ...
2026-10-01T16:10:13.1089255Z #8 96.01 Selecting previously unselected package libbtf2:amd64.
2026-10-01T16:10:13.1092075Z #8 96.02 Preparing to unpack .../25-libbtf2_1%3a7.6.1+dfsg-1build1_amd64.deb ...
2026-10-01T16:10:13.1093130Z #8 96.02 Unpacking libbtf2:amd64 (1:7.6.1+dfsg-1build1) ...
2026-10-01T16:10:13.1094616Z #8 96.04 Selecting previously unselected package libcamd3:amd64.
2026-10-01T16:10:13.1095795Z #8 96.04 Preparing to unpack .../26-libcamd3_1%3a7.6.1+dfsg-1build1_amd64.deb ...
2026-10-01T16:10:13.1097153Z #8 96.05 Unpacking libcamd3:amd64 (1:7.6.1+dfsg-1build1) ...
2026-10-01T16:10:13.1098113Z #8 96.06 Selecting previously unselected package libccolamd3:amd64.
2026-10-01T16:10:13.1099509Z #8 96.07 Preparing to unpack .../27-libccolamd3_1%3a7.6.1+dfsg-1build1_amd64.deb ...
2026-10-01T16:10:13.1100823Z #8 96.07 Unpacking libccolamd3:amd64 (1:7.6.1+dfsg-1build1) ...
2026-10-01T16:10:13.1102066Z #8 96.08 Selecting previously unselected package libcolamd3:amd64.
2026-10-01T16:10:13.1103121Z #8 96.09 Preparing to unpack .../28-libcolamd3_1%3a7.6.1+dfsg-1build1_amd64.deb ...
2026-10-01T16:10:13.1104437Z #8 96.09 Unpacking libcolamd3:amd64 (1:7.6.1+dfsg-1build1) ...
2026-10-01T16:10:13.1105368Z #8 96.10 Selecting previously unselected package libcholmod5:amd64.
2026-10-01T16:10:13.2191181Z #8 96.11 Preparing to unpack .../29-libcholmod5_1%3a7.6.1+dfsg-1build1_amd64.deb ...
2026-10-01T16:10:13.2203881Z #8 96.11 Unpacking libcholmod5:amd64 (1:7.6.1+dfsg-1build1) ...
2026-10-01T16:10:13.2205257Z #8 96.14 Preparing to unpack .../30-libcurl4-openssl-dev_8.5.0-2ubuntu10.15_amd64.deb ...
2026-10-01T16:10:13.2208934Z #8 96.14 Unpacking libcurl4-openssl-dev:amd64 (8.5.0-2ubuntu10.15) over (8.5.0-2ubuntu10.9) ...
2026-10-01T16:10:13.2211957Z #8 96.18 Preparing to unpack .../31-libcurl4t64_8.5.0-2ubuntu10.15_amd64.deb ...
2026-10-01T16:10:13.2213523Z #8 96.18 Unpacking libcurl4t64:amd64 (8.5.0-2ubuntu10.15) over (8.5.0-2ubuntu10.9) ...
2026-10-01T16:10:13.2214837Z #8 96.21 Selecting previously unselected package libcxsparse4:amd64.
2026-10-01T16:10:13.3341744Z #8 96.22 Preparing to unpack .../32-libcxsparse4_1%3a7.6.1+dfsg-1build1_amd64.deb ...
2026-10-01T16:10:13.3342865Z #8 96.22 Unpacking libcxsparse4:amd64 (1:7.6.1+dfsg-1build1) ...
2026-10-01T16:10:13.3343722Z #8 96.24 Selecting previously unselected package libdeflate-dev:amd64.
2026-10-01T16:10:13.3344604Z #8 96.24 Preparing to unpack .../33-libdeflate-dev_1.19-1build1.1_amd64.deb ...
2026-10-01T16:10:13.3345448Z #8 96.24 Unpacking libdeflate-dev:amd64 (1.19-1build1.1) ...
2026-10-01T16:10:13.3346232Z #8 96.26 Selecting previously unselected package libfontconfig1-dev:amd64.
2026-10-01T16:10:13.3347191Z #8 96.26 Preparing to unpack .../34-libfontconfig1-dev_2.15.0-1.1ubuntu2_amd64.deb ...
2026-10-01T16:10:13.3348431Z #8 96.26 Unpacking libfontconfig1-dev:amd64 (2.15.0-1.1ubuntu2) ...
2026-10-01T16:10:13.3349256Z #8 96.28 Selecting previously unselected package libfribidi-dev:amd64.
2026-10-01T16:10:13.3350060Z #8 96.28 Preparing to unpack .../35-libfribidi-dev_1.0.13-3build1_amd64.deb ...
2026-10-01T16:10:13.3351853Z #8 96.28 Unpacking libfribidi-dev:amd64 (1.0.13-3build1) ...
2026-10-01T16:10:13.3352741Z #8 96.31 Selecting previously unselected package libhttp-parser2.9:amd64.
2026-10-01T16:10:13.3354325Z #8 96.31 Preparing to unpack .../36-libhttp-parser2.9_2.9.4-6build1_amd64.deb ...
2026-10-01T16:10:13.3355318Z #8 96.31 Unpacking libhttp-parser2.9:amd64 (2.9.4-6build1) ...
2026-10-01T16:10:13.3356643Z #8 96.33 Selecting previously unselected package libssh2-1t64:amd64.
2026-10-01T16:10:13.4344598Z #8 96.33 Preparing to unpack .../37-libssh2-1t64_1.11.0-4.1ubuntu0.24.04.4_amd64.deb ...
2026-10-01T16:10:13.4345977Z #8 96.34 Unpacking libssh2-1t64:amd64 (1.11.0-4.1ubuntu0.24.04.4) ...
2026-10-01T16:10:13.4347043Z #8 96.35 Selecting previously unselected package libgit2-1.7:amd64.
2026-10-01T16:10:13.4348012Z #8 96.36 Preparing to unpack .../38-libgit2-1.7_1.7.2+ds-1ubuntu3.2_amd64.deb ...
2026-10-01T16:10:13.4348918Z #8 96.36 Unpacking libgit2-1.7:amd64 (1.7.2+ds-1ubuntu3.2) ...
2026-10-01T16:10:13.4349730Z #8 96.38 Selecting previously unselected package libltdl7:amd64.
2026-10-01T16:10:13.4350882Z #8 96.39 Preparing to unpack .../39-libltdl7_2.4.7-7build1_amd64.deb ...
2026-10-01T16:10:13.4351813Z #8 96.39 Unpacking libltdl7:amd64 (2.4.7-7build1) ...
2026-10-01T16:10:13.4362676Z #8 96.41 Selecting previously unselected package libglpk40:amd64.
2026-10-01T16:10:13.4363535Z #8 96.41 Preparing to unpack .../40-libglpk40_5.0-1build2_amd64.deb ...
2026-10-01T16:10:13.4364305Z #8 96.41 Unpacking libglpk40:amd64 (5.0-1build2) ...
2026-10-01T16:10:13.4365064Z #8 96.43 Selecting previously unselected package libgmpxx4ldbl:amd64.
2026-10-01T16:10:13.5503423Z #8 96.43 Preparing to unpack .../41-libgmpxx4ldbl_2%3a6.3.0+dfsg-2ubuntu6.1_amd64.deb ...
2026-10-01T16:10:13.5507108Z #8 96.44 Unpacking libgmpxx4ldbl:amd64 (2:6.3.0+dfsg-2ubuntu6.1) ...
2026-10-01T16:10:13.5508155Z #8 96.45 Selecting previously unselected package libgmp-dev:amd64.
2026-10-01T16:10:13.5509123Z #8 96.45 Preparing to unpack .../42-libgmp-dev_2%3a6.3.0+dfsg-2ubuntu6.1_amd64.deb ...
2026-10-01T16:10:13.5510096Z #8 96.46 Unpacking libgmp-dev:amd64 (2:6.3.0+dfsg-2ubuntu6.1) ...
2026-10-01T16:10:13.5511516Z #8 96.48 Selecting previously unselected package libklu2:amd64.
2026-10-01T16:10:13.5512482Z #8 96.48 Preparing to unpack .../43-libklu2_1%3a7.6.1+dfsg-1build1_amd64.deb ...
2026-10-01T16:10:13.5513388Z #8 96.49 Unpacking libklu2:amd64 (1:7.6.1+dfsg-1build1) ...
2026-10-01T16:10:13.5514179Z #8 96.50 Selecting previously unselected package libldl3:amd64.
2026-10-01T16:10:13.5515093Z #8 96.51 Preparing to unpack .../44-libldl3_1%3a7.6.1+dfsg-1build1_amd64.deb ...
2026-10-01T16:10:13.5516254Z #8 96.51 Unpacking libldl3:amd64 (1:7.6.1+dfsg-1build1) ...
2026-10-01T16:10:13.5517194Z #8 96.52 Selecting previously unselected package libsuitesparse-mongoose3:amd64.
2026-10-01T16:10:13.5518306Z #8 96.53 Preparing to unpack .../45-libsuitesparse-mongoose3_1%3a7.6.1+dfsg-1build1_amd64.deb ...
2026-10-01T16:10:13.5519379Z #8 96.53 Unpacking libsuitesparse-mongoose3:amd64 (1:7.6.1+dfsg-1build1) ...
2026-10-01T16:10:13.5520261Z #8 96.55 Selecting previously unselected package libumfpack6:amd64.
2026-10-01T16:10:13.6662648Z #8 96.55 Preparing to unpack .../46-libumfpack6_1%3a7.6.1+dfsg-1build1_amd64.deb ...
2026-10-01T16:10:13.6664207Z #8 96.55 Unpacking libumfpack6:amd64 (1:7.6.1+dfsg-1build1) ...
2026-10-01T16:10:13.6665116Z #8 96.57 Selecting previously unselected package librbio4:amd64.
2026-10-01T16:10:13.6665918Z #8 96.58 Preparing to unpack .../47-librbio4_1%3a7.6.1+dfsg-1build1_amd64.deb ...
2026-10-01T16:10:13.6666700Z #8 96.58 Unpacking librbio4:amd64 (1:7.6.1+dfsg-1build1) ...
2026-10-01T16:10:13.6667758Z #8 96.59 Selecting previously unselected package libspqr4:amd64.
2026-10-01T16:10:13.6668549Z #8 96.60 Preparing to unpack .../48-libspqr4_1%3a7.6.1+dfsg-1build1_amd64.deb ...
2026-10-01T16:10:13.6669304Z #8 96.60 Unpacking libspqr4:amd64 (1:7.6.1+dfsg-1build1) ...
2026-10-01T16:10:13.6669987Z #8 96.62 Selecting previously unselected package libspex2:amd64.
2026-10-01T16:10:13.6671047Z #8 96.62 Preparing to unpack .../49-libspex2_1%3a7.6.1+dfsg-1build1_amd64.deb ...
2026-10-01T16:10:13.6671716Z #8 96.62 Unpacking libspex2:amd64 (1:7.6.1+dfsg-1build1) ...
2026-10-01T16:10:13.6672293Z #8 96.64 Selecting previously unselected package libparu0:amd64.
2026-10-01T16:10:13.6672950Z #8 96.64 Preparing to unpack .../50-libparu0_1%3a7.6.1+dfsg-1build1_amd64.deb ...
2026-10-01T16:10:13.6673591Z #8 96.64 Unpacking libparu0:amd64 (1:7.6.1+dfsg-1build1) ...
2026-10-01T16:10:13.6674206Z #8 96.66 Selecting previously unselected package libsuitesparse-dev:amd64.
2026-10-01T16:10:13.7757745Z #8 96.67 Preparing to unpack .../51-libsuitesparse-dev_1%3a7.6.1+dfsg-1build1_amd64.deb ...
2026-10-01T16:10:13.7759018Z #8 96.67 Unpacking libsuitesparse-dev:amd64 (1:7.6.1+dfsg-1build1) ...
2026-10-01T16:10:13.7760231Z #8 96.74 Selecting previously unselected package libglpk-dev:amd64.
2026-10-01T16:10:13.7763051Z #8 96.74 Preparing to unpack .../52-libglpk-dev_5.0-1build2_amd64.deb ...
2026-10-01T16:10:13.7764110Z #8 96.74 Unpacking libglpk-dev:amd64 (5.0-1build2) ...
2026-10-01T16:10:13.7764891Z #8 96.77 Preparing to unpack .../53-libgraphite2-3_1.3.14-2ubuntu0.24.04.1_amd64.deb ...
2026-10-01T16:10:13.8897988Z #8 96.77 Unpacking libgraphite2-3:amd64 (1.3.14-2ubuntu0.24.04.1) over (1.3.14-2build1) ...
2026-10-01T16:10:13.8899413Z #8 96.79 Selecting previously unselected package libgraphite2-dev:amd64.
2026-10-01T16:10:13.8901228Z #8 96.80 Preparing to unpack .../54-libgraphite2-dev_1.3.14-2ubuntu0.24.04.1_amd64.deb ...
2026-10-01T16:10:13.8902480Z #8 96.80 Unpacking libgraphite2-dev:amd64 (1.3.14-2ubuntu0.24.04.1) ...
2026-10-01T16:10:13.8903835Z #8 96.82 Selecting previously unselected package libharfbuzz-cairo0:amd64.
2026-10-01T16:10:13.8905162Z #8 96.82 Preparing to unpack .../55-libharfbuzz-cairo0_8.3.0-2build2_amd64.deb ...
2026-10-01T16:10:13.8906410Z #8 96.82 Unpacking libharfbuzz-cairo0:amd64 (8.3.0-2build2) ...
2026-10-01T16:10:13.8907490Z #8 96.84 Selecting previously unselected package libharfbuzz-icu0:amd64.
2026-10-01T16:10:13.8908816Z #8 96.84 Preparing to unpack .../56-libharfbuzz-icu0_8.3.0-2build2_amd64.deb ...
2026-10-01T16:10:13.8910029Z #8 96.84 Unpacking libharfbuzz-icu0:amd64 (8.3.0-2build2) ...
2026-10-01T16:10:13.8911435Z #8 96.86 Selecting previously unselected package libharfbuzz-subset0:amd64.
2026-10-01T16:10:13.8912714Z #8 96.86 Preparing to unpack .../57-libharfbuzz-subset0_8.3.0-2build2_amd64.deb ...
2026-10-01T16:10:13.8913896Z #8 96.86 Unpacking libharfbuzz-subset0:amd64 (8.3.0-2build2) ...
2026-10-01T16:10:13.8915007Z #8 96.89 Selecting previously unselected package libicu-dev:amd64.
2026-10-01T16:10:14.0444750Z #8 96.89 Preparing to unpack .../58-libicu-dev_74.2-1ubuntu3.1_amd64.deb ...
2026-10-01T16:10:14.0447133Z #8 96.89 Unpacking libicu-dev:amd64 (74.2-1ubuntu3.1) ...
2026-10-01T16:10:14.1198604Z #8 97.12 Selecting previously unselected package libharfbuzz-dev:amd64.
2026-10-01T16:10:14.2372534Z #8 97.12 Preparing to unpack .../59-libharfbuzz-dev_8.3.0-2build2_amd64.deb ...
2026-10-01T16:10:14.2373709Z #8 97.12 Unpacking libharfbuzz-dev:amd64 (8.3.0-2build2) ...
2026-10-01T16:10:14.2374958Z #8 97.15 Selecting previously unselected package libjpeg8-dev:amd64.
2026-10-01T16:10:14.2376161Z #8 97.15 Preparing to unpack .../60-libjpeg8-dev_8c-2ubuntu11_amd64.deb ...
2026-10-01T16:10:14.2377139Z #8 97.15 Unpacking libjpeg8-dev:amd64 (8c-2ubuntu11) ...
2026-10-01T16:10:14.2377946Z #8 97.17 Selecting previously unselected package libjpeg-dev:amd64.
2026-10-01T16:10:14.2378831Z #8 97.17 Preparing to unpack .../61-libjpeg-dev_8c-2ubuntu11_amd64.deb ...
2026-10-01T16:10:14.2379994Z #8 97.17 Unpacking libjpeg-dev:amd64 (8c-2ubuntu11) ...
2026-10-01T16:10:14.2381089Z #8 97.19 Selecting previously unselected package liblerc-dev:amd64.
2026-10-01T16:10:14.2381952Z #8 97.19 Preparing to unpack .../62-liblerc-dev_4.0.0+ds-4ubuntu2_amd64.deb ...
2026-10-01T16:10:14.2382763Z #8 97.19 Unpacking liblerc-dev:amd64 (4.0.0+ds-4ubuntu2) ...
2026-10-01T16:10:14.2383548Z #8 97.21 Selecting previously unselected package libsharpyuv-dev:amd64.
2026-10-01T16:10:14.2384403Z #8 97.21 Preparing to unpack .../63-libsharpyuv-dev_1.3.2-0.4build3_amd64.deb ...
2026-10-01T16:10:14.2385205Z #8 97.21 Unpacking libsharpyuv-dev:amd64 (1.3.2-0.4build3) ...
2026-10-01T16:10:14.2385945Z #8 97.23 Selecting previously unselected package libssl-dev:amd64.
2026-10-01T16:10:14.3604264Z #8 97.24 Preparing to unpack .../64-libssl-dev_3.0.13-0ubuntu3.16_amd64.deb ...
2026-10-01T16:10:14.3607173Z #8 97.24 Unpacking libssl-dev:amd64 (3.0.13-0ubuntu3.16) ...
2026-10-01T16:10:14.3608986Z #8 97.32 Selecting previously unselected package libssh2-1-dev:amd64.
2026-10-01T16:10:14.3610240Z #8 97.33 Preparing to unpack .../65-libssh2-1-dev_1.11.0-4.1ubuntu0.24.04.4_amd64.deb ...
2026-10-01T16:10:14.3611773Z #8 97.33 Unpacking libssh2-1-dev:amd64 (1.11.0-4.1ubuntu0.24.04.4) ...
2026-10-01T16:10:14.3612573Z #8 97.36 Selecting previously unselected package libjbig-dev:amd64.
2026-10-01T16:10:14.4627021Z #8 97.36 Preparing to unpack .../66-libjbig-dev_2.1-6.1ubuntu2_amd64.deb ...
2026-10-01T16:10:14.4633079Z #8 97.36 Unpacking libjbig-dev:amd64 (2.1-6.1ubuntu2) ...
2026-10-01T16:10:14.4635364Z #8 97.38 Selecting previously unselected package liblzma-dev:amd64.
2026-10-01T16:10:14.4638053Z #8 97.38 Preparing to unpack .../67-liblzma-dev_5.6.1+really5.4.5-1ubuntu0.3_amd64.deb ...
2026-10-01T16:10:14.4638790Z #8 97.38 Unpacking liblzma-dev:amd64 (5.6.1+really5.4.5-1ubuntu0.3) ...
2026-10-01T16:10:14.4639273Z #8 97.41 Selecting previously unselected package libzstd-dev:amd64.
2026-10-01T16:10:14.4640211Z #8 97.41 Preparing to unpack .../68-libzstd-dev_1.5.5+dfsg2-2build1.1_amd64.deb ...
2026-10-01T16:10:14.4641330Z #8 97.41 Unpacking libzstd-dev:amd64 (1.5.5+dfsg2-2build1.1) ...
2026-10-01T16:10:14.4642067Z #8 97.44 Selecting previously unselected package libwebpdemux2:amd64.
2026-10-01T16:10:14.4642889Z #8 97.44 Preparing to unpack .../69-libwebpdemux2_1.3.2-0.4build3_amd64.deb ...
2026-10-01T16:10:14.4643708Z #8 97.44 Unpacking libwebpdemux2:amd64 (1.3.2-0.4build3) ...
2026-10-01T16:10:14.4644433Z #8 97.46 Selecting previously unselected package libwebpmux3:amd64.
2026-10-01T16:10:14.4645357Z #8 97.46 Preparing to unpack .../70-libwebpmux3_1.3.2-0.4build3_amd64.deb ...
2026-10-01T16:10:14.5628565Z #8 97.46 Unpacking libwebpmux3:amd64 (1.3.2-0.4build3) ...
2026-10-01T16:10:14.5630337Z #8 97.50 Selecting previously unselected package libwebpdecoder3:amd64.
2026-10-01T16:10:14.5631335Z #8 97.51 Preparing to unpack .../71-libwebpdecoder3_1.3.2-0.4build3_amd64.deb ...
2026-10-01T16:10:14.5631848Z #8 97.51 Unpacking libwebpdecoder3:amd64 (1.3.2-0.4build3) ...
2026-10-01T16:10:14.5633021Z #8 97.53 Selecting previously unselected package libwebp-dev:amd64.
2026-10-01T16:10:14.5633794Z #8 97.53 Preparing to unpack .../72-libwebp-dev_1.3.2-0.4build3_amd64.deb ...
2026-10-01T16:10:14.5634455Z #8 97.53 Unpacking libwebp-dev:amd64 (1.3.2-0.4build3) ...
2026-10-01T16:10:14.5635213Z #8 97.56 Selecting previously unselected package libtiff-dev:amd64.
2026-10-01T16:10:14.5636113Z #8 97.56 Preparing to unpack .../73-libtiff-dev_4.5.1+git230720-4ubuntu2.5_amd64.deb ...
2026-10-01T16:10:14.7065720Z #8 97.56 Unpacking libtiff-dev:amd64 (4.5.1+git230720-4ubuntu2.5) ...
2026-10-01T16:10:14.7067051Z #8 97.58 Selecting previously unselected package libxml2-dev:amd64.
2026-10-01T16:10:14.7068424Z #8 97.59 Preparing to unpack .../74-libxml2-dev_2.9.14+dfsg-1.3ubuntu3.9_amd64.deb ...
2026-10-01T16:10:14.7069682Z #8 97.59 Unpacking libxml2-dev:amd64 (2.9.14+dfsg-1.3ubuntu3.9) ...
2026-10-01T16:10:14.7070837Z #8 97.63 Selecting previously unselected package libhttp-parser-dev:amd64.
2026-10-01T16:10:14.7072753Z #8 97.63 Preparing to unpack .../75-libhttp-parser-dev_2.9.4-6build1_amd64.deb ...
2026-10-01T16:10:14.7073676Z #8 97.63 Unpacking libhttp-parser-dev:amd64 (2.9.4-6build1) ...
2026-10-01T16:10:14.7074723Z #8 97.65 Selecting previously unselected package libgit2-dev:amd64.
2026-10-01T16:10:14.7075848Z #8 97.65 Preparing to unpack .../76-libgit2-dev_1.7.2+ds-1ubuntu3.2_amd64.deb ...
2026-10-01T16:10:14.7076914Z #8 97.65 Unpacking libgit2-dev:amd64 (1.7.2+ds-1ubuntu3.2) ...
2026-10-01T16:10:14.7077952Z #8 97.70 Selecting previously unselected package libnlopt0:amd64.
2026-10-01T16:10:14.8082624Z #8 97.71 Preparing to unpack .../77-libnlopt0_2.7.1-5build2_amd64.deb ...
2026-10-01T16:10:14.8088686Z #8 97.71 Unpacking libnlopt0:amd64 (2.7.1-5build2) ...
2026-10-01T16:10:14.8089735Z #8 97.74 Selecting previously unselected package libnlopt-dev:amd64.
2026-10-01T16:10:14.8092423Z #8 97.74 Preparing to unpack .../78-libnlopt-dev_2.7.1-5build2_amd64.deb ...
2026-10-01T16:10:14.8093676Z #8 97.75 Unpacking libnlopt-dev:amd64 (2.7.1-5build2) ...
2026-10-01T16:10:14.8095390Z #8 97.77 Setting up libgraphite2-3:amd64 (1.3.14-2ubuntu0.24.04.1) ...
2026-10-01T16:10:14.8096080Z #8 97.78 Setting up lto-disabled-list (47) ...
2026-10-01T16:10:14.8098172Z #8 97.78 Setting up libharfbuzz-icu0:amd64 (8.3.0-2build2) ...
2026-10-01T16:10:14.8100586Z #8 97.78 Setting up libfontconfig1-dev:amd64 (2.15.0-1.1ubuntu2) ...
2026-10-01T16:10:14.8103697Z #8 97.78 Setting up libzstd-dev:amd64 (1.5.5+dfsg2-2build1.1) ...
2026-10-01T16:10:14.8105274Z #8 97.79 Setting up libgdbm6t64:amd64 (1.23-5.1build1) ...
2026-10-01T16:10:14.8106662Z #8 97.79 Setting up wget (1.21.4-1ubuntu4.5) ...
2026-10-01T16:10:14.8107467Z #8 97.79 Setting up libcurl4t64:amd64 (8.5.0-2ubuntu10.15) ...
2026-10-01T16:10:14.8107876Z #8 97.79 Setting up libgdbm-compat4t64:amd64 (1.23-5.1build1) ...
2026-10-01T16:10:14.8108442Z #8 97.80 Setting up libfribidi-dev:amd64 (1.0.13-3build1) ...
2026-10-01T16:10:14.8108858Z #8 97.80 Setting up libwebpdemux2:amd64 (1.3.2-0.4build3) ...
2026-10-01T16:10:14.8109275Z #8 97.80 Setting up libcxsparse4:amd64 (1:7.6.1+dfsg-1build1) ...
2026-10-01T16:10:14.8109673Z #8 97.80 Setting up libjbig-dev:amd64 (2.1-6.1ubuntu2) ...
2026-10-01T16:10:14.9093024Z #8 97.81 Setting up libwebpdecoder3:amd64 (1.3.2-0.4build3) ...
2026-10-01T16:10:14.9108445Z #8 97.81 Setting up libnlopt0:amd64 (2.7.1-5build2) ...
2026-10-01T16:10:14.9110088Z #8 97.81 Setting up libldl3:amd64 (1:7.6.1+dfsg-1build1) ...
2026-10-01T16:10:14.9112158Z #8 97.81 Setting up bzip2 (1.0.8-5.1ubuntu0.1) ...
2026-10-01T16:10:14.9112918Z #8 97.82 Setting up libbtf2:amd64 (1:7.6.1+dfsg-1build1) ...
2026-10-01T16:10:14.9116056Z #8 97.82 Setting up libgraphite2-dev:amd64 (1.3.14-2ubuntu0.24.04.1) ...
2026-10-01T16:10:14.9116840Z #8 97.82 Setting up libglib2.0-0t64:amd64 (2.80.0-6ubuntu3.9) ...
2026-10-01T16:10:14.9117507Z #8 97.83 No schema files found: doing nothing.
2026-10-01T16:10:14.9118112Z #8 97.83 Setting up libglib2.0-data (2.80.0-6ubuntu3.9) ...
2026-10-01T16:10:14.9119034Z #8 97.83 Setting up libgmpxx4ldbl:amd64 (2:6.3.0+dfsg-2ubuntu6.1) ...
2026-10-01T16:10:14.9119490Z #8 97.83 Setting up libharfbuzz-cairo0:amd64 (8.3.0-2build2) ...
2026-10-01T16:10:14.9120155Z #8 97.84 Setting up libcurl4-openssl-dev:amd64 (8.5.0-2ubuntu10.15) ...
2026-10-01T16:10:14.9121631Z #8 97.84 Setting up xz-utils (5.6.1+really5.4.5-1ubuntu0.3) ...
2026-10-01T16:10:14.9124114Z #8 97.85 update-alternatives: using /usr/bin/xz to provide /usr/bin/lzma (lzma) in auto mode
2026-10-01T16:10:14.9129378Z #8 97.85 update-alternatives: warning: skip creation of /usr/share/man/man1/lzma.1.gz because associated file /usr/share/man/man1/xz.1.gz (of link group lzma) doesn't exist
2026-10-01T16:10:14.9134877Z #8 97.85 update-alternatives: warning: skip creation of /usr/share/man/man1/unlzma.1.gz because associated file /usr/share/man/man1/unxz.1.gz (of link group lzma) doesn't exist
2026-10-01T16:10:14.9136114Z #8 97.85 update-alternatives: warning: skip creation of /usr/share/man/man1/lzcat.1.gz because associated file /usr/share/man/man1/xzcat.1.gz (of link group lzma) doesn't exist
2026-10-01T16:10:14.9137915Z #8 97.85 update-alternatives: warning: skip creation of /usr/share/man/man1/lzmore.1.gz because associated file /usr/share/man/man1/xzmore.1.gz (of link group lzma) doesn't exist
2026-10-01T16:10:14.9139135Z #8 97.85 update-alternatives: warning: skip creation of /usr/share/man/man1/lzless.1.gz because associated file /usr/share/man/man1/xzless.1.gz (of link group lzma) doesn't exist
2026-10-01T16:10:14.9140285Z #8 97.85 update-alternatives: warning: skip creation of /usr/share/man/man1/lzdiff.1.gz because associated file /usr/share/man/man1/xzdiff.1.gz (of link group lzma) doesn't exist
2026-10-01T16:10:14.9142086Z #8 97.85 update-alternatives: warning: skip creation of /usr/share/man/man1/lzcmp.1.gz because associated file /usr/share/man/man1/xzcmp.1.gz (of link group lzma) doesn't exist
2026-10-01T16:10:14.9144212Z #8 97.85 update-alternatives: warning: skip creation of /usr/share/man/man1/lzgrep.1.gz because associated file /usr/share/man/man1/xzgrep.1.gz (of link group lzma) doesn't exist
2026-10-01T16:10:14.9146589Z #8 97.85 update-alternatives: warning: skip creation of /usr/share/man/man1/lzegrep.1.gz because associated file /usr/share/man/man1/xzegrep.1.gz (of link group lzma) doesn't exist
2026-10-01T16:10:14.9148239Z #8 97.85 update-alternatives: warning: skip creation of /usr/share/man/man1/lzfgrep.1.gz because associated file /usr/share/man/man1/xzfgrep.1.gz (of link group lzma) doesn't exist
2026-10-01T16:10:14.9149648Z #8 97.85 Setting up perl-modules-5.38 (5.38.2-3.2ubuntu0.6) ...
2026-10-01T16:10:14.9159040Z #8 97.86 Setting up libssl-dev:amd64 (3.0.13-0ubuntu3.16) ...
2026-10-01T16:10:14.9159706Z #8 97.86 Setting up patch (2.7.6-7build3) ...
2026-10-01T16:10:14.9160052Z #8 97.86 Setting up icu-devtools (74.2-1ubuntu3.1) ...
2026-10-01T16:10:14.9161845Z #8 97.86 Setting up gir1.2-glib-2.0:amd64 (2.80.0-6ubuntu3.9) ...
2026-10-01T16:10:14.9162392Z #8 97.87 Setting up liblerc-dev:amd64 (4.0.0+ds-4ubuntu2) ...
2026-10-01T16:10:14.9164931Z #8 97.87 Setting up libltdl7:amd64 (2.4.7-7build1) ...
2026-10-01T16:10:14.9165364Z #8 97.87 Setting up liblzma-dev:amd64 (5.6.1+really5.4.5-1ubuntu0.3) ...
2026-10-01T16:10:14.9165883Z #8 97.87 Setting up gir1.2-glib-2.0-dev:amd64 (2.80.0-6ubuntu3.9) ...
2026-10-01T16:10:14.9166424Z #8 97.88 Setting up libharfbuzz-subset0:amd64 (8.3.0-2build2) ...
2026-10-01T16:10:14.9166855Z #8 97.88 Setting up libsuitesparseconfig7:amd64 (1:7.6.1+dfsg-1build1) ...
2026-10-01T16:10:14.9167291Z #8 97.88 Setting up libperl5.38t64:amd64 (5.38.2-3.2ubuntu0.6) ...
2026-10-01T16:10:14.9167695Z #8 97.88 Setting up libssh2-1t64:amd64 (1.11.0-4.1ubuntu0.24.04.4) ...
2026-10-01T16:10:14.9168077Z #8 97.89 Setting up libjpeg8-dev:amd64 (8c-2ubuntu11) ...
2026-10-01T16:10:14.9168432Z #8 97.89 Setting up libnlopt-dev:amd64 (2.7.1-5build2) ...
2026-10-01T16:10:14.9168810Z #8 97.90 Setting up libsharpyuv-dev:amd64 (1.3.2-0.4build3) ...
2026-10-01T16:10:14.9169350Z #8 97.90 Setting up openssl (3.0.13-0ubuntu3.16) ...
2026-10-01T16:10:14.9169721Z #8 97.90 Setting up libwebpmux3:amd64 (1.3.2-0.4build3) ...
2026-10-01T16:10:14.9170110Z #8 97.91 Setting up libdeflate-dev:amd64 (1.19-1build1.1) ...
2026-10-01T16:10:15.0704792Z #8 97.91 Setting up libicu-dev:amd64 (74.2-1ubuntu3.1) ...
2026-10-01T16:10:15.0705665Z #8 97.91 Setting up libxml2:amd64 (2.9.14+dfsg-1.3ubuntu3.9) ...
2026-10-01T16:10:15.0706427Z #8 97.91 Setting up libhttp-parser2.9:amd64 (2.9.4-6build1) ...
2026-10-01T16:10:15.0707085Z #8 97.92 Setting up libbz2-dev:amd64 (1.0.8-5.1ubuntu0.1) ...
2026-10-01T16:10:15.0707969Z #8 97.92 Setting up libglib2.0-dev-bin (2.80.0-6ubuntu3.9) ...
2026-10-01T16:10:15.0709873Z #8 98.07 Setting up libhttp-parser-dev:amd64 (2.9.4-6build1) ...
2026-10-01T16:10:15.1941768Z #8 98.07 Setting up gir1.2-freedesktop:amd64 (1.80.1-1) ...
2026-10-01T16:10:15.1943353Z #8 98.07 Setting up libgmp-dev:amd64 (2:6.3.0+dfsg-2ubuntu6.1) ...
2026-10-01T16:10:15.1946938Z #8 98.07 Setting up libamd3:amd64 (1:7.6.1+dfsg-1build1) ...
2026-10-01T16:10:15.1948785Z #8 98.08 Setting up libcolamd3:amd64 (1:7.6.1+dfsg-1build1) ...
2026-10-01T16:10:15.1951585Z #8 98.08 Setting up libgirepository-2.0-0:amd64 (2.80.0-6ubuntu3.9) ...
2026-10-01T16:10:15.1954550Z #8 98.08 Setting up libsuitesparse-mongoose3:amd64 (1:7.6.1+dfsg-1build1) ...
2026-10-01T16:10:15.1956865Z #8 98.08 Setting up libjpeg-dev:amd64 (8c-2ubuntu11) ...
2026-10-01T16:10:15.1960073Z #8 98.09 Setting up libglib2.0-bin (2.80.0-6ubuntu3.9) ...
2026-10-01T16:10:15.1964644Z #8 98.09 Setting up libharfbuzz-gobject0:amd64 (8.3.0-2build2) ...
2026-10-01T16:10:15.1967884Z #8 98.09 Setting up gir1.2-harfbuzz-0.0:amd64 (8.3.0-2build2) ...
2026-10-01T16:10:15.1969051Z #8 98.10 Setting up libcamd3:amd64 (1:7.6.1+dfsg-1build1) ...
2026-10-01T16:10:15.1971341Z #8 98.10 Setting up perl (5.38.2-3.2ubuntu0.6) ...
2026-10-01T16:10:15.1972142Z #8 98.11 Setting up libxml2-dev:amd64 (2.9.14+dfsg-1.3ubuntu3.9) ...
2026-10-01T16:10:15.1976965Z #8 98.11 Setting up libwebp-dev:amd64 (1.3.2-0.4build3) ...
2026-10-01T16:10:15.1978196Z #8 98.11 Setting up libglib2.0-dev:amd64 (2.80.0-6ubuntu3.9) ...
2026-10-01T16:10:15.1979316Z #8 98.12 Setting up libtiff-dev:amd64 (4.5.1+git230720-4ubuntu2.5) ...
2026-10-01T16:10:15.1980734Z #8 98.12 Setting up libglpk40:amd64 (5.0-1build2) ...
2026-10-01T16:10:15.1981792Z #8 98.12 Setting up librbio4:amd64 (1:7.6.1+dfsg-1build1) ...
2026-10-01T16:10:15.1982821Z #8 98.12 Setting up gir1.2-freedesktop-dev:amd64 (1.80.1-1) ...
2026-10-01T16:10:15.1983881Z #8 98.13 Setting up libssh2-1-dev:amd64 (1.11.0-4.1ubuntu0.24.04.4) ...
2026-10-01T16:10:15.1985352Z #8 98.13 Setting up libdpkg-perl (1.22.6ubuntu6.6) ...
2026-10-01T16:10:15.1986893Z #8 98.13 Setting up libccolamd3:amd64 (1:7.6.1+dfsg-1build1) ...
2026-10-01T16:10:15.1988006Z #8 98.14 Setting up libgit2-1.7:amd64 (1.7.2+ds-1ubuntu3.2) ...
2026-10-01T16:10:15.1989171Z #8 98.14 Setting up libgit2-dev:amd64 (1.7.2+ds-1ubuntu3.2) ...
2026-10-01T16:10:15.1991405Z #8 98.14 Setting up libcholmod5:amd64 (1:7.6.1+dfsg-1build1) ...
2026-10-01T16:10:15.1992878Z #8 98.14 Setting up libharfbuzz-dev:amd64 (8.3.0-2build2) ...
2026-10-01T16:10:15.1994631Z #8 98.15 Setting up libspex2:amd64 (1:7.6.1+dfsg-1build1) ...
2026-10-01T16:10:15.1996638Z #8 98.15 Setting up libspqr4:amd64 (1:7.6.1+dfsg-1build1) ...
2026-10-01T16:10:15.1999150Z #8 98.15 Setting up dpkg-dev (1.22.6ubuntu6.6) ...
2026-10-01T16:10:15.2006169Z #8 98.16 Setting up libklu2:amd64 (1:7.6.1+dfsg-1build1) ...
2026-10-01T16:10:15.2012044Z #8 98.16 Setting up libumfpack6:amd64 (1:7.6.1+dfsg-1build1) ...
2026-10-01T16:10:15.2012876Z #8 98.16 Setting up build-essential (12.10ubuntu1) ...
2026-10-01T16:10:15.2014113Z #8 98.19 Setting up libparu0:amd64 (1:7.6.1+dfsg-1build1) ...
2026-10-01T16:10:15.3552182Z #8 98.19 Setting up libsuitesparse-dev:amd64 (1:7.6.1+dfsg-1build1) ...
2026-10-01T16:10:15.3554214Z #8 98.20 Setting up libglpk-dev:amd64 (5.0-1build2) ...
2026-10-01T16:10:15.3559079Z #8 98.20 Processing triggers for libc-bin (2.39-0ubuntu8.7) ...
2026-10-01T16:10:15.8139041Z #8 DONE 98.8s
2026-10-01T16:10:15.9662713Z 
2026-10-01T16:10:15.9663845Z #9 [ 3/13] RUN apt-get update  && apt-get install -y --no-install-recommends libuv1-dev curl  && rm -rf /var/lib/apt/lists/*
2026-10-01T16:10:16.2133215Z #9 0.399 Get:1 http://archive.ubuntu.com/ubuntu noble InRelease [256 kB]
2026-10-01T16:10:16.7709817Z #9 0.957 Get:2 http://archive.ubuntu.com/ubuntu noble-updates InRelease [126 kB]
2026-10-01T16:10:16.9076455Z #9 1.093 Get:3 http://archive.ubuntu.com/ubuntu noble-backports InRelease [126 kB]
2026-10-01T16:10:17.0592427Z #9 1.245 Get:4 http://archive.ubuntu.com/ubuntu noble/multiverse amd64 Packages [331 kB]
2026-10-01T16:10:17.1907129Z #9 1.375 Get:5 http://archive.ubuntu.com/ubuntu noble/restricted amd64 Packages [117 kB]
2026-10-01T16:10:17.3678042Z #9 1.403 Get:6 http://archive.ubuntu.com/ubuntu noble/universe amd64 Packages [19.3 MB]
2026-10-01T16:10:17.7519867Z #9 1.937 Get:7 http://security.ubuntu.com/ubuntu noble-security InRelease [126 kB]
2026-10-01T16:10:18.0838612Z #9 2.268 Get:8 http://archive.ubuntu.com/ubuntu noble/main amd64 Packages [1,808 kB]
2026-10-01T16:10:18.1947355Z #9 2.289 Get:9 http://archive.ubuntu.com/ubuntu noble-updates/multiverse amd64 Packages [56.2 kB]
2026-10-01T16:10:18.1948887Z #9 2.290 Get:10 http://archive.ubuntu.com/ubuntu noble-updates/restricted amd64 Packages [2,127 kB]
2026-10-01T16:10:18.1950253Z #9 2.328 Get:11 http://archive.ubuntu.com/ubuntu noble-updates/universe amd64 Packages [2,162 kB]
2026-10-01T16:10:18.1951778Z #9 2.348 Get:12 http://archive.ubuntu.com/ubuntu noble-updates/main amd64 Packages [1,685 kB]
2026-10-01T16:10:18.1953063Z #9 2.360 Get:13 http://archive.ubuntu.com/ubuntu noble-backports/universe amd64 Packages [36.0 kB]
2026-10-01T16:10:18.1954328Z #9 2.362 Get:14 http://archive.ubuntu.com/ubuntu noble-backports/main amd64 Packages [49.0 kB]
2026-10-01T16:10:18.1955637Z #9 2.363 Get:15 http://archive.ubuntu.com/ubuntu noble-backports/multiverse amd64 Packages [671 B]
2026-10-01T16:10:18.1956893Z #9 2.380 Get:16 http://security.ubuntu.com/ubuntu noble-security/restricted amd64 Packages [1,943 kB]
2026-10-01T16:10:19.4101434Z #9 3.596 Get:17 http://security.ubuntu.com/ubuntu noble-security/universe amd64 Packages [1,542 kB]
2026-10-01T16:10:19.5214181Z #9 3.706 Get:18 http://security.ubuntu.com/ubuntu noble-security/main amd64 Packages [1,318 kB]
2026-10-01T16:10:19.6632245Z #9 3.789 Get:19 http://security.ubuntu.com/ubuntu noble-security/multiverse amd64 Packages [50.0 kB]
2026-10-01T16:10:19.6635106Z #9 3.849 Fetched 33.2 MB in 4s (8,885 kB/s)
2026-10-01T16:10:20.4276420Z #9 3.849 Reading package lists...
2026-10-01T16:10:21.2455525Z #9 4.634 Reading package lists...
2026-10-01T16:10:21.4601569Z #9 5.443 Building dependency tree...
2026-10-01T16:10:21.6121698Z #9 5.646 Reading state information...
2026-10-01T16:10:21.6175143Z #9 5.803 The following additional packages will be installed:
2026-10-01T16:10:21.8004577Z #9 5.804   libuv1t64
2026-10-01T16:10:21.8005599Z #9 5.834 The following NEW packages will be installed:
2026-10-01T16:10:21.8006538Z #9 5.836   curl libuv1-dev libuv1t64
2026-10-01T16:10:21.8292902Z #9 6.015 0 upgraded, 3 newly installed, 0 to remove and 66 not upgraded.
2026-10-01T16:10:21.8294554Z #9 6.015 Need to get 460 kB of archives.
2026-10-01T16:10:21.8296180Z #9 6.015 After this operation, 1,459 kB of additional disk space will be used.
2026-10-01T16:10:21.8297161Z #9 6.015 Get:1 http://archive.ubuntu.com/ubuntu noble/main amd64 libuv1t64 amd64 1.48.0-1.1build1 [97.3 kB]
2026-10-01T16:10:22.1592841Z #9 6.345 Get:2 http://archive.ubuntu.com/ubuntu noble-updates/main amd64 curl amd64 8.5.0-2ubuntu10.15 [227 kB]
2026-10-01T16:10:22.3299609Z #9 6.516 Get:3 http://archive.ubuntu.com/ubuntu noble/main amd64 libuv1-dev amd64 1.48.0-1.1build1 [136 kB]
2026-10-01T16:10:22.5115774Z #9 6.697 debconf: delaying package configuration, since apt-utils is not installed
2026-10-01T16:10:22.6293962Z #9 6.727 Fetched 460 kB in 1s (640 kB/s)
2026-10-01T16:10:22.6295175Z #9 6.745 Selecting previously unselected package libuv1t64:amd64.
2026-10-01T16:10:22.6298860Z #9 6.745 (Reading database ... 
2026-10-01T16:10:22.6300698Z (Reading database ... 5%
2026-10-01T16:10:22.6301461Z (Reading database ... 10%
2026-10-01T16:10:22.6302056Z (Reading database ... 15%
2026-10-01T16:10:22.6302648Z (Reading database ... 20%
2026-10-01T16:10:22.6303218Z (Reading database ... 25%
2026-10-01T16:10:22.6303801Z (Reading database ... 30%
2026-10-01T16:10:22.6304344Z (Reading database ... 35%
2026-10-01T16:10:22.6304915Z (Reading database ... 40%
2026-10-01T16:10:22.6305450Z (Reading database ... 45%
2026-10-01T16:10:22.6306017Z (Reading database ... 50%
2026-10-01T16:10:22.6306550Z (Reading database ... 55%
2026-10-01T16:10:22.6307118Z (Reading database ... 60%
2026-10-01T16:10:22.6307648Z (Reading database ... 65%
2026-10-01T16:10:22.6308202Z (Reading database ... 70%
2026-10-01T16:10:22.6308738Z (Reading database ... 75%
2026-10-01T16:10:22.6309297Z (Reading database ... 80%
2026-10-01T16:10:22.6309831Z (Reading database ... 85%
2026-10-01T16:10:22.6310911Z (Reading database ... 90%
2026-10-01T16:10:22.6311457Z (Reading database ... 95%
2026-10-01T16:10:22.6312045Z (Reading database ... 100%
2026-10-01T16:10:22.6312739Z (Reading database ... 28535 files and directories currently installed.)
2026-10-01T16:10:22.6313707Z #9 6.772 Preparing to unpack .../libuv1t64_1.48.0-1.1build1_amd64.deb ...
2026-10-01T16:10:22.6314544Z #9 6.773 Unpacking libuv1t64:amd64 (1.48.0-1.1build1) ...
2026-10-01T16:10:22.6315284Z #9 6.792 Selecting previously unselected package curl.
2026-10-01T16:10:22.6316062Z #9 6.796 Preparing to unpack .../curl_8.5.0-2ubuntu10.15_amd64.deb ...
2026-10-01T16:10:22.6316855Z #9 6.797 Unpacking curl (8.5.0-2ubuntu10.15) ...
2026-10-01T16:10:22.6317626Z #9 6.815 Selecting previously unselected package libuv1-dev:amd64.
2026-10-01T16:10:22.7371545Z #9 6.820 Preparing to unpack .../libuv1-dev_1.48.0-1.1build1_amd64.deb ...
2026-10-01T16:10:22.7372399Z #9 6.822 Unpacking libuv1-dev:amd64 (1.48.0-1.1build1) ...
2026-10-01T16:10:22.7372865Z #9 6.852 Setting up libuv1t64:amd64 (1.48.0-1.1build1) ...
2026-10-01T16:10:22.7373399Z #9 6.855 Setting up curl (8.5.0-2ubuntu10.15) ...
2026-10-01T16:10:22.7373786Z #9 6.857 Setting up libuv1-dev:amd64 (1.48.0-1.1build1) ...
2026-10-01T16:10:22.7374178Z #9 6.860 Processing triggers for libc-bin (2.39-0ubuntu8.7) ...
2026-10-01T16:10:22.7374667Z #9 DONE 6.9s
2026-10-01T16:10:22.7374788Z 
2026-10-01T16:10:22.7374913Z #10 [ 4/13] WORKDIR /srv/shiny-server/lmplot
2026-10-01T16:10:22.7375187Z #10 DONE 0.0s
2026-10-01T16:10:22.9130622Z 
2026-10-01T16:10:22.9131448Z #11 [ 5/13] COPY renv.lock .Rprofile ./
2026-10-01T16:10:22.9133111Z #11 DONE 0.0s
2026-10-01T16:10:22.9133430Z 
2026-10-01T16:10:22.9134541Z #12 [ 6/13] COPY renv/activate.R ./renv/activate.R
2026-10-01T16:10:22.9135171Z #12 DONE 0.0s
2026-10-01T16:10:22.9135479Z 
2026-10-01T16:10:22.9137097Z #13 [ 7/13] RUN R --vanilla -s -e "Sys.setenv(LMPLOT_EXPLICIT_BOOTSTRAP='1'); source('renv/activate.R'); renv::restore(prompt = FALSE, clean = TRUE)"
2026-10-01T16:10:22.9978931Z #13 0.234 # Bootstrapping renv 1.2.3 ---------------------------------------------------
2026-10-01T16:10:25.2119546Z #13 0.291 - Downloading renv ... OK
2026-10-01T16:10:36.3516742Z #13 2.448 - Installing renv  ... OK
2026-10-01T16:10:36.3517842Z #13 13.59 
2026-10-01T16:10:36.8906294Z #13 14.13 - One or more packages recorded in the lockfile are not installed.
2026-10-01T16:10:36.8909227Z #13 14.13 - Use `renv::status()` for more details.
2026-10-01T16:10:37.1536016Z #13 14.39 The following required system packages are not installed:
2026-10-01T16:10:37.1539204Z #13 14.39 - chromium  [required by chromote]
2026-10-01T16:10:37.1539978Z #13 14.39 - cmake     [required by fs, nloptr]
2026-10-01T16:10:37.1541333Z #13 14.39 The R packages depending on these system packages may fail to install.
2026-10-01T16:10:37.1542412Z #13 14.39 
2026-10-01T16:10:37.3061285Z #13 14.39 An administrator can install these packages with:
2026-10-01T16:10:37.3064251Z #13 14.39 - sudo apt install chromium cmake
2026-10-01T16:10:37.3065314Z #13 14.39 
2026-10-01T16:10:37.3470474Z #13 14.58 The following package(s) will be updated:
2026-10-01T16:10:37.3475493Z #13 14.58 
2026-10-01T16:10:37.3476313Z #13 14.58 # CRAN -----------------------------------------------------------------------
2026-10-01T16:10:37.3477313Z #13 14.58 - MASS           [7.3-65 -> 7.3-66]
2026-10-01T16:10:37.3477838Z #13 14.58 - nlme           [3.1-169 -> 3.1-170]
2026-10-01T16:10:37.3478703Z #13 14.58 - AsioHeaders    [* -> 1.30.2-1]
2026-10-01T16:10:37.3479216Z #13 14.58 - askpass        [* -> 1.2.1]
2026-10-01T16:10:37.3479930Z #13 14.58 - backports      [* -> 1.5.1]
2026-10-01T16:10:37.3480393Z #13 14.58 - base64enc      [* -> 0.1-6]
2026-10-01T16:10:37.3483638Z #13 14.58 - brio           [* -> 1.1.5]
2026-10-01T16:10:37.3484125Z #13 14.58 - bslib          [* -> 0.11.0]
2026-10-01T16:10:37.3484997Z #13 14.58 - cachem         [* -> 1.1.0]
2026-10-01T16:10:37.3485457Z #13 14.58 - callr          [* -> 3.8.0]
2026-10-01T16:10:37.3486312Z #13 14.58 - cellranger     [* -> 1.1.0]
2026-10-01T16:10:37.3487680Z #13 14.58 - checkmate      [* -> 2.3.4]
2026-10-01T16:10:37.3488500Z #13 14.58 - chromote       [* -> 0.5.1]
2026-10-01T16:10:37.3488979Z #13 14.58 - cli            [* -> 3.6.6]
2026-10-01T16:10:37.3489704Z #13 14.58 - commonmark     [* -> 2.0.0]
2026-10-01T16:10:37.3490179Z #13 14.58 - cpp11          [* -> 0.5.5]
2026-10-01T16:10:37.3491051Z #13 14.58 - crayon         [* -> 1.5.3]
2026-10-01T16:10:37.3491548Z #13 14.58 - crosstalk      [* -> 1.2.2]
2026-10-01T16:10:37.3492363Z #13 14.58 - curl           [* -> 7.1.0]
2026-10-01T16:10:37.3492830Z #13 14.58 - data.table     [* -> 1.18.4]
2026-10-01T16:10:37.3493914Z #13 14.58 - desc           [* -> 1.4.3]
2026-10-01T16:10:37.3494657Z #13 14.58 - diffobj        [* -> 0.3.8]
2026-10-01T16:10:37.3495145Z #13 14.58 - digest         [* -> 0.6.39]
2026-10-01T16:10:37.3495914Z #13 14.58 - dplyr          [* -> 1.2.1]
2026-10-01T16:10:37.3496399Z #13 14.58 - DT             [* -> 0.34.0]
2026-10-01T16:10:37.3497212Z #13 14.58 - evaluate       [* -> 1.0.5]
2026-10-01T16:10:37.3497712Z #13 14.58 - farver         [* -> 2.1.2]
2026-10-01T16:10:37.3498525Z #13 14.58 - fastmap        [* -> 1.2.0]
2026-10-01T16:10:37.3499012Z #13 14.58 - fontawesome    [* -> 0.5.3]
2026-10-01T16:10:37.3499794Z #13 14.58 - fs             [* -> 2.1.0]
2026-10-01T16:10:37.3500262Z #13 14.58 - generics       [* -> 0.1.4]
2026-10-01T16:10:37.3501112Z #13 14.58 - ggfortify      [* -> 0.4.19]
2026-10-01T16:10:37.3501608Z #13 14.58 - ggplot2        [* -> 4.0.3]
2026-10-01T16:10:37.3502437Z #13 14.58 - globals        [* -> 0.19.1]
2026-10-01T16:10:37.3502924Z #13 14.58 - glue           [* -> 1.8.1]
2026-10-01T16:10:37.3503806Z #13 14.58 - gridExtra      [* -> 2.3.1]
2026-10-01T16:10:37.3504222Z #13 14.58 - gtable         [* -> 0.3.6]
2026-10-01T16:10:37.3505006Z #13 14.58 - highr          [* -> 0.12]
2026-10-01T16:10:37.3505472Z #13 14.58 - hms            [* -> 1.1.4]
2026-10-01T16:10:37.3506252Z #13 14.58 - htmltools      [* -> 0.5.9]
2026-10-01T16:10:37.3506753Z #13 14.58 - htmlwidgets    [* -> 1.6.4]
2026-10-01T16:10:37.3507623Z #13 14.58 - httpuv         [* -> 1.6.17]
2026-10-01T16:10:37.3508084Z #13 14.58 - httr           [* -> 1.4.8]
2026-10-01T16:10:37.3508876Z #13 14.58 - httr2          [* -> 1.3.0]
2026-10-01T16:10:37.3509321Z #13 14.58 - isoband        [* -> 0.3.0]
2026-10-01T16:10:37.3510102Z #13 14.58 - jquerylib      [* -> 0.1.4]
2026-10-01T16:10:37.3510966Z #13 14.58 - jsonlite       [* -> 2.0.0]
2026-10-01T16:10:37.3511413Z #13 14.58 - knitr          [* -> 1.51]
2026-10-01T16:10:37.3511831Z #13 14.58 - labeling       [* -> 0.4.3]
2026-10-01T16:10:37.3512592Z #13 14.58 - later          [* -> 1.4.8]
2026-10-01T16:10:37.3513022Z #13 14.58 - lazyeval       [* -> 0.2.3]
2026-10-01T16:10:37.3513791Z #13 14.58 - lifecycle      [* -> 1.0.5]
2026-10-01T16:10:37.3514245Z #13 14.58 - lme4           [* -> 2.0-6]
2026-10-01T16:10:37.3514983Z #13 14.58 - magrittr       [* -> 2.0.5]
2026-10-01T16:10:37.3515420Z #13 14.58 - memoise        [* -> 2.0.1]
2026-10-01T16:10:37.3516558Z #13 14.58 - mime           [* -> 0.13]
2026-10-01T16:10:37.3517366Z #13 14.58 - minqa          [* -> 1.2.8]
2026-10-01T16:10:37.3517844Z #13 14.58 - nloptr         [* -> 2.2.1]
2026-10-01T16:10:37.3518596Z #13 14.58 - openssl        [* -> 2.4.2]
2026-10-01T16:10:37.3518997Z #13 14.58 - otel           [* -> 0.2.0]
2026-10-01T16:10:37.3519735Z #13 14.58 - pillar         [* -> 1.11.1]
2026-10-01T16:10:37.3520231Z #13 14.58 - pingr          [* -> 2.0.5]
2026-10-01T16:10:37.3521083Z #13 14.58 - pkgbuild       [* -> 1.4.8]
2026-10-01T16:10:37.3521574Z #13 14.58 - pkgconfig      [* -> 2.0.3]
2026-10-01T16:10:37.3522395Z #13 14.58 - pkgload        [* -> 1.5.3]
2026-10-01T16:10:37.3522871Z #13 14.58 - plotly         [* -> 4.12.0]
2026-10-01T16:10:37.3523669Z #13 14.58 - praise         [* -> 1.0.0]
2026-10-01T16:10:37.3524142Z #13 14.58 - prettyunits    [* -> 1.2.0]
2026-10-01T16:10:37.3524965Z #13 14.58 - processx       [* -> 3.9.0]
2026-10-01T16:10:37.3525450Z #13 14.58 - progress       [* -> 1.2.3]
2026-10-01T16:10:37.3526539Z #13 14.58 - promises       [* -> 1.5.0]
2026-10-01T16:10:37.3527422Z #13 14.58 - ps             [* -> 1.9.3]
2026-10-01T16:10:37.3527949Z #13 14.58 - purrr          [* -> 1.2.2]
2026-10-01T16:10:37.3528408Z #13 14.58 - R6             [* -> 2.6.1]
2026-10-01T16:10:37.3529216Z #13 14.58 - rappdirs       [* -> 0.3.4]
2026-10-01T16:10:37.3529688Z #13 14.58 - rbibutils      [* -> 2.4.1]
2026-10-01T16:10:37.3530174Z #13 14.58 - RColorBrewer   [* -> 1.1-3]
2026-10-01T16:10:37.3531096Z #13 14.58 - Rcpp           [* -> 1.1.2]
2026-10-01T16:10:37.3531579Z #13 14.58 - RcppEigen      [* -> 0.3.4.0.2]
2026-10-01T16:10:37.3532060Z #13 14.58 - Rdpack         [* -> 2.6.6]
2026-10-01T16:10:37.3532504Z #13 14.58 - readxl         [* -> 1.5.0]
2026-10-01T16:10:37.3532952Z #13 14.58 - reformulas     [* -> 0.4.4]
2026-10-01T16:10:37.3533398Z #13 14.58 - rematch        [* -> 2.0.0]
2026-10-01T16:10:37.3533831Z #13 14.58 - rlang          [* -> 1.3.0]
2026-10-01T16:10:37.3534262Z #13 14.58 - rmarkdown      [* -> 2.31]
2026-10-01T16:10:37.3535093Z #13 14.58 - rprojroot      [* -> 2.1.1]
2026-10-01T16:10:37.3535531Z #13 14.58 - S7             [* -> 0.2.2]
2026-10-01T16:10:37.3535966Z #13 14.58 - sass           [* -> 0.4.10]
2026-10-01T16:10:37.3536413Z #13 14.58 - scales         [* -> 1.4.0]
2026-10-01T16:10:37.3536852Z #13 14.58 - shiny          [* -> 1.14.0]
2026-10-01T16:10:37.3537312Z #13 14.58 - shinyAce       [* -> 0.4.4]
2026-10-01T16:10:37.3537772Z #13 14.58 - shinytest2     [* -> 0.5.1]
2026-10-01T16:10:37.3538236Z #13 14.58 - shinyWidgets   [* -> 0.9.1]
2026-10-01T16:10:37.3538685Z #13 14.58 - sourcetools    [* -> 0.1.7-2]
2026-10-01T16:10:37.3539127Z #13 14.58 - stringi        [* -> 1.8.7]
2026-10-01T16:10:37.3539557Z #13 14.58 - stringr        [* -> 1.6.0]
2026-10-01T16:10:37.3539971Z #13 14.58 - sys            [* -> 3.4.3]
2026-10-01T16:10:37.3540731Z #13 14.58 - testthat       [* -> 3.3.2]
2026-10-01T16:10:37.3541195Z #13 14.58 - tibble         [* -> 3.3.1]
2026-10-01T16:10:37.3541975Z #13 14.58 - tidyr          [* -> 1.3.2]
2026-10-01T16:10:37.3542902Z #13 14.58 - tidyselect     [* -> 1.2.1]
2026-10-01T16:10:37.3543359Z #13 14.58 - tinytex        [* -> 0.60]
2026-10-01T16:10:37.3543799Z #13 14.58 - utf8           [* -> 1.2.6]
2026-10-01T16:10:37.3544228Z #13 14.58 - vctrs          [* -> 0.7.3]
2026-10-01T16:10:37.3544664Z #13 14.58 - viridisLite    [* -> 0.4.3]
2026-10-01T16:10:37.3545102Z #13 14.58 - waldo          [* -> 0.6.2]
2026-10-01T16:10:37.3545534Z #13 14.58 - webshot2       [* -> 0.1.2]
2026-10-01T16:10:37.3545974Z #13 14.58 - websocket      [* -> 1.4.4]
2026-10-01T16:10:37.3546424Z #13 14.58 - withr          [* -> 3.0.3]
2026-10-01T16:10:37.3546880Z #13 14.58 - xfun           [* -> 0.60]
2026-10-01T16:10:37.3547335Z #13 14.58 - xtable         [* -> 1.8-8]
2026-10-01T16:10:37.3547791Z #13 14.58 - yaml           [* -> 2.3.12]
2026-10-01T16:10:37.3548300Z #13 14.58 - zip            [* -> 3.0.1]
2026-10-01T16:10:37.3548710Z #13 14.58 
2026-10-01T16:10:38.2342222Z #13 14.59 - Querying repositories for available source packages ... Done!
2026-10-01T16:10:42.0896669Z #13 19.33 # Downloading packages -------------------------------------------------------
2026-10-01T16:10:43.1572912Z #13 20.24 [?25l
2026-10-01T16:10:43.5647762Z   (0/113) Downloading: Rdpack, gridExtra, httr2, testthat, ...                  
2026-10-01T16:10:43.6785641Z                                                                                 
2026-10-01T16:10:43.6790036Z [32m✔[0m fastmap 1.2.0                            [47 kB in 0.33s]
2026-10-01T16:10:43.6791269Z #13 20.80 
2026-10-01T16:10:43.6791827Z   (1/113) Downloading: Rdpack, gridExtra, httr2, testthat, ...                  
2026-10-01T16:10:43.6792593Z                                                                                 
2026-10-01T16:10:43.6793474Z [32m✔[0m backports 1.5.1                          [30 kB in 0.33s]
2026-10-01T16:10:43.6794061Z #13 20.81 
2026-10-01T16:10:43.6794591Z   (2/113) Downloading: Rdpack, gridExtra, httr2, testthat, ...                  
2026-10-01T16:10:43.6795629Z                                                                                 
2026-10-01T16:10:43.6796396Z [32m✔[0m otel 0.2.0                               [73 kB in 0.34s]
2026-10-01T16:10:43.6796949Z #13 20.82 
2026-10-01T16:10:43.6797495Z   (3/113) Downloading: Rdpack, gridExtra, httr2, testthat, ...                  
2026-10-01T16:10:43.6798254Z                                                                                 
2026-10-01T16:10:43.6799045Z [32m✔[0m pkgconfig 2.0.3                          [6 kB in 0.34s]
2026-10-01T16:10:43.6799636Z #13 20.82 
2026-10-01T16:10:43.6800155Z   (4/113) Downloading: Rdpack, gridExtra, httr2, testthat, ...                  
2026-10-01T16:10:43.6801549Z                                                                                 
2026-10-01T16:10:43.6802383Z [32m✔[0m callr 3.8.0                              [113 kB in 0.34s]
2026-10-01T16:10:43.6802970Z #13 20.83 
2026-10-01T16:10:43.6803566Z   (5/113) Downloading: Rdpack, gridExtra, httr2, testthat, ...                  
2026-10-01T16:10:43.6804330Z                                                                                 
2026-10-01T16:10:43.6805111Z [32m✔[0m crayon 1.5.3                             [40 kB in 0.34s]
2026-10-01T16:10:43.6805689Z #13 20.83 
2026-10-01T16:10:43.6806242Z   (6/113) Downloading: Rdpack, gridExtra, httr2, testthat, ...                  
2026-10-01T16:10:43.6807009Z                                                                                 
2026-10-01T16:10:43.6807849Z [32m✔[0m stringr 1.6.0                            [196 kB in 0.35s]
2026-10-01T16:10:43.6808450Z #13 20.84 
2026-10-01T16:10:43.6808995Z   (7/113) Downloading: Rdpack, gridExtra, httr2, testthat, ...                  
2026-10-01T16:10:43.6809760Z                                                                                 
2026-10-01T16:10:43.6811110Z [32m✔[0m httr2 1.3.0                              [302 kB in 0.35s]
2026-10-01T16:10:43.6811713Z #13 20.84 
2026-10-01T16:10:43.6812290Z   (8/113) Downloading: Rdpack, gridExtra, testthat, readxl, ...                 
2026-10-01T16:10:43.6813041Z                                                                                 
2026-10-01T16:10:43.6813901Z [32m✔[0m magrittr 2.0.5                           [282 kB in 0.35s]
2026-10-01T16:10:43.6814486Z #13 20.84 
2026-10-01T16:10:43.6815012Z   (9/113) Downloading: Rdpack, gridExtra, testthat, readxl, ...                 
2026-10-01T16:10:43.6815723Z                                                                                 
2026-10-01T16:10:43.6816558Z [32m✔[0m Rdpack 2.6.6                             [379 kB in 0.36s]
2026-10-01T16:10:43.6817111Z #13 20.85 
2026-10-01T16:10:43.6817416Z   (10/113) Downloading: gridExtra, testthat, readxl, rlang, ...                 
2026-10-01T16:10:43.6817831Z                                                                                 
2026-10-01T16:10:43.6818292Z [32m✔[0m gridExtra 2.3.1                          [481 kB in 0.36s]
2026-10-01T16:10:43.6819065Z #13 20.85 
2026-10-01T16:10:43.6819658Z   (11/113) Downloading: testthat, readxl, rlang, AsioHeaders, ...               
2026-10-01T16:10:43.6820843Z                                                                                 
2026-10-01T16:10:43.6821414Z [32m✔[0m rlang 1.3.0                              [784 kB in 0.37s]
2026-10-01T16:10:43.6821744Z #13 20.85 
2026-10-01T16:10:43.6822059Z   (12/113) Downloading: testthat, readxl, AsioHeaders, vctrs, ...               
2026-10-01T16:10:43.6822470Z                                                                                 
2026-10-01T16:10:43.6822903Z [32m✔[0m AsioHeaders 1.30.2-1                     [700 kB in 0.37s]
2026-10-01T16:10:43.6823237Z #13 20.85 
2026-10-01T16:10:43.6823530Z   (13/113) Downloading: testthat, readxl, vctrs, fontawesome, ...               
2026-10-01T16:10:43.6823928Z                                                                                 
2026-10-01T16:10:43.6824351Z [32m✔[0m testthat 3.3.2                           [834 kB in 0.37s]
2026-10-01T16:10:43.6824847Z #13 20.86 
2026-10-01T16:10:43.6825145Z   (14/113) Downloading: readxl, vctrs, fontawesome, labeling, ...               
2026-10-01T16:10:43.6825688Z                                                                                 
2026-10-01T16:10:43.6826451Z [32m✔[0m labeling 0.4.3                           [10 kB in 45s]
2026-10-01T16:10:43.6827045Z #13 20.86 
2026-10-01T16:10:43.6827570Z   (15/113) Downloading: readxl, vctrs, fontawesome, utf8, ...                   
2026-10-01T16:10:43.6828077Z                                                                                 
2026-10-01T16:10:43.6828538Z [32m✔[0m vctrs 0.7.3                              [1.1 MB in 0.39s]
2026-10-01T16:10:43.6828851Z #13 20.86 
2026-10-01T16:10:43.6829141Z   (16/113) Downloading: readxl, fontawesome, utf8, promises, ...                
2026-10-01T16:10:43.6829547Z                                                                                 
2026-10-01T16:10:43.6829969Z [32m✔[0m utf8 1.2.6                               [244 kB in 44s]
2026-10-01T16:10:43.6830271Z #13 20.87 
2026-10-01T16:10:43.6831413Z   (17/113) Downloading: readxl, fontawesome, promises, rmarkdown, ...           
2026-10-01T16:10:43.6832145Z                                                                                 
2026-10-01T16:10:43.6832950Z [32m✔[0m ps 1.9.3                                 [172 kB in 40s]
2026-10-01T16:10:43.6833483Z #13 20.87 
2026-10-01T16:10:43.6834008Z   (18/113) Downloading: readxl, fontawesome, promises, rmarkdown, ...           
2026-10-01T16:10:43.6834716Z                                                                                 
2026-10-01T16:10:43.6835482Z [32m✔[0m fontawesome 0.5.3                        [1.3 MB in 53s]
2026-10-01T16:10:43.6836012Z #13 20.87 
2026-10-01T16:10:43.6836527Z   (19/113) Downloading: readxl, promises, rmarkdown, nloptr, ...                
2026-10-01T16:10:43.6837265Z                                                                                 
2026-10-01T16:10:43.6838074Z [32m✔[0m purrr 1.2.2                              [279 kB in 48s]
2026-10-01T16:10:43.6838621Z #13 20.88 
2026-10-01T16:10:43.6839149Z   (20/113) Downloading: readxl, promises, rmarkdown, nloptr, ...                
2026-10-01T16:10:43.6839884Z                                                                                 
2026-10-01T16:10:43.6841213Z [32m✔[0m readxl 1.5.0                             [2.1 MB in 0.42s]
2026-10-01T16:10:43.6841790Z #13 20.89 
2026-10-01T16:10:43.6842328Z   (21/113) Downloading: promises, rmarkdown, nloptr, shinyAce, ...              
2026-10-01T16:10:43.6843070Z                                                                                 
2026-10-01T16:10:43.6843843Z [32m✔[0m waldo 0.6.2                              [46 kB in 47s]
2026-10-01T16:10:43.6844388Z #13 20.89 
2026-10-01T16:10:43.6844928Z   (22/113) Downloading: promises, rmarkdown, nloptr, shinyAce, ...              
2026-10-01T16:10:43.7975605Z                                                                                 
2026-10-01T16:10:43.7977659Z [32m✔[0m promises 1.5.0                           [3.2 MB in 86s]
2026-10-01T16:10:43.7978534Z #13 20.92 
2026-10-01T16:10:43.7979246Z   (23/113) Downloading: rmarkdown, nloptr, shinyAce, ggfortify, ...             
2026-10-01T16:10:43.7980150Z                                                                                 
2026-10-01T16:10:43.7981591Z [32m✔[0m nloptr 2.2.1                             [2.3 MB in 84s]
2026-10-01T16:10:43.7982389Z #13 20.92 
2026-10-01T16:10:43.7983145Z   (24/113) Downloading: rmarkdown, shinyAce, ggfortify, tinytex, ...            
2026-10-01T16:10:43.7984082Z                                                                                 
2026-10-01T16:10:43.7985069Z [32m✔[0m ggfortify 0.4.19                         [85 kB in 83s]
2026-10-01T16:10:43.7985826Z #13 20.92 
2026-10-01T16:10:43.7986618Z   (25/113) Downloading: rmarkdown, shinyAce, tinytex, xfun, ...                 
2026-10-01T16:10:43.7987923Z                                                                                 
2026-10-01T16:10:43.7988983Z [32m✔[0m tinytex 0.60                             [38 kB in 81s]
2026-10-01T16:10:43.7989831Z #13 20.92 
2026-10-01T16:10:43.7990789Z   (26/113) Downloading: rmarkdown, shinyAce, xfun, cachem, ...                  
2026-10-01T16:10:43.7991800Z                                                                                 
2026-10-01T16:10:43.7992754Z [32m✔[0m xfun 0.60                                [205 kB in 71s]
2026-10-01T16:10:43.7993469Z #13 20.92 
2026-10-01T16:10:43.7994158Z   (27/113) Downloading: rmarkdown, shinyAce, cachem, jsonlite, ...              
2026-10-01T16:10:43.7995108Z                                                                                 
2026-10-01T16:10:43.7996120Z [32m✔[0m cachem 1.1.0                             [27 kB in 70s]
2026-10-01T16:10:43.7996881Z #13 20.93 
2026-10-01T16:10:43.7997658Z   (28/113) Downloading: rmarkdown, shinyAce, jsonlite, progress, ...            
2026-10-01T16:10:43.7999670Z                                                                                 
2026-10-01T16:10:43.8001040Z [32m✔[0m jsonlite 2.0.0                           [1.1 MB in 53s]
2026-10-01T16:10:43.8002040Z #13 20.93 
2026-10-01T16:10:43.8002811Z   (29/113) Downloading: rmarkdown, shinyAce, progress, highr, ...               
2026-10-01T16:10:43.8003783Z                                                                                 
2026-10-01T16:10:43.8004803Z [32m✔[0m progress 1.2.3                           [30 kB in 46s]
2026-10-01T16:10:43.8005583Z #13 20.93 
2026-10-01T16:10:43.8006318Z   (30/113) Downloading: rmarkdown, shinyAce, highr, later, ...                  
2026-10-01T16:10:43.8007283Z                                                                                 
2026-10-01T16:10:43.8008386Z [32m✔[0m highr 0.12                               [14 kB in 45s]
2026-10-01T16:10:43.8009202Z #13 20.94 
2026-10-01T16:10:43.8009971Z   (31/113) Downloading: rmarkdown, shinyAce, later, prettyunits, ...            
2026-10-01T16:10:43.8011198Z                                                                                 
2026-10-01T16:10:43.8012215Z [32m✔[0m later 1.4.8                              [70 kB in 45s]
2026-10-01T16:10:43.8013008Z #13 20.94 
2026-10-01T16:10:43.8013745Z   (32/113) Downloading: rmarkdown, shinyAce, prettyunits, R6, ...               
2026-10-01T16:10:43.8014717Z                                                                                 
2026-10-01T16:10:43.8015759Z [32m✔[0m prettyunits 1.2.0                        [97 kB in 38s]
2026-10-01T16:10:43.8016576Z #13 20.94 
2026-10-01T16:10:43.8017298Z   (33/113) Downloading: rmarkdown, shinyAce, R6, bslib, ...                     
2026-10-01T16:10:43.8018446Z                                                                                 
2026-10-01T16:10:43.8019720Z [32m✔[0m R6 2.6.1                                 [65 kB in 28s]
2026-10-01T16:10:43.8020756Z #13 20.95 
2026-10-01T16:10:43.8021523Z   (34/113) Downloading: rmarkdown, shinyAce, bslib, stringi, ...                
2026-10-01T16:10:43.8022480Z                                                                                 
2026-10-01T16:10:43.8023511Z [32m✔[0m rmarkdown 2.31                           [2.2 MB in 97s]
2026-10-01T16:10:43.8024327Z #13 20.95 
2026-10-01T16:10:43.8025098Z   (35/113) Downloading: shinyAce, bslib, stringi, RColorBrewer, ...             
2026-10-01T16:10:43.8026077Z                                                                                 
2026-10-01T16:10:43.8027115Z [32m✔[0m RColorBrewer 1.1-3                       [12 kB in 7.3s]
2026-10-01T16:10:43.8027995Z #13 20.95 
2026-10-01T16:10:43.8028719Z   (36/113) Downloading: shinyAce, bslib, stringi, pkgload, ...                  
2026-10-01T16:10:43.8029675Z                                                                                 
2026-10-01T16:10:43.8031241Z [32m✔[0m brio 1.1.5                               [13 kB in 8.1s]
2026-10-01T16:10:43.8032179Z #13 20.96 
2026-10-01T16:10:43.8032941Z   (37/113) Downloading: shinyAce, bslib, stringi, pkgload, ...                  
2026-10-01T16:10:43.8033996Z                                                                                 
2026-10-01T16:10:43.8035037Z [32m✔[0m pkgload 1.5.3                            [89 kB in 49s]
2026-10-01T16:10:43.8035816Z #13 20.98 
2026-10-01T16:10:43.8036553Z   (38/113) Downloading: shinyAce, bslib, stringi, jquerylib, ...                
2026-10-01T16:10:43.8037510Z                                                                                 
2026-10-01T16:10:43.8038561Z [32m✔[0m jquerylib 0.1.4                          [520 kB in 49s]
2026-10-01T16:10:43.8039303Z #13 20.98 
2026-10-01T16:10:43.8040010Z   (39/113) Downloading: shinyAce, bslib, stringi, cellranger, ...               
2026-10-01T16:10:43.8041230Z                                                                                 
2026-10-01T16:10:43.8042200Z [32m✔[0m cellranger 1.1.0                         [64 kB in 49s]
2026-10-01T16:10:43.8042952Z #13 20.98 
2026-10-01T16:10:43.8043668Z   (40/113) Downloading: shinyAce, bslib, stringi, Rcpp, ...                     
2026-10-01T16:10:43.8044588Z                                                                                 
2026-10-01T16:10:43.8045635Z [32m✔[0m Rcpp 1.1.2                               [1.9 MB in 51s]
2026-10-01T16:10:43.8046428Z #13 20.99 
2026-10-01T16:10:43.8047153Z   (41/113) Downloading: shinyAce, bslib, stringi, knitr, ...                    
2026-10-01T16:10:43.8048084Z                                                                                 
2026-10-01T16:10:43.8049044Z [32m✔[0m knitr 1.51                               [484 kB in 51s]
2026-10-01T16:10:43.8049797Z #13 20.99 
2026-10-01T16:10:43.8050741Z   (42/113) Downloading: shinyAce, bslib, stringi, base64enc, ...                
2026-10-01T16:10:43.8051773Z                                                                                 
2026-10-01T16:10:43.8052839Z [32m✔[0m base64enc 0.1-6                          [9 kB in 51s]
2026-10-01T16:10:43.8053634Z #13 20.99 
2026-10-01T16:10:43.8054382Z   (43/113) Downloading: shinyAce, bslib, stringi, httpuv, ...                   
2026-10-01T16:10:43.8055314Z                                                                                 
2026-10-01T16:10:43.8056342Z [32m✔[0m httpuv 1.6.17                            [1.9 MB in 53s]
2026-10-01T16:10:43.8057132Z #13 21.00 
2026-10-01T16:10:43.8057849Z   (44/113) Downloading: shinyAce, bslib, stringi, tidyselect, ...               
2026-10-01T16:10:43.8058811Z                                                                                 
2026-10-01T16:10:43.8063098Z [32m✔[0m tidyselect 1.2.1                         [104 kB in 53s]
2026-10-01T16:10:43.8064937Z #13 21.00 
2026-10-01T16:10:43.8100026Z   (45/113) Downloading: shinyAce, bslib, stringi, yaml, ...                     
2026-10-01T16:10:43.8101781Z                                                                                 
2026-10-01T16:10:43.8103740Z [32m✔[0m yaml 2.3.12                              [109 kB in 53s]
2026-10-01T16:10:43.8104547Z #13 21.00 
2026-10-01T16:10:43.8105688Z   (46/113) Downloading: shinyAce, bslib, stringi, websocket, ...                
2026-10-01T16:10:43.8107046Z                                                                                 
2026-10-01T16:10:43.8108664Z [32m✔[0m processx 3.9.0                           [195 kB in 48s]
2026-10-01T16:10:43.8109870Z #13 21.00 
2026-10-01T16:10:43.8110661Z   (47/113) Downloading: shinyAce, bslib, stringi, websocket, ...                
2026-10-01T16:10:43.9176700Z                                                                                 
2026-10-01T16:10:43.9189238Z [32m✔[0m shinyAce 0.4.4                           [1.8 MB in 0.19s]
2026-10-01T16:10:43.9190218Z #13 21.04 
2026-10-01T16:10:43.9191270Z   (48/113) Downloading: bslib, stringi, websocket, curl, ...                    
2026-10-01T16:10:43.9192494Z                                                                                 
2026-10-01T16:10:43.9193542Z [32m✔[0m bslib 0.11.0                             [5.8 MB in 0.11s]
2026-10-01T16:10:43.9194324Z #13 21.04 
2026-10-01T16:10:43.9195077Z   (49/113) Downloading: stringi, websocket, curl, sourcetools, ...              
2026-10-01T16:10:43.9196042Z                                                                                 
2026-10-01T16:10:43.9197064Z [32m✔[0m websocket 1.4.4                          [202 kB in 0.11s]
2026-10-01T16:10:43.9197868Z #13 21.04 
2026-10-01T16:10:43.9198599Z   (50/113) Downloading: stringi, curl, sourcetools, pkgbuild, ...               
2026-10-01T16:10:43.9199574Z                                                                                 
2026-10-01T16:10:43.9200722Z [32m✔[0m curl 7.1.0                               [718 kB in 0.11s]
2026-10-01T16:10:43.9201632Z #13 21.04 
2026-10-01T16:10:43.9202867Z   (51/113) Downloading: stringi, sourcetools, pkgbuild, tibble, ...             
2026-10-01T16:10:43.9203865Z                                                                                 
2026-10-01T16:10:43.9204897Z [32m✔[0m sourcetools 0.1.7-2                      [25 kB in 58s]
2026-10-01T16:10:43.9205705Z #13 21.04 
2026-10-01T16:10:43.9206441Z   (52/113) Downloading: stringi, pkgbuild, tibble, shiny, ...                   
2026-10-01T16:10:43.9207678Z                                                                                 
2026-10-01T16:10:43.9209572Z [32m✔[0m stringi 1.8.7                            [11.9 MB in 0.12s]
2026-10-01T16:10:43.9211768Z #13 21.05 
2026-10-01T16:10:43.9214780Z   (53/113) Downloading: pkgbuild, tibble, shiny, withr, ...                     
2026-10-01T16:10:43.9219050Z                                                                                 
2026-10-01T16:10:43.9221271Z [32m✔[0m tibble 3.3.1                             [557 kB in 11s]
2026-10-01T16:10:43.9222162Z #13 21.06 
2026-10-01T16:10:43.9222927Z   (54/113) Downloading: pkgbuild, shiny, withr, S7, ...                         
2026-10-01T16:10:43.9223901Z                                                                                 
2026-10-01T16:10:43.9225191Z [32m✔[0m shiny 1.14.0                             [2.7 MB in 22s]
2026-10-01T16:10:43.9226346Z #13 21.06 
2026-10-01T16:10:43.9227490Z   (55/113) Downloading: pkgbuild, withr, S7, askpass, ...                       
2026-10-01T16:10:43.9228477Z                                                                                 
2026-10-01T16:10:43.9229514Z [32m✔[0m withr 3.0.3                              [104 kB in 22s]
2026-10-01T16:10:43.9230842Z #13 21.07 
2026-10-01T16:10:43.9231607Z   (56/113) Downloading: pkgbuild, S7, askpass, evaluate, ...                    
2026-10-01T16:10:43.9232844Z                                                                                 
2026-10-01T16:10:43.9234979Z [32m✔[0m S7 0.2.2                                 [185 kB in 22s]
2026-10-01T16:10:43.9235785Z #13 21.07 
2026-10-01T16:10:43.9236527Z   (57/113) Downloading: pkgbuild, askpass, evaluate, desc, ...                  
2026-10-01T16:10:43.9237507Z                                                                                 
2026-10-01T16:10:43.9238539Z [32m✔[0m pkgbuild 1.4.8                           [51 kB in 34s]
2026-10-01T16:10:43.9239840Z #13 21.08 
2026-10-01T16:10:43.9241159Z   (58/113) Downloading: askpass, evaluate, desc, isoband, ...                   
2026-10-01T16:10:43.9242859Z                                                                                 
2026-10-01T16:10:43.9249219Z [32m✔[0m askpass 1.2.1                            [6 kB in 34s]
2026-10-01T16:10:43.9250053Z #13 21.08 
2026-10-01T16:10:43.9251455Z   (59/113) Downloading: evaluate, desc, isoband, zip, ...                       
2026-10-01T16:10:43.9252675Z                                                                                 
2026-10-01T16:10:43.9254877Z [32m✔[0m evaluate 1.0.5                           [39 kB in 35s]
2026-10-01T16:10:43.9256120Z #13 21.08 
2026-10-01T16:10:43.9256855Z   (60/113) Downloading: desc, isoband, zip, RcppEigen, ...                      
2026-10-01T16:10:43.9257805Z                                                                                 
2026-10-01T16:10:43.9258842Z [32m✔[0m desc 1.4.3                               [80 kB in 35s]
2026-10-01T16:10:43.9259659Z #13 21.09 
2026-10-01T16:10:43.9261037Z   (61/113) Downloading: isoband, zip, RcppEigen, pillar, ...                    
2026-10-01T16:10:43.9262033Z                                                                                 
2026-10-01T16:10:43.9263037Z [32m✔[0m isoband 0.3.0                            [1.6 MB in 38s]
2026-10-01T16:10:43.9264072Z #13 21.09 
2026-10-01T16:10:43.9281599Z   (62/113) Downloading: zip, RcppEigen, pillar, checkmate, ...                  
2026-10-01T16:10:43.9286973Z                                                                                 
2026-10-01T16:10:43.9291729Z [32m✔[0m RcppEigen 0.3.4.0.2                      [1.8 MB in 36s]
2026-10-01T16:10:43.9293305Z #13 21.09 
2026-10-01T16:10:43.9294311Z   (63/113) Downloading: zip, pillar, checkmate, DT, ...                         
2026-10-01T16:10:43.9295519Z                                                                                 
2026-10-01T16:10:43.9296738Z [32m✔[0m pillar 1.11.1                            [410 kB in 36s]
2026-10-01T16:10:43.9297756Z #13 21.09 
2026-10-01T16:10:43.9298695Z   (64/113) Downloading: zip, checkmate, DT, reformulas, ...                     
2026-10-01T16:10:43.9300339Z                                                                                 
2026-10-01T16:10:43.9302425Z [32m✔[0m checkmate 2.3.4                          [253 kB in 37s]
2026-10-01T16:10:43.9303220Z #13 21.09 
2026-10-01T16:10:43.9304182Z   (65/113) Downloading: zip, DT, reformulas, pingr, ...                         
2026-10-01T16:10:43.9305188Z                                                                                 
2026-10-01T16:10:43.9306220Z [32m✔[0m reformulas 0.4.4                         [85 kB in 37s]
2026-10-01T16:10:43.9306997Z #13 21.09 
2026-10-01T16:10:43.9307682Z   (66/113) Downloading: zip, DT, pingr, plotly, ...                             
2026-10-01T16:10:43.9309067Z                                                                                 
2026-10-01T16:10:43.9310634Z [32m✔[0m pingr 2.0.5                              [19 kB in 37s]
2026-10-01T16:10:43.9311436Z #13 21.10 
2026-10-01T16:10:43.9312139Z   (67/113) Downloading: zip, DT, plotly, generics, ...                          
2026-10-01T16:10:43.9313064Z                                                                                 
2026-10-01T16:10:43.9314019Z [32m✔[0m zip 3.0.1                                [446 kB in 47s]
2026-10-01T16:10:43.9314769Z #13 21.10 
2026-10-01T16:10:43.9315912Z   (68/113) Downloading: DT, plotly, generics, rprojroot, ...                    
2026-10-01T16:10:43.9317529Z                                                                                 
2026-10-01T16:10:43.9318958Z [32m✔[0m generics 0.1.4                           [47 kB in 11s]
2026-10-01T16:10:43.9320169Z #13 21.10 
2026-10-01T16:10:43.9321996Z   (69/113) Downloading: DT, plotly, rprojroot, chromote, ...                    
2026-10-01T16:10:43.9322969Z                                                                                 
2026-10-01T16:10:43.9323975Z [32m✔[0m rprojroot 2.1.1                          [60 kB in 11s]
2026-10-01T16:10:43.9324737Z #13 21.11 
2026-10-01T16:10:43.9325441Z   (70/113) Downloading: DT, plotly, chromote, hms, ...                          
2026-10-01T16:10:43.9326365Z                                                                                 
2026-10-01T16:10:43.9327377Z [32m✔[0m commonmark 2.0.0                         [147 kB in 10s]
2026-10-01T16:10:43.9328166Z #13 21.11 
2026-10-01T16:10:43.9329192Z   (71/113) Downloading: DT, plotly, chromote, hms, ...                          
2026-10-01T16:10:44.0171162Z                                                                                 
2026-10-01T16:10:44.0176295Z [32m✔[0m lme4 2.0-6                               [4.3 MB in 66s]
2026-10-01T16:10:44.0182509Z #13 21.16 
2026-10-01T16:10:44.0183431Z   (72/113) Downloading: DT, plotly, chromote, hms, ...                          
2026-10-01T16:10:44.0184442Z                                                                                 
2026-10-01T16:10:44.0185528Z [32m✔[0m plotly 4.12.0                            [4.6 MB in 88s]
2026-10-01T16:10:44.0186344Z #13 21.18 
2026-10-01T16:10:44.0187106Z   (73/113) Downloading: DT, chromote, hms, ggplot2, ...                         
2026-10-01T16:10:44.0188090Z                                                                                 
2026-10-01T16:10:44.0189210Z [32m✔[0m chromote 0.5.1                           [298 kB in 88s]
2026-10-01T16:10:44.0190076Z #13 21.18 
2026-10-01T16:10:44.0191118Z   (74/113) Downloading: DT, hms, ggplot2, scales, ...                           
2026-10-01T16:10:44.0192140Z                                                                                 
2026-10-01T16:10:44.0193920Z [32m✔[0m hms 1.1.4                                [45 kB in 88s]
2026-10-01T16:10:44.0194805Z #13 21.18 
2026-10-01T16:10:44.0195595Z   (75/113) Downloading: DT, ggplot2, scales, minqa, ...                         
2026-10-01T16:10:44.0196605Z                                                                                 
2026-10-01T16:10:44.0197699Z [32m✔[0m ggplot2 4.0.3                            [6.3 MB in 95s]
2026-10-01T16:10:44.0198549Z #13 21.19 
2026-10-01T16:10:44.0199330Z   (76/113) Downloading: DT, scales, minqa, xtable, ...                          
2026-10-01T16:10:44.0200705Z                                                                                 
2026-10-01T16:10:44.0201838Z [32m✔[0m scales 1.4.0                             [329 kB in 94s]
2026-10-01T16:10:44.0203518Z #13 21.19 
2026-10-01T16:10:44.0204345Z   (77/113) Downloading: DT, minqa, xtable, globals, ...                         
2026-10-01T16:10:44.0205388Z                                                                                 
2026-10-01T16:10:44.0206470Z [32m✔[0m minqa 1.2.8                              [55 kB in 94s]
2026-10-01T16:10:44.0208131Z #13 21.19 
2026-10-01T16:10:44.0208910Z   (78/113) Downloading: DT, xtable, globals, glue, ...                          
2026-10-01T16:10:44.0209941Z                                                                                 
2026-10-01T16:10:44.0211195Z [32m✔[0m xtable 1.8-8                             [619 kB in 95s]
2026-10-01T16:10:44.0212043Z #13 21.19 
2026-10-01T16:10:44.0212809Z   (79/113) Downloading: DT, globals, glue, lazyeval, ...                        
2026-10-01T16:10:44.0213817Z                                                                                 
2026-10-01T16:10:44.0215968Z [32m✔[0m globals 0.19.1                           [57 kB in 95s]
2026-10-01T16:10:44.0216858Z #13 21.19 
2026-10-01T16:10:44.0217641Z   (80/113) Downloading: DT, glue, lazyeval, webshot2, ...                       
2026-10-01T16:10:44.0218608Z                                                                                 
2026-10-01T16:10:44.0219680Z [32m✔[0m glue 1.8.1                               [130 kB in 95s]
2026-10-01T16:10:44.0221083Z #13 21.19 
2026-10-01T16:10:44.0222242Z   (81/113) Downloading: DT, lazyeval, webshot2, diffobj, ...                    
2026-10-01T16:10:44.0223292Z                                                                                 
2026-10-01T16:10:44.0224390Z [32m✔[0m lazyeval 0.2.3                           [130 kB in 95s]
2026-10-01T16:10:44.0225240Z #13 21.19 
2026-10-01T16:10:44.0226713Z   (82/113) Downloading: DT, webshot2, diffobj, sys, ...                         
2026-10-01T16:10:44.0227753Z                                                                                 
2026-10-01T16:10:44.0229138Z [32m✔[0m webshot2 0.1.2                           [530 kB in 96s]
2026-10-01T16:10:44.0229958Z #13 21.20 
2026-10-01T16:10:44.0230979Z   (83/113) Downloading: DT, diffobj, sys, data.table, ...                       
2026-10-01T16:10:44.0231996Z                                                                                 
2026-10-01T16:10:44.0233070Z [32m✔[0m diffobj 0.3.8                            [473 kB in 92s]
2026-10-01T16:10:44.0233902Z #13 21.20 
2026-10-01T16:10:44.0235523Z   (84/113) Downloading: DT, sys, data.table, fs, ...                            
2026-10-01T16:10:44.0236537Z                                                                                 
2026-10-01T16:10:44.0237603Z [32m✔[0m sys 3.4.3                                [20 kB in 88s]
2026-10-01T16:10:44.0238394Z #13 21.20 
2026-10-01T16:10:44.0239182Z   (85/113) Downloading: DT, data.table, fs, cpp11, ...                          
2026-10-01T16:10:44.0240208Z                                                                                 
2026-10-01T16:10:44.0241585Z [32m✔[0m cpp11 0.5.5                              [305 kB in 13s]
2026-10-01T16:10:44.0242404Z #13 21.22 
2026-10-01T16:10:44.0243187Z   (86/113) Downloading: DT, data.table, fs, tidyr, ...                          
2026-10-01T16:10:44.0244591Z                                                                                 
2026-10-01T16:10:44.0246506Z [32m✔[0m tidyr 1.3.2                              [809 kB in 21s]
2026-10-01T16:10:44.0247344Z #13 21.22 
2026-10-01T16:10:44.0248099Z   (87/113) Downloading: DT, data.table, fs, rbibutils, ...                      
2026-10-01T16:10:44.0249091Z                                                                                 
2026-10-01T16:10:44.0250941Z [32m✔[0m cli 3.6.6                                [644 kB in 25s]
2026-10-01T16:10:44.0251781Z #13 21.22 
2026-10-01T16:10:44.0252682Z   (88/113) Downloading: DT, data.table, fs, rbibutils, ...                      
2026-10-01T16:10:44.0253800Z                                                                                 
2026-10-01T16:10:44.0254944Z [32m✔[0m viridisLite 0.4.3                        [1.3 MB in 26s]
2026-10-01T16:10:44.0255804Z #13 21.23 
2026-10-01T16:10:44.0256572Z   (89/113) Downloading: DT, data.table, fs, rbibutils, ...                      
2026-10-01T16:10:44.0257599Z                                                                                 
2026-10-01T16:10:44.0259519Z [32m✔[0m praise 1.0.0                             [6 kB in 25s]
2026-10-01T16:10:44.0260555Z #13 21.23 
2026-10-01T16:10:44.0262032Z   (90/113) Downloading: DT, data.table, fs, rbibutils, ...                      
2026-10-01T16:10:44.0263072Z                                                                                 
2026-10-01T16:10:44.0267160Z [32m✔[0m gtable 0.3.6                             [148 kB in 25s]
2026-10-01T16:10:44.0268041Z #13 21.23 
2026-10-01T16:10:44.0270878Z   (91/113) Downloading: DT, data.table, fs, rbibutils, ...                      
2026-10-01T16:10:44.0271937Z                                                                                 
2026-10-01T16:10:44.0273007Z [32m✔[0m sass 0.4.10                              [3.0 MB in 28s]
2026-10-01T16:10:44.0273844Z #13 21.24 
2026-10-01T16:10:44.0274972Z   (92/113) Downloading: DT, data.table, fs, rbibutils, ...                      
2026-10-01T16:10:44.0276311Z                                                                                 
2026-10-01T16:10:44.0277416Z [32m✔[0m crosstalk 1.2.2                          [298 kB in 40s]
2026-10-01T16:10:44.0278261Z #13 21.24 
2026-10-01T16:10:44.0279347Z   (93/113) Downloading: DT, data.table, fs, rbibutils, ...                      
2026-10-01T16:10:44.0280594Z                                                                                 
2026-10-01T16:10:44.0281699Z [32m✔[0m nlme 3.1-170                             [843 kB in 46s]
2026-10-01T16:10:44.0282496Z #13 21.24 
2026-10-01T16:10:44.0283513Z   (94/113) Downloading: DT, data.table, fs, rbibutils, ...                      
2026-10-01T16:10:44.0284468Z                                                                                 
2026-10-01T16:10:44.0285519Z [32m✔[0m rappdirs 0.3.4                           [12 kB in 46s]
2026-10-01T16:10:44.0287194Z #13 21.25 
2026-10-01T16:10:44.0287987Z   (95/113) Downloading: DT, data.table, fs, rbibutils, ...                      
2026-10-01T16:10:44.0289421Z                                                                                 
2026-10-01T16:10:44.0293650Z [32m✔[0m rematch 2.0.0                            [5 kB in 46s]
2026-10-01T16:10:44.0294491Z #13 21.25 
2026-10-01T16:10:44.0295274Z   (96/113) Downloading: DT, data.table, fs, rbibutils, ...                      
2026-10-01T16:10:44.0297815Z                                                                                 
2026-10-01T16:10:44.0299751Z [32m✔[0m DT 0.34.0                                [1.7 MB in 0.2s]
2026-10-01T16:10:44.2662113Z #13 21.26 
2026-10-01T16:10:44.2667305Z   (97/113) Downloading: data.table, fs, rbibutils, dplyr, ...                   
2026-10-01T16:10:44.2668312Z                                                                                 
2026-10-01T16:10:44.2669527Z [32m✔[0m fs 2.1.0                                 [1.5 MB in 65s]
2026-10-01T16:10:44.2670245Z #13 21.26 
2026-10-01T16:10:44.2671332Z   (98/113) Downloading: data.table, rbibutils, dplyr, digest, ...               
2026-10-01T16:10:44.2672219Z                                                                                 
2026-10-01T16:10:44.2673113Z [32m✔[0m rbibutils 2.4.1                          [1.2 MB in 59s]
2026-10-01T16:10:44.2673777Z #13 21.26 
2026-10-01T16:10:44.2674501Z   (99/113) Downloading: data.table, dplyr, digest, htmlwidgets, ...             
2026-10-01T16:10:44.2675410Z                                                                                 
2026-10-01T16:10:44.2676265Z [32m✔[0m digest 0.6.39                            [237 kB in 14s]
2026-10-01T16:10:44.2677004Z #13 21.26 
2026-10-01T16:10:44.2677759Z   (100/113) Downloading: data.table, dplyr, htmlwidgets, farver, ...            
2026-10-01T16:10:44.2678782Z                                                                                 
2026-10-01T16:10:44.2679823Z [32m✔[0m htmlwidgets 1.6.4                        [869 kB in 15s]
2026-10-01T16:10:44.2680939Z #13 21.26 
2026-10-01T16:10:44.2681742Z   (101/113) Downloading: data.table, dplyr, farver, memoise, ...                
2026-10-01T16:10:44.2682706Z                                                                                 
2026-10-01T16:10:44.2683732Z [32m✔[0m memoise 2.0.1                            [18 kB in 16s]
2026-10-01T16:10:44.2684538Z #13 21.26 
2026-10-01T16:10:44.2685259Z   (102/113) Downloading: data.table, dplyr, farver, htmltools, ...              
2026-10-01T16:10:44.2686196Z                                                                                 
2026-10-01T16:10:44.2687601Z [32m✔[0m htmltools 0.5.9                          [135 kB in 16s]
2026-10-01T16:10:44.2688509Z #13 21.27 
2026-10-01T16:10:44.2689300Z   (103/113) Downloading: data.table, dplyr, farver, lifecycle, ...              
2026-10-01T16:10:44.2690758Z                                                                                 
2026-10-01T16:10:44.2691866Z [32m✔[0m lifecycle 1.0.5                          [107 kB in 16s]
2026-10-01T16:10:44.2692665Z #13 21.27 
2026-10-01T16:10:44.2693404Z   (104/113) Downloading: data.table, dplyr, farver, httr, ...                   
2026-10-01T16:10:44.2694372Z                                                                                 
2026-10-01T16:10:44.2695392Z [32m✔[0m mime 0.13                                [22 kB in 8.4s]
2026-10-01T16:10:44.2696288Z #13 21.27 
2026-10-01T16:10:44.2697049Z   (105/113) Downloading: data.table, dplyr, farver, httr, ...                   
2026-10-01T16:10:44.2698053Z                                                                                 
2026-10-01T16:10:44.2699331Z [32m✔[0m httr 1.4.8                               [114 kB in 38s]
2026-10-01T16:10:44.2700117Z #13 21.28 
2026-10-01T16:10:44.2701257Z   (106/113) Downloading: data.table, dplyr, farver, shinyWidgets, ...           
2026-10-01T16:10:44.2702250Z                                                                                 
2026-10-01T16:10:44.2703298Z [32m✔[0m openssl 2.4.2                            [1.2 MB in 25s]
2026-10-01T16:10:44.2704100Z #13 21.28 
2026-10-01T16:10:44.2704813Z   (107/113) Downloading: data.table, dplyr, farver, shinyWidgets, ...           
2026-10-01T16:10:44.2705805Z                                                                                 
2026-10-01T16:10:44.2706798Z [32m✔[0m MASS 7.3-66                              [510 kB in 22s]
2026-10-01T16:10:44.2707571Z #13 21.29 
2026-10-01T16:10:44.2708308Z   (108/113) Downloading: data.table, dplyr, farver, shinyWidgets, ...           
2026-10-01T16:10:44.2709320Z                                                                                 
2026-10-01T16:10:44.2710965Z [32m✔[0m dplyr 1.2.1                              [924 kB in 0.11s]
2026-10-01T16:10:44.2711909Z #13 21.31 
2026-10-01T16:10:44.2712693Z   (109/113) Downloading: data.table, farver, shinyWidgets, shinytest2           
2026-10-01T16:10:44.2713673Z                                                                                 
2026-10-01T16:10:44.2714681Z [32m✔[0m shinyWidgets 0.9.1                       [885 kB in 45s]
2026-10-01T16:10:44.2715478Z #13 21.31 
2026-10-01T16:10:44.2716192Z   (110/113) Downloading: data.table, farver, shinytest2                         
2026-10-01T16:10:44.2717011Z                                                                                 
2026-10-01T16:10:44.2717903Z [32m✔[0m shinytest2 0.5.1                         [5.8 MB in 52s]
2026-10-01T16:10:44.2718561Z #13 21.31 
2026-10-01T16:10:44.2719222Z   (111/113) Downloading: data.table, farver                                     
2026-10-01T16:10:44.2720066Z                                                                                 
2026-10-01T16:10:44.2721406Z [32m✔[0m data.table 1.18.4                        [6.0 MB in 0.24s]
2026-10-01T16:10:44.2722261Z #13 21.32 
2026-10-01T16:10:44.2722993Z   (112/113) Downloading: farver                                                 
2026-10-01T16:10:44.2723874Z                                                                                 
2026-10-01T16:10:44.2724826Z [32m✔[0m farver 2.1.2                             [1.3 MB in 88s]
2026-10-01T16:10:44.2725532Z #13 21.35 
2026-10-01T16:10:44.2726154Z                                                                                 
2026-10-01T16:10:44.2726976Z Successfully downloaded 113 packages in 1.1 seconds.
2026-10-01T16:10:44.2727674Z #13 21.35 
2026-10-01T16:10:44.2728333Z #13 21.35 # Installing packages --------------------------------------------------------
2026-10-01T16:10:46.2098688Z #13 23.45 
2026-10-01T16:10:46.6313964Z   (0/113) Installing: AsioHeaders, backports, base64enc, brio                   
2026-10-01T16:10:46.8097341Z   (0/113) Installing: AsioHeaders, backports, base64enc, brio                   
2026-10-01T16:10:46.8098682Z   (0/113) Installing: AsioHeaders, backports, base64enc, brio                   
2026-10-01T16:10:46.8099854Z   (0/113) Installing: AsioHeaders, backports, base64enc, brio                   
2026-10-01T16:10:49.5253739Z   (0/113) Installing: AsioHeaders, backports, base64enc, brio                   
2026-10-01T16:10:49.7116704Z                                                                                 
2026-10-01T16:10:49.7117866Z [32m✔[0m AsioHeaders 1.30.2-1                     [built from source in 3.3s]
2026-10-01T16:10:49.7118514Z #13 26.79 
2026-10-01T16:10:49.7119055Z   (1/113) Installing: backports, base64enc, brio                                
2026-10-01T16:10:50.0593727Z   (1/113) Installing: backports, base64enc, brio, cli                           
2026-10-01T16:10:50.7850302Z   (1/113) Installing: backports, base64enc, brio, cli                           
2026-10-01T16:10:50.9819651Z                                                                                 
2026-10-01T16:10:50.9821309Z [32m✔[0m base64enc 0.1-6                          [built from source in 4.6s]
2026-10-01T16:10:50.9821883Z #13 28.06 
2026-10-01T16:10:50.9822328Z   (2/113) Installing: backports, brio, cli                                      
2026-10-01T16:10:51.0421003Z   (2/113) Installing: backports, brio, cli, commonmark                          
2026-10-01T16:10:51.2417171Z                                                                                 
2026-10-01T16:10:51.2418549Z [32m✔[0m brio 1.1.5                               [built from source in 4.8s]
2026-10-01T16:10:51.2419387Z #13 28.31 
2026-10-01T16:10:51.2420064Z   (3/113) Installing: backports, cli, commonmark                                
2026-10-01T16:10:51.4127668Z   (3/113) Installing: backports, cli, commonmark, cpp11                         
2026-10-01T16:10:51.5851527Z   (3/113) Installing: backports, cli, commonmark, cpp11                         
2026-10-01T16:10:51.8338518Z   (3/113) Installing: backports, cli, commonmark, cpp11                         
2026-10-01T16:10:52.0184207Z                                                                                 
2026-10-01T16:10:52.0185752Z [32m✔[0m backports 1.5.1                          [built from source in 5.6s]
2026-10-01T16:10:52.0186627Z #13 29.10 
2026-10-01T16:10:52.0187296Z   (4/113) Installing: cli, commonmark, cpp11                                    
2026-10-01T16:10:52.4158390Z   (4/113) Installing: cli, commonmark, cpp11, crayon                            
2026-10-01T16:10:55.2026200Z   (4/113) Installing: cli, commonmark, cpp11, crayon                            
2026-10-01T16:10:55.4016126Z                                                                                 
2026-10-01T16:10:55.4017401Z [32m✔[0m cpp11 0.5.5                              [built from source in 4.1s]
2026-10-01T16:10:55.4018063Z #13 32.48 
2026-10-01T16:10:55.4018820Z   (5/113) Installing: cli, commonmark, crayon                                   
2026-10-01T16:10:55.7306354Z   (5/113) Installing: cli, commonmark, crayon, curl                             
2026-10-01T16:10:58.3816567Z   (5/113) Installing: cli, commonmark, crayon, curl                             
2026-10-01T16:10:58.5977608Z                                                                                 
2026-10-01T16:10:58.5978895Z [32m✔[0m crayon 1.5.3                             [built from source in 6.5s]
2026-10-01T16:10:58.5979505Z #13 35.65 
2026-10-01T16:10:58.5979999Z   (6/113) Installing: cli, commonmark, curl                                     
2026-10-01T16:10:58.8414063Z   (6/113) Installing: cli, commonmark, curl, data.table                         
2026-10-01T16:11:03.8511132Z   (6/113) Installing: cli, commonmark, curl, data.table                         
2026-10-01T16:11:07.6836182Z   (6/113) Installing: cli, commonmark, curl, data.table                         
2026-10-01T16:11:07.8770867Z                                                                                 
2026-10-01T16:11:07.8772372Z [32m✔[0m curl 7.1.0                               [built from source in 12s]
2026-10-01T16:11:07.8773349Z #13 44.95 
2026-10-01T16:11:07.8774084Z   (7/113) Installing: cli, commonmark, data.table                               
2026-10-01T16:11:08.3664121Z   (7/113) Installing: cli, commonmark, data.table, digest                       
2026-10-01T16:11:13.3780289Z   (7/113) Installing: cli, commonmark, data.table, digest                       
2026-10-01T16:11:17.0727099Z   (7/113) Installing: cli, commonmark, data.table, digest                       
2026-10-01T16:11:17.2601646Z                                                                                 
2026-10-01T16:11:17.2603169Z [32m✔[0m commonmark 2.0.0                         [built from source in 26s]
2026-10-01T16:11:17.2604406Z #13 54.34 
2026-10-01T16:11:17.2605104Z   (8/113) Installing: cli, data.table, digest                                   
2026-10-01T16:11:17.6977248Z   (8/113) Installing: cli, data.table, digest, evaluate                         
2026-10-01T16:11:21.7418264Z   (8/113) Installing: cli, data.table, digest, evaluate                         
2026-10-01T16:11:21.9266094Z                                                                                 
2026-10-01T16:11:21.9267518Z [32m✔[0m evaluate 1.0.5                           [built from source in 4.6s]
2026-10-01T16:11:21.9268430Z #13 59.00 
2026-10-01T16:11:21.9269345Z   (9/113) Installing: cli, data.table, digest                                   
2026-10-01T16:11:22.2451910Z   (9/113) Installing: cli, data.table, digest, farver                           
2026-10-01T16:11:24.7342155Z   (9/113) Installing: cli, data.table, digest, farver                           
2026-10-01T16:11:24.9176930Z                                                                                 
2026-10-01T16:11:24.9178403Z [32m✔[0m cli 3.6.6                                [built from source in 35s]
2026-10-01T16:11:24.9179183Z #13 62.00 
2026-10-01T16:11:24.9179867Z   (10/113) Installing: data.table, digest, farver                               
2026-10-01T16:11:25.2602257Z   (10/113) Installing: data.table, digest, farver, fastmap                      
2026-10-01T16:11:28.1641541Z   (10/113) Installing: data.table, digest, farver, fastmap                      
2026-10-01T16:11:28.3521055Z                                                                                 
2026-10-01T16:11:28.3522591Z [32m✔[0m digest 0.6.39                            [built from source in 20s]
2026-10-01T16:11:28.3523554Z #13 65.43 
2026-10-01T16:11:28.3524410Z   (11/113) Installing: data.table, farver, fastmap                              
2026-10-01T16:11:28.7613277Z   (11/113) Installing: data.table, farver, fastmap, fs                          
2026-10-01T16:11:33.7713013Z   (11/113) Installing: data.table, farver, fastmap, fs                          
2026-10-01T16:11:36.2101700Z   (11/113) Installing: data.table, farver, fastmap, fs                          
2026-10-01T16:11:36.4024004Z                                                                                 
2026-10-01T16:11:36.4025470Z [32m✔[0m fastmap 1.2.0                            [built from source in 11s]
2026-10-01T16:11:36.4027928Z #13 73.48 
2026-10-01T16:11:36.4028475Z   (12/113) Installing: data.table, farver, fs                                   
2026-10-01T16:11:36.8709601Z   (12/113) Installing: data.table, farver, fs, generics                         
2026-10-01T16:11:41.2638976Z   (12/113) Installing: data.table, farver, fs, generics                         
2026-10-01T16:11:41.4537869Z                                                                                 
2026-10-01T16:11:41.4539584Z [32m✔[0m generics 0.1.4                           [built from source in 5.0s]
2026-10-01T16:11:41.4540925Z #13 78.53 
2026-10-01T16:11:41.4542477Z   (13/113) Installing: data.table, farver, fs                                   
2026-10-01T16:11:41.8177668Z   (13/113) Installing: data.table, farver, fs, globals                          
2026-10-01T16:11:46.8272329Z   (13/113) Installing: data.table, farver, fs, globals                          
2026-10-01T16:11:48.8082186Z   (13/113) Installing: data.table, farver, fs, globals                          
2026-10-01T16:11:49.0047981Z                                                                                 
2026-10-01T16:11:49.0049527Z [32m✔[0m globals 0.19.1                           [built from source in 7.5s]
2026-10-01T16:11:49.0063621Z #13 86.08 
2026-10-01T16:11:49.0064471Z   (14/113) Installing: data.table, farver, fs                                   
2026-10-01T16:11:49.3647649Z   (14/113) Installing: data.table, farver, fs, glue                             
2026-10-01T16:11:52.5964915Z   (14/113) Installing: data.table, farver, fs, glue                             
2026-10-01T16:11:52.7786963Z                                                                                 
2026-10-01T16:11:52.7788612Z [32m✔[0m fs 2.1.0                                 [built from source in 24s]
2026-10-01T16:11:52.7789404Z #13 89.86 
2026-10-01T16:11:52.7790271Z   (15/113) Installing: data.table, farver, glue                                 
2026-10-01T16:11:53.1111618Z   (15/113) Installing: data.table, farver, glue, jsonlite                       
2026-10-01T16:11:54.4464166Z   (15/113) Installing: data.table, farver, glue, jsonlite                       
2026-10-01T16:11:54.6351844Z                                                                                 
2026-10-01T16:11:54.6353492Z [32m✔[0m glue 1.8.1                               [built from source in 5.6s]
2026-10-01T16:11:54.6354286Z #13 91.71 
2026-10-01T16:11:54.6355158Z   (16/113) Installing: data.table, farver, jsonlite                             
2026-10-01T16:11:55.1219929Z   (16/113) Installing: data.table, farver, jsonlite, labeling                   
2026-10-01T16:11:59.4433886Z   (16/113) Installing: data.table, farver, jsonlite, labeling                   
2026-10-01T16:11:59.6299876Z                                                                                 
2026-10-01T16:11:59.6301622Z [32m✔[0m labeling 0.4.3                           [built from source in 5.0s]
2026-10-01T16:11:59.6302578Z #13 96.71 
2026-10-01T16:11:59.6303269Z   (17/113) Installing: data.table, farver, jsonlite                             
2026-10-01T16:12:00.0199548Z   (17/113) Installing: data.table, farver, jsonlite, magrittr                   
2026-10-01T16:12:04.1204907Z   (17/113) Installing: data.table, farver, jsonlite, magrittr                   
2026-10-01T16:12:04.3106687Z                                                                                 
2026-10-01T16:12:04.3108228Z [32m✔[0m magrittr 2.0.5                           [built from source in 4.6s]
2026-10-01T16:12:04.3109159Z #13 101.4 
2026-10-01T16:12:04.3110045Z   (18/113) Installing: data.table, farver, jsonlite                             
2026-10-01T16:12:04.6851868Z   (18/113) Installing: data.table, farver, jsonlite, MASS                       
2026-10-01T16:12:04.9670897Z   (18/113) Installing: data.table, farver, jsonlite, MASS                       
2026-10-01T16:12:04.9672083Z                                                                                 
2026-10-01T16:12:04.9673487Z [32m✔[0m jsonlite 2.0.0                           [built from source in 12s]
2026-10-01T16:12:05.1786472Z #13 102.3 
2026-10-01T16:12:05.1787421Z   (19/113) Installing: data.table, farver, MASS                                 
2026-10-01T16:12:05.5140735Z   (19/113) Installing: data.table, farver, MASS, mime                           
2026-10-01T16:12:09.5251538Z   (19/113) Installing: data.table, farver, MASS, mime                           
2026-10-01T16:12:09.7147331Z                                                                                 
2026-10-01T16:12:09.7149079Z [32m✔[0m mime 0.13                                [built from source in 4.5s]
2026-10-01T16:12:09.7149996Z #13 106.8 
2026-10-01T16:12:09.7151067Z   (20/113) Installing: data.table, farver, MASS                                 
2026-10-01T16:12:10.0693578Z   (20/113) Installing: data.table, farver, MASS, nlme                           
2026-10-01T16:12:15.0791037Z   (20/113) Installing: data.table, farver, MASS, nlme                           
2026-10-01T16:12:20.0892293Z   (20/113) Installing: data.table, farver, MASS, nlme                           
2026-10-01T16:12:20.7867760Z   (20/113) Installing: data.table, farver, MASS, nlme                           
2026-10-01T16:12:20.9981500Z                                                                                 
2026-10-01T16:12:20.9983124Z [32m✔[0m data.table 1.18.4                        [built from source in 1.4m]
2026-10-01T16:12:20.9984003Z #13 118.1 
2026-10-01T16:12:20.9984689Z   (21/113) Installing: farver, MASS, nlme                                       
2026-10-01T16:12:21.3302077Z   (21/113) Installing: farver, MASS, nlme, nloptr                               
2026-10-01T16:12:26.3390268Z   (21/113) Installing: farver, MASS, nlme, nloptr                               
2026-10-01T16:12:26.7060090Z   (21/113) Installing: farver, MASS, nlme, nloptr                               
2026-10-01T16:12:26.8972743Z                                                                                 
2026-10-01T16:12:26.8974081Z [32m✔[0m MASS 7.3-66                              [built from source in 23s]
2026-10-01T16:12:26.8974850Z #13 124.0 
2026-10-01T16:12:26.8975493Z   (22/113) Installing: farver, nlme, nloptr                                     
2026-10-01T16:12:27.2031695Z   (22/113) Installing: farver, nlme, nloptr, otel                               
2026-10-01T16:12:29.5262622Z   (22/113) Installing: farver, nlme, nloptr, otel                               
2026-10-01T16:12:29.7697961Z                                                                                 
2026-10-01T16:12:29.7699363Z [32m✔[0m farver 2.1.2                             [built from source in 1.1m]
2026-10-01T16:12:29.7700228Z #13 126.8 
2026-10-01T16:12:29.7701246Z   (23/113) Installing: nlme, nloptr, otel                                       
2026-10-01T16:12:29.7702344Z   (23/113) Installing: nlme, nloptr, otel, pkgconfig                            
2026-10-01T16:12:29.7703246Z                                                                                 
2026-10-01T16:12:29.7704255Z [32m✔[0m nloptr 2.2.1                             [built from source in 8.7s]
2026-10-01T16:12:29.7705035Z #13 126.8 
2026-10-01T16:12:29.7705706Z   (24/113) Installing: nlme, otel, pkgconfig                                    
2026-10-01T16:12:30.0666876Z   (24/113) Installing: nlme, otel, pkgconfig, praise                            
2026-10-01T16:12:30.2330231Z   (24/113) Installing: nlme, otel, pkgconfig, praise                            
2026-10-01T16:12:33.0040327Z   (24/113) Installing: nlme, otel, pkgconfig, praise                            
2026-10-01T16:12:33.1127342Z                                                                                 
2026-10-01T16:12:33.1129143Z [32m✔[0m pkgconfig 2.0.3                          [built from source in 3.4s]
2026-10-01T16:12:33.1130185Z #13 130.3 
2026-10-01T16:12:33.1131237Z   (25/113) Installing: nlme, otel, praise                                       
2026-10-01T16:12:33.1132352Z   (25/113) Installing: nlme, otel, praise, prettyunits                          
2026-10-01T16:12:33.3160926Z                                                                                 
2026-10-01T16:12:33.3162539Z [32m✔[0m praise 1.0.0                             [built from source in 3.5s]
2026-10-01T16:12:33.3163485Z #13 130.4 
2026-10-01T16:12:33.3164312Z   (26/113) Installing: nlme, otel, prettyunits                                  
2026-10-01T16:12:33.5681436Z   (26/113) Installing: nlme, otel, prettyunits, ps                              
2026-10-01T16:12:33.8051083Z   (26/113) Installing: nlme, otel, prettyunits, ps                              
2026-10-01T16:12:33.8713929Z   (26/113) Installing: nlme, otel, prettyunits, ps                              
2026-10-01T16:12:34.0555887Z                                                                                 
2026-10-01T16:12:34.0557152Z [32m✔[0m otel 0.2.0                               [built from source in 7.1s]
2026-10-01T16:12:34.0557923Z #13 131.1 
2026-10-01T16:12:34.0558622Z   (27/113) Installing: nlme, prettyunits, ps                                    
2026-10-01T16:12:34.4274412Z   (27/113) Installing: nlme, prettyunits, ps, R6                                
2026-10-01T16:12:38.0056216Z   (27/113) Installing: nlme, prettyunits, ps, R6                                
2026-10-01T16:12:38.2078784Z                                                                                 
2026-10-01T16:12:38.2080174Z [32m✔[0m prettyunits 1.2.0                        [built from source in 5.0s]
2026-10-01T16:12:38.2081786Z #13 135.3 
2026-10-01T16:12:38.2082435Z   (28/113) Installing: nlme, ps, R6                                             
2026-10-01T16:12:38.4517810Z   (28/113) Installing: nlme, ps, R6, rappdirs                                   
2026-10-01T16:12:38.5730254Z                                                                                 
2026-10-01T16:12:38.5732054Z [32m✔[0m R6 2.6.1                                 [built from source in 4.5s]
2026-10-01T16:12:38.5732927Z #13 135.7 
2026-10-01T16:12:38.5734107Z   (29/113) Installing: nlme, ps, rappdirs                                       
2026-10-01T16:12:38.5735325Z   (29/113) Installing: nlme, ps, rappdirs, rbibutils                            
2026-10-01T16:12:38.9836581Z   (29/113) Installing: nlme, ps, rappdirs, rbibutils                            
2026-10-01T16:12:42.3845894Z   (29/113) Installing: nlme, ps, rappdirs, rbibutils                            
2026-10-01T16:12:42.5786738Z                                                                                 
2026-10-01T16:12:42.5788224Z [32m✔[0m rappdirs 0.3.4                           [built from source in 4.3s]
2026-10-01T16:12:42.5789581Z #13 139.7 
2026-10-01T16:12:42.5790721Z   (30/113) Installing: nlme, ps, rbibutils                                      
2026-10-01T16:12:42.9314021Z   (30/113) Installing: nlme, ps, rbibutils, RColorBrewer                        
2026-10-01T16:12:47.6111012Z   (30/113) Installing: nlme, ps, rbibutils, RColorBrewer                        
2026-10-01T16:12:47.8011684Z                                                                                 
2026-10-01T16:12:47.8013225Z [32m✔[0m RColorBrewer 1.1-3                       [built from source in 5.2s]
2026-10-01T16:12:47.8014324Z #13 144.9 
2026-10-01T16:12:47.8015269Z   (31/113) Installing: nlme, ps, rbibutils                                      
2026-10-01T16:12:48.1905477Z   (31/113) Installing: nlme, ps, rbibutils, Rcpp                                
2026-10-01T16:12:51.0703956Z   (31/113) Installing: nlme, ps, rbibutils, Rcpp                                
2026-10-01T16:12:51.3124882Z                                                                                 
2026-10-01T16:12:51.3126403Z [32m✔[0m ps 1.9.3                                 [built from source in 18s]
2026-10-01T16:12:51.3129276Z #13 148.3 
2026-10-01T16:12:51.3129850Z   (32/113) Installing: nlme, rbibutils, Rcpp                                    
2026-10-01T16:12:51.6705779Z   (32/113) Installing: nlme, rbibutils, Rcpp, rematch                           
2026-10-01T16:12:55.1021806Z   (32/113) Installing: nlme, rbibutils, Rcpp, rematch                           
2026-10-01T16:12:55.2796963Z                                                                                 
2026-10-01T16:12:55.2798344Z [32m✔[0m rematch 2.0.0                            [built from source in 3.9s]
2026-10-01T16:12:55.2799109Z #13 152.4 
2026-10-01T16:12:55.2800260Z   (33/113) Installing: nlme, rbibutils, Rcpp                                    
2026-10-01T16:12:55.6445691Z   (33/113) Installing: nlme, rbibutils, Rcpp, rlang                             
2026-10-01T16:12:59.3516186Z   (33/113) Installing: nlme, rbibutils, Rcpp, rlang                             
2026-10-01T16:12:59.5479720Z                                                                                 
2026-10-01T16:12:59.5481518Z [32m✔[0m nlme 3.1-170                             [built from source in 50s]
2026-10-01T16:12:59.5482430Z #13 156.6 
2026-10-01T16:12:59.5483326Z   (34/113) Installing: rbibutils, Rcpp, rlang                                   
2026-10-01T16:12:59.8885052Z   (34/113) Installing: rbibutils, Rcpp, rlang, rprojroot                        
2026-10-01T16:13:04.7615604Z   (34/113) Installing: rbibutils, Rcpp, rlang, rprojroot                        
2026-10-01T16:13:04.9526407Z                                                                                 
2026-10-01T16:13:04.9527874Z [32m✔[0m rprojroot 2.1.1                          [built from source in 5.4s]
2026-10-01T16:13:04.9529070Z #13 162.0 
2026-10-01T16:13:04.9529750Z   (35/113) Installing: rbibutils, Rcpp, rlang                                   
2026-10-01T16:13:05.2114037Z   (35/113) Installing: rbibutils, Rcpp, rlang, S7                               
2026-10-01T16:13:10.2151326Z   (35/113) Installing: rbibutils, Rcpp, rlang, S7                               
2026-10-01T16:13:10.4873981Z   (35/113) Installing: rbibutils, Rcpp, rlang, S7                               
2026-10-01T16:13:10.6673969Z                                                                                 
2026-10-01T16:13:10.6697314Z [32m✔[0m rbibutils 2.4.1                          [built from source in 32s]
2026-10-01T16:13:10.6701244Z #13 167.7 
2026-10-01T16:13:10.6702059Z   (36/113) Installing: Rcpp, rlang, S7                                          
2026-10-01T16:13:11.0205706Z   (36/113) Installing: Rcpp, rlang, S7, sourcetools                             
2026-10-01T16:13:14.7571513Z   (36/113) Installing: Rcpp, rlang, S7, sourcetools                             
2026-10-01T16:13:14.9490200Z                                                                                 
2026-10-01T16:13:14.9493133Z [32m✔[0m S7 0.2.2                                 [built from source in 10s]
2026-10-01T16:13:14.9493976Z #13 172.0 
2026-10-01T16:13:14.9494827Z   (37/113) Installing: Rcpp, rlang, sourcetools                                 
2026-10-01T16:13:15.2998752Z   (37/113) Installing: Rcpp, rlang, sourcetools, stringi                        
2026-10-01T16:13:20.3090897Z   (37/113) Installing: Rcpp, rlang, sourcetools, stringi                        
2026-10-01T16:13:22.3735402Z   (37/113) Installing: Rcpp, rlang, sourcetools, stringi                        
2026-10-01T16:13:22.5552759Z                                                                                 
2026-10-01T16:13:22.5554480Z [32m✔[0m sourcetools 0.1.7-2                      [built from source in 12s]
2026-10-01T16:13:22.5555275Z #13 179.6 
2026-10-01T16:13:22.5556038Z   (38/113) Installing: Rcpp, rlang, stringi                                     
2026-10-01T16:13:22.8186572Z   (38/113) Installing: Rcpp, rlang, stringi, sys                                
2026-10-01T16:13:27.0966495Z   (38/113) Installing: Rcpp, rlang, stringi, sys                                
2026-10-01T16:13:27.2847502Z                                                                                 
2026-10-01T16:13:27.2848968Z [32m✔[0m sys 3.4.3                                [built from source in 4.7s]
2026-10-01T16:13:27.2849940Z #13 184.4 
2026-10-01T16:13:27.2851062Z   (39/113) Installing: Rcpp, rlang, stringi                                     
2026-10-01T16:13:27.6211195Z   (39/113) Installing: Rcpp, rlang, stringi, utf8                               
2026-10-01T16:13:32.6311618Z   (39/113) Installing: Rcpp, rlang, stringi, utf8                               
2026-10-01T16:13:35.8009952Z   (39/113) Installing: Rcpp, rlang, stringi, utf8                               
2026-10-01T16:13:36.0021375Z                                                                                 
2026-10-01T16:13:36.0022835Z [32m✔[0m rlang 1.3.0                              [built from source in 41s]
2026-10-01T16:13:36.0023661Z #13 193.1 
2026-10-01T16:13:36.0024338Z   (40/113) Installing: Rcpp, stringi, utf8                                      
2026-10-01T16:13:36.3381614Z   (40/113) Installing: Rcpp, stringi, utf8, viridisLite                         
2026-10-01T16:13:37.8638833Z   (40/113) Installing: Rcpp, stringi, utf8, viridisLite                         
2026-10-01T16:13:38.0535936Z                                                                                 
2026-10-01T16:13:38.0537043Z [32m✔[0m utf8 1.2.6                               [built from source in 11s]
2026-10-01T16:13:38.0537610Z #13 195.1 
2026-10-01T16:13:38.0538131Z   (41/113) Installing: Rcpp, stringi, viridisLite                               
2026-10-01T16:13:38.2571952Z   (41/113) Installing: Rcpp, stringi, viridisLite, withr                        
2026-10-01T16:13:39.5274193Z   (41/113) Installing: Rcpp, stringi, viridisLite, withr                        
2026-10-01T16:13:39.7158560Z                                                                                 
2026-10-01T16:13:39.7160014Z [32m✔[0m viridisLite 0.4.3                        [built from source in 3.7s]
2026-10-01T16:13:39.7161201Z #13 196.8 
2026-10-01T16:13:39.7161725Z   (42/113) Installing: Rcpp, stringi, withr                                     
2026-10-01T16:13:40.0871637Z   (42/113) Installing: Rcpp, stringi, withr, xfun                               
2026-10-01T16:13:43.8226796Z   (42/113) Installing: Rcpp, stringi, withr, xfun                               
2026-10-01T16:13:44.0141059Z                                                                                 
2026-10-01T16:13:44.0142511Z [32m✔[0m withr 3.0.3                              [built from source in 5.9s]
2026-10-01T16:13:44.0143324Z #13 201.1 
2026-10-01T16:13:44.0144066Z   (43/113) Installing: Rcpp, stringi, xfun                                      
2026-10-01T16:13:44.3666316Z   (43/113) Installing: Rcpp, stringi, xfun, xtable                              
2026-10-01T16:13:49.3770188Z   (43/113) Installing: Rcpp, stringi, xfun, xtable                              
2026-10-01T16:13:50.4955057Z   (43/113) Installing: Rcpp, stringi, xfun, xtable                              
2026-10-01T16:13:50.6962608Z                                                                                 
2026-10-01T16:13:50.6963874Z [32m✔[0m xtable 1.8-8                             [built from source in 6.6s]
2026-10-01T16:13:50.6964487Z #13 207.8 
2026-10-01T16:13:50.6965193Z   (44/113) Installing: Rcpp, stringi, xfun                                      
2026-10-01T16:13:50.8983881Z   (44/113) Installing: Rcpp, stringi, xfun, yaml                                
2026-10-01T16:13:55.4257064Z   (44/113) Installing: Rcpp, stringi, xfun, yaml                                
2026-10-01T16:13:55.6542174Z                                                                                 
2026-10-01T16:13:55.6543601Z [32m✔[0m Rcpp 1.1.2                               [built from source in 1.1m]
2026-10-01T16:13:55.6544398Z #13 212.7 
2026-10-01T16:13:55.6545067Z   (45/113) Installing: stringi, xfun, yaml                                      
2026-10-01T16:13:55.9834570Z   (45/113) Installing: stringi, xfun, yaml, checkmate                           
2026-10-01T16:13:56.1684327Z   (45/113) Installing: stringi, xfun, yaml, checkmate                           
2026-10-01T16:13:56.3589850Z                                                                                 
2026-10-01T16:13:56.3591378Z [32m✔[0m xfun 0.60                                [built from source in 17s]
2026-10-01T16:13:56.3591963Z #13 213.4 
2026-10-01T16:13:56.3592465Z   (46/113) Installing: stringi, yaml, checkmate                                 
2026-10-01T16:13:56.7123223Z   (46/113) Installing: stringi, yaml, checkmate, diffobj                        
2026-10-01T16:14:01.7191651Z   (46/113) Installing: stringi, yaml, checkmate, diffobj                        
2026-10-01T16:14:05.8670939Z   (46/113) Installing: stringi, yaml, checkmate, diffobj                        
2026-10-01T16:14:06.0591829Z                                                                                 
2026-10-01T16:14:06.0593287Z [32m✔[0m yaml 2.3.12                              [built from source in 15s]
2026-10-01T16:14:06.0593920Z #13 223.1 
2026-10-01T16:14:06.0594483Z   (47/113) Installing: stringi, checkmate, diffobj                              
2026-10-01T16:14:06.4679104Z   (47/113) Installing: stringi, checkmate, diffobj, zip                         
2026-10-01T16:14:11.4741171Z   (47/113) Installing: stringi, checkmate, diffobj, zip                         
2026-10-01T16:14:12.5685055Z   (47/113) Installing: stringi, checkmate, diffobj, zip                         
2026-10-01T16:14:12.7843599Z                                                                                 
2026-10-01T16:14:12.7845608Z [32m✔[0m checkmate 2.3.4                          [built from source in 17s]
2026-10-01T16:14:12.7846408Z #13 229.9 
2026-10-01T16:14:12.7847068Z   (48/113) Installing: stringi, diffobj, zip                                    
2026-10-01T16:14:13.1352760Z   (48/113) Installing: stringi, diffobj, zip, desc                              
2026-10-01T16:14:18.1472850Z   (48/113) Installing: stringi, diffobj, zip, desc                              
2026-10-01T16:14:22.5583154Z   (48/113) Installing: stringi, diffobj, zip, desc                              
2026-10-01T16:14:22.7527539Z                                                                                 
2026-10-01T16:14:22.7540897Z [32m✔[0m desc 1.4.3                               [built from source in 9.9s]
2026-10-01T16:14:22.7541837Z #13 239.8 
2026-10-01T16:14:22.7542607Z   (49/113) Installing: stringi, diffobj, zip                                    
2026-10-01T16:14:23.0269108Z   (49/113) Installing: stringi, diffobj, zip, processx                          
2026-10-01T16:14:26.5291129Z   (49/113) Installing: stringi, diffobj, zip, processx                          
2026-10-01T16:14:26.7216890Z                                                                                 
2026-10-01T16:14:26.7218321Z [32m✔[0m diffobj 0.3.8                            [built from source in 30s]
2026-10-01T16:14:26.7219249Z #13 243.8 
2026-10-01T16:14:26.7220125Z   (50/113) Installing: stringi, zip, processx                                   
2026-10-01T16:14:27.0536743Z   (50/113) Installing: stringi, zip, processx, Rdpack                           
2026-10-01T16:14:32.0651593Z   (50/113) Installing: stringi, zip, processx, Rdpack                           
2026-10-01T16:14:37.0704595Z   (50/113) Installing: stringi, zip, processx, Rdpack                           
2026-10-01T16:14:38.3834703Z   (50/113) Installing: stringi, zip, processx, Rdpack                           
2026-10-01T16:14:38.5744698Z                                                                                 
2026-10-01T16:14:38.5746426Z [32m✔[0m Rdpack 2.6.6                             [built from source in 12s]
2026-10-01T16:14:38.5747237Z #13 255.7 
2026-10-01T16:14:38.5748174Z   (51/113) Installing: stringi, zip, processx                                   
2026-10-01T16:14:38.9031891Z   (51/113) Installing: stringi, zip, processx, askpass                          
2026-10-01T16:14:39.6537794Z   (51/113) Installing: stringi, zip, processx, askpass                          
2026-10-01T16:14:39.8466511Z                                                                                 
2026-10-01T16:14:39.8467852Z [32m✔[0m processx 3.9.0                           [built from source in 17s]
2026-10-01T16:14:39.8468590Z #13 256.9 
2026-10-01T16:14:39.8469226Z   (52/113) Installing: stringi, zip, askpass                                    
2026-10-01T16:14:40.1176725Z   (52/113) Installing: stringi, zip, askpass, cachem                            
2026-10-01T16:14:42.4997373Z   (52/113) Installing: stringi, zip, askpass, cachem                            
2026-10-01T16:14:42.6860221Z                                                                                 
2026-10-01T16:14:42.6861815Z [32m✔[0m askpass 1.2.1                            [built from source in 4.1s]
2026-10-01T16:14:42.6862751Z #13 259.8 
2026-10-01T16:14:42.6863415Z   (53/113) Installing: stringi, zip, cachem                                     
2026-10-01T16:14:43.0281884Z   (53/113) Installing: stringi, zip, cachem, htmltools                          
2026-10-01T16:14:45.8453595Z   (53/113) Installing: stringi, zip, cachem, htmltools                          
2026-10-01T16:14:46.0323567Z                                                                                 
2026-10-01T16:14:46.0325038Z [32m✔[0m cachem 1.1.0                             [built from source in 6.1s]
2026-10-01T16:14:46.0326031Z #13 263.1 
2026-10-01T16:14:46.0326784Z   (54/113) Installing: stringi, zip, htmltools                                  
2026-10-01T16:14:46.3663565Z   (54/113) Installing: stringi, zip, htmltools, isoband                         
2026-10-01T16:14:47.8537639Z   (54/113) Installing: stringi, zip, htmltools, isoband                         
2026-10-01T16:14:48.0584949Z                                                                                 
2026-10-01T16:14:48.0586303Z [32m✔[0m zip 3.0.1                                [built from source in 42s]
2026-10-01T16:14:48.0587205Z #13 265.1 
2026-10-01T16:14:48.0587905Z   (55/113) Installing: stringi, htmltools, isoband                              
2026-10-01T16:14:48.3393182Z   (55/113) Installing: stringi, htmltools, isoband, lazyeval                    
2026-10-01T16:14:53.3471692Z   (55/113) Installing: stringi, htmltools, isoband, lazyeval                    
2026-10-01T16:14:56.3067047Z   (55/113) Installing: stringi, htmltools, isoband, lazyeval                    
2026-10-01T16:14:56.5019332Z                                                                                 
2026-10-01T16:14:56.5023591Z [32m✔[0m htmltools 0.5.9                          [built from source in 14s]
2026-10-01T16:14:56.5024509Z #13 273.6 
2026-10-01T16:14:56.5025152Z   (56/113) Installing: stringi, isoband, lazyeval                               
2026-10-01T16:14:56.7948940Z   (56/113) Installing: stringi, isoband, lazyeval, lifecycle                    
2026-10-01T16:14:57.6666655Z   (56/113) Installing: stringi, isoband, lazyeval, lifecycle                    
2026-10-01T16:14:57.8786097Z                                                                                 
2026-10-01T16:14:57.8788618Z [32m✔[0m lazyeval 0.2.3                           [built from source in 9.8s]
2026-10-01T16:14:57.8789499Z #13 274.9 
2026-10-01T16:14:57.8790603Z   (57/113) Installing: stringi, isoband, lifecycle                              
2026-10-01T16:14:58.2524822Z   (57/113) Installing: stringi, isoband, lifecycle, later                       
2026-10-01T16:15:02.8591370Z   (57/113) Installing: stringi, isoband, lifecycle, later                       
2026-10-01T16:15:03.0592207Z                                                                                 
2026-10-01T16:15:03.0593819Z [32m✔[0m lifecycle 1.0.5                          [built from source in 6.5s]
2026-10-01T16:15:03.0594615Z #13 280.1 
2026-10-01T16:15:03.0595261Z   (58/113) Installing: stringi, isoband, later                                  
2026-10-01T16:15:03.4255789Z   (58/113) Installing: stringi, isoband, later, minqa                           
2026-10-01T16:15:08.4386582Z   (58/113) Installing: stringi, isoband, later, minqa                           
2026-10-01T16:15:13.4464681Z   (58/113) Installing: stringi, isoband, later, minqa                           
2026-10-01T16:15:15.8663369Z   (58/113) Installing: stringi, isoband, later, minqa                           
2026-10-01T16:15:16.0596668Z                                                                                 
2026-10-01T16:15:16.0599191Z [32m✔[0m isoband 0.3.0                            [built from source in 30s]
2026-10-01T16:15:16.0600675Z #13 293.1 
2026-10-01T16:15:16.0601597Z   (59/113) Installing: stringi, later, minqa                                    
2026-10-01T16:15:16.3740062Z   (59/113) Installing: stringi, later, minqa, RcppEigen                         
2026-10-01T16:15:21.3834127Z   (59/113) Installing: stringi, later, minqa, RcppEigen                         
2026-10-01T16:15:26.3941437Z   (59/113) Installing: stringi, later, minqa, RcppEigen                         
2026-10-01T16:15:29.2331819Z   (59/113) Installing: stringi, later, minqa, RcppEigen                         
2026-10-01T16:15:29.4218824Z                                                                                 
2026-10-01T16:15:29.4221791Z [32m✔[0m minqa 1.2.8                              [built from source in 26s]
2026-10-01T16:15:29.4222789Z #13 306.5 
2026-10-01T16:15:29.4223614Z   (60/113) Installing: stringi, later, RcppEigen                                
2026-10-01T16:15:29.8204596Z   (60/113) Installing: stringi, later, RcppEigen, highr                         
2026-10-01T16:15:33.6602535Z   (60/113) Installing: stringi, later, RcppEigen, highr                         
2026-10-01T16:15:33.8509747Z                                                                                 
2026-10-01T16:15:33.8512846Z [32m✔[0m highr 0.12                               [built from source in 4.4s]
2026-10-01T16:15:33.8513926Z #13 310.9 
2026-10-01T16:15:33.8514730Z   (61/113) Installing: stringi, later, RcppEigen                                
2026-10-01T16:15:34.2422902Z   (61/113) Installing: stringi, later, RcppEigen, tinytex                       
2026-10-01T16:15:39.2562695Z   (61/113) Installing: stringi, later, RcppEigen, tinytex                       
2026-10-01T16:15:40.8657557Z   (61/113) Installing: stringi, later, RcppEigen, tinytex                       
2026-10-01T16:15:41.0599161Z                                                                                 
2026-10-01T16:15:41.0601891Z [32m✔[0m tinytex 0.60                             [built from source in 7.2s]
2026-10-01T16:15:41.0602661Z #13 318.1 
2026-10-01T16:15:41.0603297Z   (62/113) Installing: stringi, later, RcppEigen                                
2026-10-01T16:15:41.3906948Z   (62/113) Installing: stringi, later, RcppEigen, waldo                         
2026-10-01T16:15:46.3992065Z   (62/113) Installing: stringi, later, RcppEigen, waldo                         
2026-10-01T16:15:50.0002704Z   (62/113) Installing: stringi, later, RcppEigen, waldo                         
2026-10-01T16:15:50.1985674Z                                                                                 
2026-10-01T16:15:50.1989085Z [32m✔[0m waldo 0.6.2                              [built from source in 9.1s]
2026-10-01T16:15:50.1990061Z #13 327.3 
2026-10-01T16:15:50.1991075Z   (63/113) Installing: stringi, later, RcppEigen                                
2026-10-01T16:15:50.6356966Z   (63/113) Installing: stringi, later, RcppEigen, reformulas                    
2026-10-01T16:15:55.6439594Z   (63/113) Installing: stringi, later, RcppEigen, reformulas                    
2026-10-01T16:15:57.3865414Z   (63/113) Installing: stringi, later, RcppEigen, reformulas                    
2026-10-01T16:15:57.6013555Z                                                                                 
2026-10-01T16:15:57.6016069Z [32m✔[0m later 1.4.8                              [built from source in 60s]
2026-10-01T16:15:57.6016883Z #13 334.7 
2026-10-01T16:15:57.6017583Z   (64/113) Installing: stringi, RcppEigen, reformulas                           
2026-10-01T16:15:57.9608906Z   (64/113) Installing: stringi, RcppEigen, reformulas, callr                    
2026-10-01T16:16:02.9722144Z   (64/113) Installing: stringi, RcppEigen, reformulas, callr                    
2026-10-01T16:16:03.5297960Z   (64/113) Installing: stringi, RcppEigen, reformulas, callr                    
2026-10-01T16:16:03.7305042Z                                                                                 
2026-10-01T16:16:03.7308924Z [32m✔[0m reformulas 0.4.4                         [built from source in 13s]
2026-10-01T16:16:03.7310942Z #13 340.8 
2026-10-01T16:16:03.7311921Z   (65/113) Installing: stringi, RcppEigen, callr                                
2026-10-01T16:16:04.0931593Z   (65/113) Installing: stringi, RcppEigen, callr, pingr                         
2026-10-01T16:16:09.1040933Z   (65/113) Installing: stringi, RcppEigen, callr, pingr                         
2026-10-01T16:16:09.4002254Z   (65/113) Installing: stringi, RcppEigen, callr, pingr                         
2026-10-01T16:16:09.5843393Z                                                                                 
2026-10-01T16:16:09.5845669Z [32m✔[0m pingr 2.0.5                              [built from source in 5.8s]
2026-10-01T16:16:09.5846643Z #13 346.7 
2026-10-01T16:16:09.5847440Z   (66/113) Installing: stringi, RcppEigen, callr                                
2026-10-01T16:16:09.8302800Z   (66/113) Installing: stringi, RcppEigen, callr, openssl                       
2026-10-01T16:16:13.5501523Z   (66/113) Installing: stringi, RcppEigen, callr, openssl                       
2026-10-01T16:16:13.7448608Z                                                                                 
2026-10-01T16:16:13.7451107Z [32m✔[0m callr 3.8.0                              [built from source in 16s]
2026-10-01T16:16:13.7451868Z #13 350.8 
2026-10-01T16:16:13.7452576Z   (67/113) Installing: stringi, RcppEigen, openssl                              
2026-10-01T16:16:14.1295937Z   (67/113) Installing: stringi, RcppEigen, openssl, memoise                     
2026-10-01T16:16:19.1391332Z   (67/113) Installing: stringi, RcppEigen, openssl, memoise                     
2026-10-01T16:16:19.2891638Z   (67/113) Installing: stringi, RcppEigen, openssl, memoise                     
2026-10-01T16:16:19.4841880Z                                                                                 
2026-10-01T16:16:19.4845209Z [32m✔[0m memoise 2.0.1                            [built from source in 5.7s]
2026-10-01T16:16:19.4846180Z #13 356.6 
2026-10-01T16:16:19.4847003Z   (68/113) Installing: stringi, RcppEigen, openssl                              
2026-10-01T16:16:19.6926609Z   (68/113) Installing: stringi, RcppEigen, openssl, fontawesome                 
2026-10-01T16:16:24.7040792Z   (68/113) Installing: stringi, RcppEigen, openssl, fontawesome                 
2026-10-01T16:16:25.0129939Z   (68/113) Installing: stringi, RcppEigen, openssl, fontawesome                 
2026-10-01T16:16:25.2059909Z                                                                                 
2026-10-01T16:16:25.2062346Z [32m✔[0m fontawesome 0.5.3                        [built from source in 5.7s]
2026-10-01T16:16:25.2063331Z #13 362.3 
2026-10-01T16:16:25.2064548Z   (69/113) Installing: stringi, RcppEigen, openssl                              
2026-10-01T16:16:25.5616302Z   (69/113) Installing: stringi, RcppEigen, openssl, jquerylib                   
2026-10-01T16:16:27.4803786Z   (69/113) Installing: stringi, RcppEigen, openssl, jquerylib                   
2026-10-01T16:16:27.7001518Z                                                                                 
2026-10-01T16:16:27.7003382Z [32m✔[0m openssl 2.4.2                            [built from source in 18s]
2026-10-01T16:16:27.7004448Z #13 364.8 
2026-10-01T16:16:27.7005301Z   (70/113) Installing: stringi, RcppEigen, jquerylib                            
2026-10-01T16:16:28.1305607Z   (70/113) Installing: stringi, RcppEigen, jquerylib, sass                      
2026-10-01T16:16:29.9894595Z   (70/113) Installing: stringi, RcppEigen, jquerylib, sass                      
2026-10-01T16:16:30.1788739Z                                                                                 
2026-10-01T16:16:30.1790676Z [32m✔[0m jquerylib 0.1.4                          [built from source in 4.9s]
2026-10-01T16:16:30.1791886Z #13 367.3 
2026-10-01T16:16:30.1793057Z   (71/113) Installing: stringi, RcppEigen, sass                                 
2026-10-01T16:16:30.5404176Z   (71/113) Installing: stringi, RcppEigen, sass, crosstalk                      
2026-10-01T16:16:35.5511139Z   (71/113) Installing: stringi, RcppEigen, sass, crosstalk                      
2026-10-01T16:16:39.1903127Z   (71/113) Installing: stringi, RcppEigen, sass, crosstalk                      
2026-10-01T16:16:39.3822940Z                                                                                 
2026-10-01T16:16:39.3824363Z [32m✔[0m crosstalk 1.2.2                          [built from source in 9.2s]
2026-10-01T16:16:39.3825134Z #13 376.5 
2026-10-01T16:16:39.3825807Z   (72/113) Installing: stringi, RcppEigen, sass                                 
2026-10-01T16:16:39.7223130Z   (72/113) Installing: stringi, RcppEigen, sass, gtable                         
2026-10-01T16:16:44.7309700Z   (72/113) Installing: stringi, RcppEigen, sass, gtable                         
2026-10-01T16:16:47.2458614Z   (72/113) Installing: stringi, RcppEigen, sass, gtable                         
2026-10-01T16:16:47.4391501Z                                                                                 
2026-10-01T16:16:47.4392771Z [32m✔[0m gtable 0.3.6                             [built from source in 8.0s]
2026-10-01T16:16:47.4393395Z #13 384.5 
2026-10-01T16:16:47.4393924Z   (73/113) Installing: stringi, RcppEigen, sass                                 
2026-10-01T16:16:47.8025330Z   (73/113) Installing: stringi, RcppEigen, sass, scales                         
2026-10-01T16:16:52.8102446Z   (73/113) Installing: stringi, RcppEigen, sass, scales                         
2026-10-01T16:16:57.8233738Z   (73/113) Installing: stringi, RcppEigen, sass, scales                         
2026-10-01T16:17:02.8311497Z   (73/113) Installing: stringi, RcppEigen, sass, scales                         
2026-10-01T16:17:06.8941281Z   (73/113) Installing: stringi, RcppEigen, sass, scales                         
2026-10-01T16:17:07.0001501Z                                                                                 
2026-10-01T16:17:07.0002873Z [32m✔[0m scales 1.4.0                             [built from source in 20s]
2026-10-01T16:17:07.0003604Z #13 404.2 
2026-10-01T16:17:07.0004144Z   (74/113) Installing: stringi, RcppEigen, sass                                 
2026-10-01T16:17:07.0005019Z   (74/113) Installing: stringi, RcppEigen, sass, vctrs                          
2026-10-01T16:17:07.1895904Z                                                                                 
2026-10-01T16:17:07.1897187Z [32m✔[0m RcppEigen 0.3.4.0.2                      [built from source in 1.9m]
2026-10-01T16:17:07.1898090Z #13 404.3 
2026-10-01T16:17:07.1898756Z   (75/113) Installing: stringi, sass, vctrs                                     
2026-10-01T16:17:07.4551313Z   (75/113) Installing: stringi, sass, vctrs, knitr                              
2026-10-01T16:17:07.5930299Z   (75/113) Installing: stringi, sass, vctrs, knitr                              
2026-10-01T16:17:12.6041986Z   (75/113) Installing: stringi, sass, vctrs, knitr                              
2026-10-01T16:17:17.6142929Z   (75/113) Installing: stringi, sass, vctrs, knitr                              
2026-10-01T16:17:22.6233489Z   (75/113) Installing: stringi, sass, vctrs, knitr                              
2026-10-01T16:17:27.6342837Z   (75/113) Installing: stringi, sass, vctrs, knitr                              
2026-10-01T16:17:30.3732568Z   (75/113) Installing: stringi, sass, vctrs, knitr                              
2026-10-01T16:17:30.5703094Z                                                                                 
2026-10-01T16:17:30.5705723Z [32m✔[0m knitr 1.51                               [built from source in 23s]
2026-10-01T16:17:30.5706565Z #13 427.6 
2026-10-01T16:17:30.5707401Z   (76/113) Installing: stringi, sass, vctrs                                     
2026-10-01T16:17:30.9230197Z   (76/113) Installing: stringi, sass, vctrs, promises                           
2026-10-01T16:17:35.0856461Z   (76/113) Installing: stringi, sass, vctrs, promises                           
2026-10-01T16:17:35.2839376Z                                                                                 
2026-10-01T16:17:35.2842679Z [32m✔[0m stringi 1.8.7                            [built from source in 4.3m]
2026-10-01T16:17:35.2843647Z #13 432.4 
2026-10-01T16:17:35.2844391Z   (77/113) Installing: sass, vctrs, promises                                    
2026-10-01T16:17:35.7188015Z   (77/113) Installing: sass, vctrs, promises, websocket                         
2026-10-01T16:17:40.7293075Z   (77/113) Installing: sass, vctrs, promises, websocket                         
2026-10-01T16:17:42.5438845Z   (77/113) Installing: sass, vctrs, promises, websocket                         
2026-10-01T16:17:42.7447615Z                                                                                 
2026-10-01T16:17:42.7451673Z [32m✔[0m promises 1.5.0                           [built from source in 12s]
2026-10-01T16:17:42.7452798Z #13 439.8 
2026-10-01T16:17:42.7453638Z   (78/113) Installing: sass, vctrs, websocket                                   
2026-10-01T16:17:43.1003456Z   (78/113) Installing: sass, vctrs, websocket, pkgbuild                         
2026-10-01T16:17:48.1080241Z   (78/113) Installing: sass, vctrs, websocket, pkgbuild                         
2026-10-01T16:17:51.5807938Z   (78/113) Installing: sass, vctrs, websocket, pkgbuild                         
2026-10-01T16:17:51.7827530Z                                                                                 
2026-10-01T16:17:51.7829078Z [32m✔[0m pkgbuild 1.4.8                           [built from source in 9.0s]
2026-10-01T16:17:51.7831956Z #13 448.9 
2026-10-01T16:17:51.7832509Z   (79/113) Installing: sass, vctrs, websocket                                   
2026-10-01T16:17:52.1447729Z   (79/113) Installing: sass, vctrs, websocket, httr                             
2026-10-01T16:17:57.1540918Z   (79/113) Installing: sass, vctrs, websocket, httr                             
2026-10-01T16:18:02.1667235Z   (79/113) Installing: sass, vctrs, websocket, httr                             
2026-10-01T16:18:05.5928555Z   (79/113) Installing: sass, vctrs, websocket, httr                             
2026-10-01T16:18:05.7815298Z                                                                                 
2026-10-01T16:18:05.7816542Z [32m✔[0m httr 1.4.8                               [built from source in 14s]
2026-10-01T16:18:05.7817293Z #13 462.9 
2026-10-01T16:18:05.7817962Z   (80/113) Installing: sass, vctrs, websocket                                   
2026-10-01T16:18:06.0041239Z   (80/113) Installing: sass, vctrs, websocket, gridExtra                        
2026-10-01T16:18:11.0131228Z   (80/113) Installing: sass, vctrs, websocket, gridExtra                        
2026-10-01T16:18:12.4748949Z   (80/113) Installing: sass, vctrs, websocket, gridExtra                        
2026-10-01T16:18:12.6927281Z                                                                                 
2026-10-01T16:18:12.6928985Z [32m✔[0m gridExtra 2.3.1                          [built from source in 6.8s]
2026-10-01T16:18:12.6930162Z #13 469.7 
2026-10-01T16:18:12.6931327Z   (81/113) Installing: sass, vctrs, websocket                                   
2026-10-01T16:18:12.9752359Z   (81/113) Installing: sass, vctrs, websocket, lme4                             
2026-10-01T16:18:17.9875505Z   (81/113) Installing: sass, vctrs, websocket, lme4                             
2026-10-01T16:18:23.0032016Z   (81/113) Installing: sass, vctrs, websocket, lme4                             
2026-10-01T16:18:25.3532098Z   (81/113) Installing: sass, vctrs, websocket, lme4                             
2026-10-01T16:18:25.5748338Z                                                                                 
2026-10-01T16:18:25.5752016Z [32m✔[0m vctrs 0.7.3                              [built from source in 1.3m]
2026-10-01T16:18:25.5753481Z #13 482.6 
2026-10-01T16:18:25.5754342Z   (82/113) Installing: sass, websocket, lme4                                    
2026-10-01T16:18:25.8681765Z   (82/113) Installing: sass, websocket, lme4, httpuv                            
2026-10-01T16:18:30.8773130Z   (82/113) Installing: sass, websocket, lme4, httpuv                            
2026-10-01T16:18:35.8893308Z   (82/113) Installing: sass, websocket, lme4, httpuv                            
2026-10-01T16:18:40.9025879Z   (82/113) Installing: sass, websocket, lme4, httpuv                            
2026-10-01T16:18:45.9112950Z   (82/113) Installing: sass, websocket, lme4, httpuv                            
2026-10-01T16:18:50.9192747Z   (82/113) Installing: sass, websocket, lme4, httpuv                            
2026-10-01T16:18:55.9300585Z   (82/113) Installing: sass, websocket, lme4, httpuv                            
2026-10-01T16:19:00.9389960Z   (82/113) Installing: sass, websocket, lme4, httpuv                            
2026-10-01T16:19:05.9480955Z   (82/113) Installing: sass, websocket, lme4, httpuv                            
2026-10-01T16:19:10.9572230Z   (82/113) Installing: sass, websocket, lme4, httpuv                            
2026-10-01T16:19:15.9680593Z   (82/113) Installing: sass, websocket, lme4, httpuv                            
2026-10-01T16:19:20.9782275Z   (82/113) Installing: sass, websocket, lme4, httpuv                            
2026-10-01T16:19:25.9901134Z   (82/113) Installing: sass, websocket, lme4, httpuv                            
2026-10-01T16:19:30.9991497Z   (82/113) Installing: sass, websocket, lme4, httpuv                            
2026-10-01T16:19:35.4398827Z   (82/113) Installing: sass, websocket, lme4, httpuv                            
2026-10-01T16:19:35.6354574Z                                                                                 
2026-10-01T16:19:35.6355848Z [32m✔[0m websocket 1.4.4                          [built from source in 2.0m]
2026-10-01T16:19:35.6356579Z #13 552.7 
2026-10-01T16:19:35.6357135Z   (83/113) Installing: sass, lme4, httpuv                                       
2026-10-01T16:19:35.9994728Z   (83/113) Installing: sass, lme4, httpuv, pkgload                              
2026-10-01T16:19:41.0099526Z   (83/113) Installing: sass, lme4, httpuv, pkgload                              
2026-10-01T16:19:46.0202296Z   (83/113) Installing: sass, lme4, httpuv, pkgload                              
2026-10-01T16:19:47.0733736Z   (83/113) Installing: sass, lme4, httpuv, pkgload                              
2026-10-01T16:19:47.2677961Z                                                                                 
2026-10-01T16:19:47.2680752Z [32m✔[0m pkgload 1.5.3                            [built from source in 12s]
2026-10-01T16:19:47.2681822Z #13 564.3 
2026-10-01T16:19:47.2682767Z   (84/113) Installing: sass, lme4, httpuv                                       
2026-10-01T16:19:47.6222583Z   (84/113) Installing: sass, lme4, httpuv, ggplot2                              
2026-10-01T16:19:52.6322018Z   (84/113) Installing: sass, lme4, httpuv, ggplot2                              
2026-10-01T16:19:57.6451832Z   (84/113) Installing: sass, lme4, httpuv, ggplot2                              
2026-10-01T16:20:02.6535028Z   (84/113) Installing: sass, lme4, httpuv, ggplot2                              
2026-10-01T16:20:07.6631643Z   (84/113) Installing: sass, lme4, httpuv, ggplot2                              
2026-10-01T16:20:12.6731433Z   (84/113) Installing: sass, lme4, httpuv, ggplot2                              
2026-10-01T16:20:17.6792886Z   (84/113) Installing: sass, lme4, httpuv, ggplot2                              
2026-10-01T16:20:22.6910784Z   (84/113) Installing: sass, lme4, httpuv, ggplot2                              
2026-10-01T16:20:27.6972057Z   (84/113) Installing: sass, lme4, httpuv, ggplot2                              
2026-10-01T16:20:32.7090317Z   (84/113) Installing: sass, lme4, httpuv, ggplot2                              
2026-10-01T16:20:37.7152005Z   (84/113) Installing: sass, lme4, httpuv, ggplot2                              
2026-10-01T16:20:42.7251639Z   (84/113) Installing: sass, lme4, httpuv, ggplot2                              
2026-10-01T16:20:47.7352867Z   (84/113) Installing: sass, lme4, httpuv, ggplot2                              
2026-10-01T16:20:49.4779776Z   (84/113) Installing: sass, lme4, httpuv, ggplot2                              
2026-10-01T16:20:49.6923328Z                                                                                 
2026-10-01T16:20:49.6927201Z [32m✔[0m lme4 2.0-6                               [built from source in 2.6m]
2026-10-01T16:20:49.6928086Z #13 626.8 
2026-10-01T16:20:49.6928981Z   (85/113) Installing: sass, httpuv, ggplot2                                    
2026-10-01T16:20:50.0480692Z   (85/113) Installing: sass, httpuv, ggplot2, hms                               
2026-10-01T16:20:55.0571571Z   (85/113) Installing: sass, httpuv, ggplot2, hms                               
2026-10-01T16:20:56.5341840Z   (85/113) Installing: sass, httpuv, ggplot2, hms                               
2026-10-01T16:20:56.7323413Z                                                                                 
2026-10-01T16:20:56.7326057Z [32m✔[0m hms 1.1.4                                [built from source in 7.0s]
2026-10-01T16:20:56.7326871Z #13 633.8 
2026-10-01T16:20:56.7327700Z   (86/113) Installing: sass, httpuv, ggplot2                                    
2026-10-01T16:20:56.8876213Z   (86/113) Installing: sass, httpuv, ggplot2, httr2                             
2026-10-01T16:21:01.8989196Z   (86/113) Installing: sass, httpuv, ggplot2, httr2                             
2026-10-01T16:21:03.7590334Z   (86/113) Installing: sass, httpuv, ggplot2, httr2                             
2026-10-01T16:21:03.9627210Z                                                                                 
2026-10-01T16:21:03.9630212Z [32m✔[0m ggplot2 4.0.3                            [built from source in 1.3m]
2026-10-01T16:21:03.9631295Z #13 641.0 
2026-10-01T16:21:03.9631939Z   (87/113) Installing: sass, httpuv, httr2                                      
2026-10-01T16:21:04.3271256Z   (87/113) Installing: sass, httpuv, httr2, pillar                              
2026-10-01T16:21:09.3388948Z   (87/113) Installing: sass, httpuv, httr2, pillar                              
2026-10-01T16:21:14.3469266Z   (87/113) Installing: sass, httpuv, httr2, pillar                              
2026-10-01T16:21:17.9150699Z   (87/113) Installing: sass, httpuv, httr2, pillar                              
2026-10-01T16:21:17.9153040Z                                                                                 
2026-10-01T16:21:17.9154321Z [32m✔[0m sass 0.4.10                              [built from source in 4.8m]
2026-10-01T16:21:18.1155255Z #13 655.2 
2026-10-01T16:21:18.1156124Z   (88/113) Installing: httpuv, httr2, pillar                                    
2026-10-01T16:21:18.3077241Z   (88/113) Installing: httpuv, httr2, pillar, purrr                             
2026-10-01T16:21:18.5923084Z   (88/113) Installing: httpuv, httr2, pillar, purrr                             
2026-10-01T16:21:18.7875137Z                                                                                 
2026-10-01T16:21:18.7876371Z [32m✔[0m pillar 1.11.1                            [built from source in 15s]
2026-10-01T16:21:18.7877207Z #13 655.9 
2026-10-01T16:21:18.7877863Z   (89/113) Installing: httpuv, httr2, purrr                                     
2026-10-01T16:21:19.1321461Z   (89/113) Installing: httpuv, httr2, purrr, stringr                            
2026-10-01T16:21:22.9445093Z   (89/113) Installing: httpuv, httr2, purrr, stringr                            
2026-10-01T16:21:23.1407240Z                                                                                 
2026-10-01T16:21:23.1410140Z [32m✔[0m httpuv 1.6.17                            [built from source in 3.0m]
2026-10-01T16:21:23.1411219Z #13 660.2 
2026-10-01T16:21:23.1412466Z   (90/113) Installing: httr2, purrr, stringr                                    
2026-10-01T16:21:23.4680788Z   (90/113) Installing: httr2, purrr, stringr, tidyselect                        
2026-10-01T16:21:23.6591122Z   (90/113) Installing: httr2, purrr, stringr, tidyselect                        
2026-10-01T16:21:23.8800861Z                                                                                 
2026-10-01T16:21:23.8802353Z [32m✔[0m httr2 1.3.0                              [built from source in 27s]
2026-10-01T16:21:23.8803223Z #13 661.0 
2026-10-01T16:21:23.8803905Z   (91/113) Installing: purrr, stringr, tidyselect                               
2026-10-01T16:21:24.2632054Z   (91/113) Installing: purrr, stringr, tidyselect, chromote                     
2026-10-01T16:21:28.0772362Z   (91/113) Installing: purrr, stringr, tidyselect, chromote                     
2026-10-01T16:21:28.2643250Z                                                                                 
2026-10-01T16:21:28.2645167Z [32m✔[0m stringr 1.6.0                            [built from source in 9.4s]
2026-10-01T16:21:28.2645931Z #13 665.3 
2026-10-01T16:21:28.2646596Z   (92/113) Installing: purrr, tidyselect, chromote                              
2026-10-01T16:21:28.5980896Z   (92/113) Installing: purrr, tidyselect, chromote, testthat                    
2026-10-01T16:21:30.5999009Z   (92/113) Installing: purrr, tidyselect, chromote, testthat                    
2026-10-01T16:21:30.7947987Z                                                                                 
2026-10-01T16:21:30.7949450Z [32m✔[0m purrr 1.2.2                              [built from source in 13s]
2026-10-01T16:21:30.7950263Z #13 667.9 
2026-10-01T16:21:30.7951190Z   (93/113) Installing: tidyselect, chromote, testthat                           
2026-10-01T16:21:31.0095581Z   (93/113) Installing: tidyselect, chromote, testthat, progress                 
2026-10-01T16:21:31.1903437Z                                                                                 
2026-10-01T16:21:31.1905157Z [32m✔[0m tidyselect 1.2.1                         [built from source in 8.0s]
2026-10-01T16:21:31.1906001Z #13 668.3 
2026-10-01T16:21:31.1906662Z   (94/113) Installing: chromote, testthat, progress                             
2026-10-01T16:21:31.1907548Z   (94/113) Installing: chromote, testthat, progress, bslib                      
2026-10-01T16:21:31.4907979Z   (94/113) Installing: chromote, testthat, progress, bslib                      
2026-10-01T16:21:36.4979547Z   (94/113) Installing: chromote, testthat, progress, bslib                      
2026-10-01T16:21:38.2212076Z   (94/113) Installing: chromote, testthat, progress, bslib                      
2026-10-01T16:21:38.4138908Z                                                                                 
2026-10-01T16:21:38.4141507Z [32m✔[0m progress 1.2.3                           [built from source in 7.6s]
2026-10-01T16:21:38.4142560Z #13 675.5 
2026-10-01T16:21:38.4143481Z   (95/113) Installing: chromote, testthat, bslib                                
2026-10-01T16:21:38.7931715Z   (95/113) Installing: chromote, testthat, bslib, tibble                        
2026-10-01T16:21:42.9824540Z   (95/113) Installing: chromote, testthat, bslib, tibble                        
2026-10-01T16:21:43.1884088Z                                                                                 
2026-10-01T16:21:43.1885398Z [32m✔[0m chromote 0.5.1                           [built from source in 19s]
2026-10-01T16:21:43.1886274Z #13 680.3 
2026-10-01T16:21:43.1886906Z   (96/113) Installing: testthat, bslib, tibble                                  
2026-10-01T16:21:43.5384527Z   (96/113) Installing: testthat, bslib, tibble, webshot2                        
2026-10-01T16:21:47.8760971Z   (96/113) Installing: testthat, bslib, tibble, webshot2                        
2026-10-01T16:21:48.0815556Z                                                                                 
2026-10-01T16:21:48.0817450Z [32m✔[0m bslib 0.11.0                             [built from source in 17s]
2026-10-01T16:21:48.0818299Z #13 685.2 
2026-10-01T16:21:48.0818968Z   (97/113) Installing: testthat, tibble, webshot2                               
2026-10-01T16:21:48.4123970Z   (97/113) Installing: testthat, tibble, webshot2, rmarkdown                    
2026-10-01T16:21:50.3332744Z   (97/113) Installing: testthat, tibble, webshot2, rmarkdown                    
2026-10-01T16:21:50.5231224Z                                                                                 
2026-10-01T16:21:50.5232401Z [32m✔[0m webshot2 0.1.2                           [built from source in 7.3s]
2026-10-01T16:21:50.5233030Z #13 687.6 
2026-10-01T16:21:50.5233545Z   (98/113) Installing: testthat, tibble, rmarkdown                              
2026-10-01T16:21:50.8585271Z   (98/113) Installing: testthat, tibble, rmarkdown, shiny                       
2026-10-01T16:21:51.4242281Z   (98/113) Installing: testthat, tibble, rmarkdown, shiny                       
2026-10-01T16:21:51.6268043Z                                                                                 
2026-10-01T16:21:51.6271000Z [32m✔[0m tibble 3.3.1                             [built from source in 13s]
2026-10-01T16:21:51.6272112Z #13 688.7 
2026-10-01T16:21:51.6272932Z   (99/113) Installing: testthat, rmarkdown, shiny                               
2026-10-01T16:21:51.8427998Z   (99/113) Installing: testthat, rmarkdown, shiny, cellranger                   
2026-10-01T16:21:55.8599612Z   (99/113) Installing: testthat, rmarkdown, shiny, cellranger                   
2026-10-01T16:21:56.0466719Z                                                                                 
2026-10-01T16:21:56.0469277Z [32m✔[0m cellranger 1.1.0                         [built from source in 4.4s]
2026-10-01T16:21:56.0470590Z #13 693.1 
2026-10-01T16:21:56.0471408Z   (100/113) Installing: testthat, rmarkdown, shiny                              
2026-10-01T16:21:56.4570671Z   (100/113) Installing: testthat, rmarkdown, shiny, dplyr                       
2026-10-01T16:22:01.4698863Z   (100/113) Installing: testthat, rmarkdown, shiny, dplyr                       
2026-10-01T16:22:06.4740209Z   (100/113) Installing: testthat, rmarkdown, shiny, dplyr                       
2026-10-01T16:22:06.9194688Z   (100/113) Installing: testthat, rmarkdown, shiny, dplyr                       
2026-10-01T16:22:07.1164641Z                                                                                 
2026-10-01T16:22:07.1166446Z [32m✔[0m rmarkdown 2.31                           [built from source in 19s]
2026-10-01T16:22:07.1167468Z #13 704.2 
2026-10-01T16:22:07.1168225Z   (101/113) Installing: testthat, shiny, dplyr                                  
2026-10-01T16:22:07.4074878Z   (101/113) Installing: testthat, shiny, dplyr, readxl                          
2026-10-01T16:22:12.4170080Z   (101/113) Installing: testthat, shiny, dplyr, readxl                          
2026-10-01T16:22:17.4231623Z   (101/113) Installing: testthat, shiny, dplyr, readxl                          
2026-10-01T16:22:22.4338596Z   (101/113) Installing: testthat, shiny, dplyr, readxl                          
2026-10-01T16:22:27.4411460Z   (101/113) Installing: testthat, shiny, dplyr, readxl                          
2026-10-01T16:22:32.4520302Z   (101/113) Installing: testthat, shiny, dplyr, readxl                          
2026-10-01T16:22:36.2371869Z   (101/113) Installing: testthat, shiny, dplyr, readxl                          
2026-10-01T16:22:36.4354225Z                                                                                 
2026-10-01T16:22:36.4355642Z [32m✔[0m dplyr 1.2.1                              [built from source in 40s]
2026-10-01T16:22:36.4356601Z #13 733.5 
2026-10-01T16:22:36.4357314Z   (102/113) Installing: testthat, shiny, readxl                                 
2026-10-01T16:22:36.8481832Z   (102/113) Installing: testthat, shiny, readxl, htmlwidgets                    
2026-10-01T16:22:41.8569876Z   (102/113) Installing: testthat, shiny, readxl, htmlwidgets                    
2026-10-01T16:22:43.1636007Z   (102/113) Installing: testthat, shiny, readxl, htmlwidgets                    
2026-10-01T16:22:43.3155443Z                                                                                 
2026-10-01T16:22:43.3156824Z [32m✔[0m htmlwidgets 1.6.4                        [built from source in 6.9s]
2026-10-01T16:22:43.3969426Z #13 740.6 
2026-10-01T16:22:43.5586662Z   (103/113) Installing: testthat, shiny, readxl                                 
2026-10-01T16:22:43.9221653Z   (103/113) Installing: testthat, shiny, readxl, tidyr                          
2026-10-01T16:22:48.9308949Z   (103/113) Installing: testthat, shiny, readxl, tidyr                          
2026-10-01T16:22:53.9409302Z   (103/113) Installing: testthat, shiny, readxl, tidyr                          
2026-10-01T16:22:55.9531899Z   (103/113) Installing: testthat, shiny, readxl, tidyr                          
2026-10-01T16:22:56.1600945Z                                                                                 
2026-10-01T16:22:56.1602599Z [32m✔[0m readxl 1.5.0                             [built from source in 49s]
2026-10-01T16:22:56.1603238Z #13 753.2 
2026-10-01T16:22:56.1603790Z   (104/113) Installing: testthat, shiny, tidyr                                  
2026-10-01T16:22:56.5013438Z   (104/113) Installing: testthat, shiny, tidyr, DT                              
2026-10-01T16:23:01.5061818Z   (104/113) Installing: testthat, shiny, tidyr, DT                              
2026-10-01T16:23:01.6172817Z   (104/113) Installing: testthat, shiny, tidyr, DT                              
2026-10-01T16:23:01.8002535Z                                                                                 
2026-10-01T16:23:01.8004003Z [32m✔[0m shiny 1.14.0                             [built from source in 1.2m]
2026-10-01T16:23:01.8004866Z #13 758.9 
2026-10-01T16:23:01.8005501Z   (105/113) Installing: testthat, tidyr, DT                                     
2026-10-01T16:23:02.0871428Z   (105/113) Installing: testthat, tidyr, DT, shinyAce                           
2026-10-01T16:23:02.9086138Z   (105/113) Installing: testthat, tidyr, DT, shinyAce                           
2026-10-01T16:23:03.1038122Z                                                                                 
2026-10-01T16:23:03.1039687Z [32m✔[0m testthat 3.3.2                           [built from source in 1.6m]
2026-10-01T16:23:03.1041028Z #13 760.2 
2026-10-01T16:23:03.1041763Z   (106/113) Installing: tidyr, DT, shinyAce                                     
2026-10-01T16:23:03.3190756Z   (106/113) Installing: tidyr, DT, shinyAce, shinyWidgets                       
2026-10-01T16:23:04.7607896Z   (106/113) Installing: tidyr, DT, shinyAce, shinyWidgets                       
2026-10-01T16:23:04.9513003Z                                                                                 
2026-10-01T16:23:04.9515341Z [32m✔[0m DT 0.34.0                                [built from source in 8.8s]
2026-10-01T16:23:04.9516092Z #13 762.0 
2026-10-01T16:23:04.9516695Z   (107/113) Installing: tidyr, shinyAce, shinyWidgets                           
2026-10-01T16:23:05.3133388Z   (107/113) Installing: tidyr, shinyAce, shinyWidgets, shinytest2               
2026-10-01T16:23:10.3202982Z   (107/113) Installing: tidyr, shinyAce, shinyWidgets, shinytest2               
2026-10-01T16:23:10.9581281Z   (107/113) Installing: tidyr, shinyAce, shinyWidgets, shinytest2               
2026-10-01T16:23:11.1357490Z                                                                                 
2026-10-01T16:23:11.1360190Z [32m✔[0m shinyAce 0.4.4                           [built from source in 9.3s]
2026-10-01T16:23:11.1361465Z #13 768.2 
2026-10-01T16:23:11.1362215Z   (108/113) Installing: tidyr, shinyWidgets, shinytest2                         
2026-10-01T16:23:13.4674116Z   (108/113) Installing: tidyr, shinyWidgets, shinytest2                         
2026-10-01T16:23:13.6590333Z                                                                                 
2026-10-01T16:23:13.6593596Z [32m✔[0m tidyr 1.3.2                              [built from source in 30s]
2026-10-01T16:23:13.6594342Z #13 770.7 
2026-10-01T16:23:13.6594978Z   (109/113) Installing: shinyWidgets, shinytest2                                
2026-10-01T16:23:14.0479196Z   (109/113) Installing: shinyWidgets, shinytest2, ggfortify, plotly             
2026-10-01T16:23:14.2064322Z   (109/113) Installing: shinyWidgets, shinytest2, ggfortify, plotly             
2026-10-01T16:23:19.0604188Z   (109/113) Installing: shinyWidgets, shinytest2, ggfortify, plotly             
2026-10-01T16:23:19.2972679Z   (109/113) Installing: shinyWidgets, shinytest2, ggfortify, plotly             
2026-10-01T16:23:19.4758306Z                                                                                 
2026-10-01T16:23:19.4760073Z [32m✔[0m shinyWidgets 0.9.1                       [built from source in 16s]
2026-10-01T16:23:19.4761417Z #13 776.6 
2026-10-01T16:23:19.4762746Z   (110/113) Installing: shinytest2, ggfortify, plotly                           
2026-10-01T16:23:23.1763115Z   (110/113) Installing: shinytest2, ggfortify, plotly                           
2026-10-01T16:23:23.3589541Z                                                                                 
2026-10-01T16:23:23.3592340Z [32m✔[0m shinytest2 0.5.1                         [built from source in 18s]
2026-10-01T16:23:23.3593308Z #13 780.4 
2026-10-01T16:23:23.3594106Z   (111/113) Installing: ggfortify, plotly                                       
2026-10-01T16:23:28.2143955Z   (111/113) Installing: ggfortify, plotly                                       
2026-10-01T16:23:33.2192359Z   (111/113) Installing: ggfortify, plotly                                       
2026-10-01T16:23:33.3805555Z   (111/113) Installing: ggfortify, plotly                                       
2026-10-01T16:23:33.5562367Z                                                                                 
2026-10-01T16:23:33.5565707Z [32m✔[0m plotly 4.12.0                            [built from source in 20s]
2026-10-01T16:23:33.5566526Z #13 790.6 
2026-10-01T16:23:33.5567366Z   (112/113) Installing: ggfortify                                               
2026-10-01T16:23:37.4170248Z   (112/113) Installing: ggfortify                                               
2026-10-01T16:23:37.4238582Z                                                                                 
2026-10-01T16:23:37.4243947Z [32m✔[0m ggfortify 0.4.19                         [built from source in 24s]
2026-10-01T16:23:37.6191177Z #13 794.7 Successfully installed 113 packages in 770 seconds.
2026-10-01T16:23:37.7057385Z #13 794.7 [?25h
2026-10-01T16:23:37.7061272Z #13 DONE 794.9s
2026-10-01T16:23:37.8151770Z 
2026-10-01T16:23:37.8156127Z #14 [ 8/13] COPY app.R ./
2026-10-01T16:23:37.8156911Z #14 DONE 0.1s
2026-10-01T16:23:37.9367397Z 
2026-10-01T16:23:37.9368528Z #15 [ 9/13] COPY R/ ./R/
2026-10-01T16:23:37.9369411Z #15 DONE 0.0s
2026-10-01T16:23:37.9369654Z 
2026-10-01T16:23:37.9369842Z #16 [10/13] COPY data/real/ ./data/real/
2026-10-01T16:23:37.9370299Z #16 DONE 0.0s
2026-10-01T16:23:37.9370647Z 
2026-10-01T16:23:37.9370835Z #17 [11/13] COPY www/style.css ./www/style.css
2026-10-01T16:23:37.9371326Z #17 DONE 0.0s
2026-10-01T16:23:37.9372835Z 
2026-10-01T16:23:37.9375090Z #18 [12/13] RUN printf '%s\n'       'run_as shiny;'       'server {'       '  listen 3838;'       '  location / {'       '    app_dir /srv/shiny-server/lmplot;'       '    log_dir /var/log/shiny-server;'       '  }'       '}' > /etc/shiny-server/shiny-server.conf  && chown shiny:shiny /srv/shiny-server/lmplot  && install -d -o shiny -g shiny       /var/log/shiny-server /var/lib/shiny-server /var/run/shiny-server       /var/shiny-server/sockets
2026-10-01T16:23:37.9380958Z #18 DONE 0.1s
2026-10-01T16:23:38.1612950Z 
2026-10-01T16:23:38.1614594Z #19 [13/13] RUN printf '\nR_USER_CACHE_DIR=/tmp/R-cache\n' >> /usr/local/lib/R/etc/Renviron.site
2026-10-01T16:23:38.1615634Z #19 DONE 0.1s
2026-10-01T16:23:38.1616490Z 
2026-10-01T16:23:38.1616952Z #20 exporting to docker image format
2026-10-01T16:23:38.1617642Z #20 exporting layers
2026-10-01T16:23:54.6737330Z #20 exporting layers 16.7s done
2026-10-01T16:23:54.6738681Z #20 exporting manifest sha256:97f2f40544475cac4abe4b9ec505c810bba2a9cb335cc1b3ce427c24e9828802
2026-10-01T16:23:54.8322064Z #20 exporting manifest sha256:97f2f40544475cac4abe4b9ec505c810bba2a9cb335cc1b3ce427c24e9828802 done
2026-10-01T16:23:54.8324771Z #20 exporting config sha256:fe1516fe4047d176330f133e7dc86fa592439ed9f82e306c95ac516dfc28c51c done
2026-10-01T16:23:54.8325873Z #20 sending tarball
2026-10-01T16:24:04.0878280Z #20 ...
2026-10-01T16:24:04.0878931Z 
2026-10-01T16:24:04.0879318Z #21 importing to docker
2026-10-01T16:24:04.2388905Z #21 loading layer 98effb2dfe85 327.68kB / 29.73MB
2026-10-01T16:24:05.2492969Z #21 loading layer 613659109016 1.85kB / 1.85kB
2026-10-01T16:24:08.3994050Z #21 loading layer 0b37a25965e9 557.06kB / 310.96MB
2026-10-01T16:24:10.4882223Z #21 loading layer 0b37a25965e9 78.54MB / 310.96MB 2.1s
2026-10-01T16:24:12.5886451Z #21 loading layer 0b37a25965e9 203.33MB / 310.96MB 4.2s
2026-10-01T16:24:14.7103064Z #21 loading layer 0b37a25965e9 297.47MB / 310.96MB 6.3s
2026-10-01T16:24:18.2631220Z #21 loading layer b52c4fe3ae39 2.83kB / 2.83kB
2026-10-01T16:24:18.4652558Z #21 loading layer 26cd91d7da06 1.50kB / 1.50kB
2026-10-01T16:24:18.4661339Z #21 loading layer 3a4afdc4e1d0 294.91kB / 28.50MB
2026-10-01T16:24:19.1668951Z #21 loading layer ec6fefe0c312 1.15kB / 1.15kB
2026-10-01T16:24:19.2688309Z #21 loading layer 302ccf550c77 751B / 751B
2026-10-01T16:24:19.2689905Z #21 loading layer e4b9f3c92e3b 1.28kB / 1.28kB
2026-10-01T16:24:19.2691200Z #21 loading layer 68e17bcc5562 524B / 524B
2026-10-01T16:24:19.2693204Z #21 loading layer 6b2a118d7788 557.06kB / 207.33MB
2026-10-01T16:24:21.3726442Z #21 loading layer 6b2a118d7788 81.89MB / 207.33MB 2.1s
2026-10-01T16:24:23.4565549Z #21 loading layer 6b2a118d7788 113.08MB / 207.33MB 4.2s
2026-10-01T16:24:25.5610083Z #21 loading layer 6b2a118d7788 176.03MB / 207.33MB 6.3s
2026-10-01T16:24:29.8169071Z #21 loading layer d609dfebb00f 23.04kB / 23.04kB
2026-10-01T16:24:30.0255039Z #21 loading layer 9f5ed12342ae 557.06kB / 58.04MB
2026-10-01T16:24:32.0801906Z #21 loading layer 9f5ed12342ae 57.93MB / 58.04MB 2.2s
2026-10-01T16:24:32.8671060Z #21 loading layer 53d49c5a9669 32.77kB / 765.46kB
2026-10-01T16:24:32.9679061Z #21 loading layer 03915714b340 149B / 149B
2026-10-01T16:24:32.9681524Z #21 loading layer a478f535ef41 32.77kB / 59.70kB
2026-10-01T16:24:32.9682620Z #21 loading layer 11498171a4f9 11.39kB / 11.39kB
2026-10-01T16:24:32.9683956Z #21 loading layer fca2088f01e9 557.06kB / 261.35MB
2026-10-01T16:24:35.0722739Z #21 loading layer fca2088f01e9 135.92MB / 261.35MB 2.1s
2026-10-01T16:24:37.1184000Z #21 loading layer fca2088f01e9 230.06MB / 261.35MB 4.2s
2026-10-01T16:24:39.9624201Z #21 loading layer 59ad6f492631 1.60kB / 1.60kB
2026-10-01T16:24:40.1082059Z #21 loading layer 03915714b340 149B / 149B 7.2s done
2026-10-01T16:24:40.1084925Z #21 loading layer 7fe3aa7a4672 32.77kB / 40.17kB
2026-10-01T16:24:40.1086003Z #21 loading layer 9a04a9c47b99 32.77kB / 1.71MB
2026-10-01T16:24:40.1086833Z #21 loading layer 8ae30686353e 3.32kB / 3.32kB
2026-10-01T16:24:40.1087644Z #21 loading layer 97982fd57a0f 370B / 370B
2026-10-01T16:24:40.1088526Z #21 loading layer 51b045915a3b 309B / 309B
2026-10-01T16:24:40.3575272Z #21 loading layer 98effb2dfe85 29.73MB / 29.73MB 36.0s done
2026-10-01T16:24:40.3575964Z #21 loading layer 613659109016 1.85kB / 1.85kB 34.9s done
2026-10-01T16:24:40.3576495Z #21 loading layer 0b37a25965e9 310.96MB / 310.96MB 31.7s done
2026-10-01T16:24:40.3577314Z #21 loading layer b52c4fe3ae39 2.83kB / 2.83kB 21.8s done
2026-10-01T16:24:40.3578189Z #21 loading layer 26cd91d7da06 1.50kB / 1.50kB 21.8s done
2026-10-01T16:24:40.3579027Z #21 loading layer 3a4afdc4e1d0 28.50MB / 28.50MB 21.8s done
2026-10-01T16:24:40.3579874Z #21 loading layer ec6fefe0c312 1.15kB / 1.15kB 20.9s done
2026-10-01T16:24:40.3581426Z #21 loading layer 302ccf550c77 751B / 751B 20.9s done
2026-10-01T16:24:40.3582374Z #21 loading layer e4b9f3c92e3b 1.28kB / 1.28kB 20.9s done
2026-10-01T16:24:40.3583331Z #21 loading layer 68e17bcc5562 524B / 524B 20.9s done
2026-10-01T16:24:40.3584141Z #21 loading layer 6b2a118d7788 207.33MB / 207.33MB 20.8s done
2026-10-01T16:24:40.3584862Z #21 loading layer d609dfebb00f 23.04kB / 23.04kB 10.3s done
2026-10-01T16:24:40.3585401Z #21 loading layer 9f5ed12342ae 58.04MB / 58.04MB 10.2s done
2026-10-01T16:24:40.3585801Z #21 loading layer 53d49c5a9669 765.46kB / 765.46kB 7.2s done
2026-10-01T16:24:40.3586161Z #21 loading layer a478f535ef41 59.70kB / 59.70kB 7.2s done
2026-10-01T16:24:40.3586506Z #21 loading layer 11498171a4f9 11.39kB / 11.39kB 7.2s done
2026-10-01T16:24:40.3586853Z #21 loading layer fca2088f01e9 261.35MB / 261.35MB 7.1s done
2026-10-01T16:24:40.3587208Z #21 loading layer 59ad6f492631 1.60kB / 1.60kB 0.1s done
2026-10-01T16:24:40.3587569Z #21 loading layer 7fe3aa7a4672 40.17kB / 40.17kB 0.1s done
2026-10-01T16:24:40.3588203Z #21 loading layer 9a04a9c47b99 1.71MB / 1.71MB 0.1s done
2026-10-01T16:24:40.3588535Z #21 loading layer 8ae30686353e 3.32kB / 3.32kB 0.1s done
2026-10-01T16:24:40.3588858Z #21 loading layer 97982fd57a0f 370B / 370B 0.1s done
2026-10-01T16:24:40.3589167Z #21 loading layer 51b045915a3b 309B / 309B 0.1s done
2026-10-01T16:24:40.3589444Z #21 DONE 36.0s
2026-10-01T16:24:40.3589560Z 
2026-10-01T16:24:40.3589664Z #20 exporting to docker image format
2026-10-01T16:24:40.3589957Z #20 sending tarball 45.4s done
2026-10-01T16:24:40.3590186Z #20 DONE 62.1s
2026-10-01T16:24:40.3590302Z 
2026-10-01T16:24:40.3590991Z #22 exporting to GitHub Actions Cache
2026-10-01T16:24:40.3591523Z #22 preparing build cache for export 0.0s done
2026-10-01T16:24:40.3591887Z #22 sending cache export
2026-10-01T16:24:40.3592294Z #22 writing layer sha256:233fd3ccd43e7a48dc5e3e30eba907dc5160d751ae590aad4d38f96f7ad4102a
2026-10-01T16:24:56.2108516Z #22 writing layer sha256:233fd3ccd43e7a48dc5e3e30eba907dc5160d751ae590aad4d38f96f7ad4102a 16.0s done
2026-10-01T16:24:56.3886717Z #22 writing layer sha256:2cecd7c9ce3fdec5ac4a503bb90a7203d94d540fb3a84c16877e4817523ced9d
2026-10-01T16:24:56.3935859Z #22 writing layer sha256:2cecd7c9ce3fdec5ac4a503bb90a7203d94d540fb3a84c16877e4817523ced9d 0.2s done
2026-10-01T16:24:56.5737887Z #22 writing layer sha256:3416b87d47ded7ae06c79a4791797b06fd4f112c575b2b2057634b48a463426a 0.1s done
2026-10-01T16:24:56.7525578Z #22 writing layer sha256:39085a03feb5d590baaf2e8e34c8fd4739c9c5517a2dd6de89f3e09b6ffe27f1
2026-10-01T16:24:56.7711616Z #22 writing layer sha256:39085a03feb5d590baaf2e8e34c8fd4739c9c5517a2dd6de89f3e09b6ffe27f1 0.2s done
2026-10-01T16:24:56.9374071Z #22 writing layer sha256:3e5a715c1f41f567ae327e0d54a3ca24aef556777f0f4fc8e821c1bdb3442d86 0.1s done
2026-10-01T16:24:57.1117059Z #22 writing layer sha256:62201d54644c0563f196cbb72753c89621af19fb8b95a53c63624764e22ff80e
2026-10-01T16:25:10.4449835Z #22 writing layer sha256:62201d54644c0563f196cbb72753c89621af19fb8b95a53c63624764e22ff80e 13.5s done
2026-10-01T16:25:10.6355315Z #22 writing layer sha256:6ba4a17389de757ed6531e2286e56b6aad47f96504ef97754c70c654ce8020fb
2026-10-01T16:25:10.6614534Z #22 writing layer sha256:6ba4a17389de757ed6531e2286e56b6aad47f96504ef97754c70c654ce8020fb 0.2s done
2026-10-01T16:25:10.7963943Z #22 writing layer sha256:6cfc6f9b36a0d6330f3a12c41499bfd209244cbcfaf76f66c27640a1cacba7ba 0.1s done
2026-10-01T16:25:10.9405480Z #22 writing layer sha256:79eed9a75400b4f205327be2491a05355dbc2c0b94b45befc51f1e65089f279f 0.1s done
2026-10-01T16:25:11.0970340Z #22 writing layer sha256:9083a697c5875e5df1a0a0449ddef9e1c8422e2b724c2d1fe3db431ad7c23f49 0.1s done
2026-10-01T16:25:11.2700039Z #22 writing layer sha256:938b168e43b2d95742ced99a62f79056fd39b66a80a5f4c0670a16479f7a3fae
2026-10-01T16:25:11.3005820Z #22 writing layer sha256:938b168e43b2d95742ced99a62f79056fd39b66a80a5f4c0670a16479f7a3fae 0.2s done
2026-10-01T16:25:11.4516077Z #22 writing layer sha256:95ae03dac77d0169776d3d7ffc3e4f3dea80a74901eb69b9db0425233259326f 0.1s done
2026-10-01T16:25:11.6286367Z #22 writing layer sha256:b161343ae97ccb1183f5360a75223d13e3f3ee92c7f7266cd1e81ceeafeb8b20
2026-10-01T16:25:12.9774418Z #22 writing layer sha256:b161343ae97ccb1183f5360a75223d13e3f3ee92c7f7266cd1e81ceeafeb8b20 1.5s done
2026-10-01T16:25:13.1591781Z #22 writing layer sha256:b256b202f9228b92cd11c51a9be365c74b7078d1c9c19a1a7a98b9d82bf1dc46
2026-10-01T16:25:15.7631469Z #22 writing layer sha256:b256b202f9228b92cd11c51a9be365c74b7078d1c9c19a1a7a98b9d82bf1dc46 2.8s done
2026-10-01T16:25:15.9103458Z #22 writing layer sha256:bd9a721feef79d60aafcf779d40266834a6a5b5725b7965dd3ccf25faf5ddef0 0.1s done
2026-10-01T16:25:16.0864445Z #22 writing layer sha256:be04314a0f944881a34bf17c54c74453cd054c6f6ecde19f0bdfc344fbcb64be
2026-10-01T16:25:16.2126913Z #22 writing layer sha256:be04314a0f944881a34bf17c54c74453cd054c6f6ecde19f0bdfc344fbcb64be 0.3s done
2026-10-01T16:25:16.3587369Z #22 writing layer sha256:bf09c754ec9050394b03c86d421f92a566932b271e0319e134343bf676c93232 0.1s done
2026-10-01T16:25:16.5382743Z #22 writing layer sha256:cb259a83ac3dd9fea0b394df41df2b298adf0df938fef5999475af18a751c257
2026-10-01T16:25:18.0094894Z #22 writing layer sha256:cb259a83ac3dd9fea0b394df41df2b298adf0df938fef5999475af18a751c257 1.6s done
2026-10-01T16:25:18.1809238Z #22 writing layer sha256:ccca413a1c600a580b26e35f004b1e4c4bf845a09ea2cc3b220325e2ac7fd81e
2026-10-01T16:25:29.4783694Z #22 writing layer sha256:ccca413a1c600a580b26e35f004b1e4c4bf845a09ea2cc3b220325e2ac7fd81e 11.4s done
2026-10-01T16:25:29.6511676Z #22 writing layer sha256:d5aded6e618054e99ae641161bcdd5280a59af151004c4bcf49c6464ea7a3ac9 0.1s done
2026-10-01T16:25:29.8275104Z #22 writing layer sha256:ec1a715e6e8db41092815a164d88f4e01de597e6aa08b14aab898cfcff997b0b
2026-10-01T16:25:29.8352366Z #22 writing layer sha256:ec1a715e6e8db41092815a164d88f4e01de597e6aa08b14aab898cfcff997b0b 0.2s done
2026-10-01T16:25:29.9865404Z #22 writing layer sha256:f3ea010718069bde5d6118f57ca449a05cdd6e1634313369b3e4888d59294a1a 0.1s done
2026-10-01T16:25:30.1189010Z #22 writing layer sha256:f5ea2f82fd0cc70f1e2a5b2befc3bdc0ba061aa1101db00d6738a32968258579 0.1s done
2026-10-01T16:25:30.2888078Z #22 writing layer sha256:ff78e229ad83d652356ed92c2f75694e76d39c593a59fe1d2d8e55f028362f3b
2026-10-01T16:25:30.3037449Z #22 writing layer sha256:ff78e229ad83d652356ed92c2f75694e76d39c593a59fe1d2d8e55f028362f3b 0.2s done
2026-10-01T16:25:30.4651230Z #22 sending cache export 50.3s done
2026-10-01T16:25:30.4658073Z #22 DONE 50.4s
2026-10-01T16:25:30.5193176Z 
2026-10-01T16:25:30.5193984Z #23 resolving provenance for metadata file
2026-10-01T16:25:30.5196780Z #23 DONE 0.0s
2026-10-01T16:25:30.5312789Z ##[group]ImageID
2026-10-01T16:25:30.5313609Z sha256:fe1516fe4047d176330f133e7dc86fa592439ed9f82e306c95ac516dfc28c51c
2026-10-01T16:25:30.5314888Z ##[endgroup]
2026-10-01T16:25:30.5315734Z ##[group]Digest
2026-10-01T16:25:30.5316543Z sha256:97f2f40544475cac4abe4b9ec505c810bba2a9cb335cc1b3ce427c24e9828802
2026-10-01T16:25:30.5317997Z ##[endgroup]
2026-10-01T16:25:30.5318874Z ##[group]Metadata
2026-10-01T16:25:30.5319443Z {
2026-10-01T16:25:30.5320020Z   "buildx.build.provenance": {
2026-10-01T16:25:30.5322608Z     "builder": {
2026-10-01T16:25:30.5323371Z       "id": ""
2026-10-01T16:25:30.5323936Z     },
2026-10-01T16:25:30.5324625Z     "buildType": "https://mobyproject.org/buildkit@v1",
2026-10-01T16:25:30.5325434Z     "materials": [
2026-10-01T16:25:30.5325965Z       {
2026-10-01T16:25:30.5327086Z         "uri": "pkg:docker/rocker/shiny@4.6.0?digest=sha256:95a0d826be0bfc9bd41300385b35cf0ec074fc6b82cfaa92fddd7c6f6f2fd0dd&platform=linux%2Famd64",
2026-10-01T16:25:30.5328505Z         "digest": {
2026-10-01T16:25:30.5329353Z           "sha256": "95a0d826be0bfc9bd41300385b35cf0ec074fc6b82cfaa92fddd7c6f6f2fd0dd"
2026-10-01T16:25:30.5332463Z         }
2026-10-01T16:25:30.5332972Z       }
2026-10-01T16:25:30.5333386Z     ],
2026-10-01T16:25:30.5333821Z     "invocation": {
2026-10-01T16:25:30.5334288Z       "configSource": {
2026-10-01T16:25:30.5334793Z         "entryPoint": "Dockerfile"
2026-10-01T16:25:30.5335575Z       },
2026-10-01T16:25:30.5336526Z       "parameters": {
2026-10-01T16:25:30.5337250Z         "frontend": "dockerfile.v0",
2026-10-01T16:25:30.5337809Z         "locals": [
2026-10-01T16:25:30.5338356Z           {
2026-10-01T16:25:30.5338905Z             "name": "context"
2026-10-01T16:25:30.5339483Z           },
2026-10-01T16:25:30.5339917Z           {
2026-10-01T16:25:30.5340356Z             "name": "dockerfile"
2026-10-01T16:25:30.5341261Z           }
2026-10-01T16:25:30.5341846Z         ],
2026-10-01T16:25:30.5342388Z         "root": {
2026-10-01T16:25:30.5343000Z           "configSource": {
2026-10-01T16:25:30.5343609Z             "path": "Dockerfile"
2026-10-01T16:25:30.5344214Z           },
2026-10-01T16:25:30.5344727Z           "request": {
2026-10-01T16:25:30.5345280Z             "args": {
2026-10-01T16:25:30.5345876Z               "vcs:localdir:context": ".",
2026-10-01T16:25:30.5346596Z               "vcs:localdir:dockerfile": ".",
2026-10-01T16:25:30.5347433Z               "vcs:revision": "fdc7647bc73fc4e9574135895f119608ede4ae16",
2026-10-01T16:25:30.5348698Z               "vcs:source": "https://github.com/ktubi970/lmplot"
2026-10-01T16:25:30.5349365Z             }
2026-10-01T16:25:30.5349793Z           }
2026-10-01T16:25:30.5350304Z         },
2026-10-01T16:25:30.5351247Z         "compatibilityVersion": 30
2026-10-01T16:25:30.5351817Z       },
2026-10-01T16:25:30.5352253Z       "environment": {
2026-10-01T16:25:30.5352881Z         "dockerfileVersion": "1.27.0",
2026-10-01T16:25:30.5353732Z         "github_actor": "ktubi970",
2026-10-01T16:25:30.5354538Z         "github_actor_id": "248550354",
2026-10-01T16:25:30.5355249Z         "github_event_name": "push",
2026-10-01T16:25:30.5355931Z         "github_event_payload": {
2026-10-01T16:25:30.5356709Z           "after": "fdc7647bc73fc4e9574135895f119608ede4ae16",
2026-10-01T16:25:30.5357514Z           "base_ref": null,
2026-10-01T16:25:30.5358303Z           "before": "42e70f36788bfaeac880251a29195de2713ceb4c",
2026-10-01T16:25:30.5359058Z           "commits": [
2026-10-01T16:25:30.5359607Z             {
2026-10-01T16:25:30.5360148Z               "author": {
2026-10-01T16:25:30.5361025Z                 "email": "krikor.tchepidjian@gmail.com",
2026-10-01T16:25:30.5361779Z                 "name": "ktubi970",
2026-10-01T16:25:30.5362431Z                 "username": "ktubi970"
2026-10-01T16:25:30.5363090Z               },
2026-10-01T16:25:30.5363671Z               "committer": {
2026-10-01T16:25:30.5364365Z                 "email": "krikor.tchepidjian@gmail.com",
2026-10-01T16:25:30.5365124Z                 "name": "ktubi970",
2026-10-01T16:25:30.5365795Z                 "username": "ktubi970"
2026-10-01T16:25:30.5366416Z               },
2026-10-01T16:25:30.5366996Z               "distinct": true,
2026-10-01T16:25:30.5367723Z               "id": "bf1018cfc423a72fa9c5a59c069ebce8ad5eacfb",
2026-10-01T16:25:30.5368662Z               "message": "fix(ci): preserve failure evidence and browser diagnostics",
2026-10-01T16:25:30.5369575Z               "timestamp": "2026-10-01T16:35:39+02:00",
2026-10-01T16:25:30.5370597Z               "tree_id": "6d7679eade68b26de6f9ffc3fd807ad5eb091b52",
2026-10-01T16:25:30.5371798Z               "url": "https://github.com/ktubi970/lmplot/commit/bf1018cfc423a72fa9c5a59c069ebce8ad5eacfb"
2026-10-01T16:25:30.5372791Z             },
2026-10-01T16:25:30.5373345Z             {
2026-10-01T16:25:30.5373888Z               "author": {
2026-10-01T16:25:30.5374581Z                 "email": "krikor.tchepidjian@gmail.com",
2026-10-01T16:25:30.5375341Z                 "name": "ktubi970",
2026-10-01T16:25:30.5376009Z                 "username": "ktubi970"
2026-10-01T16:25:30.5376674Z               },
2026-10-01T16:25:30.5377197Z               "committer": {
2026-10-01T16:25:30.5377886Z                 "email": "krikor.tchepidjian@gmail.com",
2026-10-01T16:25:30.5378639Z                 "name": "ktubi970",
2026-10-01T16:25:30.5379328Z                 "username": "ktubi970"
2026-10-01T16:25:30.5379972Z               },
2026-10-01T16:25:30.5380817Z               "distinct": true,
2026-10-01T16:25:30.5381792Z               "id": "fdc7647bc73fc4e9574135895f119608ede4ae16",
2026-10-01T16:25:30.5382785Z               "message": "fix(a11y): keep data table keyboard focus visible",
2026-10-01T16:25:30.5383682Z               "timestamp": "2026-10-01T17:29:06+02:00",
2026-10-01T16:25:30.5384488Z               "tree_id": "091be9be821793e6a51c6f06d33e976485f5b5de",
2026-10-01T16:25:30.5385645Z               "url": "https://github.com/ktubi970/lmplot/commit/fdc7647bc73fc4e9574135895f119608ede4ae16"
2026-10-01T16:25:30.5386698Z             }
2026-10-01T16:25:30.5387211Z           ],
2026-10-01T16:25:30.5388024Z           "compare": "https://github.com/ktubi970/lmplot/compare/42e70f36788b...fdc7647bc73f",
2026-10-01T16:25:30.5388992Z           "created": false,
2026-10-01T16:25:30.5389610Z           "deleted": false,
2026-10-01T16:25:30.5390175Z           "forced": false,
2026-10-01T16:25:30.5390965Z           "head_commit": {
2026-10-01T16:25:30.5391587Z             "author": {
2026-10-01T16:25:30.5392491Z               "email": "krikor.tchepidjian@gmail.com",
2026-10-01T16:25:30.5393268Z               "name": "ktubi970",
2026-10-01T16:25:30.5393981Z               "username": "ktubi970"
2026-10-01T16:25:30.5394905Z             },
2026-10-01T16:25:30.5395424Z             "committer": {
2026-10-01T16:25:30.5396026Z               "email": "krikor.tchepidjian@gmail.com",
2026-10-01T16:25:30.5396751Z               "name": "ktubi970",
2026-10-01T16:25:30.5397367Z               "username": "ktubi970"
2026-10-01T16:25:30.5397919Z             },
2026-10-01T16:25:30.5398378Z             "distinct": true,
2026-10-01T16:25:30.5399022Z             "id": "fdc7647bc73fc4e9574135895f119608ede4ae16",
2026-10-01T16:25:30.5399876Z             "message": "fix(a11y): keep data table keyboard focus visible",
2026-10-01T16:25:30.5401999Z             "timestamp": "2026-10-01T17:29:06+02:00",
2026-10-01T16:25:30.5402795Z             "tree_id": "091be9be821793e6a51c6f06d33e976485f5b5de",
2026-10-01T16:25:30.5404069Z             "url": "https://github.com/ktubi970/lmplot/commit/fdc7647bc73fc4e9574135895f119608ede4ae16"
2026-10-01T16:25:30.5405297Z           },
2026-10-01T16:25:30.5411451Z           "pusher": {
2026-10-01T16:25:30.5412185Z             "email": "krikor.tchepidjian@gmail.com",
2026-10-01T16:25:30.5412770Z             "name": "ktubi970"
2026-10-01T16:25:30.5413233Z           },
2026-10-01T16:25:30.5413664Z           "ref": "refs/heads/master",
2026-10-01T16:25:30.5414178Z           "repository": {
2026-10-01T16:25:30.5414638Z             "allow_forking": true,
2026-10-01T16:25:30.5415410Z             "archive_url": "https://api.github.com/repos/ktubi970/lmplot/{archive_format}{/ref}",
2026-10-01T16:25:30.5416327Z             "archived": false,
2026-10-01T16:25:30.5417032Z             "assignees_url": "https://api.github.com/repos/ktubi970/lmplot/assignees{/user}",
2026-10-01T16:25:30.5434694Z             "blobs_url": "https://api.github.com/repos/ktubi970/lmplot/git/blobs{/sha}",
2026-10-01T16:25:30.5435911Z             "branches_url": "https://api.github.com/repos/ktubi970/lmplot/branches{/branch}",
2026-10-01T16:25:30.5436916Z             "clone_url": "https://github.com/ktubi970/lmplot.git",
2026-10-01T16:25:30.5437987Z             "collaborators_url": "https://api.github.com/repos/ktubi970/lmplot/collaborators{/collaborator}",
2026-10-01T16:25:30.5439193Z             "comments_url": "https://api.github.com/repos/ktubi970/lmplot/comments{/number}",
2026-10-01T16:25:30.5440239Z             "commits_url": "https://api.github.com/repos/ktubi970/lmplot/commits{/sha}",
2026-10-01T16:25:30.5441904Z             "compare_url": "https://api.github.com/repos/ktubi970/lmplot/compare/{base}...{head}",
2026-10-01T16:25:30.5443033Z             "contents_url": "https://api.github.com/repos/ktubi970/lmplot/contents/{+path}",
2026-10-01T16:25:30.5444109Z             "contributors_url": "https://api.github.com/repos/ktubi970/lmplot/contributors",
2026-10-01T16:25:30.5444939Z             "created_at": 1777638811,
2026-10-01T16:25:30.5445750Z             "default_branch": "master",
2026-10-01T16:25:30.5446554Z             "deployments_url": "https://api.github.com/repos/ktubi970/lmplot/deployments",
2026-10-01T16:25:30.5447313Z             "description": null,
2026-10-01T16:25:30.5447822Z             "disabled": false,
2026-10-01T16:25:30.5448492Z             "downloads_url": "https://api.github.com/repos/ktubi970/lmplot/downloads",
2026-10-01T16:25:30.5449373Z             "events_url": "https://api.github.com/repos/ktubi970/lmplot/events",
2026-10-01T16:25:30.5450073Z             "fork": false,
2026-10-01T16:25:30.5450923Z             "forks": 0,
2026-10-01T16:25:30.5451311Z             "forks_count": 0,
2026-10-01T16:25:30.5451862Z             "forks_url": "https://api.github.com/repos/ktubi970/lmplot/forks",
2026-10-01T16:25:30.5452453Z             "full_name": "ktubi970/lmplot",
2026-10-01T16:25:30.5452885Z             "git_commits_url": "https://api.github.com/repos/ktubi970/lmplot/git/commits{/sha}",
2026-10-01T16:25:30.5453649Z             "git_refs_url": "https://api.github.com/repos/ktubi970/lmplot/git/refs{/sha}",
2026-10-01T16:25:30.5454168Z             "git_tags_url": "https://api.github.com/repos/ktubi970/lmplot/git/tags{/sha}",
2026-10-01T16:25:30.5454614Z             "git_url": "git://github.com/ktubi970/lmplot.git",
2026-10-01T16:25:30.5454934Z             "has_discussions": false,
2026-10-01T16:25:30.5455189Z             "has_downloads": true,
2026-10-01T16:25:30.5455436Z             "has_issues": true,
2026-10-01T16:25:30.5455668Z             "has_pages": false,
2026-10-01T16:25:30.5455900Z             "has_projects": true,
2026-10-01T16:25:30.5456153Z             "has_pull_requests": true,
2026-10-01T16:25:30.5456408Z             "has_wiki": true,
2026-10-01T16:25:30.5456634Z             "homepage": null,
2026-10-01T16:25:30.5456966Z             "hooks_url": "https://api.github.com/repos/ktubi970/lmplot/hooks",
2026-10-01T16:25:30.5457382Z             "html_url": "https://github.com/ktubi970/lmplot",
2026-10-01T16:25:30.5457699Z             "id": 1226461431,
2026-10-01T16:25:30.5457926Z             "is_template": false,
2026-10-01T16:25:30.5458355Z             "issue_comment_url": "https://api.github.com/repos/ktubi970/lmplot/issues/comments{/number}",
2026-10-01T16:25:30.5458979Z             "issue_events_url": "https://api.github.com/repos/ktubi970/lmplot/issues/events{/number}",
2026-10-01T16:25:30.5459534Z             "issues_url": "https://api.github.com/repos/ktubi970/lmplot/issues{/number}",
2026-10-01T16:25:30.5460032Z             "keys_url": "https://api.github.com/repos/ktubi970/lmplot/keys{/key_id}",
2026-10-01T16:25:30.5461303Z             "labels_url": "https://api.github.com/repos/ktubi970/lmplot/labels{/name}",
2026-10-01T16:25:30.5461983Z             "language": "R",
2026-10-01T16:25:30.5462578Z             "languages_url": "https://api.github.com/repos/ktubi970/lmplot/languages",
2026-10-01T16:25:30.5463218Z             "license": {
2026-10-01T16:25:30.5463576Z               "key": "mit",
2026-10-01T16:25:30.5464004Z               "name": "MIT License",
2026-10-01T16:25:30.5464466Z               "node_id": "MDc6TGljZW5zZTEz",
2026-10-01T16:25:30.5464912Z               "spdx_id": "MIT",
2026-10-01T16:25:30.5465389Z               "url": "https://api.github.com/licenses/mit"
2026-10-01T16:25:30.5465885Z             },
2026-10-01T16:25:30.5466197Z             "master_branch": "master",
2026-10-01T16:25:30.5466813Z             "merges_url": "https://api.github.com/repos/ktubi970/lmplot/merges",
2026-10-01T16:25:30.5467704Z             "milestones_url": "https://api.github.com/repos/ktubi970/lmplot/milestones{/number}",
2026-10-01T16:25:30.5468407Z             "mirror_url": null,
2026-10-01T16:25:30.5468807Z             "name": "lmplot",
2026-10-01T16:25:30.5469212Z             "node_id": "R_kgDOSRpQ9w",
2026-10-01T16:25:30.5470118Z             "notifications_url": "https://api.github.com/repos/ktubi970/lmplot/notifications{?since,all,participating}",
2026-10-01T16:25:30.5471329Z             "open_issues": 0,
2026-10-01T16:25:30.5471902Z             "open_issues_count": 0,
2026-10-01T16:25:30.5472307Z             "owner": {
2026-10-01T16:25:30.5472906Z               "avatar_url": "https://avatars.githubusercontent.com/u/248550354?v=4",
2026-10-01T16:25:30.5473625Z               "email": "krikor.tchepidjian@gmail.com",
2026-10-01T16:25:30.5474333Z               "events_url": "https://api.github.com/users/ktubi970/events{/privacy}",
2026-10-01T16:25:30.5475145Z               "followers_url": "https://api.github.com/users/ktubi970/followers",
2026-10-01T16:25:30.5476543Z               "following_url": "https://api.github.com/users/ktubi970/following{/other_user}",
2026-10-01T16:25:30.5477679Z               "gists_url": "https://api.github.com/users/ktubi970/gists{/gist_id}",
2026-10-01T16:25:30.5478315Z               "gravatar_id": "",
2026-10-01T16:25:30.5478777Z               "html_url": "https://github.com/ktubi970",
2026-10-01T16:25:30.5479085Z               "id": 248550354,
2026-10-01T16:25:30.5479334Z               "login": "ktubi970",
2026-10-01T16:25:30.5479769Z               "name": "ktubi970",
2026-10-01T16:25:30.5480022Z               "node_id": "U_kgDODtCT0g",
2026-10-01T16:25:30.5480666Z               "organizations_url": "https://api.github.com/users/ktubi970/orgs",
2026-10-01T16:25:30.5481917Z               "received_events_url": "https://api.github.com/users/ktubi970/received_events",
2026-10-01T16:25:30.5482773Z               "repos_url": "https://api.github.com/users/ktubi970/repos",
2026-10-01T16:25:30.5483370Z               "site_admin": false,
2026-10-01T16:25:30.5484027Z               "starred_url": "https://api.github.com/users/ktubi970/starred{/owner}{/repo}",
2026-10-01T16:25:30.5484955Z               "subscriptions_url": "https://api.github.com/users/ktubi970/subscriptions",
2026-10-01T16:25:30.5485375Z               "type": "User",
2026-10-01T16:25:30.5485673Z               "url": "https://api.github.com/users/ktubi970",
2026-10-01T16:25:30.5486002Z               "user_view_type": "public"
2026-10-01T16:25:30.5486266Z             },
2026-10-01T16:25:30.5486463Z             "private": true,
2026-10-01T16:25:30.5486725Z             "pull_request_creation_policy": "all",
2026-10-01T16:25:30.5487134Z             "pulls_url": "https://api.github.com/repos/ktubi970/lmplot/pulls{/number}",
2026-10-01T16:25:30.5487523Z             "pushed_at": 1790868974,
2026-10-01T16:25:30.5487893Z             "releases_url": "https://api.github.com/repos/ktubi970/lmplot/releases{/id}",
2026-10-01T16:25:30.5488282Z             "size": 3548,
2026-10-01T16:25:30.5488541Z             "ssh_url": "git@github.com:ktubi970/lmplot.git",
2026-10-01T16:25:30.5488847Z             "stargazers": 0,
2026-10-01T16:25:30.5489083Z             "stargazers_count": 0,
2026-10-01T16:25:30.5489450Z             "stargazers_url": "https://api.github.com/repos/ktubi970/lmplot/stargazers",
2026-10-01T16:25:30.5489968Z             "statuses_url": "https://api.github.com/repos/ktubi970/lmplot/statuses/{sha}",
2026-10-01T16:25:30.5490826Z             "subscribers_url": "https://api.github.com/repos/ktubi970/lmplot/subscribers",
2026-10-01T16:25:30.5491433Z             "subscription_url": "https://api.github.com/repos/ktubi970/lmplot/subscription",
2026-10-01T16:25:30.5491907Z             "svn_url": "https://github.com/ktubi970/lmplot",
2026-10-01T16:25:30.5492319Z             "tags_url": "https://api.github.com/repos/ktubi970/lmplot/tags",
2026-10-01T16:25:30.5492778Z             "teams_url": "https://api.github.com/repos/ktubi970/lmplot/teams",
2026-10-01T16:25:30.5493137Z             "topics": [],
2026-10-01T16:25:30.5493485Z             "trees_url": "https://api.github.com/repos/ktubi970/lmplot/git/trees{/sha}",
2026-10-01T16:25:30.5493898Z             "updated_at": "2026-10-01T13:14:10Z",
2026-10-01T16:25:30.5494232Z             "url": "https://api.github.com/repos/ktubi970/lmplot",
2026-10-01T16:25:30.5494561Z             "visibility": "private",
2026-10-01T16:25:30.5494814Z             "watchers": 0,
2026-10-01T16:25:30.5495043Z             "watchers_count": 0,
2026-10-01T16:25:30.5495473Z             "web_commit_signoff_required": false
2026-10-01T16:25:30.5495758Z           },
2026-10-01T16:25:30.5495952Z           "sender": {
2026-10-01T16:25:30.5496282Z             "avatar_url": "https://avatars.githubusercontent.com/u/248550354?v=4",
2026-10-01T16:25:30.5496777Z             "events_url": "https://api.github.com/users/ktubi970/events{/privacy}",
2026-10-01T16:25:30.5497253Z             "followers_url": "https://api.github.com/users/ktubi970/followers",
2026-10-01T16:25:30.5497757Z             "following_url": "https://api.github.com/users/ktubi970/following{/other_user}",
2026-10-01T16:25:30.5498262Z             "gists_url": "https://api.github.com/users/ktubi970/gists{/gist_id}",
2026-10-01T16:25:30.5498628Z             "gravatar_id": "",
2026-10-01T16:25:30.5498900Z             "html_url": "https://github.com/ktubi970",
2026-10-01T16:25:30.5499192Z             "id": 248550354,
2026-10-01T16:25:30.5499428Z             "login": "ktubi970",
2026-10-01T16:25:30.5499803Z             "node_id": "U_kgDODtCT0g",
2026-10-01T16:25:30.5500164Z             "organizations_url": "https://api.github.com/users/ktubi970/orgs",
2026-10-01T16:25:30.5500973Z             "received_events_url": "https://api.github.com/users/ktubi970/received_events",
2026-10-01T16:25:30.5501467Z             "repos_url": "https://api.github.com/users/ktubi970/repos",
2026-10-01T16:25:30.5501808Z             "site_admin": false,
2026-10-01T16:25:30.5502180Z             "starred_url": "https://api.github.com/users/ktubi970/starred{/owner}{/repo}",
2026-10-01T16:25:30.5502722Z             "subscriptions_url": "https://api.github.com/users/ktubi970/subscriptions",
2026-10-01T16:25:30.5503127Z             "type": "User",
2026-10-01T16:25:30.5503401Z             "url": "https://api.github.com/users/ktubi970",
2026-10-01T16:25:30.5503748Z             "user_view_type": "public"
2026-10-01T16:25:30.5503992Z           }
2026-10-01T16:25:30.5504167Z         },
2026-10-01T16:25:30.5504369Z         "github_job": "docker-health",
2026-10-01T16:25:30.5504642Z         "github_ref": "refs/heads/master",
2026-10-01T16:25:30.5504913Z         "github_ref_name": "master",
2026-10-01T16:25:30.5505175Z         "github_ref_protected": "false",
2026-10-01T16:25:30.5505439Z         "github_ref_type": "branch",
2026-10-01T16:25:30.5505711Z         "github_repository": "ktubi970/lmplot",
2026-10-01T16:25:30.5506016Z         "github_repository_id": "1226461431",
2026-10-01T16:25:30.5506310Z         "github_repository_owner": "ktubi970",
2026-10-01T16:25:30.5506609Z         "github_repository_owner_id": "248550354",
2026-10-01T16:25:30.5506898Z         "github_run_attempt": "1",
2026-10-01T16:25:30.5507148Z         "github_run_id": "36885551520",
2026-10-01T16:25:30.5507404Z         "github_run_number": "3",
2026-10-01T16:25:30.5507650Z         "github_runner_arch": "X64",
2026-10-01T16:25:30.5507937Z         "github_runner_environment": "github-hosted",
2026-10-01T16:25:30.5508247Z         "github_runner_image_os": "ubuntu24",
2026-10-01T16:25:30.5508569Z         "github_runner_image_version": "20260927.320.1",
2026-10-01T16:25:30.5508905Z         "github_runner_name": "GitHub Actions 1000000036",
2026-10-01T16:25:30.5509209Z         "github_runner_os": "Linux",
2026-10-01T16:25:30.5509572Z         "github_runner_tracking_id": "github_582774fa-fa24-4d06-8d9e-4322c30b8352",
2026-10-01T16:25:30.5509988Z         "github_server_url": "https://github.com",
2026-10-01T16:25:30.5510299Z         "github_triggering_actor": "ktubi970",
2026-10-01T16:25:30.5510963Z         "github_workflow": "CI",
2026-10-01T16:25:30.5511532Z         "github_workflow_ref": "ktubi970/lmplot/.github/workflows/ci.yml@refs/heads/master",
2026-10-01T16:25:30.5512041Z         "github_workflow_sha": "fdc7647bc73fc4e9574135895f119608ede4ae16",
2026-10-01T16:25:30.5512402Z         "platform": "linux/amd64"
2026-10-01T16:25:30.5512641Z       }
2026-10-01T16:25:30.5512813Z     }
2026-10-01T16:25:30.5512978Z   },
2026-10-01T16:25:30.5513689Z   "buildx.build.ref": "builder-b5ebfe01-dc69-44ec-a0f5-ed74a6f60de7/builder-b5ebfe01-dc69-44ec-a0f5-ed74a6f60de70/yblev3we3pr8abrud6oqi5q8d",
2026-10-01T16:25:30.5514590Z   "containerimage.config.digest": "sha256:fe1516fe4047d176330f133e7dc86fa592439ed9f82e306c95ac516dfc28c51c",
2026-10-01T16:25:30.5515108Z   "containerimage.descriptor": {
2026-10-01T16:25:30.5515436Z     "mediaType": "application/vnd.oci.image.manifest.v1+json",
2026-10-01T16:25:30.5515921Z     "digest": "sha256:97f2f40544475cac4abe4b9ec505c810bba2a9cb335cc1b3ce427c24e9828802",
2026-10-01T16:25:30.5516338Z     "size": 4857,
2026-10-01T16:25:30.5516543Z     "annotations": {
2026-10-01T16:25:30.5516833Z       "org.opencontainers.image.created": "2026-10-01T16:23:54Z"
2026-10-01T16:25:30.5517161Z     },
2026-10-01T16:25:30.5517340Z     "platform": {
2026-10-01T16:25:30.5517545Z       "architecture": "amd64",
2026-10-01T16:25:30.5517775Z       "os": "linux"
2026-10-01T16:25:30.5517965Z     }
2026-10-01T16:25:30.5518132Z   },
2026-10-01T16:25:30.5518528Z   "containerimage.digest": "sha256:97f2f40544475cac4abe4b9ec505c810bba2a9cb335cc1b3ce427c24e9828802",
2026-10-01T16:25:30.5519175Z   "image.name": "docker.io/library/lmplot:0.10.0-beta.1"
2026-10-01T16:25:30.5519469Z }
2026-10-01T16:25:30.5519861Z ##[endgroup]
2026-10-01T16:25:30.5520206Z ##[group]Reference
2026-10-01T16:25:30.5520959Z builder-b5ebfe01-dc69-44ec-a0f5-ed74a6f60de7/builder-b5ebfe01-dc69-44ec-a0f5-ed74a6f60de70/yblev3we3pr8abrud6oqi5q8d
2026-10-01T16:25:30.5521651Z ##[endgroup]
2026-10-01T16:25:30.5521993Z ##[group]Check build summary support
2026-10-01T16:25:30.5522390Z Build summary supported!
2026-10-01T16:25:30.5522730Z ##[endgroup]
2026-10-01T16:25:30.5559301Z ##[group]Run docker run -d --name lmplot-health --network none --read-only \
2026-10-01T16:25:30.5559896Z [36;1mdocker run -d --name lmplot-health --network none --read-only \[0m
2026-10-01T16:25:30.5560287Z [36;1m  --tmpfs /tmp:mode=1777 \[0m
2026-10-01T16:25:30.5560966Z [36;1m  --tmpfs /var/log/shiny-server:uid=997,gid=997,mode=0770 \[0m
2026-10-01T16:25:30.5561387Z [36;1m  --tmpfs /var/lib/shiny-server:uid=997,gid=997,mode=0770 \[0m
2026-10-01T16:25:30.5561794Z [36;1m  --tmpfs /var/run/shiny-server:uid=997,gid=997,mode=0770 \[0m
2026-10-01T16:25:30.5562206Z [36;1m  --tmpfs /var/shiny-server/sockets:uid=997,gid=997,mode=0770 \[0m
2026-10-01T16:25:30.5562646Z [36;1m  --security-opt no-new-privileges:true --cap-drop ALL \[0m
2026-10-01T16:25:30.5563096Z [36;1m  --cpus 2 --memory 1g --memory-reservation 512m --pids-limit 256 \[0m
2026-10-01T16:25:30.5563489Z [36;1m  lmplot:0.10.0-beta.1[0m
2026-10-01T16:25:30.5563870Z [36;1m# Include the 90s start period, three 65s cold-start probe budgets,[0m
2026-10-01T16:25:30.5564331Z [36;1m# and scheduling slack under the declared CPU/memory limits.[0m
2026-10-01T16:25:30.5564694Z [36;1mfor attempt in $(seq 1 180); do[0m
2026-10-01T16:25:30.5565081Z [36;1m  running="$(docker inspect --format '{{.State.Running}}' lmplot-health)"[0m
2026-10-01T16:25:30.5565600Z [36;1m  status="$(docker inspect --format '{{.State.Health.Status}}' lmplot-health)"[0m
2026-10-01T16:25:30.5566074Z [36;1m  if [ "$running" != true ] || [ "$status" = unhealthy ]; then[0m
2026-10-01T16:25:30.5566433Z [36;1m    docker inspect lmplot-health[0m
2026-10-01T16:25:30.5566710Z [36;1m    docker logs lmplot-health[0m
2026-10-01T16:25:30.5566966Z [36;1m    exit 1[0m
2026-10-01T16:25:30.5567172Z [36;1m  fi[0m
2026-10-01T16:25:30.5567382Z [36;1m  if [ "$status" = healthy ]; then[0m
2026-10-01T16:25:30.5567757Z [36;1m    docker exec lmplot-health wget --quiet --tries=1 --timeout=60 \[0m
2026-10-01T16:25:30.5568264Z [36;1m      --output-document=- http://127.0.0.1:3838/ > /tmp/lmplot-root.html[0m
2026-10-01T16:25:30.5568739Z [36;1m    grep -F 'LM Plot Explorer' /tmp/lmplot-root.html[0m
2026-10-01T16:25:30.5569118Z [36;1m    grep -F '0.10.0-beta.1' /tmp/lmplot-root.html[0m
2026-10-01T16:25:30.5569545Z [36;1m    if docker logs lmplot-health 2>&1 | grep -F 'Error getting worker'; then[0m
2026-10-01T16:25:30.5569965Z [36;1m      docker logs lmplot-health[0m
2026-10-01T16:25:30.5570230Z [36;1m      exit 1[0m
2026-10-01T16:25:30.5570771Z [36;1m    fi[0m
2026-10-01T16:25:30.5571004Z [36;1m    exit 0[0m
2026-10-01T16:25:30.5571207Z [36;1m  fi[0m
2026-10-01T16:25:30.5571396Z [36;1m  sleep 2[0m
2026-10-01T16:25:30.5571592Z [36;1mdone[0m
2026-10-01T16:25:30.5571797Z [36;1mdocker inspect lmplot-health[0m
2026-10-01T16:25:30.5572075Z [36;1mdocker logs lmplot-health[0m
2026-10-01T16:25:30.5572320Z [36;1mexit 1[0m
2026-10-01T16:25:30.5662961Z shell: /usr/bin/bash --noprofile --norc -e -o pipefail {0}
2026-10-01T16:25:30.5663327Z ##[endgroup]
2026-10-01T16:25:30.6146067Z 8a93e8051682864e992f149ed5975a989b461fa786b98a5092a6d3b34072fe8f
2026-10-01T16:25:41.6731941Z <script src="bslib-tag-require-0.11.0/tag-require.js"></script>  <title>LM Plot Explorer 0.10.0-beta.1</title>
2026-10-01T16:25:41.6732906Z           <h1>LM Plot Explorer</h1>
2026-10-01T16:25:41.6736639Z                       <p>Run this code with the LM Plot Explorer R helpers loaded from the project folder.</p>
2026-10-01T16:25:41.6748832Z <script src="bslib-tag-require-0.11.0/tag-require.js"></script>  <title>LM Plot Explorer 0.10.0-beta.1</title>
2026-10-01T16:25:41.6752306Z           <span class="version-badge">0.10.0-beta.1</span>
2026-10-01T16:25:41.6952510Z ##[group]Run docker logs lmplot-health || true
2026-10-01T16:25:41.6952908Z [36;1mdocker logs lmplot-health || true[0m
2026-10-01T16:25:41.7016364Z shell: /usr/bin/bash --noprofile --norc -e -o pipefail {0}
2026-10-01T16:25:41.7016719Z ##[endgroup]
2026-10-01T16:25:41.7232562Z [2026-10-01T16:25:30.993] [INFO] shiny-server - Shiny Server v1.5.24.1035 (Node.js v20.17.0)
2026-10-01T16:25:41.7233678Z [2026-10-01T16:25:30.994] [INFO] shiny-server - Using config file "/etc/shiny-server/shiny-server.conf"
2026-10-01T16:25:41.7234716Z [2026-10-01T16:25:31.024] [INFO] shiny-server - Starting listener on http://[::]:3838
2026-10-01T16:25:41.7235937Z [2026-10-01T16:25:35.754] [INFO] shiny-server - created bookmark state directory: /var/lib/shiny-server/bookmarks
2026-10-01T16:25:41.7237024Z [2026-10-01T16:25:35.755] [INFO] shiny-server - created user bookmark state directory: /var/lib/shiny-server/bookmarks/shiny
2026-10-01T16:25:41.7283466Z ##[group]Run docker rm -f lmplot-health || true
2026-10-01T16:25:41.7283866Z [36;1mdocker rm -f lmplot-health || true[0m
2026-10-01T16:25:41.7348119Z shell: /usr/bin/bash --noprofile --norc -e -o pipefail {0}
2026-10-01T16:25:41.7348480Z ##[endgroup]
2026-10-01T16:25:41.8514383Z lmplot-health
2026-10-01T16:25:41.8632466Z Post job cleanup.
2026-10-01T16:25:42.1598780Z ##[group]Generating build summary
2026-10-01T16:25:42.1620187Z exporting build record to /home/runner/work/_temp/docker-actions-toolkit-3tlTwf/export
2026-10-01T16:25:42.1645866Z (node:22167) [DEP0040] DeprecationWarning: The `punycode` module is deprecated. Please use a userland alternative instead.
2026-10-01T16:25:42.1686761Z (Use `node --trace-deprecation ...` to show where the warning was created)
2026-10-01T16:25:42.5020164Z [command]/usr/bin/docker buildx history export --builder builder-b5ebfe01-dc69-44ec-a0f5-ed74a6f60de7 --output /home/runner/work/_temp/docker-actions-toolkit-3tlTwf/export/ktubi970~lmplot~YBLEV3.dockerbuild yblev3we3pr8abrud6oqi5q8d --finalize
2026-10-01T16:25:42.8045635Z Build record written to /home/runner/work/_temp/docker-actions-toolkit-3tlTwf/export/ktubi970~lmplot~YBLEV3.dockerbuild (92.73 KB)
2026-10-01T16:25:42.8084531Z Uploading ktubi970~lmplot~YBLEV3.dockerbuild to blob storage
2026-10-01T16:25:43.0004331Z Beginning upload of artifact content to blob storage
2026-10-01T16:25:43.0121338Z (node:22167) [DEP0169] DeprecationWarning: `url.parse()` behavior is not standardized and prone to errors that have security implications. Use the WHATWG URL API instead. CVEs are not issued for `url.parse()` vulnerabilities.
2026-10-01T16:25:43.0131093Z Uploaded bytes 65536
2026-10-01T16:25:43.0133821Z Uploaded bytes 94958
2026-10-01T16:25:43.0460261Z Finished uploading artifact content to blob storage!
2026-10-01T16:25:43.0466054Z SHA256 hash of uploaded artifact is b34cd09d70a7901106da0a6bc034c319003be2f1dae2b28f61b16f4779ca5f64
2026-10-01T16:25:43.0467969Z Finalizing artifact upload
2026-10-01T16:25:43.2634834Z Artifact successfully finalized (11176109292)
2026-10-01T16:25:43.2636416Z Artifact download URL: https://github.com/ktubi970/lmplot/actions/runs/36885551520/artifacts/11176109292
2026-10-01T16:25:43.2666871Z Writing summary
2026-10-01T16:25:43.2683294Z ##[endgroup]
2026-10-01T16:25:43.2684447Z ##[group]Removing temp folder /home/runner/work/_temp/docker-actions-toolkit-rlxDRm
2026-10-01T16:25:43.2688469Z ##[endgroup]
2026-10-01T16:25:43.2689435Z ##[group]Post cache
2026-10-01T16:25:43.2691183Z State not set
2026-10-01T16:25:43.2692164Z ##[endgroup]
2026-10-01T16:25:43.2871181Z Post job cleanup.
2026-10-01T16:25:43.5878490Z ##[group]Removing builder
2026-10-01T16:25:43.5886671Z (node:22303) [DEP0040] DeprecationWarning: The `punycode` module is deprecated. Please use a userland alternative instead.
2026-10-01T16:25:43.5888783Z (Use `node --trace-deprecation ...` to show where the warning was created)
2026-10-01T16:25:43.7491422Z [command]/usr/bin/docker buildx rm builder-b5ebfe01-dc69-44ec-a0f5-ed74a6f60de7
2026-10-01T16:25:48.5767085Z builder-b5ebfe01-dc69-44ec-a0f5-ed74a6f60de7 removed
2026-10-01T16:25:48.5810191Z ##[endgroup]
2026-10-01T16:25:48.5811578Z ##[group]Cleaning up certificates
2026-10-01T16:25:48.5819706Z ##[endgroup]
2026-10-01T16:25:48.5821491Z ##[group]Post cache
2026-10-01T16:25:48.5822885Z State not set
2026-10-01T16:25:48.5823767Z ##[endgroup]
2026-10-01T16:25:48.6051607Z Post job cleanup.
2026-10-01T16:25:48.7111142Z [command]/usr/bin/git version
2026-10-01T16:25:48.7181207Z git version 2.55.0
2026-10-01T16:25:48.7301657Z Temporarily overriding HOME='/home/runner/work/_temp/3bb87311-837b-404f-a6a5-5106c0dc3060' before making global git config changes
2026-10-01T16:25:48.7302997Z Adding repository directory to the temporary git global config as a safe directory
2026-10-01T16:25:48.7326794Z [command]/usr/bin/git config --global --add safe.directory /home/runner/work/lmplot/lmplot
2026-10-01T16:25:48.7359152Z [command]/usr/bin/git config --local --name-only --get-regexp core\.sshCommand
2026-10-01T16:25:48.7426759Z [command]/usr/bin/git submodule foreach --recursive sh -c "git config --local --name-only --get-regexp 'core\.sshCommand' && git config --local --unset-all 'core.sshCommand' || :"
2026-10-01T16:25:48.7982202Z [command]/usr/bin/git config --local --name-only --get-regexp http\.https\:\/\/github\.com\/\.extraheader
2026-10-01T16:25:48.8032456Z http.https://github.com/.extraheader
2026-10-01T16:25:48.8051279Z [command]/usr/bin/git config --local --unset-all http.https://github.com/.extraheader
2026-10-01T16:25:48.8108798Z [command]/usr/bin/git submodule foreach --recursive sh -c "git config --local --name-only --get-regexp 'http\.https\:\/\/github\.com\/\.extraheader' && git config --local --unset-all 'http.https://github.com/.extraheader' || :"
2026-10-01T16:25:48.8475934Z [command]/usr/bin/git config --local --name-only --get-regexp ^includeIf\.gitdir:
2026-10-01T16:25:48.8532628Z [command]/usr/bin/git submodule foreach --recursive git config --local --show-origin --name-only --get-regexp remote.origin.url
2026-10-01T16:25:48.9027494Z Cleaning up orphan processes
2026-10-01T16:25:48.9268363Z ##[warning]Node.js 20 is deprecated. The following actions target Node.js 20 but are being forced to run on Node.js 24: actions/checkout@v4, docker/build-push-action@v6, docker/setup-buildx-action@v3. For more information see: https://github.blog/changelog/2025-09-19-deprecation-of-node-20-on-github-actions-runners/
