2026-10-01T15:36:23.9116541Z Current runner version: '2.337.0'
2026-10-01T15:36:23.9162195Z ##[group]Runner Image Provisioner
2026-10-01T15:36:23.9163813Z Hosted Compute Agent
2026-10-01T15:36:23.9164794Z Version: 20260901.588
2026-10-01T15:36:23.9165797Z Commit: f88ec8081b781fac6c440065ac7ff9e710ce3d0b
2026-10-01T15:36:23.9167094Z Build Date: 2026-09-01T19:56:44Z
2026-10-01T15:36:23.9168359Z Worker ID: {774ece11-b1f1-4d3a-a8b1-1cc3e8364236}
2026-10-01T15:36:23.9169783Z Azure Region: eastus
2026-10-01T15:36:23.9170920Z ##[endgroup]
2026-10-01T15:36:23.9173381Z ##[group]Operating System
2026-10-01T15:36:23.9174517Z Microsoft Windows Server 2025
2026-10-01T15:36:23.9175597Z 10.0.26100
2026-10-01T15:36:23.9176426Z Datacenter
2026-10-01T15:36:23.9177274Z ##[endgroup]
2026-10-01T15:36:23.9178617Z ##[group]Runner Image
2026-10-01T15:36:23.9179838Z Image: windows-2025-vs2026
2026-10-01T15:36:23.9180966Z Version: 20260925.250.1
2026-10-01T15:36:23.9184921Z Included Software: https://github.com/actions/runner-images/blob/win25-vs2026/20260925.250/images/windows/Windows2025-VS2026-Readme.md
2026-10-01T15:36:23.9187973Z Image Release: https://github.com/actions/runner-images/releases/tag/win25-vs2026%2F20260925.250
2026-10-01T15:36:23.9189816Z ##[endgroup]
2026-10-01T15:36:23.9191644Z ##[group]GITHUB_TOKEN Permissions
2026-10-01T15:36:23.9194524Z Contents: read
2026-10-01T15:36:23.9195533Z Metadata: read
2026-10-01T15:36:23.9196527Z ##[endgroup]
2026-10-01T15:36:23.9199868Z Secret source: Actions
2026-10-01T15:36:23.9201639Z Cache mode: write
2026-10-01T15:36:23.9203019Z Prepare workflow directory
2026-10-01T15:36:23.9713979Z Prepare all required actions
2026-10-01T15:36:23.9789769Z Getting action download info
2026-10-01T15:36:24.2119339Z Download action repository 'actions/checkout@v4' (SHA:11d5960a326750d5838078e36cf38b85af677262)
2026-10-01T15:36:24.3696664Z Download action repository 'r-lib/actions@v2' (SHA:f9a764fea8d5c63df6ef9a5c7795bf7deb5d7e05)
2026-10-01T15:36:24.7011708Z Download action repository 'actions/upload-artifact@v4' (SHA:ea165f8d65b6e75b540449e92b4886f43607fa02)
2026-10-01T15:36:25.1122453Z Getting action download info
2026-10-01T15:36:25.2216767Z Download action repository 'actions/cache@27d5ce7f107fe9357f9df03efb73ab90386fccae' (SHA:27d5ce7f107fe9357f9df03efb73ab90386fccae)
2026-10-01T15:36:25.5151970Z Complete job name: R 4.6.0 (windows-latest)
2026-10-01T15:36:25.7269977Z ##[group]Run actions/checkout@v4
2026-10-01T15:36:25.7272676Z with:
2026-10-01T15:36:25.7273772Z   repository: ktubi970/lmplot
2026-10-01T15:36:25.7281702Z   token: ***
2026-10-01T15:36:25.7282683Z   ssh-strict: true
2026-10-01T15:36:25.7283659Z   ssh-user: git
2026-10-01T15:36:25.7284638Z   persist-credentials: true
2026-10-01T15:36:25.7286021Z   clean: true
2026-10-01T15:36:25.7287035Z   sparse-checkout-cone-mode: true
2026-10-01T15:36:25.7363978Z   fetch-depth: 1
2026-10-01T15:36:25.7365386Z   fetch-tags: false
2026-10-01T15:36:25.7366545Z   show-progress: true
2026-10-01T15:36:25.7368267Z   lfs: false
2026-10-01T15:36:25.7369419Z   submodules: false
2026-10-01T15:36:25.7370292Z   set-safe-directory: true
2026-10-01T15:36:25.7371169Z   allow-unsafe-pr-checkout: false
2026-10-01T15:36:25.7372933Z ##[endgroup]
2026-10-01T15:36:26.6664971Z Syncing repository: ktubi970/lmplot
2026-10-01T15:36:26.6667247Z ##[group]Getting Git version info
2026-10-01T15:36:26.6668277Z Working directory is 'D:\a\lmplot\lmplot'
2026-10-01T15:36:26.6669780Z [command]"C:\Program Files\Git\bin\git.exe" version
2026-10-01T15:36:26.6670572Z git version 2.55.0.windows.5
2026-10-01T15:36:26.6673569Z ##[endgroup]
2026-10-01T15:36:26.6678613Z Temporarily overriding HOME='D:\a\_temp\8aa6e794-3ccb-47c3-ad5e-598c58c3a567' before making global git config changes
2026-10-01T15:36:26.6679884Z Adding repository directory to the temporary git global config as a safe directory
2026-10-01T15:36:26.6681013Z [command]"C:\Program Files\Git\bin\git.exe" config --global --add safe.directory D:\a\lmplot\lmplot
2026-10-01T15:36:26.6684827Z Deleting the contents of 'D:\a\lmplot\lmplot'
2026-10-01T15:36:26.6695669Z ##[group]Initializing the repository
2026-10-01T15:36:26.6696612Z [command]"C:\Program Files\Git\bin\git.exe" init D:\a\lmplot\lmplot
2026-10-01T15:36:26.7849652Z Initialized empty Git repository in D:/a/lmplot/lmplot/.git/
2026-10-01T15:36:26.7851786Z [command]"C:\Program Files\Git\bin\git.exe" remote add origin https://github.com/ktubi970/lmplot
2026-10-01T15:36:26.8372781Z ##[endgroup]
2026-10-01T15:36:26.8374127Z ##[group]Disabling automatic garbage collection
2026-10-01T15:36:26.8385888Z [command]"C:\Program Files\Git\bin\git.exe" config --local gc.auto 0
2026-10-01T15:36:26.8732840Z ##[endgroup]
2026-10-01T15:36:26.8734004Z ##[group]Setting up auth
2026-10-01T15:36:26.8744925Z [command]"C:\Program Files\Git\bin\git.exe" config --local --name-only --get-regexp core\.sshCommand
2026-10-01T15:36:27.6379553Z [command]"C:\Program Files\Git\bin\git.exe" submodule foreach --recursive "sh -c \"git config --local --name-only --get-regexp 'core\.sshCommand' && git config --local --unset-all 'core.sshCommand' || :\""
2026-10-01T15:36:28.6640163Z [command]"C:\Program Files\Git\bin\git.exe" config --local --name-only --get-regexp http\.https\:\/\/github\.com\/\.extraheader
2026-10-01T15:36:28.6973130Z [command]"C:\Program Files\Git\bin\git.exe" submodule foreach --recursive "sh -c \"git config --local --name-only --get-regexp 'http\.https\:\/\/github\.com\/\.extraheader' && git config --local --unset-all 'http.https://github.com/.extraheader' || :\""
2026-10-01T15:36:29.3050879Z [command]"C:\Program Files\Git\bin\git.exe" config --local --name-only --get-regexp ^includeIf\.gitdir:
2026-10-01T15:36:29.3379938Z [command]"C:\Program Files\Git\bin\git.exe" submodule foreach --recursive "git config --local --show-origin --name-only --get-regexp remote.origin.url"
2026-10-01T15:36:29.9451815Z [command]"C:\Program Files\Git\bin\git.exe" config --local http.https://github.com/.extraheader "AUTHORIZATION: basic ***"
2026-10-01T15:36:29.9833194Z ##[endgroup]
2026-10-01T15:36:29.9861918Z ##[group]Fetching the repository
2026-10-01T15:36:29.9875940Z [command]"C:\Program Files\Git\bin\git.exe" -c protocol.version=2 fetch --no-tags --prune --no-recurse-submodules --depth=1 origin +fdc7647bc73fc4e9574135895f119608ede4ae16:refs/remotes/origin/master
2026-10-01T15:36:31.1369669Z From https://github.com/ktubi970/lmplot
2026-10-01T15:36:31.1370653Z  * [new ref]         fdc7647bc73fc4e9574135895f119608ede4ae16 -> origin/master
2026-10-01T15:36:31.1413065Z ##[endgroup]
2026-10-01T15:36:31.1414207Z ##[group]Determining the checkout info
2026-10-01T15:36:31.1435734Z ##[endgroup]
2026-10-01T15:36:31.1438280Z [command]"C:\Program Files\Git\bin\git.exe" sparse-checkout disable
2026-10-01T15:36:31.1983689Z [command]"C:\Program Files\Git\bin\git.exe" config --local --unset-all extensions.worktreeConfig
2026-10-01T15:36:31.2458656Z ##[group]Checking out the ref
2026-10-01T15:36:31.2469423Z [command]"C:\Program Files\Git\bin\git.exe" checkout --progress --force -B master refs/remotes/origin/master
2026-10-01T15:36:31.3575859Z Reset branch 'master'
2026-10-01T15:36:31.3645203Z branch 'master' set up to track 'origin/master'.
2026-10-01T15:36:31.3700410Z ##[endgroup]
2026-10-01T15:36:31.4309374Z [command]"C:\Program Files\Git\bin\git.exe" log -1 --format=%H
2026-10-01T15:36:31.4597869Z fdc7647bc73fc4e9574135895f119608ede4ae16
2026-10-01T15:36:31.5235273Z ##[group]Run r-lib/actions/setup-r@v2
2026-10-01T15:36:31.5235669Z with:
2026-10-01T15:36:31.5235888Z   r-version: 4.6.0
2026-10-01T15:36:31.5236134Z   use-public-rspm: true
2026-10-01T15:36:31.5236372Z   Ncpus: 1
2026-10-01T15:36:31.5236586Z   remove-openmp-macos: true
2026-10-01T15:36:31.5236882Z   http-user-agent: default
2026-10-01T15:36:31.5237167Z   install-r: true
2026-10-01T15:36:31.5237407Z   windows-path-include-rtools: true
2026-10-01T15:36:31.5237724Z   windows-path-include-mingw: true
2026-10-01T15:36:31.5238020Z   update-rtools: false
2026-10-01T15:36:31.5238258Z   working-directory: .
2026-10-01T15:36:31.5239257Z ##[endgroup]
2026-10-01T15:36:33.1977820Z [command]D:\a\_temp\R-4.6.0-win.exe /VERYSILENT /SUPPRESSMSGBOXES /DIR=C:\R
2026-10-01T15:36:58.8688809Z ##[group]Downloading and installing Ghostscript
2026-10-01T15:36:59.6352958Z [command]"C:\Program Files\PowerShell\7\pwsh.exe" -NoLogo -NoProfile -NonInteractive -ExecutionPolicy Unrestricted -Command "$ErrorActionPreference = 'Stop' ; try { Add-Type -AssemblyName System.IO.Compression.ZipFile } catch { } ; try { [System.IO.Compression.ZipFile]::ExtractToDirectory('D:\a\_temp\38ab86df-954b-4577-a246-af0a58fb2e76', 'D:\a\_temp\d2c521a0-2108-411d-af95-d58192c5519b', $true) } catch { if (($_.Exception.GetType().FullName -eq 'System.Management.Automation.MethodException') -or ($_.Exception.GetType().FullName -eq 'System.Management.Automation.RuntimeException') ){ Expand-Archive -LiteralPath 'D:\a\_temp\38ab86df-954b-4577-a246-af0a58fb2e76' -DestinationPath 'D:\a\_temp\d2c521a0-2108-411d-af95-d58192c5519b' -Force } else { throw $_ } } ;"
2026-10-01T15:37:01.6464726Z ##[endgroup]
2026-10-01T15:37:01.6987467Z ##[group]Run r-lib/actions/setup-renv@v2
2026-10-01T15:37:01.6987843Z with:
2026-10-01T15:37:01.6988054Z   cache-version: v1
2026-10-01T15:37:01.6988293Z   bypass-cache: false
2026-10-01T15:37:01.6988529Z   working-directory: .
2026-10-01T15:37:01.6988750Z env:
2026-10-01T15:37:01.6988949Z   _R_INSTALL_TIME_PATCHES_: no
2026-10-01T15:37:01.6989220Z   RTOOLS45_HOME: C:\rtools45
2026-10-01T15:37:01.6989482Z   R_LIBS_USER: D:\a\_temp\Library
2026-10-01T15:37:01.6989740Z   TZ: UTC
2026-10-01T15:37:01.6989944Z   _R_CHECK_SYSTEM_CLOCK_: FALSE
2026-10-01T15:37:01.6990196Z   NOT_CRAN: true
2026-10-01T15:37:01.6990501Z   RSPM: https://packagemanager.posit.co/cran/latest
2026-10-01T15:37:01.6990998Z   RENV_CONFIG_REPOS_OVERRIDE: https://packagemanager.posit.co/cran/latest
2026-10-01T15:37:01.6991448Z   LMPLOT_EXPLICIT_BOOTSTRAP: 1
2026-10-01T15:37:01.6991948Z ##[endgroup]
2026-10-01T15:37:01.7057278Z ##[start-action display=Set RENV_PATHS_ROOT;id=__r-lib_actions_2.__run]
2026-10-01T15:37:01.7257414Z ##[group]Run echo "RENV_PATHS_ROOT=D:\a\_temp/renv" >> $GITHUB_ENV
2026-10-01T15:37:01.7257995Z [36;1mecho "RENV_PATHS_ROOT=D:\a\_temp/renv" >> $GITHUB_ENV[0m
2026-10-01T15:37:02.5004474Z shell: C:\rtools45\usr\bin\bash.EXE --noprofile --norc -e -o pipefail {0}
2026-10-01T15:37:02.5004900Z env:
2026-10-01T15:37:02.5005100Z   _R_INSTALL_TIME_PATCHES_: no
2026-10-01T15:37:02.5005455Z   RTOOLS45_HOME: C:\rtools45
2026-10-01T15:37:02.5005802Z   R_LIBS_USER: D:\a\_temp\Library
2026-10-01T15:37:02.5006038Z   TZ: UTC
2026-10-01T15:37:02.5006220Z   _R_CHECK_SYSTEM_CLOCK_: FALSE
2026-10-01T15:37:02.5006453Z   NOT_CRAN: true
2026-10-01T15:37:02.5006716Z   RSPM: https://packagemanager.posit.co/cran/latest
2026-10-01T15:37:02.5007145Z   RENV_CONFIG_REPOS_OVERRIDE: https://packagemanager.posit.co/cran/latest
2026-10-01T15:37:02.5008172Z   LMPLOT_EXPLICIT_BOOTSTRAP: 1
2026-10-01T15:37:02.5008523Z ##[endgroup]
2026-10-01T15:37:03.1065116Z ##[end-action id=__r-lib_actions_2.__run;outcome=success;conclusion=success;duration_ms=1400]
2026-10-01T15:37:03.1068311Z ##[start-action display=Install and activate renv;id=__r-lib_actions_2.__run_2]
2026-10-01T15:37:03.1252973Z ##[group]Run if (!requireNamespace("renv", quietly=TRUE)) install.packages("renv")
2026-10-01T15:37:03.1253536Z [36;1mif (!requireNamespace("renv", quietly=TRUE)) install.packages("renv")[0m
2026-10-01T15:37:03.1253923Z [36;1mrenv::activate(profile = )[0m
2026-10-01T15:37:03.1625757Z shell: C:\R\bin\Rscript.EXE {0}
2026-10-01T15:37:03.1626229Z env:
2026-10-01T15:37:03.1626577Z   _R_INSTALL_TIME_PATCHES_: no
2026-10-01T15:37:03.1627032Z   RTOOLS45_HOME: C:\rtools45
2026-10-01T15:37:03.1627477Z   R_LIBS_USER: D:\a\_temp\Library
2026-10-01T15:37:03.1627921Z   TZ: UTC
2026-10-01T15:37:03.1628263Z   _R_CHECK_SYSTEM_CLOCK_: FALSE
2026-10-01T15:37:03.1629037Z   NOT_CRAN: true
2026-10-01T15:37:03.1629524Z   RSPM: https://packagemanager.posit.co/cran/latest
2026-10-01T15:37:03.1630666Z   RENV_CONFIG_REPOS_OVERRIDE: https://packagemanager.posit.co/cran/latest
2026-10-01T15:37:03.1631446Z   RENV_PATHS_ROOT: D:\a\_temp/renv
2026-10-01T15:37:03.1631931Z   LMPLOT_EXPLICIT_BOOTSTRAP: 1
2026-10-01T15:37:03.1632371Z ##[endgroup]
2026-10-01T15:37:03.4112263Z # Bootstrapping renv 1.2.3 ---------------------------------------------------
2026-10-01T15:37:04.8834230Z - Downloading renv ... OK
2026-10-01T15:37:19.2299104Z - Installing renv  ... OK
2026-10-01T15:37:19.2299912Z 
2026-10-01T15:37:19.6697187Z - One or more packages recorded in the lockfile are not installed.
2026-10-01T15:37:19.6698380Z - Use `renv::status()` for more details.
2026-10-01T15:37:19.8750349Z ##[end-action id=__r-lib_actions_2.__run_2;outcome=success;conclusion=success;duration_ms=16767]
2026-10-01T15:37:19.8754330Z ##[start-action display=Get R and OS version;id=__r-lib_actions_2.get-version]
2026-10-01T15:37:19.8932868Z ##[group]Run cat("os-version=", sessionInfo()$running, "\n", file = Sys.getenv("GITHUB_OUTPUT"), sep = "", append = TRUE)
2026-10-01T15:37:19.8938489Z [36;1mcat("os-version=", sessionInfo()$running, "\n", file = Sys.getenv("GITHUB_OUTPUT"), sep = "", append = TRUE)[0m
2026-10-01T15:37:19.8939881Z [36;1mcat("r-version=", R.Version()$version.string, "\n", file = Sys.getenv("GITHUB_OUTPUT"), sep = "", append = TRUE)[0m
2026-10-01T15:37:19.8955416Z shell: C:\R\bin\Rscript.EXE {0}
2026-10-01T15:37:19.8956614Z env:
2026-10-01T15:37:19.8956895Z   _R_INSTALL_TIME_PATCHES_: no
2026-10-01T15:37:19.8957311Z   RTOOLS45_HOME: C:\rtools45
2026-10-01T15:37:19.8957700Z   R_LIBS_USER: D:\a\_temp\Library
2026-10-01T15:37:19.8958077Z   TZ: UTC
2026-10-01T15:37:19.8958369Z   _R_CHECK_SYSTEM_CLOCK_: FALSE
2026-10-01T15:37:19.8958742Z   NOT_CRAN: true
2026-10-01T15:37:19.8959178Z   RSPM: https://packagemanager.posit.co/cran/latest
2026-10-01T15:37:19.8959927Z   RENV_CONFIG_REPOS_OVERRIDE: https://packagemanager.posit.co/cran/latest
2026-10-01T15:37:19.8960613Z   RENV_PATHS_ROOT: D:\a\_temp/renv
2026-10-01T15:37:19.8961030Z   LMPLOT_EXPLICIT_BOOTSTRAP: 1
2026-10-01T15:37:19.8961405Z ##[endgroup]
2026-10-01T15:37:20.3746180Z - One or more packages recorded in the lockfile are not installed.
2026-10-01T15:37:20.3747341Z - Use `renv::status()` for more details.
2026-10-01T15:37:20.4494728Z ##[end-action id=__r-lib_actions_2.get-version;outcome=success;conclusion=success;duration_ms=573]
2026-10-01T15:37:20.4499550Z ##[start-action display=Restore Renv package cache;id=__r-lib_actions_2.__actions_cache]
2026-10-01T15:37:20.5953481Z ##[group]Run actions/cache@27d5ce7f107fe9357f9df03efb73ab90386fccae
2026-10-01T15:37:20.5953847Z with:
2026-10-01T15:37:20.5954072Z   path: D:\a\_temp/renv
renv/library

2026-10-01T15:37:20.5954689Z   key: Windows Server 2022 x64 (build 26100)-R version 4.6.0 (2026-04-24 ucrt)-v1-ac29db1134d6b0598d5813cb127ef994985e341fb6374a065bd5afa66acea931
2026-10-01T15:37:20.5955502Z   restore-keys: Windows Server 2022 x64 (build 26100)-R version 4.6.0 (2026-04-24 ucrt)-v1-
2026-10-01T15:37:20.5956226Z   enableCrossOsArchive: false
2026-10-01T15:37:20.5956541Z   fail-on-cache-miss: false
2026-10-01T15:37:20.5956800Z   lookup-only: false
2026-10-01T15:37:20.5957016Z   save-always: false
2026-10-01T15:37:20.5957223Z env:
2026-10-01T15:37:20.5957414Z   _R_INSTALL_TIME_PATCHES_: no
2026-10-01T15:37:20.5957671Z   RTOOLS45_HOME: C:\rtools45
2026-10-01T15:37:20.5957917Z   R_LIBS_USER: D:\a\_temp\Library
2026-10-01T15:37:20.5958160Z   TZ: UTC
2026-10-01T15:37:20.5958351Z   _R_CHECK_SYSTEM_CLOCK_: FALSE
2026-10-01T15:37:20.5958590Z   NOT_CRAN: true
2026-10-01T15:37:20.5958862Z   RSPM: https://packagemanager.posit.co/cran/latest
2026-10-01T15:37:20.5959324Z   RENV_CONFIG_REPOS_OVERRIDE: https://packagemanager.posit.co/cran/latest
2026-10-01T15:37:20.5959748Z   RENV_PATHS_ROOT: D:\a\_temp/renv
2026-10-01T15:37:20.5960012Z   LMPLOT_EXPLICIT_BOOTSTRAP: 1
2026-10-01T15:37:20.5960267Z ##[endgroup]
2026-10-01T15:37:21.1165797Z Cache not found for input keys: Windows Server 2022 x64 (build 26100)-R version 4.6.0 (2026-04-24 ucrt)-v1-ac29db1134d6b0598d5813cb127ef994985e341fb6374a065bd5afa66acea931, Windows Server 2022 x64 (build 26100)-R version 4.6.0 (2026-04-24 ucrt)-v1-
2026-10-01T15:37:21.1285630Z ##[end-action id=__r-lib_actions_2.__actions_cache;outcome=success;conclusion=success;duration_ms=678]
2026-10-01T15:37:21.1288684Z ##[start-action display=Restore Renv package cache;id=__r-lib_actions_2.cache-packages-restore]
2026-10-01T15:37:21.1304017Z ##[end-action id=__r-lib_actions_2.cache-packages-restore;outcome=skipped;conclusion=skipped;duration_ms=0]
2026-10-01T15:37:21.1306556Z ##[start-action display=Install renv dependencies;id=__r-lib_actions_2.__run_3]
2026-10-01T15:37:21.1454062Z ##[group]Run renv::restore()
2026-10-01T15:37:21.1454354Z [36;1mrenv::restore()[0m
2026-10-01T15:37:21.1462640Z shell: C:\R\bin\Rscript.EXE {0}
2026-10-01T15:37:21.1462905Z env:
2026-10-01T15:37:21.1463110Z   _R_INSTALL_TIME_PATCHES_: no
2026-10-01T15:37:21.1463372Z   RTOOLS45_HOME: C:\rtools45
2026-10-01T15:37:21.1464378Z   R_LIBS_USER: D:\a\_temp\Library
2026-10-01T15:37:21.1464669Z   TZ: UTC
2026-10-01T15:37:21.1464869Z   _R_CHECK_SYSTEM_CLOCK_: FALSE
2026-10-01T15:37:21.1465117Z   NOT_CRAN: true
2026-10-01T15:37:21.1465391Z   RSPM: https://packagemanager.posit.co/cran/latest
2026-10-01T15:37:21.1465861Z   RENV_CONFIG_REPOS_OVERRIDE: https://packagemanager.posit.co/cran/latest
2026-10-01T15:37:21.1466285Z   RENV_PATHS_ROOT: D:\a\_temp/renv
2026-10-01T15:37:21.1466553Z   LMPLOT_EXPLICIT_BOOTSTRAP: 1
2026-10-01T15:37:21.1466792Z ##[endgroup]
2026-10-01T15:37:21.6099539Z - One or more packages recorded in the lockfile are not installed.
2026-10-01T15:37:21.6100594Z - Use `renv::status()` for more details.
2026-10-01T15:37:22.1137493Z The following package(s) will be updated:
2026-10-01T15:37:22.1138387Z 
2026-10-01T15:37:22.1139069Z # Repository -----------------------------------------------------------------
2026-10-01T15:37:22.1140042Z - MASS           [7.3-65 -> 7.3-66]
2026-10-01T15:37:22.1141131Z - nlme           [3.1-169 -> 3.1-170]
2026-10-01T15:37:22.1160134Z - AsioHeaders    [* -> 1.30.2-1]
2026-10-01T15:37:22.1162664Z - askpass        [* -> 1.2.1]
2026-10-01T15:37:22.1163873Z - backports      [* -> 1.5.1]
2026-10-01T15:37:22.1164773Z - base64enc      [* -> 0.1-6]
2026-10-01T15:37:22.1165404Z - brio           [* -> 1.1.5]
2026-10-01T15:37:22.1165972Z - bslib          [* -> 0.11.0]
2026-10-01T15:37:22.1166553Z - cachem         [* -> 1.1.0]
2026-10-01T15:37:22.1167131Z - callr          [* -> 3.8.0]
2026-10-01T15:37:22.1167712Z - cellranger     [* -> 1.1.0]
2026-10-01T15:37:22.1168333Z - checkmate      [* -> 2.3.4]
2026-10-01T15:37:22.1168927Z - chromote       [* -> 0.5.1]
2026-10-01T15:37:22.1169477Z - cli            [* -> 3.6.6]
2026-10-01T15:37:22.1170010Z - commonmark     [* -> 2.0.0]
2026-10-01T15:37:22.1170531Z - cpp11          [* -> 0.5.5]
2026-10-01T15:37:22.1171067Z - crayon         [* -> 1.5.3]
2026-10-01T15:37:22.1171690Z - crosstalk      [* -> 1.2.2]
2026-10-01T15:37:22.1172332Z - curl           [* -> 7.1.0]
2026-10-01T15:37:22.1172911Z - data.table     [* -> 1.18.4]
2026-10-01T15:37:22.1173462Z - desc           [* -> 1.4.3]
2026-10-01T15:37:22.1173985Z - diffobj        [* -> 0.3.8]
2026-10-01T15:37:22.1174885Z - digest         [* -> 0.6.39]
2026-10-01T15:37:22.1175507Z - dplyr          [* -> 1.2.1]
2026-10-01T15:37:22.1176120Z - DT             [* -> 0.34.0]
2026-10-01T15:37:22.1176710Z - evaluate       [* -> 1.0.5]
2026-10-01T15:37:22.1177516Z - farver         [* -> 2.1.2]
2026-10-01T15:37:22.1198729Z - fastmap        [* -> 1.2.0]
2026-10-01T15:37:22.1199506Z - fontawesome    [* -> 0.5.3]
2026-10-01T15:37:22.1200252Z - fs             [* -> 2.1.0]
2026-10-01T15:37:22.1200950Z - generics       [* -> 0.1.4]
2026-10-01T15:37:22.1202116Z - ggfortify      [* -> 0.4.19]
2026-10-01T15:37:22.1202868Z - ggplot2        [* -> 4.0.3]
2026-10-01T15:37:22.1203548Z - globals        [* -> 0.19.1]
2026-10-01T15:37:22.1204221Z - glue           [* -> 1.8.1]
2026-10-01T15:37:22.1206341Z - gridExtra      [* -> 2.3.1]
2026-10-01T15:37:22.1206978Z - gtable         [* -> 0.3.6]
2026-10-01T15:37:22.1207627Z - highr          [* -> 0.12]
2026-10-01T15:37:22.1208333Z - hms            [* -> 1.1.4]
2026-10-01T15:37:22.1208960Z - htmltools      [* -> 0.5.9]
2026-10-01T15:37:22.1209563Z - htmlwidgets    [* -> 1.6.4]
2026-10-01T15:37:22.1210128Z - httpuv         [* -> 1.6.17]
2026-10-01T15:37:22.1210690Z - httr           [* -> 1.4.8]
2026-10-01T15:37:22.1211263Z - httr2          [* -> 1.3.0]
2026-10-01T15:37:22.1211862Z - isoband        [* -> 0.3.0]
2026-10-01T15:37:22.1212618Z - jquerylib      [* -> 0.1.4]
2026-10-01T15:37:22.1213283Z - jsonlite       [* -> 2.0.0]
2026-10-01T15:37:22.1213895Z - knitr          [* -> 1.51]
2026-10-01T15:37:22.1214467Z - labeling       [* -> 0.4.3]
2026-10-01T15:37:22.1215577Z - later          [* -> 1.4.8]
2026-10-01T15:37:22.1216231Z - lazyeval       [* -> 0.2.3]
2026-10-01T15:37:22.1217191Z - lifecycle      [* -> 1.0.5]
2026-10-01T15:37:22.1218422Z - lme4           [* -> 2.0-6]
2026-10-01T15:37:22.1219264Z - magrittr       [* -> 2.0.5]
2026-10-01T15:37:22.1219917Z - memoise        [* -> 2.0.1]
2026-10-01T15:37:22.1220544Z - mime           [* -> 0.13]
2026-10-01T15:37:22.1221185Z - minqa          [* -> 1.2.8]
2026-10-01T15:37:22.1221818Z - nloptr         [* -> 2.2.1]
2026-10-01T15:37:22.1222425Z - openssl        [* -> 2.4.2]
2026-10-01T15:37:22.1223417Z - otel           [* -> 0.2.0]
2026-10-01T15:37:22.1224470Z - pillar         [* -> 1.11.1]
2026-10-01T15:37:22.1225135Z - pingr          [* -> 2.0.5]
2026-10-01T15:37:22.1225727Z - pkgbuild       [* -> 1.4.8]
2026-10-01T15:37:22.1226334Z - pkgconfig      [* -> 2.0.3]
2026-10-01T15:37:22.1226939Z - pkgload        [* -> 1.5.3]
2026-10-01T15:37:22.1227556Z - plotly         [* -> 4.12.0]
2026-10-01T15:37:22.1228174Z - praise         [* -> 1.0.0]
2026-10-01T15:37:22.1228808Z - prettyunits    [* -> 1.2.0]
2026-10-01T15:37:22.1229469Z - processx       [* -> 3.9.0]
2026-10-01T15:37:22.1230136Z - progress       [* -> 1.2.3]
2026-10-01T15:37:22.1230743Z - promises       [* -> 1.5.0]
2026-10-01T15:37:22.1231385Z - ps             [* -> 1.9.3]
2026-10-01T15:37:22.1232061Z - purrr          [* -> 1.2.2]
2026-10-01T15:37:22.1232721Z - R6             [* -> 2.6.1]
2026-10-01T15:37:22.1233386Z - rappdirs       [* -> 0.3.4]
2026-10-01T15:37:22.1234084Z - rbibutils      [* -> 2.4.1]
2026-10-01T15:37:22.1234761Z - RColorBrewer   [* -> 1.1-3]
2026-10-01T15:37:22.1235450Z - Rcpp           [* -> 1.1.2]
2026-10-01T15:37:22.1236124Z - RcppEigen      [* -> 0.3.4.0.2]
2026-10-01T15:37:22.1236803Z - Rdpack         [* -> 2.6.6]
2026-10-01T15:37:22.1237416Z - readxl         [* -> 1.5.0]
2026-10-01T15:37:22.1238002Z - reformulas     [* -> 0.4.4]
2026-10-01T15:37:22.1238622Z - rematch        [* -> 2.0.0]
2026-10-01T15:37:22.1239224Z - rlang          [* -> 1.3.0]
2026-10-01T15:37:22.1239808Z - rmarkdown      [* -> 2.31]
2026-10-01T15:37:22.1240441Z - rprojroot      [* -> 2.1.1]
2026-10-01T15:37:22.1241083Z - S7             [* -> 0.2.2]
2026-10-01T15:37:22.1241753Z - sass           [* -> 0.4.10]
2026-10-01T15:37:22.1242469Z - scales         [* -> 1.4.0]
2026-10-01T15:37:22.1243075Z - shiny          [* -> 1.14.0]
2026-10-01T15:37:22.1243651Z - shinyAce       [* -> 0.4.4]
2026-10-01T15:37:22.1244289Z - shinytest2     [* -> 0.5.1]
2026-10-01T15:37:22.1245297Z - shinyWidgets   [* -> 0.9.1]
2026-10-01T15:37:22.1245879Z - sourcetools    [* -> 0.1.7-2]
2026-10-01T15:37:22.1246446Z - stringi        [* -> 1.8.7]
2026-10-01T15:37:22.1247021Z - stringr        [* -> 1.6.0]
2026-10-01T15:37:22.1247597Z - sys            [* -> 3.4.3]
2026-10-01T15:37:22.1248176Z - testthat       [* -> 3.3.2]
2026-10-01T15:37:22.1248739Z - tibble         [* -> 3.3.1]
2026-10-01T15:37:22.1249285Z - tidyr          [* -> 1.3.2]
2026-10-01T15:37:22.1249922Z - tidyselect     [* -> 1.2.1]
2026-10-01T15:37:22.1250496Z - tinytex        [* -> 0.60]
2026-10-01T15:37:22.1251088Z - utf8           [* -> 1.2.6]
2026-10-01T15:37:22.1251988Z - vctrs          [* -> 0.7.3]
2026-10-01T15:37:22.1252609Z - viridisLite    [* -> 0.4.3]
2026-10-01T15:37:22.1253185Z - waldo          [* -> 0.6.2]
2026-10-01T15:37:22.1253733Z - webshot2       [* -> 0.1.2]
2026-10-01T15:37:22.1254309Z - websocket      [* -> 1.4.4]
2026-10-01T15:37:22.1254877Z - withr          [* -> 3.0.3]
2026-10-01T15:37:22.1255449Z - xfun           [* -> 0.60]
2026-10-01T15:37:22.1256072Z - xtable         [* -> 1.8-8]
2026-10-01T15:37:22.1256643Z - yaml           [* -> 2.3.12]
2026-10-01T15:37:22.1257232Z - zip            [* -> 3.0.1]
2026-10-01T15:37:22.1257659Z 
2026-10-01T15:37:23.4759620Z - Querying repositories for available source packages ... Done!
2026-10-01T15:37:28.6662777Z # Downloading packages -------------------------------------------------------
2026-10-01T15:37:33.5007871Z [32m✔[0m magrittr 2.0.5                           [230 kB in 0.14s]
2026-10-01T15:37:33.5009745Z [32m✔[0m gridExtra 2.3.1                          [531 kB in 0.15s]
2026-10-01T15:37:33.5011223Z [32m✔[0m httr2 1.3.0                              [996 kB in 0.15s]
2026-10-01T15:37:33.5012243Z [32m✔[0m stringr 1.6.0                            [353 kB in 0.16s]
2026-10-01T15:37:33.5014323Z [32m✔[0m Rdpack 2.6.6                             [650 kB in 0.17s]
2026-10-01T15:37:33.5017041Z [32m✔[0m otel 0.2.0                               [287 kB in 0.17s]
2026-10-01T15:37:33.5020134Z [32m✔[0m callr 3.8.0                              [506 kB in 0.17s]
2026-10-01T15:37:33.5023260Z [32m✔[0m pkgconfig 2.0.3                          [23 kB in 0.17s]
2026-10-01T15:37:33.5026703Z [32m✔[0m crayon 1.5.3                             [169 kB in 0.17s]
2026-10-01T15:37:33.5166118Z [32m✔[0m backports 1.5.1                          [126 kB in 0.17s]
2026-10-01T15:37:33.5167895Z [32m✔[0m testthat 3.3.2                           [2.5 MB in 0.18s]
2026-10-01T15:37:33.5355384Z [32m✔[0m fastmap 1.2.0                            [142 kB in 0.17s]
2026-10-01T15:37:33.5366285Z [32m✔[0m vctrs 0.7.3                              [1.9 MB in 0.18s]
2026-10-01T15:37:33.5516639Z [32m✔[0m rlang 1.3.0                              [1.6 MB in 0.19s]
2026-10-01T15:37:33.5661902Z [32m✔[0m fontawesome 0.5.3                        [1.4 MB in 29s]
2026-10-01T15:37:33.5675430Z [32m✔[0m labeling 0.4.3                           [64 kB in 23s]
2026-10-01T15:37:33.5728453Z [32m✔[0m tinytex 0.60                             [38 kB in 19s]
2026-10-01T15:37:33.5732835Z [32m✔[0m utf8 1.2.6                               [155 kB in 26s]
2026-10-01T15:37:33.5764296Z [32m✔[0m waldo 0.6.2                              [139 kB in 23s]
2026-10-01T15:37:33.5802507Z [32m✔[0m ps 1.9.3                                 [680 kB in 26s]
2026-10-01T15:37:33.5812706Z [32m✔[0m purrr 1.2.2                              [571 kB in 27s]
2026-10-01T15:37:33.5817593Z [32m✔[0m nloptr 2.2.1                             [907 kB in 30s]
2026-10-01T15:37:33.5822069Z [32m✔[0m cachem 1.1.0                             [80 kB in 23s]
2026-10-01T15:37:33.5827765Z [32m✔[0m promises 1.5.0                           [1.7 MB in 38s]
2026-10-01T15:37:33.5835981Z [32m✔[0m xfun 0.60                                [205 kB in 36s]
2026-10-01T15:37:33.5839496Z [32m✔[0m jsonlite 2.0.0                           [1.1 MB in 27s]
2026-10-01T15:37:33.5863834Z [32m✔[0m highr 0.12                               [45 kB in 22s]
2026-10-01T15:37:33.5865459Z [32m✔[0m progress 1.2.3                           [92 kB in 25s]
2026-10-01T15:37:33.6016167Z [32m✔[0m later 1.4.8                              [475 kB in 28s]
2026-10-01T15:37:33.6046820Z [32m✔[0m prettyunits 1.2.0                        [159 kB in 23s]
2026-10-01T15:37:33.6240449Z [32m✔[0m rmarkdown 2.31                           [2.2 MB in 61s]
2026-10-01T15:37:33.6242162Z [32m✔[0m readxl 1.5.0                             [2.1 MB in 0.25s]
2026-10-01T15:37:33.6280554Z [32m✔[0m R6 2.6.1                                 [90 kB in 38s]
2026-10-01T15:37:33.6320253Z [32m✔[0m RColorBrewer 1.1-3                       [55 kB in 38s]
2026-10-01T15:37:33.6400215Z [32m✔[0m pkgload 1.5.3                            [229 kB in 38s]
2026-10-01T15:37:33.6450522Z [32m✔[0m brio 1.1.5                               [43 kB in 33s]
2026-10-01T15:37:33.6451902Z [32m✔[0m jquerylib 0.1.4                          [527 kB in 61s]
2026-10-01T15:37:33.6528261Z [32m✔[0m cellranger 1.1.0                         [110 kB in 59s]
2026-10-01T15:37:33.6529612Z [32m✔[0m knitr 1.51                               [483 kB in 65s]
2026-10-01T15:37:33.6568057Z [32m✔[0m base64enc 0.1-6                          [35 kB in 65s]
2026-10-01T15:37:33.6569445Z [32m✔[0m AsioHeaders 1.30.2-1                     [1.1 MB in 0.31s]
2026-10-01T15:37:33.6570782Z [32m✔[0m ggfortify 0.4.19                         [85 kB in 0.13s]
2026-10-01T15:37:33.6859363Z [32m✔[0m Rcpp 1.1.2                               [3.0 MB in 92s]
2026-10-01T15:37:33.6962957Z [32m✔[0m httpuv 1.6.17                            [1.1 MB in 69s]
2026-10-01T15:37:33.7091439Z [32m✔[0m tidyselect 1.2.1                         [230 kB in 40s]
2026-10-01T15:37:33.7093065Z [32m✔[0m yaml 2.3.12                              [123 kB in 41s]
2026-10-01T15:37:33.7094199Z [32m✔[0m shinyAce 0.4.4                           [2.0 MB in 0.15s]
2026-10-01T15:37:33.7095317Z [32m✔[0m curl 7.1.0                               [715 kB in 58s]
2026-10-01T15:37:33.7096401Z [32m✔[0m processx 3.9.0                           [782 kB in 59s]
2026-10-01T15:37:33.7097538Z [32m✔[0m sourcetools 0.1.7-2                      [131 kB in 36s]
2026-10-01T15:37:33.7099318Z [32m✔[0m pkgbuild 1.4.8                           [213 kB in 37s]
2026-10-01T15:37:33.7100540Z [32m✔[0m bslib 0.11.0                             [5.8 MB in 0.14s]
2026-10-01T15:37:33.7101676Z [32m✔[0m websocket 1.4.4                          [3.1 MB in 77s]
2026-10-01T15:37:33.7103071Z [32m✔[0m tibble 3.3.1                             [668 kB in 35s]
2026-10-01T15:37:33.7104292Z [32m✔[0m withr 3.0.3                              [235 kB in 49s]
2026-10-01T15:37:33.7105313Z [32m✔[0m S7 0.2.2                                 [350 kB in 50s]
2026-10-01T15:37:33.7106324Z [32m✔[0m evaluate 1.0.5                           [106 kB in 50s]
2026-10-01T15:37:33.7108498Z [32m✔[0m askpass 1.2.1                            [75 kB in 58s]
2026-10-01T15:37:33.7109488Z [32m✔[0m desc 1.4.3                               [343 kB in 60s]
2026-10-01T15:37:33.7110335Z [32m✔[0m pillar 1.11.1                            [675 kB in 55s]
2026-10-01T15:37:33.7111163Z [32m✔[0m checkmate 2.3.4                          [774 kB in 57s]
2026-10-01T15:37:33.7112012Z [32m✔[0m reformulas 0.4.4                         [161 kB in 51s]
2026-10-01T15:37:33.7112867Z [32m✔[0m shiny 1.14.0                             [4.6 MB in 98s]
2026-10-01T15:37:33.7113569Z [32m✔[0m isoband 0.3.0                            [2.0 MB in 81s]
2026-10-01T15:37:33.7114332Z [32m✔[0m pingr 2.0.5                              [63 kB in 35s]
2026-10-01T15:37:33.7115231Z [32m✔[0m RcppEigen 0.3.4.0.2                      [2.6 MB in 84s]
2026-10-01T15:37:33.7116079Z [32m✔[0m DT 0.34.0                                [2.0 MB in 85s]
2026-10-01T15:37:33.7116909Z [32m✔[0m stringi 1.8.7                            [11.9 MB in 0.24s]
2026-10-01T15:37:33.7117713Z [32m✔[0m generics 0.1.4                           [86 kB in 37s]
2026-10-01T15:37:33.7118504Z [32m✔[0m rprojroot 2.1.1                          [124 kB in 38s]
2026-10-01T15:37:33.7119303Z [32m✔[0m chromote 0.5.1                           [695 kB in 49s]
2026-10-01T15:37:33.7120084Z [32m✔[0m hms 1.1.4                                [110 kB in 34s]
2026-10-01T15:37:33.7120724Z [32m✔[0m scales 1.4.0                             [881 kB in 35s]
2026-10-01T15:37:33.7121227Z [32m✔[0m commonmark 2.0.0                         [142 kB in 46s]
2026-10-01T15:37:33.7121697Z [32m✔[0m minqa 1.2.8                              [456 kB in 47s]
2026-10-01T15:37:33.7137734Z [32m✔[0m xtable 1.8-8                             [761 kB in 41s]
2026-10-01T15:37:33.7138712Z [32m✔[0m glue 1.8.1                               [191 kB in 42s]
2026-10-01T15:37:33.7139559Z [32m✔[0m plotly 4.12.0                            [4.6 MB in 92s]
2026-10-01T15:37:33.7140405Z [32m✔[0m lazyeval 0.2.3                           [203 kB in 38s]
2026-10-01T15:37:33.7141172Z [32m✔[0m sys 3.4.3                                [47 kB in 24s]
2026-10-01T15:37:33.8249676Z [32m✔[0m ggplot2 4.0.3                            [8.5 MB in 70s]
2026-10-01T15:37:33.8328515Z [32m✔[0m cpp11 0.5.5                              [327 kB in 22s]
2026-10-01T15:37:33.8330577Z [32m✔[0m fs 2.1.0                                 [426 kB in 30s]
2026-10-01T15:37:33.8331827Z [32m✔[0m tidyr 1.3.2                              [1.3 MB in 33s]
2026-10-01T15:37:33.8332987Z [32m✔[0m rbibutils 2.4.1                          [1.0 MB in 34s]
2026-10-01T15:37:33.8365459Z [32m✔[0m rappdirs 0.3.4                           [54 kB in 31s]
2026-10-01T15:37:33.8382365Z [32m✔[0m lme4 2.0-6                               [5.8 MB in 43s]
2026-10-01T15:37:33.8399363Z [32m✔[0m rematch 2.0.0                            [21 kB in 30s]
2026-10-01T15:37:33.8416675Z [32m✔[0m viridisLite 0.4.3                        [1.3 MB in 39s]
2026-10-01T15:37:33.8432226Z [32m✔[0m cli 3.6.6                                [1.4 MB in 49s]
2026-10-01T15:37:33.8451429Z [32m✔[0m dplyr 1.2.1                              [1.6 MB in 31s]
2026-10-01T15:37:33.8466091Z [32m✔[0m praise 1.0.0                             [20 kB in 23s]
2026-10-01T15:37:33.8481549Z [32m✔[0m gtable 0.3.6                             [253 kB in 23s]
2026-10-01T15:37:33.8494473Z [32m✔[0m diffobj 0.3.8                            [471 kB in 79s]
2026-10-01T15:37:33.8507357Z [32m✔[0m data.table 1.18.4                        [6.0 MB in 80s]
2026-10-01T15:37:33.8530562Z [32m✔[0m digest 0.6.39                            [226 kB in 22s]
2026-10-01T15:37:33.8552478Z [32m✔[0m webshot2 0.1.2                           [573 kB in 0.1s]
2026-10-01T15:37:33.8565668Z [32m✔[0m sass 0.4.10                              [2.6 MB in 32s]
2026-10-01T15:37:33.8607250Z [32m✔[0m memoise 2.0.1                            [54 kB in 23s]
2026-10-01T15:37:33.8608942Z [32m✔[0m farver 2.1.2                             [1.5 MB in 27s]
2026-10-01T15:37:33.8766146Z [32m✔[0m lifecycle 1.0.5                          [151 kB in 24s]
2026-10-01T15:37:33.8768587Z [32m✔[0m htmltools 0.5.9                          [364 kB in 25s]
2026-10-01T15:37:33.8786777Z [32m✔[0m htmlwidgets 1.6.4                        [814 kB in 33s]
2026-10-01T15:37:33.8815946Z [32m✔[0m globals 0.19.1                           [177 kB in 0.13s]
2026-10-01T15:37:33.8826330Z [32m✔[0m zip 3.0.1                                [447 kB in 0.22s]
2026-10-01T15:37:33.8827974Z [32m✔[0m httr 1.4.8                               [114 kB in 28s]
2026-10-01T15:37:33.8835613Z [32m✔[0m mime 0.13                                [53 kB in 24s]
2026-10-01T15:37:33.8837004Z [32m✔[0m shinyWidgets 0.9.1                       [1.7 MB in 30s]
2026-10-01T15:37:33.8873058Z [32m✔[0m MASS 7.3-66                              [1.2 MB in 28s]
2026-10-01T15:37:33.8874047Z [32m✔[0m crosstalk 1.2.2                          [419 kB in 0.12s]
2026-10-01T15:37:33.8875528Z [32m✔[0m openssl 2.4.2                            [3.6 MB in 67s]
2026-10-01T15:37:33.8876864Z [32m✔[0m shinytest2 0.5.1                         [3.2 MB in 67s]
2026-10-01T15:37:33.8878690Z [32m✔[0m nlme 3.1-170                             [845 kB in 0.16s]
2026-10-01T15:37:34.0373852Z Successfully downloaded 113 packages in 1.4 seconds.
2026-10-01T15:37:34.0379146Z 
2026-10-01T15:37:34.0380294Z # Installing packages --------------------------------------------------------
2026-10-01T15:37:39.5493361Z [32m✔[0m AsioHeaders 1.30.2-1                     [installed binary in 1.1s]
2026-10-01T15:37:39.8644138Z [32m✔[0m backports 1.5.1                          [installed binary]
2026-10-01T15:37:40.1986677Z [32m✔[0m base64enc 0.1-6                          [installed binary]
2026-10-01T15:37:40.4993516Z [32m✔[0m brio 1.1.5                               [installed binary]
2026-10-01T15:37:40.8638591Z [32m✔[0m cli 3.6.6                                [installed binary]
2026-10-01T15:37:41.1652028Z [32m✔[0m commonmark 2.0.0                         [installed binary]
2026-10-01T15:37:41.5152813Z [32m✔[0m cpp11 0.5.5                              [installed binary]
2026-10-01T15:37:41.9103175Z [32m✔[0m crayon 1.5.3                             [installed binary]
2026-10-01T15:37:42.6849978Z [32m✔[0m digest 0.6.39                            [installed binary in 0.63s]
2026-10-01T15:37:43.0714313Z [32m✔[0m evaluate 1.0.5                           [installed binary]
2026-10-01T15:37:43.4146793Z [32m✔[0m farver 2.1.2                             [installed binary]
2026-10-01T15:37:43.8072670Z [32m✔[0m fastmap 1.2.0                            [installed binary]
2026-10-01T15:37:44.0795010Z [32m✔[0m fs 2.1.0                                 [installed binary]
2026-10-01T15:37:44.3424276Z [32m✔[0m generics 0.1.4                           [installed binary]
2026-10-01T15:37:44.7076192Z [32m✔[0m globals 0.19.1                           [installed binary]
2026-10-01T15:37:45.0184091Z [32m✔[0m glue 1.8.1                               [installed binary]
2026-10-01T15:37:45.4108768Z [32m✔[0m jsonlite 2.0.0                           [installed binary]
2026-10-01T15:37:45.7544995Z [32m✔[0m labeling 0.4.3                           [installed binary]
2026-10-01T15:37:46.1182379Z [32m✔[0m magrittr 2.0.5                           [installed binary]
2026-10-01T15:37:46.5463200Z [32m✔[0m MASS 7.3-66                              [installed binary]
2026-10-01T15:37:46.7879451Z [32m✔[0m mime 0.13                                [installed binary]
2026-10-01T15:37:47.4033298Z [32m✔[0m nloptr 2.2.1                             [installed binary]
2026-10-01T15:37:47.8875424Z [32m✔[0m otel 0.2.0                               [installed binary]
2026-10-01T15:37:48.1551785Z [32m✔[0m pkgconfig 2.0.3                          [installed binary]
2026-10-01T15:37:48.4658954Z [32m✔[0m praise 1.0.0                             [installed binary]
2026-10-01T15:37:48.9009186Z [32m✔[0m prettyunits 1.2.0                        [installed binary]
2026-10-01T15:37:49.2051644Z [32m✔[0m ps 1.9.3                                 [installed binary]
2026-10-01T15:37:49.4388483Z [32m✔[0m R6 2.6.1                                 [installed binary]
2026-10-01T15:37:49.6862808Z [32m✔[0m rappdirs 0.3.4                           [installed binary]
2026-10-01T15:37:50.2058628Z [32m✔[0m rbibutils 2.4.1                          [installed binary]
2026-10-01T15:37:50.5774005Z [32m✔[0m RColorBrewer 1.1-3                       [installed binary]
2026-10-01T15:37:54.6386207Z [32m✔[0m Rcpp 1.1.2                               [installed binary in 2.1s]
2026-10-01T15:37:55.1536039Z [32m✔[0m rematch 2.0.0                            [installed binary]
2026-10-01T15:37:55.2719604Z [32m✔[0m rlang 1.3.0                              [installed binary]
2026-10-01T15:37:55.7603201Z [32m✔[0m rprojroot 2.1.1                          [installed binary]
2026-10-01T15:37:57.5305477Z [32m✔[0m S7 0.2.2                                 [installed binary in 1.6s]
2026-10-01T15:37:58.5989649Z [32m✔[0m sourcetools 0.1.7-2                      [installed binary in 0.85s]
2026-10-01T15:38:00.8076531Z [32m✔[0m sys 3.4.3                                [installed binary in 2.1s]
2026-10-01T15:38:02.3459861Z [32m✔[0m utf8 1.2.6                               [installed binary in 1.4s]
2026-10-01T15:38:04.5425168Z [32m✔[0m viridisLite 0.4.3                        [installed binary in 1.6s]
2026-10-01T15:38:07.0233330Z [32m✔[0m withr 3.0.3                              [installed binary in 2.2s]
2026-10-01T15:39:03.0205686Z [32m✔[0m nlme 3.1-170                             [built from source in 1.3m]
2026-10-01T15:39:08.2303894Z [32m✔[0m xtable 1.8-8                             [installed binary in 5.0s]
2026-10-01T15:39:12.3897623Z [32m✔[0m yaml 2.3.12                              [installed binary in 4.0s]
2026-10-01T15:39:13.4768119Z [32m✔[0m checkmate 2.3.4                          [installed binary in 0.97s]
2026-10-01T15:39:13.5592433Z [32m✔[0m curl 7.1.0                               [built from source in 1.5m]
2026-10-01T15:39:32.3878318Z [32m✔[0m xfun 0.60                                [built from source in 29s]
2026-10-01T15:39:38.3599232Z [32m✔[0m desc 1.4.3                               [installed binary in 5.8s]
2026-10-01T15:39:42.2028344Z [32m✔[0m processx 3.9.0                           [installed binary in 3.6s]
2026-10-01T15:39:46.9919343Z [32m✔[0m Rdpack 2.6.6                             [installed binary in 4.6s]
2026-10-01T15:39:49.9554630Z [32m✔[0m minqa 1.2.8                              [installed binary in 2.8s]
2026-10-01T15:40:18.2787664Z [32m✔[0m RcppEigen 0.3.4.0.2                      [installed binary in 27s]
2026-10-01T15:40:22.5935385Z [32m✔[0m cachem 1.1.0                             [installed binary]
2026-10-01T15:40:22.5936580Z [32m✔[0m htmltools 0.5.9                          [installed binary in 1.8s]
2026-10-01T15:40:22.5937635Z [32m✔[0m isoband 0.3.0                            [installed binary]
2026-10-01T15:40:23.9722832Z [32m✔[0m later 1.4.8                              [installed binary in 2.4s]
2026-10-01T15:40:25.7327792Z [32m✔[0m lazyeval 0.2.3                           [installed binary in 1.6s]
2026-10-01T15:40:26.3314686Z [32m✔[0m lifecycle 1.0.5                          [installed binary]
2026-10-01T15:40:28.2620780Z [32m✔[0m askpass 1.2.1                            [installed binary in 1.8s]
2026-10-01T15:40:30.5637768Z [32m✔[0m highr 0.12                               [installed binary in 2.2s]
2026-10-01T15:40:30.6152443Z [32m✔[0m data.table 1.18.4                        [built from source in 2.8m]
2026-10-01T15:40:33.6688346Z [32m✔[0m callr 3.8.0                              [installed binary in 2.9s]
2026-10-01T15:40:36.5399095Z [32m✔[0m pingr 2.0.5                              [installed binary in 2.7s]
2026-10-01T15:40:37.3163908Z [32m✔[0m reformulas 0.4.4                         [installed binary in 0.64s]
2026-10-01T15:40:38.1508891Z [32m✔[0m memoise 2.0.1                            [installed binary in 0.67s]
2026-10-01T15:40:40.1278560Z [32m✔[0m fontawesome 0.5.3                        [installed binary in 1.8s]
2026-10-01T15:40:40.8154810Z [32m✔[0m jquerylib 0.1.4                          [installed binary]
2026-10-01T15:40:42.3098779Z [32m✔[0m sass 0.4.10                              [installed binary in 1.3s]
2026-10-01T15:40:43.2490207Z [32m✔[0m websocket 1.4.4                          [installed binary in 0.73s]
2026-10-01T15:40:43.9980517Z [32m✔[0m crosstalk 1.2.2                          [installed binary in 0.52s]
2026-10-01T15:40:44.4310604Z [32m✔[0m gtable 0.3.6                             [installed binary]
2026-10-01T15:40:45.0979097Z [32m✔[0m promises 1.5.0                           [installed binary]
2026-10-01T15:40:45.3897228Z [32m✔[0m scales 1.4.0                             [installed binary]
2026-10-01T15:40:45.9775797Z [32m✔[0m vctrs 0.7.3                              [installed binary]
2026-10-01T15:40:46.2992975Z [32m✔[0m openssl 2.4.2                            [installed binary]
2026-10-01T15:40:46.3315504Z [32m✔[0m diffobj 0.3.8                            [built from source in 1.2m]
2026-10-01T15:40:47.2951651Z [32m✔[0m pkgbuild 1.4.8                           [installed binary in 0.83s]
2026-10-01T15:40:50.8583307Z [32m✔[0m lme4 2.0-6                               [installed binary in 3.2s]
2026-10-01T15:40:50.9150771Z [32m✔[0m zip 3.0.1                                [built from source in 1.6m]
2026-10-01T15:40:51.5489211Z [32m✔[0m gridExtra 2.3.1                          [installed binary in 0.5s]
2026-10-01T15:40:54.0514557Z [32m✔[0m httpuv 1.6.17                            [installed binary in 2.4s]
2026-10-01T15:41:00.0032703Z [32m✔[0m ggplot2 4.0.3                            [installed binary in 5.6s]
2026-10-01T15:41:03.5152105Z [32m✔[0m hms 1.1.4                                [installed binary in 3.4s]
2026-10-01T15:41:08.6582628Z [32m✔[0m pillar 1.11.1                            [installed binary in 5.0s]
2026-10-01T15:41:09.9541087Z [32m✔[0m purrr 1.2.2                              [installed binary in 1.0s]
2026-10-01T15:41:11.0808148Z [32m✔[0m tidyselect 1.2.1                         [installed binary in 1.0s]
2026-10-01T15:41:11.1220103Z [32m✔[0m tinytex 0.60                             [built from source in 40s]
2026-10-01T15:41:12.4320381Z [32m✔[0m httr2 1.3.0                              [installed binary in 1.1s]
2026-10-01T15:41:13.1893072Z [32m✔[0m waldo 0.6.2                              [installed binary in 0.6s]
2026-10-01T15:41:14.1961629Z [32m✔[0m pkgload 1.5.3                            [installed binary in 0.9s]
2026-10-01T15:41:16.0413160Z [32m✔[0m chromote 0.5.1                           [installed binary in 1.7s]
2026-10-01T15:41:17.1215873Z [32m✔[0m progress 1.2.3                           [installed binary in 0.95s]
2026-10-01T15:41:18.3183205Z [32m✔[0m tibble 3.3.1                             [installed binary in 1.0s]
2026-10-01T15:41:19.9410251Z [32m✔[0m testthat 3.3.2                           [installed binary in 1.4s]
2026-10-01T15:41:20.4780817Z [32m✔[0m webshot2 0.1.2                           [installed binary]
2026-10-01T15:41:21.3313056Z [32m✔[0m cellranger 1.1.0                         [installed binary in 0.72s]
2026-10-01T15:41:21.8202884Z [32m✔[0m dplyr 1.2.1                              [installed binary]
2026-10-01T15:41:21.8730319Z [32m✔[0m knitr 1.51                               [built from source in 35s]
2026-10-01T15:41:21.9194543Z [32m✔[0m bslib 0.11.0                             [built from source in 31s]
2026-10-01T15:41:43.3481386Z [32m✔[0m shiny 1.14.0                             [installed binary in 21s]
2026-10-01T15:41:59.0133431Z [32m✔[0m shinyAce 0.4.4                           [installed binary in 15s]
2026-10-01T15:42:02.4736926Z [32m✔[0m shinyWidgets 0.9.1                       [installed binary in 2.7s]
2026-10-01T15:42:02.5422241Z [32m✔[0m httr 1.4.8                               [built from source in 51s]
2026-10-01T15:42:02.5874704Z [32m✔[0m rmarkdown 2.31                           [built from source in 41s]
2026-10-01T15:42:03.2310863Z [32m✔[0m htmlwidgets 1.6.4                        [installed binary]
2026-10-01T15:42:03.7368419Z [32m✔[0m shinytest2 0.5.1                         [installed binary]
2026-10-01T15:42:05.5540038Z [32m✔[0m DT 0.34.0                                [installed binary in 1.2s]
2026-10-01T15:42:05.6208104Z [32m✔[0m readxl 1.5.0                             [built from source in 44s]
2026-10-01T15:54:19.5826005Z [32m✔[0m stringi 1.8.7                            [built from source in 16m]
2026-10-01T15:54:19.9431590Z [32m✔[0m stringr 1.6.0                            [installed binary]
2026-10-01T15:54:20.3869290Z [32m✔[0m tidyr 1.3.2                              [installed binary]
2026-10-01T15:54:39.8541461Z [32m✔[0m ggfortify 0.4.19                         [built from source in 19s]
2026-10-01T15:54:42.6935970Z [32m✔[0m plotly 4.12.0                            [built from source in 22s]
2026-10-01T15:54:42.9519915Z Successfully installed 113 packages in 1000 seconds.
2026-10-01T15:54:49.8048766Z ##[end-action id=__r-lib_actions_2.__run_3;outcome=success;conclusion=success;duration_ms=1048647]
2026-10-01T15:54:49.8391771Z ##[start-action display=Don't use tar 1.30 from Rtools35 to store the cache;id=__r-lib_actions_2.__run_4]
2026-10-01T15:54:49.9673443Z ##[group]Run if command -v /c/Rtools/bin/tar && /c/Rtools/bin/tar --version | grep -q 'tar (GNU tar) 1.30'
2026-10-01T15:54:49.9674643Z [36;1mif command -v /c/Rtools/bin/tar && /c/Rtools/bin/tar --version | grep -q 'tar (GNU tar) 1.30'[0m
2026-10-01T15:54:49.9675315Z [36;1m  then echo 'C:/Program Files/Git/usr/bin' >> $GITHUB_PATH[0m
2026-10-01T15:54:49.9675734Z [36;1mfi[0m
2026-10-01T15:54:49.9775418Z shell: C:\rtools45\usr\bin\bash.EXE --noprofile --norc -e -o pipefail {0}
2026-10-01T15:54:49.9776238Z env:
2026-10-01T15:54:49.9776639Z   _R_INSTALL_TIME_PATCHES_: no
2026-10-01T15:54:49.9777125Z   RTOOLS45_HOME: C:\rtools45
2026-10-01T15:54:49.9777593Z   R_LIBS_USER: D:\a\_temp\Library
2026-10-01T15:54:49.9778086Z   TZ: UTC
2026-10-01T15:54:49.9778494Z   _R_CHECK_SYSTEM_CLOCK_: FALSE
2026-10-01T15:54:49.9778985Z   NOT_CRAN: true
2026-10-01T15:54:49.9779378Z   RSPM: https://packagemanager.posit.co/cran/latest
2026-10-01T15:54:49.9783319Z   RENV_CONFIG_REPOS_OVERRIDE: https://packagemanager.posit.co/cran/latest
2026-10-01T15:54:49.9784158Z   RENV_PATHS_ROOT: D:\a\_temp/renv
2026-10-01T15:54:49.9785031Z   LMPLOT_EXPLICIT_BOOTSTRAP: 1
2026-10-01T15:54:49.9785595Z ##[endgroup]
2026-10-01T15:54:50.1673222Z ##[end-action id=__r-lib_actions_2.__run_4;outcome=success;conclusion=success;duration_ms=327]
2026-10-01T15:54:50.1678183Z ##[start-action display=Save Renv package cache;id=__r-lib_actions_2.__actions_cache_2]
2026-10-01T15:54:50.1979728Z ##[end-action id=__r-lib_actions_2.__actions_cache_2;outcome=skipped;conclusion=skipped;duration_ms=0]
2026-10-01T15:54:50.4474178Z ##[group]Run if ($env:RUNNER_OS -eq 'Windows') {
2026-10-01T15:54:50.4475218Z [36;1mif ($env:RUNNER_OS -eq 'Windows') {[0m
2026-10-01T15:54:50.4475967Z [36;1m  $chrome = Join-Path $env:ProgramFiles 'Google\Chrome\Application\chrome.exe'[0m
2026-10-01T15:54:50.4477108Z [36;1m  if (!(Test-Path -LiteralPath $chrome)) { throw "Chrome was not found: $chrome" }[0m
2026-10-01T15:54:50.4477979Z [36;1m} else {[0m
2026-10-01T15:54:50.4478586Z [36;1m  $chrome = (Get-Command google-chrome -ErrorAction Stop).Source[0m
2026-10-01T15:54:50.4479332Z [36;1m}[0m
2026-10-01T15:54:50.4480990Z [36;1m"CHROMOTE_CHROME=$chrome" | Out-File -FilePath $env:GITHUB_ENV -Encoding utf8 -Append[0m
2026-10-01T15:54:50.5606151Z shell: C:\Program Files\PowerShell\7\pwsh.EXE -command ". '{0}'"
2026-10-01T15:54:50.5606821Z env:
2026-10-01T15:54:50.5607189Z   _R_INSTALL_TIME_PATCHES_: no
2026-10-01T15:54:50.5607647Z   RTOOLS45_HOME: C:\rtools45
2026-10-01T15:54:50.5608190Z   R_LIBS_USER: D:\a\_temp\Library
2026-10-01T15:54:50.5608653Z   TZ: UTC
2026-10-01T15:54:50.5609007Z   _R_CHECK_SYSTEM_CLOCK_: FALSE
2026-10-01T15:54:50.5609437Z   NOT_CRAN: true
2026-10-01T15:54:50.5609915Z   RSPM: https://packagemanager.posit.co/cran/latest
2026-10-01T15:54:50.5610702Z   RENV_CONFIG_REPOS_OVERRIDE: https://packagemanager.posit.co/cran/latest
2026-10-01T15:54:50.5611420Z   RENV_PATHS_ROOT: D:\a\_temp/renv
2026-10-01T15:54:50.5611874Z ##[endgroup]
2026-10-01T15:54:56.6330982Z ##[group]Run $checks = @'
2026-10-01T15:54:56.6331569Z [36;1m$checks = @'[0m
2026-10-01T15:54:56.6332087Z [36;1mstopifnot(getRversion() == "4.6.0")[0m
2026-10-01T15:54:56.6332715Z [36;1mstopifnot(isTRUE(renv::status()$synchronized))[0m
2026-10-01T15:54:56.6333476Z [36;1mrequired <- c("renv", "shiny", "plotly", "bslib", "DT", "ggplot2",[0m
2026-10-01T15:54:56.6334269Z [36;1m  "ggfortify", "lme4", "jsonlite", "shinyWidgets", "shinyAce",[0m
2026-10-01T15:54:56.6334885Z [36;1m  "testthat", "shinytest2", "chromote", "yaml")[0m
2026-10-01T15:54:56.6335406Z [36;1mstopifnot(all(vapply(required, requireNamespace, logical(1), quietly = TRUE)))[0m
2026-10-01T15:54:56.6335908Z [36;1mpackages <- installed.packages()[0m
2026-10-01T15:54:56.6336467Z [36;1mprint(packages[intersect(required, rownames(packages)), c("Package", "Version", "Built"), drop = FALSE])[0m
2026-10-01T15:54:56.6337342Z [36;1mstopifnot(file.exists(Sys.getenv("CHROMOTE_CHROME")))[0m
2026-10-01T15:54:56.6338168Z [36;1mlocal({[0m
2026-10-01T15:54:56.6338567Z [36;1m  browser <- chromote::ChromoteSession$new()[0m
2026-10-01T15:54:56.6339201Z [36;1m  on.exit(browser$close())[0m
2026-10-01T15:54:56.6339529Z [36;1m  print(browser$Browser$getVersion())[0m
2026-10-01T15:54:56.6340130Z [36;1m})[0m
2026-10-01T15:54:56.6340512Z [36;1m'@[0m
2026-10-01T15:54:56.6341216Z [36;1m# The Windows bin/Rscript.exe dispatcher truncates multiline -e input.[0m
2026-10-01T15:54:56.6342096Z [36;1m$checksPath = Join-Path $env:RUNNER_TEMP 'lmplot-ci-checks.R'[0m
2026-10-01T15:54:56.6342934Z [36;1m$checks | Set-Content -LiteralPath $checksPath -Encoding utf8[0m
2026-10-01T15:54:56.6343626Z [36;1mRscript $checksPath[0m
2026-10-01T15:54:56.6344191Z [36;1mif ($LASTEXITCODE -ne 0) { exit $LASTEXITCODE }[0m
2026-10-01T15:54:56.6444479Z shell: C:\Program Files\PowerShell\7\pwsh.EXE -command ". '{0}'"
2026-10-01T15:54:56.6445232Z env:
2026-10-01T15:54:56.6445667Z   _R_INSTALL_TIME_PATCHES_: no
2026-10-01T15:54:56.6446306Z   RTOOLS45_HOME: C:\rtools45
2026-10-01T15:54:56.6446933Z   R_LIBS_USER: D:\a\_temp\Library
2026-10-01T15:54:56.6448336Z   TZ: UTC
2026-10-01T15:54:56.6448840Z   _R_CHECK_SYSTEM_CLOCK_: FALSE
2026-10-01T15:54:56.6449492Z   NOT_CRAN: true
2026-10-01T15:54:56.6450092Z   RSPM: https://packagemanager.posit.co/cran/latest
2026-10-01T15:54:56.6451017Z   RENV_CONFIG_REPOS_OVERRIDE: https://packagemanager.posit.co/cran/latest
2026-10-01T15:54:56.6451890Z   RENV_PATHS_ROOT: D:\a\_temp/renv
2026-10-01T15:54:56.6452703Z   CHROMOTE_CHROME: C:\Program Files\Google\Chrome\Application\chrome.exe
2026-10-01T15:54:56.6453513Z ##[endgroup]
2026-10-01T15:55:03.3974961Z No issues found -- the project is in a consistent state.
2026-10-01T15:55:06.6436723Z              Package        Version 
2026-10-01T15:55:06.6438170Z renv         "renv"         "1.2.3" 
2026-10-01T15:55:06.6439041Z shiny        "shiny"        "1.14.0"
2026-10-01T15:55:06.6439885Z plotly       "plotly"       "4.12.0"
2026-10-01T15:55:06.6440787Z bslib        "bslib"        "0.11.0"
2026-10-01T15:55:06.6441624Z DT           "DT"           "0.34.0"
2026-10-01T15:55:06.6442387Z ggplot2      "ggplot2"      "4.0.3" 
2026-10-01T15:55:06.6443150Z ggfortify    "ggfortify"    "0.4.19"
2026-10-01T15:55:06.6443929Z lme4         "lme4"         "2.0-6" 
2026-10-01T15:55:06.6444785Z jsonlite     "jsonlite"     "2.0.0" 
2026-10-01T15:55:06.6446531Z shinyWidgets "shinyWidgets" "0.9.1" 
2026-10-01T15:55:06.6447595Z shinyAce     "shinyAce"     "0.4.4" 
2026-10-01T15:55:06.6448363Z testthat     "testthat"     "3.3.2" 
2026-10-01T15:55:06.6449106Z shinytest2   "shinytest2"   "0.5.1" 
2026-10-01T15:55:06.6450140Z chromote     "chromote"     "0.5.1" 
2026-10-01T15:55:06.6450978Z yaml         "yaml"         "2.3.12"
2026-10-01T15:55:06.6451896Z              Built                                                          
2026-10-01T15:55:06.6453044Z renv         "R 4.6.0; ; 2026-10-01 15:37:06 UTC; windows"                  
2026-10-01T15:55:06.6480447Z shiny        "R 4.6.0; ; 2026-06-22 05:40:43 UTC; windows"                  
2026-10-01T15:55:06.6481676Z plotly       "R 4.6.0; ; 2026-10-01 15:54:22 UTC; windows"                  
2026-10-01T15:55:06.6482582Z bslib        "R 4.6.0; ; 2026-10-01 15:40:54 UTC; windows"                  
2026-10-01T15:55:06.6483407Z DT           "R 4.6.0; ; 2026-04-23 23:28:03 UTC; windows"                  
2026-10-01T15:55:06.6484256Z ggplot2      "R 4.6.0; ; 2026-04-23 23:02:08 UTC; windows"                  
2026-10-01T15:55:06.6485158Z ggfortify    "R 4.6.0; ; 2026-10-01 15:54:21 UTC; windows"                  
2026-10-01T15:55:06.6486056Z lme4         "R 4.6.0; x86_64-w64-mingw32; 2026-07-25 06:12:31 UTC; windows"
2026-10-01T15:55:06.6486948Z jsonlite     "R 4.6.0; x86_64-w64-mingw32; 2026-04-23 22:39:43 UTC; windows"
2026-10-01T15:55:06.6487857Z shinyWidgets "R 4.6.0; ; 2026-04-23 23:21:35 UTC; windows"                  
2026-10-01T15:55:06.6488756Z shinyAce     "R 4.6.0; ; 2026-04-24 18:36:25 UTC; windows"                  
2026-10-01T15:55:06.6489622Z testthat     "R 4.6.0; x86_64-w64-mingw32; 2026-04-23 23:21:46 UTC; windows"
2026-10-01T15:55:06.6490812Z shinytest2   "R 4.6.0; x86_64-w64-mingw32; 2026-05-07 07:31:51 UTC; windows"
2026-10-01T15:55:06.6491691Z chromote     "R 4.6.0; ; 2026-04-23 23:04:13 UTC; windows"                  
2026-10-01T15:55:06.6492535Z yaml         "R 4.6.0; x86_64-w64-mingw32; 2026-04-23 22:45:39 UTC; windows"
2026-10-01T15:55:15.8850464Z $protocolVersion
2026-10-01T15:55:15.9371223Z [1] "1.3"
2026-10-01T15:55:15.9372702Z 
2026-10-01T15:55:15.9373306Z $product
2026-10-01T15:55:15.9374045Z [1] "Chrome/154.0.8037.58"
2026-10-01T15:55:15.9374631Z 
2026-10-01T15:55:15.9375000Z $revision
2026-10-01T15:55:15.9375822Z [1] "@a654841425914cbb703a2931e07b70a83aedbafd"
2026-10-01T15:55:15.9376544Z 
2026-10-01T15:55:15.9377031Z $userAgent
2026-10-01T15:55:15.9378782Z [1] "Mozilla/5.0 (Windows NT 10.0; Win64; x64) AppleWebKit/537.36 (KHTML, like Gecko) HeadlessChrome/154.0.0.0 Safari/537.36"
2026-10-01T15:55:15.9380427Z 
2026-10-01T15:55:15.9380881Z $jsVersion
2026-10-01T15:55:15.9381649Z [1] "15.4.80.11"
2026-10-01T15:55:15.9382268Z 
2026-10-01T15:55:16.2934611Z ##[group]Run $tests = @'
2026-10-01T15:55:16.2935132Z [36;1m$tests = @'[0m
2026-10-01T15:55:16.2935764Z [36;1mresults <- testthat::test_dir('tests', reporter='summary', stop_on_failure=FALSE)[0m
2026-10-01T15:55:16.2936573Z [36;1mevidence <- as.data.frame(results)[0m
2026-10-01T15:55:16.2937375Z [36;1mevidence <- evidence[c("file", "test", "failed", "error", "warning", "skipped", "passed")][0m
2026-10-01T15:55:16.2938541Z [36;1mevidence_dir <- file.path(Sys.getenv("RUNNER_TEMP", unset=tempdir()), "lmplot-test-evidence")[0m
2026-10-01T15:55:16.2939558Z [36;1mdir.create(evidence_dir, recursive=TRUE, showWarnings=FALSE)[0m
2026-10-01T15:55:16.2940428Z [36;1mwrite.csv(evidence, file.path(evidence_dir, "results.csv"), row.names=FALSE)[0m
2026-10-01T15:55:16.2941162Z [36;1mprint(evidence)[0m
2026-10-01T15:55:16.2941789Z [36;1mstopifnot(!any(evidence$failed > 0L | evidence$error | evidence$skipped))[0m
2026-10-01T15:55:16.2942497Z [36;1m'@[0m
2026-10-01T15:55:16.2943034Z [36;1m$testsPath = Join-Path $env:RUNNER_TEMP 'lmplot-ci-tests.R'[0m
2026-10-01T15:55:16.2943825Z [36;1m$tests | Set-Content -LiteralPath $testsPath -Encoding utf8[0m
2026-10-01T15:55:16.2944326Z [36;1mRscript $testsPath[0m
2026-10-01T15:55:16.2944603Z [36;1mif ($LASTEXITCODE -ne 0) { exit $LASTEXITCODE }[0m
2026-10-01T15:55:16.3038676Z shell: C:\Program Files\PowerShell\7\pwsh.EXE -command ". '{0}'"
2026-10-01T15:55:16.3039060Z env:
2026-10-01T15:55:16.3039277Z   _R_INSTALL_TIME_PATCHES_: no
2026-10-01T15:55:16.3039583Z   RTOOLS45_HOME: C:\rtools45
2026-10-01T15:55:16.3039815Z   R_LIBS_USER: D:\a\_temp\Library
2026-10-01T15:55:16.3040045Z   TZ: UTC
2026-10-01T15:55:16.3040221Z   _R_CHECK_SYSTEM_CLOCK_: FALSE
2026-10-01T15:55:16.3040446Z   NOT_CRAN: true
2026-10-01T15:55:16.3040705Z   RSPM: https://packagemanager.posit.co/cran/latest
2026-10-01T15:55:16.3041148Z   RENV_CONFIG_REPOS_OVERRIDE: https://packagemanager.posit.co/cran/latest
2026-10-01T15:55:16.3041586Z   RENV_PATHS_ROOT: D:\a\_temp/renv
2026-10-01T15:55:16.3041940Z   CHROMOTE_CHROME: C:\Program Files\Google\Chrome\Application\chrome.exe
2026-10-01T15:55:16.3042310Z   LMPLOT_TRUSTED_LOCAL: 
2026-10-01T15:55:16.3042525Z ##[endgroup]
2026-10-01T15:55:26.3662389Z acceptance: .........................................................................................................................
2026-10-01T15:55:28.1460611Z accessibility: .................................
2026-10-01T15:55:29.4863781Z analysis_request: ..............................................................................................................................................................................................................
2026-10-01T15:57:14.9004159Z app: .........................................................
2026-10-01T15:57:15.1949185Z app_structure: ............
2026-10-01T15:57:21.8822524Z ci_scripts: .........................................
2026-10-01T15:57:45.3918850Z cli_contract: ....................................................................................................................................................................................................
2026-10-01T15:57:45.4125015Z config: ..
2026-10-01T15:58:17.7674592Z data_provenance_browser: ............................................................................................................
2026-10-01T15:58:18.0594123Z deployment: ...............................................................................
2026-10-01T15:58:18.8180078Z eli5: ....................................................................................................
2026-10-01T15:58:18.8852874Z example_manifest: ............
2026-10-01T15:58:19.0009782Z example_sources: ............
2026-10-01T15:58:21.4157697Z examples: ................................................................................................
2026-10-01T15:58:49.7561847Z link_browser: ..
2026-10-01T15:58:51.0222492Z model: ....................................................................................................................................................
2026-10-01T15:58:55.2961506Z model_brain: ....................................................................................................................................................................................................................................................................
2026-10-01T15:59:29.8063566Z model_brain_contract: .........................................................................................................................................................................................................................................................................................................................................................................................................................................................................................................................................................................................................................................................................................................................................................................................................................................................................................................................................................................................................................................................................................................................................................................................................................................................................................................................................................................................................................................................................................................................................................................................................................................................................................................................................................................................................................................................................................................................................................................................................................................................................................................................................................................................................................................................................................................................................................................................................................................................................................................................................................................................................................................................................................................................................................................................................................................................................................................................................................................................................................................................................................................................................................................................................................................................................................................................................................................................................................................................................................................................................................................................................................................................................................................................................................................................................................................................................................................................................................................................................................................................................................................................................................................................................................................................................................................................................................................................................................................................................................................................................................................................................................................................................................................................................................................................................................................................................................................................................................................................................................................................................................................................................................................................................................................................................................................................................................................................................................................................................................................................................................................................................................................................................................................................................................................................................................................................................................................................................................................................................................................................................................................................................................................................................................................................................................................................................................................................................................................................................................................................................................................................................................................................................................................................................................................................................................................................................................................................................................................................................................................................................................................................................................................................................................................................................................................................................................................................................................................................................................................................................................................................................................................................................................................................................................................................................................................................................................................................................................................................................................................................................................................................................................................................................................................................................................................................................................................................................................................................................................................................................................................................................................................................................................................................................................................................................................................................................................................................................................................................................................................................................................................................................................................................................................................................................
2026-10-01T15:59:29.8109654Z MODEL_BRAIN_BUDGET elapsed=0.320 seconds bytes=33598128
2026-10-01T15:59:33.1116679Z .....
2026-10-01T15:59:49.5075643Z model_brain_ui: .........................................................................................................................................................................................
2026-10-01T15:59:50.3912639Z model_diagnostics: .......................................................................
2026-10-01T15:59:50.4535130Z model_fitting: ....
2026-10-01T16:00:01.6004076Z pipeline: .........................................................................................................................................................
2026-10-01T16:00:04.3228385Z production_entrypoints: .........
2026-10-01T16:00:04.9931814Z real_data_acceptance: ..................................................
2026-10-01T16:00:24.8814699Z release: .........................................................................................................................................
2026-10-01T16:01:28.3158542Z scientific_copy: .....................................................................................................................
2026-10-01T16:01:31.0590811Z scientific_copy_tables: ................
2026-10-01T16:02:16.1265691Z scientific_metadata: ...............................................................................................................................................................................................................
2026-10-01T16:03:56.2988396Z server: .....................................................................................................................................................
2026-10-01T16:04:00.0414388Z shiny_modules: .................................................
2026-10-01T16:04:00.5615772Z simulation: ..............................................................................................
2026-10-01T16:04:02.8100101Z visualization: ........................................................................................................................
2026-10-01T16:04:02.8105896Z 
2026-10-01T16:04:02.8303318Z ══ DONE ════════════════════════════════════════════════════════════════════════
2026-10-01T16:04:03.7519155Z                               file
2026-10-01T16:04:03.7524200Z 1                test_acceptance.R
2026-10-01T16:04:03.7525468Z 2             test_accessibility.R
2026-10-01T16:04:03.7526360Z 3             test_accessibility.R
2026-10-01T16:04:03.7527235Z 4             test_accessibility.R
2026-10-01T16:04:03.7528511Z 5          test_analysis_request.R
2026-10-01T16:04:03.7529383Z 6          test_analysis_request.R
2026-10-01T16:04:03.7530242Z 7          test_analysis_request.R
2026-10-01T16:04:03.7531218Z 8          test_analysis_request.R
2026-10-01T16:04:03.7532438Z 9          test_analysis_request.R
2026-10-01T16:04:03.7533345Z 10                      test_app.R
2026-10-01T16:04:03.7534131Z 11                      test_app.R
2026-10-01T16:04:03.7534886Z 12                      test_app.R
2026-10-01T16:04:03.7535624Z 13                      test_app.R
2026-10-01T16:04:03.7536374Z 14            test_app_structure.R
2026-10-01T16:04:03.7537180Z 15               test_ci_scripts.R
2026-10-01T16:04:03.7537936Z 16               test_ci_scripts.R
2026-10-01T16:04:03.7538754Z 17             test_cli_contract.R
2026-10-01T16:04:03.7539505Z 18             test_cli_contract.R
2026-10-01T16:04:03.7540220Z 19             test_cli_contract.R
2026-10-01T16:04:03.7540808Z 20             test_cli_contract.R
2026-10-01T16:04:03.7541426Z 21             test_cli_contract.R
2026-10-01T16:04:03.7542077Z 22             test_cli_contract.R
2026-10-01T16:04:03.7542692Z 23             test_cli_contract.R
2026-10-01T16:04:03.7543816Z 24             test_cli_contract.R
2026-10-01T16:04:03.7544411Z 25             test_cli_contract.R
2026-10-01T16:04:03.7545017Z 26             test_cli_contract.R
2026-10-01T16:04:03.7545642Z 27             test_cli_contract.R
2026-10-01T16:04:03.7546215Z 28             test_cli_contract.R
2026-10-01T16:04:03.7546748Z 29             test_cli_contract.R
2026-10-01T16:04:03.7548180Z 30             test_cli_contract.R
2026-10-01T16:04:03.7549187Z 31             test_cli_contract.R
2026-10-01T16:04:03.7550996Z 32             test_cli_contract.R
2026-10-01T16:04:03.7551584Z 33             test_cli_contract.R
2026-10-01T16:04:03.7553083Z 34                   test_config.R
2026-10-01T16:04:03.7888104Z 35  test_data_provenance_browser.R
2026-10-01T16:04:03.7889049Z 36               test_deployment.R
2026-10-01T16:04:03.7891470Z 37               test_deployment.R
2026-10-01T16:04:03.7893363Z 38               test_deployment.R
2026-10-01T16:04:03.7897160Z 39               test_deployment.R
2026-10-01T16:04:03.7899402Z 40                     test_eli5.R
2026-10-01T16:04:03.7902577Z 41                     test_eli5.R
2026-10-01T16:04:03.7911287Z 42                     test_eli5.R
2026-10-01T16:04:03.7913886Z 43         test_example_manifest.R
2026-10-01T16:04:03.7916196Z 44         test_example_manifest.R
2026-10-01T16:04:03.7921030Z 45          test_example_sources.R
2026-10-01T16:04:03.7922241Z 46          test_example_sources.R
2026-10-01T16:04:03.7923394Z 47                 test_examples.R
2026-10-01T16:04:03.7924519Z 48                 test_examples.R
2026-10-01T16:04:03.7925470Z 49                 test_examples.R
2026-10-01T16:04:03.7927233Z 50                 test_examples.R
2026-10-01T16:04:03.7928491Z 51                 test_examples.R
2026-10-01T16:04:03.7929054Z 52                 test_examples.R
2026-10-01T16:04:03.7929593Z 53                 test_examples.R
2026-10-01T16:04:03.7930134Z 54                 test_examples.R
2026-10-01T16:04:03.7930679Z 55             test_link_browser.R
2026-10-01T16:04:03.7931532Z 56                    test_model.R
2026-10-01T16:04:03.7932054Z 57                    test_model.R
2026-10-01T16:04:03.7932571Z 58                    test_model.R
2026-10-01T16:04:03.7933101Z 59                    test_model.R
2026-10-01T16:04:03.7933623Z 60                    test_model.R
2026-10-01T16:04:03.7934133Z 61                    test_model.R
2026-10-01T16:04:03.7934651Z 62                    test_model.R
2026-10-01T16:04:03.7935168Z 63                    test_model.R
2026-10-01T16:04:03.7935683Z 64                    test_model.R
2026-10-01T16:04:03.7936210Z 65              test_model_brain.R
2026-10-01T16:04:03.7936736Z 66              test_model_brain.R
2026-10-01T16:04:03.7937268Z 67              test_model_brain.R
2026-10-01T16:04:03.7937799Z 68              test_model_brain.R
2026-10-01T16:04:03.7938306Z 69              test_model_brain.R
2026-10-01T16:04:03.7938838Z 70              test_model_brain.R
2026-10-01T16:04:03.7939355Z 71              test_model_brain.R
2026-10-01T16:04:03.7941060Z 72     test_model_brain_contract.R
2026-10-01T16:04:03.7941553Z 73     test_model_brain_contract.R
2026-10-01T16:04:03.7942097Z 74     test_model_brain_contract.R
2026-10-01T16:04:03.7942583Z 75     test_model_brain_contract.R
2026-10-01T16:04:03.7943177Z 76     test_model_brain_contract.R
2026-10-01T16:04:03.7944704Z 77     test_model_brain_contract.R
2026-10-01T16:04:03.7945303Z 78     test_model_brain_contract.R
2026-10-01T16:04:03.7945848Z 79     test_model_brain_contract.R
2026-10-01T16:04:03.7946445Z 80     test_model_brain_contract.R
2026-10-01T16:04:03.7947028Z 81     test_model_brain_contract.R
2026-10-01T16:04:03.7947609Z 82     test_model_brain_contract.R
2026-10-01T16:04:03.7948245Z 83     test_model_brain_contract.R
2026-10-01T16:04:03.7948833Z 84           test_model_brain_ui.R
2026-10-01T16:04:03.7949402Z 85           test_model_brain_ui.R
2026-10-01T16:04:03.7949962Z 86           test_model_brain_ui.R
2026-10-01T16:04:03.7950589Z 87           test_model_brain_ui.R
2026-10-01T16:04:03.7951155Z 88           test_model_brain_ui.R
2026-10-01T16:04:03.7951720Z 89           test_model_brain_ui.R
2026-10-01T16:04:03.7952285Z 90        test_model_diagnostics.R
2026-10-01T16:04:03.7952863Z 91        test_model_diagnostics.R
2026-10-01T16:04:03.7953453Z 92        test_model_diagnostics.R
2026-10-01T16:04:03.7954024Z 93        test_model_diagnostics.R
2026-10-01T16:04:03.7954612Z 94        test_model_diagnostics.R
2026-10-01T16:04:03.7955189Z 95        test_model_diagnostics.R
2026-10-01T16:04:03.7955760Z 96        test_model_diagnostics.R
2026-10-01T16:04:03.7956263Z 97        test_model_diagnostics.R
2026-10-01T16:04:03.7956720Z 98            test_model_fitting.R
2026-10-01T16:04:03.7957258Z 99            test_model_fitting.R
2026-10-01T16:04:03.7957826Z 100           test_model_fitting.R
2026-10-01T16:04:03.7958387Z 101           test_model_fitting.R
2026-10-01T16:04:03.7958938Z 102                test_pipeline.R
2026-10-01T16:04:03.7959574Z 103                test_pipeline.R
2026-10-01T16:04:03.7960177Z 104                test_pipeline.R
2026-10-01T16:04:03.7960728Z 105                test_pipeline.R
2026-10-01T16:04:03.7961314Z 106                test_pipeline.R
2026-10-01T16:04:03.7961861Z 107                test_pipeline.R
2026-10-01T16:04:03.7962413Z 108                test_pipeline.R
2026-10-01T16:04:03.7962965Z 109                test_pipeline.R
2026-10-01T16:04:03.7963797Z 110  test_production_entrypoints.R
2026-10-01T16:04:03.7964449Z 111    test_real_data_acceptance.R
2026-10-01T16:04:03.7964994Z 112                 test_release.R
2026-10-01T16:04:03.7965558Z 113                 test_release.R
2026-10-01T16:04:03.7966102Z 114                 test_release.R
2026-10-01T16:04:03.7966633Z 115                 test_release.R
2026-10-01T16:04:03.7967191Z 116                 test_release.R
2026-10-01T16:04:03.7967722Z 117                 test_release.R
2026-10-01T16:04:03.7968243Z 118                 test_release.R
2026-10-01T16:04:03.7969027Z 119                 test_release.R
2026-10-01T16:04:03.7969524Z 120                 test_release.R
2026-10-01T16:04:03.7970076Z 121                 test_release.R
2026-10-01T16:04:03.7970576Z 122                 test_release.R
2026-10-01T16:04:03.7971100Z 123                 test_release.R
2026-10-01T16:04:03.7971559Z 124                 test_release.R
2026-10-01T16:04:03.7972069Z 125                 test_release.R
2026-10-01T16:04:03.7972636Z 126                 test_release.R
2026-10-01T16:04:03.7973185Z 127         test_scientific_copy.R
2026-10-01T16:04:03.7973750Z 128         test_scientific_copy.R
2026-10-01T16:04:03.7974360Z 129         test_scientific_copy.R
2026-10-01T16:04:03.7974876Z 130         test_scientific_copy.R
2026-10-01T16:04:03.7975428Z 131  test_scientific_copy_tables.R
2026-10-01T16:04:03.7975977Z 132  test_scientific_copy_tables.R
2026-10-01T16:04:03.7976500Z 133     test_scientific_metadata.R
2026-10-01T16:04:03.7977035Z 134     test_scientific_metadata.R
2026-10-01T16:04:03.7977803Z 135     test_scientific_metadata.R
2026-10-01T16:04:03.7978392Z 136     test_scientific_metadata.R
2026-10-01T16:04:03.7978965Z 137     test_scientific_metadata.R
2026-10-01T16:04:03.7979530Z 138                  test_server.R
2026-10-01T16:04:03.7980134Z 139                  test_server.R
2026-10-01T16:04:03.7980682Z 140                  test_server.R
2026-10-01T16:04:03.7981186Z 141                  test_server.R
2026-10-01T16:04:03.7981725Z 142                  test_server.R
2026-10-01T16:04:03.7982315Z 143                  test_server.R
2026-10-01T16:04:03.7982849Z 144           test_shiny_modules.R
2026-10-01T16:04:03.7983428Z 145           test_shiny_modules.R
2026-10-01T16:04:03.7984265Z 146           test_shiny_modules.R
2026-10-01T16:04:03.7984830Z 147           test_shiny_modules.R
2026-10-01T16:04:03.7985441Z 148           test_shiny_modules.R
2026-10-01T16:04:03.7986009Z 149           test_shiny_modules.R
2026-10-01T16:04:03.7986565Z 150           test_shiny_modules.R
2026-10-01T16:04:03.7987020Z 151           test_shiny_modules.R
2026-10-01T16:04:03.7987542Z 152              test_simulation.R
2026-10-01T16:04:03.7988099Z 153              test_simulation.R
2026-10-01T16:04:03.7988684Z 154              test_simulation.R
2026-10-01T16:04:03.7989221Z 155              test_simulation.R
2026-10-01T16:04:03.7989709Z 156              test_simulation.R
2026-10-01T16:04:03.7990206Z 157              test_simulation.R
2026-10-01T16:04:03.7990703Z 158              test_simulation.R
2026-10-01T16:04:03.7991187Z 159              test_simulation.R
2026-10-01T16:04:03.7991683Z 160              test_simulation.R
2026-10-01T16:04:03.7992172Z 161           test_visualization.R
2026-10-01T16:04:03.7992710Z 162           test_visualization.R
2026-10-01T16:04:03.7993286Z 163           test_visualization.R
2026-10-01T16:04:03.7993842Z 164           test_visualization.R
2026-10-01T16:04:03.7995352Z 165           test_visualization.R
2026-10-01T16:04:03.7995989Z 166           test_visualization.R
2026-10-01T16:04:03.7996489Z 167           test_visualization.R
2026-10-01T16:04:03.7997042Z 168           test_visualization.R
2026-10-01T16:04:03.7997619Z 169           test_visualization.R
2026-10-01T16:04:03.7998191Z 170           test_visualization.R
2026-10-01T16:04:03.7998748Z 171           test_visualization.R
2026-10-01T16:04:03.7999324Z 172           test_visualization.R
2026-10-01T16:04:03.7999877Z 173           test_visualization.R
2026-10-01T16:04:03.8000454Z 174           test_visualization.R
2026-10-01T16:04:03.8000998Z 175           test_visualization.R
2026-10-01T16:04:03.8001686Z                                                                                        test
2026-10-01T16:04:03.8002536Z 1                                              the complete beta matrix executes end to end
2026-10-01T16:04:03.8003657Z 2                    semantic shell and Brain chart alternatives resolve their descriptions
2026-10-01T16:04:03.8006078Z 3         large chart alternatives explicitly preview rows and keep the table data separate
2026-10-01T16:04:03.8007401Z 4            local typography and selected scientific colors meet declared contrast targets
2026-10-01T16:04:03.8008581Z 5                            request defaults are normalized without accepting extra fields
2026-10-01T16:04:03.8009673Z 6                               request rejects malformed objects and required scalar types
2026-10-01T16:04:03.8010517Z 7                                      link grid and source presence are strictly validated
2026-10-01T16:04:03.8011316Z 8                             simulation validates nested keys types and every public bound
2026-10-01T16:04:03.8012126Z 9                           Expert requires the exact schema and a trusted local capability
2026-10-01T16:04:03.8012958Z 10                          browser log classification uses strict levels and warning pairs
2026-10-01T16:04:03.8013823Z 11                              the public modular app completes its browser smoke workflow
2026-10-01T16:04:03.8014884Z 12                          browser service failure retains plot and download then recovers
2026-10-01T16:04:03.8015851Z 13                   keyboard workflow and observed Plotly clicks share the Brain selection
2026-10-01T16:04:03.8016883Z 14          public shell exposes four workflows, semantic landmarks and namespaced controls
2026-10-01T16:04:03.8017942Z 15               both CI R steps execute later lines and propagate their failure on Windows
2026-10-01T16:04:03.8019003Z 16               CI saves complete test evidence before failing for errors or skipped tests
2026-10-01T16:04:03.8019991Z 17                     CLI returns the versioned complete result from any working directory
2026-10-01T16:04:03.8021146Z 18                          serialized Brain contributions retain reconstructible precision
2026-10-01T16:04:03.8022277Z 19                            CLI exports out-of-domain grid predictions as explained nulls
2026-10-01T16:04:03.8023358Z 20                                   CLI classifies malformed and forbidden public requests
2026-10-01T16:04:03.8024974Z 21                                CLI requires exactly two arguments and keeps stdout empty
2026-10-01T16:04:03.8026028Z 22                       extra CLI arguments write an error to the identifiable second path
2026-10-01T16:04:03.8027244Z 23          sourced CLI classifies dependency and analysis failures without leaking details
2026-10-01T16:04:03.8028714Z 24                   CLI handles unavailable jsonlite and lme4 without runtime installation
2026-10-01T16:04:03.8029896Z 25                       serialization and mapping failures produce a fixed exit-4 envelope
2026-10-01T16:04:03.8031030Z 26                               CLI leaves absent output parents absent and reports exit 4
2026-10-01T16:04:03.8032140Z 27                                      CLI handles dependency errors during module loading
2026-10-01T16:04:03.8033282Z 28                 headless CLI works with Shiny present and optional UI addons unavailable
2026-10-01T16:04:03.8034756Z 29                     CLI handles request I/O and keeps original serialization diagnostics
2026-10-01T16:04:03.8035907Z 30                            CLI exports real-data identity and GLMM unavailable intervals
2026-10-01T16:04:03.8037128Z 31                 CLI validates the Brain once and retains one-item arrays and factor text
2026-10-01T16:04:03.8038625Z 32                     JSON sanitizer preserves row and array positions with explicit nulls
2026-10-01T16:04:03.8039864Z 33                  atomic writer uses one replacement and never moves the old output aside
2026-10-01T16:04:03.8040943Z 34                                                                    beta version is exact
2026-10-01T16:04:03.8042331Z 35                  Data filters remain operable without focusing or exposing sizing copies
2026-10-01T16:04:03.8043523Z 36                       the shipped runtime contains only the maintained Shiny application
2026-10-01T16:04:03.8045239Z 37                                ignore configuration retires Python deployment exclusions
2026-10-01T16:04:03.8046501Z 38            the image builds locked dependencies and starts Shiny without privileged init
2026-10-01T16:04:03.8048042Z 39                      Compose bounds an immutable non-root service on an internal network
2026-10-01T16:04:03.8049273Z 40                coefficient copy uses link-specific associations and conditional p-values
2026-10-01T16:04:03.8050803Z 41                           Guided interpretation is deterministic for all 15 combinations
2026-10-01T16:04:03.8051939Z 42                                   Guided interpretation renders an English public module
2026-10-01T16:04:03.8052996Z 43                                       real-data manifest covers the seven models exactly
2026-10-01T16:04:03.8054266Z 44                         real-data manifest records deterministic preprocessing summaries
2026-10-01T16:04:03.8055497Z 45                                                         SHA-256 helper hashes file bytes
2026-10-01T16:04:03.8056491Z 46                                        all reviewed sources exist and match the manifest
2026-10-01T16:04:03.8057790Z 47                                                prepared examples load, validate, and fit
2026-10-01T16:04:03.8058735Z 48                                            prepared examples satisfy their exact domains
2026-10-01T16:04:03.8059679Z 49                                   each model resolves to its assigned scientific example
2026-10-01T16:04:03.8060571Z 50                               prepared examples retain exact source-role display columns
2026-10-01T16:04:03.8061451Z 51                               example metadata retains exact scientific labels and units
2026-10-01T16:04:03.8062413Z 52                           real examples expose scientific plots and enriched diagnostics
2026-10-01T16:04:03.8063336Z 53                                       GLMM example omits the unreadable 65-school legend
2026-10-01T16:04:03.8064679Z 54                                 all source hashes pass before any builder or writer runs
2026-10-01T16:04:03.8065717Z 55                          same-default model switch fits the link selected in the browser
2026-10-01T16:04:03.8069331Z 56                                              registry exposes the beta acceptance matrix
2026-10-01T16:04:03.8070530Z 57                                                 invalid models and links fail explicitly
2026-10-01T16:04:03.8071729Z 58                            every beta combination fits and returns response-scale values
2026-10-01T16:04:03.8072887Z 59                               Poisson identity fits the documented acceptance simulation
2026-10-01T16:04:03.8074761Z 60                            fit_model validates GLMM groups without relying on simulation
2026-10-01T16:04:03.8090197Z 61               extract_model_kpis and extract_coefficient_table return structured metrics
2026-10-01T16:04:03.8091330Z 62             model_latex_formula returns LaTeX formula for all 15 model/link combinations
2026-10-01T16:04:03.8092477Z 63                             format_pval and get_pval_sig_class return significance tiers
2026-10-01T16:04:03.8093546Z 64                            residual diagnostics flag curvature without claiming adequacy
2026-10-01T16:04:03.8094580Z 65                                          all 15 model/link cases reproduce R predictions
2026-10-01T16:04:03.8095511Z 66                               observation records preserve residuals and term arithmetic
2026-10-01T16:04:03.8096490Z 67                 observation IDs prefer a valid business ID and otherwise use row numbers
2026-10-01T16:04:03.8097527Z 68                                 tolerance is scaled without weakening its absolute floor
2026-10-01T16:04:03.8100802Z 69                                             labels are normalized without inferred units
2026-10-01T16:04:03.8101886Z 70                                  lme4 GLMM modes use the fitted random intercept exactly
2026-10-01T16:04:03.8106029Z 71                                      legacy nlme and fixed-factor GLMM fits are rejected
2026-10-01T16:04:03.8107179Z 72                  all registry cases produce complete valid contracts and exact intervals
2026-10-01T16:04:03.8108336Z 73                          schema and arithmetic mutations cannot be accepted or sanitized
2026-10-01T16:04:03.8109506Z 74       selection is a strict pure lookup and default is the median conditional prediction
2026-10-01T16:04:03.8110744Z 75      record collections cannot become keyed objects and scalar values cannot be matrices
2026-10-01T16:04:03.8111990Z 76                   builder rejects changed fitted rows and invalid label or mode requests
2026-10-01T16:04:03.8113751Z 77              schema records contain only their names attribute before JSON serialization
2026-10-01T16:04:03.8114961Z 78                      link curve values must remain plain numeric vectors for JSON arrays
2026-10-01T16:04:03.8117873Z 79                      GLMM source groups match fitted rows independently of factor levels
2026-10-01T16:04:03.8119144Z 80                         GLMM group summary ordering is independent of factor level order
2026-10-01T16:04:03.8123709Z 81              GLMM always contains both modes and rejects legacy fits and malformed pairs
2026-10-01T16:04:03.8124939Z 82                   analysis builds and validates exactly once and navigation never refits
2026-10-01T16:04:03.8273482Z 83               warnings are ordered records and the 5000-row contract stays within budget
2026-10-01T16:04:03.8274886Z 84                   chart CSV retains double precision and explicit missing numeric values
2026-10-01T16:04:03.8276201Z 85               Brain renderers preserve stored contributions, intervals and curve samples
2026-10-01T16:04:03.8282890Z 86          GLMM group alternatives retain every group and mark population effects inactive
2026-10-01T16:04:03.8284208Z 87                           all supported Brain renderers need no scientific recomputation
2026-10-01T16:04:03.8288984Z 88         selection is shared, generation guarded and navigation never recomputes analysis
2026-10-01T16:04:03.8290294Z 89                 GLMM mode changes preserve source identity and select stored mode values
2026-10-01T16:04:03.8291373Z 90                                      LM metrics retain neutral numeric comparison values
2026-10-01T16:04:03.8292378Z 91                         GLM metrics use Pearson dispersion and preserve undefined values
2026-10-01T16:04:03.8293480Z 92                       coefficient intervals use LM t limits and GLM labelled Wald limits
2026-10-01T16:04:03.8296746Z 93                             LM and GLM intervals target mean responses and preserve rows
2026-10-01T16:04:03.8298749Z 94         inverse and sqrt link intervals cannot reverse bounds or cross a branch silently
2026-10-01T16:04:03.8299976Z 95                        GLMM correlations separate population and conditional predictions
2026-10-01T16:04:03.8304984Z 96                family diagnostic strategies return information without validity verdicts
2026-10-01T16:04:03.8306248Z 97                 GLMM diagnostics expose optimizer messages singularity and unknown codes
2026-10-01T16:04:03.8310873Z 98                                       every registry entry resolves a named fit strategy
2026-10-01T16:04:03.8312308Z 99                                 GLMM reports a dependency error when lme4 is unavailable
2026-10-01T16:04:03.8313331Z 100                                                GLMM never returns an lm or lme fallback
2026-10-01T16:04:03.8317404Z 101                                                         lm_2d ignores an extra Y column
2026-10-01T16:04:03.8318676Z 102                                     service factory validates every injected dependency
2026-10-01T16:04:03.8320057Z 103                              validated simulation returns canonical assessment and grid
2026-10-01T16:04:03.8325291Z 104                                  nonlinear diagnostics and custom grid reach the result
2026-10-01T16:04:03.8334864Z 105                              real examples resolve lazily and match the requested model
2026-10-01T16:04:03.8339016Z 106                  default real requests use injected resolution without a local manifest
2026-10-01T16:04:03.8340197Z 107                           service outputs warnings and errors are faithfully propagated
2026-10-01T16:04:03.8341302Z 108                          Expert execution enforces trust and the four argument contract
2026-10-01T16:04:03.8345245Z 109                 use case rejects legacy and mutated boundaries before service execution
2026-10-01T16:04:03.8346951Z 110                               run_analysis production entry point fits an lm_2d request
2026-10-01T16:04:03.8356121Z 111                                            all examples have complete offline artifacts
2026-10-01T16:04:03.8358096Z 112                            release retains the locked Shiny runtime and launch contract
2026-10-01T16:04:03.8359095Z 113                                         a fresh R process activates the project library
2026-10-01T16:04:03.8366450Z 114                      README documents the exact beta matrix and trusted expert boundary
2026-10-01T16:04:03.8367858Z 115                  launcher validates an explicitly restored library before running Shiny
2026-10-01T16:04:03.8369277Z 116                  Windows launcher fails without bootstrapping an absent project library
2026-10-01T16:04:03.8371183Z 117         direct R and CLI startup refuse a missing project library without bootstrapping
2026-10-01T16:04:03.8372250Z 118                           explicit bootstrap command restores an already locked project
2026-10-01T16:04:03.8375911Z 119                                      renv lockfile covers runtime and test dependencies
2026-10-01T16:04:03.8376967Z 120                    ignore rules exclude transient state without hiding release evidence
2026-10-01T16:04:03.8386769Z 121                                      TODO records completed automated beta verification
2026-10-01T16:04:03.8387813Z 122                         release identity agrees across runtime, image, docs and license
2026-10-01T16:04:03.8388909Z 123              public release guidance documents CLI and the isolated deployment boundary
2026-10-01T16:04:03.8407368Z 124                          CI requires both locked R platforms and isolated Docker health
2026-10-01T16:04:03.8414415Z 125                            image and CI restoration explicitly opt in to renv bootstrap
2026-10-01T16:04:03.8417650Z 126                                            runtime R sources never install dependencies
2026-10-01T16:04:03.8419802Z 127                    documented real units reach the strict Brain and exported chart data
2026-10-01T16:04:03.8422377Z 128          observations and fitted means use distinct scientifically correct chart labels
2026-10-01T16:04:03.8429347Z 129               coefficient units distinguish predictor units and transformed link scales
2026-10-01T16:04:03.8430941Z 130 GLMM diagnostic and enriched exports identify conditional predictions without refitting
2026-10-01T16:04:03.8435758Z 131                      Overview coefficients and enriched CSV include each predictor unit
2026-10-01T16:04:03.8438082Z 132         unit validation rejects empty supplied metadata and names the actual link scale
2026-10-01T16:04:03.8439609Z 133                           out-of-domain grid rows are explained in the committed result
2026-10-01T16:04:03.8440569Z 134                              all real Plotly traces use literal scientific hover labels
2026-10-01T16:04:03.8441491Z 135                        real plot titles include exact model family labels and citations
2026-10-01T16:04:03.8442510Z 136                           simulation plots retain generic canonical axes without labels
2026-10-01T16:04:03.8443864Z 137                          every real provenance card defines variables and preprocessing
2026-10-01T16:04:03.8448850Z 138              coordinator retains success, logs details, sanitizes failures and recovers
2026-10-01T16:04:03.8450436Z 139                service and logger failure preserves results; first failure is not stale
2026-10-01T16:04:03.8451897Z 140                          app generates only on submission and drafts preserve downloads
2026-10-01T16:04:03.8457121Z 141                      all registered models and real examples use the canonical workflow
2026-10-01T16:04:03.8465953Z 142              trusted Expert runs only through the boundary and invalid GLMM retains CSV
2026-10-01T16:04:03.8467574Z 143                separate sessions start empty and only literal trust flag enables Expert
2026-10-01T16:04:03.8469111Z 144             configuration validates source-exclusive requests and rejects forged Expert
2026-10-01T16:04:03.8473446Z 145                  configuration resets shared links and ignores delayed prior selections
2026-10-01T16:04:03.8475152Z 146                     a same-default model switch accepts the next visible link selection
2026-10-01T16:04:03.8476454Z 147                          views render committed values without scientific recomputation
2026-10-01T16:04:03.8477565Z 148           public and trusted configuration controls are capability-gated and namespaced
2026-10-01T16:04:03.8479090Z 149               Overview selection uses stable identities and rejects stale result events
2026-10-01T16:04:03.8481295Z 150                  diagnostic guidance exposes known advice without raw optimizer details
2026-10-01T16:04:03.8482888Z 151                                       configuration instances keep disjoint draft state
2026-10-01T16:04:03.8484728Z 152                 simulation collector returns parameters and code without executing them
2026-10-01T16:04:03.8486851Z 153                    generated reproducible code preserves patterns and random draw order
2026-10-01T16:04:03.8488628Z 154                                        all beta combinations simulate deterministically
2026-10-01T16:04:03.8489615Z 155                                               simulated responses respect their domains
2026-10-01T16:04:03.8490701Z 156                     square-root count simulation rejects negative generating predictors
2026-10-01T16:04:03.8492110Z 157                              standard GLMM simulation enforces the group-count contract
2026-10-01T16:04:03.8493181Z 158               GLMM simulation data requires complete membership in five observed groups
2026-10-01T16:04:03.8494878Z 159                                                expert evaluation rejects invalid output
2026-10-01T16:04:03.8495987Z 160         simulate_data supports non-linear patterns (quadratic, cosine, heteroscedastic)
2026-10-01T16:04:03.8497132Z 161                                     prediction grids contain finite response-scale fits
2026-10-01T16:04:03.8498382Z 162                                    GLMM prediction grids represent a population surface
2026-10-01T16:04:03.8499499Z 163                                               GLMM surfaces accept character group data
2026-10-01T16:04:03.8500859Z 164                            enrichment adds exactly fitted values and response residuals
2026-10-01T16:04:03.8501844Z 165                              valid GLMM fitting and enrichment preserve every input row
2026-10-01T16:04:03.8502730Z 166                           2D LM plot contains observations and an X-ordered fitted line
2026-10-01T16:04:03.8503664Z 167                            3D plots contain point clouds and optional response surfaces
2026-10-01T16:04:03.8504595Z 168                                       surface matrix rows map to Y and columns map to X
2026-10-01T16:04:03.8505458Z 169                                            GLMM observations retain group color mapping
2026-10-01T16:04:03.8509258Z 170                                          diagnostic plots use supported representations
2026-10-01T16:04:03.8510531Z 171                           diagnostic warning filtering preserves non-lifecycle warnings
2026-10-01T16:04:03.8514652Z 172                               prediction_grid expands bounds according to pad parameter
2026-10-01T16:04:03.8515690Z 173                                            3D plots include initial camera eye position
2026-10-01T16:04:03.8517383Z 174                             padded count and Gamma grids mark invalid means unavailable
2026-10-01T16:04:03.8524679Z 175                committed chart alternatives retain exact prediction and interval values
2026-10-01T16:04:03.8525852Z     failed error warning skipped passed
2026-10-01T16:04:03.8530145Z 1        0 FALSE       0   FALSE    121
2026-10-01T16:04:03.8530786Z 2        0 FALSE       0   FALSE     22
2026-10-01T16:04:03.8533957Z 3        0 FALSE       0   FALSE      3
2026-10-01T16:04:03.8544118Z 4        0 FALSE       0   FALSE      8
2026-10-01T16:04:03.8544690Z 5        0 FALSE       0   FALSE      8
2026-10-01T16:04:03.8545498Z 6        0 FALSE       0   FALSE     36
2026-10-01T16:04:03.8548254Z 7        0 FALSE       0   FALSE     28
2026-10-01T16:04:03.8548820Z 8        0 FALSE       0   FALSE    111
2026-10-01T16:04:03.8549346Z 9        0 FALSE       0   FALSE     23
2026-10-01T16:04:03.8549931Z 10       0 FALSE       0   FALSE      7
2026-10-01T16:04:03.8550510Z 11       0 FALSE       0   FALSE     18
2026-10-01T16:04:03.8551096Z 12       0 FALSE       0   FALSE      8
2026-10-01T16:04:03.8551677Z 13       0 FALSE       0   FALSE     24
2026-10-01T16:04:03.8552253Z 14       0 FALSE       0   FALSE     12
2026-10-01T16:04:03.8552824Z 15       0 FALSE       0   FALSE     16
2026-10-01T16:04:03.8553446Z 16       0 FALSE       0   FALSE     25
2026-10-01T16:04:03.8553989Z 17       0 FALSE       0   FALSE     16
2026-10-01T16:04:03.8555143Z 18       0 FALSE       0   FALSE      4
2026-10-01T16:04:03.8555754Z 19       0 FALSE       0   FALSE      5
2026-10-01T16:04:03.8556332Z 20       0 FALSE       0   FALSE     35
2026-10-01T16:04:03.8556909Z 21       0 FALSE       0   FALSE      8
2026-10-01T16:04:03.8557489Z 22       0 FALSE       0   FALSE     13
2026-10-01T16:04:03.8558057Z 23       0 FALSE       0   FALSE     24
2026-10-01T16:04:03.8558661Z 24       0 FALSE       0   FALSE     10
2026-10-01T16:04:03.8559223Z 25       0 FALSE       0   FALSE     10
2026-10-01T16:04:03.8559823Z 26       0 FALSE       0   FALSE      5
2026-10-01T16:04:03.8560387Z 27       0 FALSE       0   FALSE     10
2026-10-01T16:04:03.8560948Z 28       0 FALSE       0   FALSE      4
2026-10-01T16:04:03.8561518Z 29       0 FALSE       0   FALSE     12
2026-10-01T16:04:03.8562066Z 30       0 FALSE       0   FALSE     14
2026-10-01T16:04:03.8562622Z 31       0 FALSE       0   FALSE      3
2026-10-01T16:04:03.8563182Z 32       0 FALSE       0   FALSE     11
2026-10-01T16:04:03.8563825Z 33       0 FALSE       0   FALSE     12
2026-10-01T16:04:03.8564381Z 34       0 FALSE       0   FALSE      2
2026-10-01T16:04:03.8564976Z 35       0 FALSE       0   FALSE    108
2026-10-01T16:04:03.8565622Z 36       0 FALSE       0   FALSE     43
2026-10-01T16:04:03.8566183Z 37       0 FALSE       0   FALSE      2
2026-10-01T16:04:03.8567000Z 38       0 FALSE       0   FALSE     14
2026-10-01T16:04:03.8567576Z 39       0 FALSE       0   FALSE     20
2026-10-01T16:04:03.8568147Z 40       0 FALSE       0   FALSE     21
2026-10-01T16:04:03.8568722Z 41       0 FALSE       0   FALSE     77
2026-10-01T16:04:03.8569307Z 42       0 FALSE       0   FALSE      2
2026-10-01T16:04:03.8569860Z 43       0 FALSE       0   FALSE     11
2026-10-01T16:04:03.8570384Z 44       0 FALSE       0   FALSE      1
2026-10-01T16:04:03.8570929Z 45       0 FALSE       0   FALSE      1
2026-10-01T16:04:03.8571463Z 46       0 FALSE       0   FALSE     11
2026-10-01T16:04:03.8571991Z 47       0 FALSE       0   FALSE     36
2026-10-01T16:04:03.8572552Z 48       0 FALSE       0   FALSE      6
2026-10-01T16:04:03.8573116Z 49       0 FALSE       0   FALSE      1
2026-10-01T16:04:03.8573930Z 50       0 FALSE       0   FALSE      6
2026-10-01T16:04:03.8574481Z 51       0 FALSE       0   FALSE      6
2026-10-01T16:04:03.8575081Z 52       0 FALSE       0   FALSE     35
2026-10-01T16:04:03.8575619Z 53       0 FALSE       0   FALSE      2
2026-10-01T16:04:03.8576148Z 54       0 FALSE       0   FALSE      4
2026-10-01T16:04:03.8576977Z 55       0 FALSE       0   FALSE      2
2026-10-01T16:04:03.8577527Z 56       0 FALSE       0   FALSE      4
2026-10-01T16:04:03.8578066Z 57       0 FALSE       0   FALSE      2
2026-10-01T16:04:03.8578815Z 58       0 FALSE       0   FALSE     87
2026-10-01T16:04:03.8580412Z 59       0 FALSE       0   FALSE      4
2026-10-01T16:04:03.8581374Z 60       0 FALSE       0   FALSE     11
2026-10-01T16:04:03.8582248Z 61       0 FALSE       0   FALSE     11
2026-10-01T16:04:03.8582814Z 62       0 FALSE       0   FALSE     20
2026-10-01T16:04:03.8583357Z 63       0 FALSE       0   FALSE      5
2026-10-01T16:04:03.8583849Z 64       0 FALSE       0   FALSE      4
2026-10-01T16:04:03.8584682Z 65       0 FALSE       0   FALSE     79
2026-10-01T16:04:03.8585248Z 66       0 FALSE       0   FALSE    161
2026-10-01T16:04:03.8585797Z 67       0 FALSE       0   FALSE      5
2026-10-01T16:04:03.8586318Z 68       0 FALSE       0   FALSE      1
2026-10-01T16:04:03.8586857Z 69       0 FALSE       0   FALSE      4
2026-10-01T16:04:03.8587446Z 70       0 FALSE       0   FALSE      8
2026-10-01T16:04:03.8588001Z 71       0 FALSE       0   FALSE      2
2026-10-01T16:04:03.8588525Z 72       0 FALSE       0   FALSE   8102
2026-10-01T16:04:03.8589061Z 73       0 FALSE       0   FALSE     75
2026-10-01T16:04:03.8589589Z 74       0 FALSE       0   FALSE     12
2026-10-01T16:04:03.8590106Z 75       0 FALSE       0   FALSE      9
2026-10-01T16:04:03.8590629Z 76       0 FALSE       0   FALSE      9
2026-10-01T16:04:03.8591163Z 77       0 FALSE       0   FALSE     55
2026-10-01T16:04:03.8591698Z 78       0 FALSE       0   FALSE      8
2026-10-01T16:04:03.8592255Z 79       0 FALSE       0   FALSE      3
2026-10-01T16:04:03.8592847Z 80       0 FALSE       0   FALSE      2
2026-10-01T16:04:03.8593392Z 81       0 FALSE       0   FALSE    565
2026-10-01T16:04:03.8593943Z 82       0 FALSE       0   FALSE     65
2026-10-01T16:04:03.8594509Z 83       0 FALSE       0   FALSE      5
2026-10-01T16:04:03.8595015Z 84       0 FALSE       0   FALSE      3
2026-10-01T16:04:03.8595547Z 85       0 FALSE       0   FALSE     28
2026-10-01T16:04:03.8596090Z 86       0 FALSE       0   FALSE      9
2026-10-01T16:04:03.8596619Z 87       0 FALSE       0   FALSE    121
2026-10-01T16:04:03.8597140Z 88       0 FALSE       0   FALSE     19
2026-10-01T16:04:03.8597651Z 89       0 FALSE       0   FALSE      5
2026-10-01T16:04:03.8598185Z 90       0 FALSE       0   FALSE      6
2026-10-01T16:04:03.8598733Z 91       0 FALSE       0   FALSE      5
2026-10-01T16:04:03.8599374Z 92       0 FALSE       0   FALSE      8
2026-10-01T16:04:03.8599929Z 93       0 FALSE       0   FALSE     22
2026-10-01T16:04:03.8600473Z 94       0 FALSE       0   FALSE      4
2026-10-01T16:04:03.8600992Z 95       0 FALSE       0   FALSE      6
2026-10-01T16:04:03.8601540Z 96       0 FALSE       0   FALSE     13
2026-10-01T16:04:03.8602343Z 97       0 FALSE       0   FALSE      7
2026-10-01T16:04:03.8602859Z 98       0 FALSE       0   FALSE      1
2026-10-01T16:04:03.8603396Z 99       0 FALSE       0   FALSE      1
2026-10-01T16:04:03.8603936Z 100      0 FALSE       0   FALSE      1
2026-10-01T16:04:03.8604490Z 101      0 FALSE       0   FALSE      1
2026-10-01T16:04:03.8605073Z 102      0 FALSE       0   FALSE    101
2026-10-01T16:04:03.8605594Z 103      0 FALSE       0   FALSE     11
2026-10-01T16:04:03.8606123Z 104      0 FALSE       0   FALSE      3
2026-10-01T16:04:03.8606638Z 105      0 FALSE       0   FALSE      9
2026-10-01T16:04:03.8607172Z 106      0 FALSE       0   FALSE      6
2026-10-01T16:04:03.8607723Z 107      0 FALSE       0   FALSE      4
2026-10-01T16:04:03.8608482Z 108      0 FALSE       0   FALSE      6
2026-10-01T16:04:03.8609028Z 109      0 FALSE       0   FALSE     13
2026-10-01T16:04:03.8609563Z 110      0 FALSE       0   FALSE      9
2026-10-01T16:04:03.8610162Z 111      0 FALSE       0   FALSE     50
2026-10-01T16:04:03.8610705Z 112      0 FALSE       0   FALSE      4
2026-10-01T16:04:03.8611259Z 113      0 FALSE       0   FALSE      1
2026-10-01T16:04:03.8611806Z 114      0 FALSE       0   FALSE     21
2026-10-01T16:04:03.8612340Z 115      0 FALSE       0   FALSE      9
2026-10-01T16:04:03.8612848Z 116      0 FALSE       0   FALSE      5
2026-10-01T16:04:03.8613372Z 117      0 FALSE       0   FALSE     10
2026-10-01T16:04:03.8613919Z 118      0 FALSE       0   FALSE      2
2026-10-01T16:04:03.8614456Z 119      0 FALSE       0   FALSE      2
2026-10-01T16:04:03.8615033Z 120      0 FALSE       0   FALSE      2
2026-10-01T16:04:03.8615542Z 121      0 FALSE       0   FALSE      2
2026-10-01T16:04:03.8616029Z 122      0 FALSE       0   FALSE     14
2026-10-01T16:04:03.8616660Z 123      0 FALSE       0   FALSE     11
2026-10-01T16:04:03.8617230Z 124      0 FALSE       0   FALSE     29
2026-10-01T16:04:03.8617714Z 125      0 FALSE       0   FALSE      3
2026-10-01T16:04:03.8618205Z 126      0 FALSE       0   FALSE     22
2026-10-01T16:04:03.8618746Z 127      0 FALSE       0   FALSE     61
2026-10-01T16:04:03.8619334Z 128      0 FALSE       0   FALSE     32
2026-10-01T16:04:03.8619916Z 129      0 FALSE       0   FALSE      6
2026-10-01T16:04:03.8620397Z 130      0 FALSE       0   FALSE     18
2026-10-01T16:04:03.8620923Z 131      0 FALSE       0   FALSE      4
2026-10-01T16:04:03.8621459Z 132      0 FALSE       0   FALSE     12
2026-10-01T16:04:03.8621984Z 133      0 FALSE       0   FALSE      5
2026-10-01T16:04:03.8622730Z 134      0 FALSE       0   FALSE     77
2026-10-01T16:04:03.8623281Z 135      0 FALSE       0   FALSE     18
2026-10-01T16:04:03.8623821Z 136      0 FALSE       0   FALSE      5
2026-10-01T16:04:03.8624370Z 137      0 FALSE       0   FALSE    102
2026-10-01T16:04:03.8624951Z 138      0 FALSE       0   FALSE     16
2026-10-01T16:04:03.8625490Z 139      0 FALSE       0   FALSE      8
2026-10-01T16:04:03.8626027Z 140      0 FALSE       0   FALSE      6
2026-10-01T16:04:03.8626570Z 141      0 FALSE       0   FALSE     98
2026-10-01T16:04:03.8627107Z 142      0 FALSE       0   FALSE      6
2026-10-01T16:04:03.8627649Z 143      0 FALSE       0   FALSE     15
2026-10-01T16:04:03.8628185Z 144      0 FALSE       0   FALSE      6
2026-10-01T16:04:03.8628702Z 145      0 FALSE       0   FALSE      6
2026-10-01T16:04:03.8629243Z 146      0 FALSE       0   FALSE      3
2026-10-01T16:04:03.8629790Z 147      0 FALSE       0   FALSE     17
2026-10-01T16:04:03.8630331Z 148      0 FALSE       0   FALSE      4
2026-10-01T16:04:03.8630878Z 149      0 FALSE       0   FALSE      7
2026-10-01T16:04:03.8631387Z 150      0 FALSE       0   FALSE      2
2026-10-01T16:04:03.8631876Z 151      0 FALSE       0   FALSE      4
2026-10-01T16:04:03.8632346Z 152      0 FALSE       0   FALSE     19
2026-10-01T16:04:03.8632814Z 153      0 FALSE       0   FALSE     12
2026-10-01T16:04:03.8633277Z 154      0 FALSE       0   FALSE     46
2026-10-01T16:04:03.8633743Z 155      0 FALSE       0   FALSE      4
2026-10-01T16:04:03.8634203Z 156      0 FALSE       0   FALSE      1
2026-10-01T16:04:03.8634676Z 157      0 FALSE       0   FALSE      3
2026-10-01T16:04:03.8635136Z 158      0 FALSE       0   FALSE      2
2026-10-01T16:04:03.8635598Z 159      0 FALSE       0   FALSE      2
2026-10-01T16:04:03.8636063Z 160      0 FALSE       0   FALSE      5
2026-10-01T16:04:03.8636527Z 161      0 FALSE       0   FALSE     21
2026-10-01T16:04:03.8636990Z 162      0 FALSE       0   FALSE      4
2026-10-01T16:04:03.8637449Z 163      0 FALSE       0   FALSE      4
2026-10-01T16:04:03.8637918Z 164      0 FALSE       0   FALSE     28
2026-10-01T16:04:03.8638378Z 165      0 FALSE       0   FALSE      4
2026-10-01T16:04:03.8638853Z 166      0 FALSE       0   FALSE      6
2026-10-01T16:04:03.8639643Z 167      0 FALSE       0   FALSE     15
2026-10-01T16:04:03.8640198Z 168      0 FALSE       0   FALSE      2
2026-10-01T16:04:03.8640742Z 169      0 FALSE       0   FALSE      2
2026-10-01T16:04:03.8641290Z 170      0 FALSE       0   FALSE      4
2026-10-01T16:04:03.8641846Z 171      0 FALSE       0   FALSE      2
2026-10-01T16:04:03.8642622Z 172      0 FALSE       0   FALSE      4
2026-10-01T16:04:03.8643159Z 173      0 FALSE       0   FALSE      3
2026-10-01T16:04:03.8643614Z 174      0 FALSE       0   FALSE     14
2026-10-01T16:04:03.8644059Z 175      0 FALSE       0   FALSE      7
2026-10-01T16:04:04.4700279Z ##[group]Run actions/upload-artifact@v4
2026-10-01T16:04:04.4700671Z with:
2026-10-01T16:04:04.4700913Z   name: test-evidence-windows-latest-1
2026-10-01T16:04:04.4701251Z   path: D:\a\_temp/lmplot-test-evidence/
2026-10-01T16:04:04.4701567Z   if-no-files-found: warn
2026-10-01T16:04:04.4701983Z   compression-level: 6
2026-10-01T16:04:04.4702260Z   overwrite: false
2026-10-01T16:04:04.4702497Z   include-hidden-files: false
2026-10-01T16:04:04.4702798Z env:
2026-10-01T16:04:04.4702995Z   _R_INSTALL_TIME_PATCHES_: no
2026-10-01T16:04:04.4703256Z   RTOOLS45_HOME: C:\rtools45
2026-10-01T16:04:04.4703510Z   R_LIBS_USER: D:\a\_temp\Library
2026-10-01T16:04:04.4703762Z   TZ: UTC
2026-10-01T16:04:04.4703961Z   _R_CHECK_SYSTEM_CLOCK_: FALSE
2026-10-01T16:04:04.4704222Z   NOT_CRAN: true
2026-10-01T16:04:04.4704509Z   RSPM: https://packagemanager.posit.co/cran/latest
2026-10-01T16:04:04.4705011Z   RENV_CONFIG_REPOS_OVERRIDE: https://packagemanager.posit.co/cran/latest
2026-10-01T16:04:04.4705490Z   RENV_PATHS_ROOT: D:\a\_temp/renv
2026-10-01T16:04:04.4705894Z   CHROMOTE_CHROME: C:\Program Files\Google\Chrome\Application\chrome.exe
2026-10-01T16:04:04.4706331Z ##[endgroup]
2026-10-01T16:04:05.3405651Z (node:664) [DEP0040] DeprecationWarning: The `punycode` module is deprecated. Please use a userland alternative instead.
2026-10-01T16:04:05.3407124Z (Use `node --trace-deprecation ...` to show where the warning was created)
2026-10-01T16:04:05.3510186Z With the provided path, there will be 1 file uploaded
2026-10-01T16:04:05.3518020Z Artifact name is valid!
2026-10-01T16:04:05.3518731Z Root directory input is valid!
2026-10-01T16:04:05.6521639Z Beginning upload of artifact content to blob storage
2026-10-01T16:04:05.7067277Z (node:664) [DEP0169] DeprecationWarning: `url.parse()` behavior is not standardized and prone to errors that have security implications. Use the WHATWG URL API instead. CVEs are not issued for `url.parse()` vulnerabilities.
2026-10-01T16:04:05.7386506Z Uploaded bytes 5505
2026-10-01T16:04:05.7559700Z Finished uploading artifact content to blob storage!
2026-10-01T16:04:05.7569394Z SHA256 digest of uploaded artifact zip is aa20223867e4759cef86c51ff3ad336da485fe6e16e2a14660b5a271e8d1e5eb
2026-10-01T16:04:05.7572683Z Finalizing artifact upload
2026-10-01T16:04:05.9919541Z Artifact test-evidence-windows-latest-1.zip successfully finalized. Artifact ID 11175841325
2026-10-01T16:04:05.9921857Z Artifact test-evidence-windows-latest-1 has been successfully uploaded! Final size is 5505 bytes. Artifact ID is 11175841325
2026-10-01T16:04:05.9934714Z Artifact download URL: https://github.com/ktubi970/lmplot/actions/runs/36885551520/artifacts/11175841325
2026-10-01T16:04:06.0476584Z Post job cleanup.
2026-10-01T16:04:06.0486221Z ##[start-action display=Restore Renv package cache;id=__8b0668d5-8a38-4f65-98c0-09a73a99273d.__actions_cache]
2026-10-01T16:04:06.5709820Z Post job cleanup.
2026-10-01T16:04:06.9851333Z [command]"C:\Program Files\Git\usr\bin\tar.exe" --posix -cf cache.tzst --exclude cache.tzst -P -C D:/a/lmplot/lmplot --files-from manifest.txt --force-local --use-compress-program "zstd -T0"
2026-10-01T16:04:21.2256791Z Sent 0 of 252016276 (0.0%), 0.0 MBs/sec
2026-10-01T16:04:21.7797112Z Sent 252016276 of 252016276 (100.0%), 154.8 MBs/sec
2026-10-01T16:04:21.9515327Z Cache saved with key: Windows Server 2022 x64 (build 26100)-R version 4.6.0 (2026-04-24 ucrt)-v1-ac29db1134d6b0598d5813cb127ef994985e341fb6374a065bd5afa66acea931
2026-10-01T16:04:21.9656252Z ##[end-action id=__8b0668d5-8a38-4f65-98c0-09a73a99273d.__actions_cache;outcome=success;conclusion=success;duration_ms=15916]
2026-10-01T16:04:21.9977866Z Post job cleanup.
2026-10-01T16:04:22.2750818Z [command]"C:\Program Files\Git\bin\git.exe" version
2026-10-01T16:04:22.3931155Z git version 2.55.0.windows.5
2026-10-01T16:04:22.4024382Z Temporarily overriding HOME='D:\a\_temp\7eff31b9-42c6-4451-b5a5-e9c5e07721d0' before making global git config changes
2026-10-01T16:04:22.4026172Z Adding repository directory to the temporary git global config as a safe directory
2026-10-01T16:04:22.4036970Z [command]"C:\Program Files\Git\bin\git.exe" config --global --add safe.directory D:\a\lmplot\lmplot
2026-10-01T16:04:22.4421278Z [command]"C:\Program Files\Git\bin\git.exe" config --local --name-only --get-regexp core\.sshCommand
2026-10-01T16:04:22.4772624Z [command]"C:\Program Files\Git\bin\git.exe" submodule foreach --recursive "sh -c \"git config --local --name-only --get-regexp 'core\.sshCommand' && git config --local --unset-all 'core.sshCommand' || :\""
2026-10-01T16:04:23.1941344Z [command]"C:\Program Files\Git\bin\git.exe" config --local --name-only --get-regexp http\.https\:\/\/github\.com\/\.extraheader
2026-10-01T16:04:23.2230982Z http.https://github.com/.extraheader
2026-10-01T16:04:23.2282818Z [command]"C:\Program Files\Git\bin\git.exe" config --local --unset-all http.https://github.com/.extraheader
2026-10-01T16:04:23.2622057Z [command]"C:\Program Files\Git\bin\git.exe" submodule foreach --recursive "sh -c \"git config --local --name-only --get-regexp 'http\.https\:\/\/github\.com\/\.extraheader' && git config --local --unset-all 'http.https://github.com/.extraheader' || :\""
2026-10-01T16:04:23.8739200Z [command]"C:\Program Files\Git\bin\git.exe" config --local --name-only --get-regexp ^includeIf\.gitdir:
2026-10-01T16:04:23.9071460Z [command]"C:\Program Files\Git\bin\git.exe" submodule foreach --recursive "git config --local --show-origin --name-only --get-regexp remote.origin.url"
2026-10-01T16:04:24.5520647Z Cleaning up orphan processes
2026-10-01T16:04:24.6031979Z Terminate orphan process: pid (8352) (chrome)
2026-10-01T16:04:24.6151823Z Terminate orphan process: pid (3624) (chrome)
2026-10-01T16:04:24.6212918Z ##[warning]Node.js 20 is deprecated. The following actions target Node.js 20 but are being forced to run on Node.js 24: actions/checkout@v4, actions/upload-artifact@v4. For more information see: https://github.blog/changelog/2025-09-19-deprecation-of-node-20-on-github-actions-runners/
