2026-10-01T12:12:43.6919686Z Current runner version: '2.337.0'
2026-10-01T12:12:43.6942990Z ##[group]Runner Image Provisioner
2026-10-01T12:12:43.6943795Z Hosted Compute Agent
2026-10-01T12:12:43.6944274Z Version: 20260901.588
2026-10-01T12:12:43.6944775Z Commit: f88ec8081b781fac6c440065ac7ff9e710ce3d0b
2026-10-01T12:12:43.6945527Z Build Date: 2026-09-01T19:56:44Z
2026-10-01T12:12:43.6946085Z Worker ID: {ee8eaf23-8a9d-49e0-9431-b58254e8e81c}
2026-10-01T12:12:43.6946947Z Azure Region: westus2
2026-10-01T12:12:43.6947482Z ##[endgroup]
2026-10-01T12:12:43.6948770Z ##[group]Operating System
2026-10-01T12:12:43.6949392Z Ubuntu
2026-10-01T12:12:43.6949811Z 24.04.5
2026-10-01T12:12:43.6950264Z LTS
2026-10-01T12:12:43.6950692Z ##[endgroup]
2026-10-01T12:12:43.6951175Z ##[group]Runner Image
2026-10-01T12:12:43.6951746Z Image: ubuntu-24.04
2026-10-01T12:12:43.6952207Z Version: 20260927.320.1
2026-10-01T12:12:43.6953347Z Included Software: https://github.com/actions/runner-images/blob/ubuntu24/20260927.320/images/ubuntu/Ubuntu2404-Readme.md
2026-10-01T12:12:43.6954683Z Image Release: https://github.com/actions/runner-images/releases/tag/ubuntu24%2F20260927.320
2026-10-01T12:12:43.6955599Z ##[endgroup]
2026-10-01T12:12:43.6956675Z ##[group]GITHUB_TOKEN Permissions
2026-10-01T12:12:43.6958436Z Contents: read
2026-10-01T12:12:43.6958950Z Metadata: read
2026-10-01T12:12:43.6959466Z ##[endgroup]
2026-10-01T12:12:43.6961269Z Secret source: Actions
2026-10-01T12:12:43.6962109Z Cache mode: write
2026-10-01T12:12:43.6962714Z Prepare workflow directory
2026-10-01T12:12:43.7248669Z Prepare all required actions
2026-10-01T12:12:43.7291248Z Getting action download info
2026-10-01T12:12:44.1145702Z Download action repository 'actions/checkout@v4' (SHA:11d5960a326750d5838078e36cf38b85af677262)
2026-10-01T12:12:44.2403915Z Download action repository 'r-lib/actions@v2' (SHA:f9a764fea8d5c63df6ef9a5c7795bf7deb5d7e05)
2026-10-01T12:12:44.6896937Z Getting action download info
2026-10-01T12:12:44.8310306Z Download action repository 'actions/cache@27d5ce7f107fe9357f9df03efb73ab90386fccae' (SHA:27d5ce7f107fe9357f9df03efb73ab90386fccae)
2026-10-01T12:12:45.2237521Z Complete job name: R 4.6.0 (ubuntu-latest)
2026-10-01T12:12:45.2763220Z ##[group]Run actions/checkout@v4
2026-10-01T12:12:45.2764057Z with:
2026-10-01T12:12:45.2764634Z   repository: ktubi970/lmplot
2026-10-01T12:12:45.2769392Z   token: ***
2026-10-01T12:12:45.2769958Z   ssh-strict: true
2026-10-01T12:12:45.2770547Z   ssh-user: git
2026-10-01T12:12:45.2771138Z   persist-credentials: true
2026-10-01T12:12:45.2771762Z   clean: true
2026-10-01T12:12:45.2772433Z   sparse-checkout-cone-mode: true
2026-10-01T12:12:45.2773105Z   fetch-depth: 1
2026-10-01T12:12:45.2773688Z   fetch-tags: false
2026-10-01T12:12:45.2774345Z   show-progress: true
2026-10-01T12:12:45.2774939Z   lfs: false
2026-10-01T12:12:45.2775554Z   submodules: false
2026-10-01T12:12:45.2776138Z   set-safe-directory: true
2026-10-01T12:12:45.2776859Z   allow-unsafe-pr-checkout: false
2026-10-01T12:12:45.2777655Z ##[endgroup]
2026-10-01T12:12:45.3539708Z Syncing repository: ktubi970/lmplot
2026-10-01T12:12:45.3542994Z ##[group]Getting Git version info
2026-10-01T12:12:45.3544894Z Working directory is '/home/runner/work/lmplot/lmplot'
2026-10-01T12:12:45.3547944Z [command]/usr/bin/git version
2026-10-01T12:12:45.3931331Z git version 2.55.0
2026-10-01T12:12:45.3946518Z ##[endgroup]
2026-10-01T12:12:45.3955925Z Temporarily overriding HOME='/home/runner/work/_temp/4630b52e-6ac6-47f9-a0b7-3448301e0402' before making global git config changes
2026-10-01T12:12:45.3958828Z Adding repository directory to the temporary git global config as a safe directory
2026-10-01T12:12:45.3961216Z [command]/usr/bin/git config --global --add safe.directory /home/runner/work/lmplot/lmplot
2026-10-01T12:12:45.4039544Z Deleting the contents of '/home/runner/work/lmplot/lmplot'
2026-10-01T12:12:45.4041650Z ##[group]Initializing the repository
2026-10-01T12:12:45.4044678Z [command]/usr/bin/git init /home/runner/work/lmplot/lmplot
2026-10-01T12:12:45.4168711Z hint: Using 'master' as the name for the initial branch. This default branch name
2026-10-01T12:12:45.4171128Z hint: will change to "main" in Git 3.0. To configure the initial branch name
2026-10-01T12:12:45.4173236Z hint: to use in all of your new repositories, which will suppress this warning,
2026-10-01T12:12:45.4174758Z hint: call:
2026-10-01T12:12:45.4175910Z hint:
2026-10-01T12:12:45.4177282Z hint: 	git config --global init.defaultBranch <name>
2026-10-01T12:12:45.4178550Z hint:
2026-10-01T12:12:45.4180279Z hint: Names commonly chosen instead of 'master' are 'main', 'trunk' and
2026-10-01T12:12:45.4181740Z hint: 'development'. The just-created branch can be renamed via this command:
2026-10-01T12:12:45.4182814Z hint:
2026-10-01T12:12:45.4183539Z hint: 	git branch -m <name>
2026-10-01T12:12:45.4184293Z hint:
2026-10-01T12:12:45.4185975Z hint: Disable this message with "git config set advice.defaultBranchName false"
2026-10-01T12:12:45.4187511Z Initialized empty Git repository in /home/runner/work/lmplot/lmplot/.git/
2026-10-01T12:12:45.4190168Z [command]/usr/bin/git remote add origin https://github.com/ktubi970/lmplot
2026-10-01T12:12:45.4204369Z ##[endgroup]
2026-10-01T12:12:45.4205689Z ##[group]Disabling automatic garbage collection
2026-10-01T12:12:45.4207488Z [command]/usr/bin/git config --local gc.auto 0
2026-10-01T12:12:45.4239422Z ##[endgroup]
2026-10-01T12:12:45.4240788Z ##[group]Setting up auth
2026-10-01T12:12:45.4242336Z [command]/usr/bin/git config --local --name-only --get-regexp core\.sshCommand
2026-10-01T12:12:45.4267140Z [command]/usr/bin/git submodule foreach --recursive sh -c "git config --local --name-only --get-regexp 'core\.sshCommand' && git config --local --unset-all 'core.sshCommand' || :"
2026-10-01T12:12:45.4783777Z [command]/usr/bin/git config --local --name-only --get-regexp http\.https\:\/\/github\.com\/\.extraheader
2026-10-01T12:12:45.4814536Z [command]/usr/bin/git submodule foreach --recursive sh -c "git config --local --name-only --get-regexp 'http\.https\:\/\/github\.com\/\.extraheader' && git config --local --unset-all 'http.https://github.com/.extraheader' || :"
2026-10-01T12:12:45.5021600Z [command]/usr/bin/git config --local --name-only --get-regexp ^includeIf\.gitdir:
2026-10-01T12:12:45.5081765Z [command]/usr/bin/git submodule foreach --recursive git config --local --show-origin --name-only --get-regexp remote.origin.url
2026-10-01T12:12:45.5428885Z [command]/usr/bin/git config --local http.https://github.com/.extraheader AUTHORIZATION: basic ***
2026-10-01T12:12:45.5488800Z ##[endgroup]
2026-10-01T12:12:45.5490406Z ##[group]Fetching the repository
2026-10-01T12:12:45.5497407Z [command]/usr/bin/git -c protocol.version=2 fetch --no-tags --prune --no-recurse-submodules --depth=1 origin +b5e9bdd99a6d313007d3d65e4133c13e497b4b8b:refs/remotes/origin/master
2026-10-01T12:12:46.2657736Z From https://github.com/ktubi970/lmplot
2026-10-01T12:12:46.2658388Z  * [new ref]         b5e9bdd99a6d313007d3d65e4133c13e497b4b8b -> origin/master
2026-10-01T12:12:46.2660169Z ##[endgroup]
2026-10-01T12:12:46.2670774Z ##[group]Determining the checkout info
2026-10-01T12:12:46.2671357Z ##[endgroup]
2026-10-01T12:12:46.2671872Z [command]/usr/bin/git sparse-checkout disable
2026-10-01T12:12:46.2673364Z [command]/usr/bin/git config --local --unset-all extensions.worktreeConfig
2026-10-01T12:12:46.2677039Z ##[group]Checking out the ref
2026-10-01T12:12:46.2677619Z [command]/usr/bin/git checkout --progress --force -B master refs/remotes/origin/master
2026-10-01T12:12:46.2678602Z Reset branch 'master'
2026-10-01T12:12:46.2678866Z branch 'master' set up to track 'origin/master'.
2026-10-01T12:12:46.2679612Z ##[endgroup]
2026-10-01T12:12:46.2680236Z [command]/usr/bin/git log -1 --format=%H
2026-10-01T12:12:46.2680533Z b5e9bdd99a6d313007d3d65e4133c13e497b4b8b
2026-10-01T12:12:46.2793316Z ##[group]Run r-lib/actions/setup-r@v2
2026-10-01T12:12:46.2793533Z with:
2026-10-01T12:12:46.2793682Z   r-version: 4.6.0
2026-10-01T12:12:46.2793829Z   use-public-rspm: true
2026-10-01T12:12:46.2793980Z   Ncpus: 1
2026-10-01T12:12:46.2794121Z   remove-openmp-macos: true
2026-10-01T12:12:46.2794416Z   http-user-agent: default
2026-10-01T12:12:46.2794572Z   install-r: true
2026-10-01T12:12:46.2794727Z   windows-path-include-rtools: true
2026-10-01T12:12:46.2794928Z   windows-path-include-mingw: true
2026-10-01T12:12:46.2795098Z   update-rtools: false
2026-10-01T12:12:46.2795246Z   working-directory: .
2026-10-01T12:12:46.2795397Z ##[endgroup]
2026-10-01T12:12:46.6017253Z ##[group]Downloading R
2026-10-01T12:12:46.9650000Z ##[endgroup]
2026-10-01T12:12:46.9675656Z ##[group]Updating system package data
2026-10-01T12:12:46.9676451Z [command]/usr/bin/sudo DEBIAN_FRONTEND=noninteractive apt-get update -y
2026-10-01T12:12:47.2579401Z Get:1 file:/etc/apt/apt-mirrors.txt Mirrorlist [144 B]
2026-10-01T12:12:47.2597766Z Get:6 https://packages.microsoft.com/ubuntu/24.04/prod noble InRelease [3600 B]
2026-10-01T12:12:47.2664405Z Hit:2 http://azure.archive.ubuntu.com/ubuntu noble InRelease
2026-10-01T12:12:47.2679847Z Get:3 http://azure.archive.ubuntu.com/ubuntu noble-updates InRelease [126 kB]
2026-10-01T12:12:47.2877557Z Get:4 http://azure.archive.ubuntu.com/ubuntu noble-backports InRelease [126 kB]
2026-10-01T12:12:47.2900286Z Get:5 http://azure.archive.ubuntu.com/ubuntu noble-security InRelease [126 kB]
2026-10-01T12:12:47.3784626Z Get:7 https://packages.microsoft.com/ubuntu/24.04/prod noble/main amd64 Packages [509 kB]
2026-10-01T12:12:47.4061216Z Get:8 https://packages.microsoft.com/ubuntu/24.04/prod noble/main arm64 Packages [456 kB]
2026-10-01T12:12:47.4945382Z Get:9 http://azure.archive.ubuntu.com/ubuntu noble-updates/main amd64 Packages [1347 kB]
2026-10-01T12:12:47.5058554Z Get:10 http://azure.archive.ubuntu.com/ubuntu noble-updates/main Translation-en [302 kB]
2026-10-01T12:12:47.5370269Z Get:11 http://azure.archive.ubuntu.com/ubuntu noble-updates/main amd64 Components [181 kB]
2026-10-01T12:12:47.5817422Z Get:12 http://azure.archive.ubuntu.com/ubuntu noble-updates/universe amd64 Packages [1699 kB]
2026-10-01T12:12:47.6213185Z Get:13 http://azure.archive.ubuntu.com/ubuntu noble-updates/universe Translation-en [341 kB]
2026-10-01T12:12:47.6609733Z Get:14 http://azure.archive.ubuntu.com/ubuntu noble-updates/universe amd64 Components [388 kB]
2026-10-01T12:12:47.7230109Z Get:15 http://azure.archive.ubuntu.com/ubuntu noble-updates/restricted amd64 Packages [1709 kB]
2026-10-01T12:12:47.7496705Z Get:16 http://azure.archive.ubuntu.com/ubuntu noble-updates/restricted Translation-en [391 kB]
2026-10-01T12:12:47.7810753Z Get:17 http://azure.archive.ubuntu.com/ubuntu noble-updates/multiverse amd64 Components [940 B]
2026-10-01T12:12:47.8090978Z Get:18 http://azure.archive.ubuntu.com/ubuntu noble-backports/main amd64 Components [5760 B]
2026-10-01T12:12:47.9057588Z Get:19 http://azure.archive.ubuntu.com/ubuntu noble-backports/universe amd64 Components [12.6 kB]
2026-10-01T12:12:47.9165833Z Get:20 http://azure.archive.ubuntu.com/ubuntu noble-security/main amd64 Packages [1066 kB]
2026-10-01T12:12:47.9527526Z Get:21 http://azure.archive.ubuntu.com/ubuntu noble-security/main Translation-en [220 kB]
2026-10-01T12:12:47.9625318Z Get:22 http://azure.archive.ubuntu.com/ubuntu noble-security/main amd64 Components [46.4 kB]
2026-10-01T12:12:47.9757198Z Get:23 http://azure.archive.ubuntu.com/ubuntu noble-security/universe amd64 Packages [1216 kB]
2026-10-01T12:12:48.0243451Z Get:24 http://azure.archive.ubuntu.com/ubuntu noble-security/universe Translation-en [244 kB]
2026-10-01T12:12:48.0596679Z Get:25 http://azure.archive.ubuntu.com/ubuntu noble-security/universe amd64 Components [76.3 kB]
2026-10-01T12:12:48.0769671Z Get:26 http://azure.archive.ubuntu.com/ubuntu noble-security/restricted amd64 Packages [1566 kB]
2026-10-01T12:12:48.0849932Z Get:27 http://azure.archive.ubuntu.com/ubuntu noble-security/restricted Translation-en [361 kB]
2026-10-01T12:12:59.1336326Z Fetched 12.5 MB in 1s (10.0 MB/s)
2026-10-01T12:12:59.7410203Z Reading package lists...
2026-10-01T12:12:59.7522521Z ##[endgroup]
2026-10-01T12:12:59.7522968Z ##[group]Installing R system requirements
2026-10-01T12:12:59.7531154Z [command]/usr/bin/sudo DEBIAN_FRONTEND=noninteractive apt-get install -y gdebi-core qpdf devscripts ghostscript
2026-10-01T12:12:59.7765262Z Reading package lists...
2026-10-01T12:12:59.9527416Z Building dependency tree...
2026-10-01T12:12:59.9531623Z Reading state information...
2026-10-01T12:13:00.0804507Z The following additional packages will be installed:
2026-10-01T12:13:00.0805376Z   dctrl-tools diffstat dput fonts-droid-fallback fonts-noto-mono
2026-10-01T12:13:00.0805937Z   fonts-urw-base35 gettext intltool-debian libaliased-perl libapt-pkg-perl
2026-10-01T12:13:00.0806657Z   libarchive-zip-perl libarray-intspan-perl libauthen-sasl-perl
2026-10-01T12:13:00.0807191Z   libb-hooks-endofscope-perl libb-hooks-op-check-perl libberkeleydb-perl
2026-10-01T12:13:00.0807680Z   libcapture-tiny-perl libclass-data-inheritable-perl
2026-10-01T12:13:00.0808420Z   libclass-method-modifiers-perl libclass-xsaccessor-perl libconfig-tiny-perl
2026-10-01T12:13:00.0809206Z   libconst-fast-perl libcpanel-json-xs-perl libdata-dpath-perl
2026-10-01T12:13:00.0809847Z   libdata-dump-perl libdata-messagepack-perl libdata-optlist-perl
2026-10-01T12:13:00.0810424Z   libdata-validate-domain-perl libdata-validate-ip-perl
2026-10-01T12:13:00.0811115Z   libdata-validate-uri-perl libdevel-callchecker-perl libdevel-size-perl
2026-10-01T12:13:00.0811711Z   libdevel-stacktrace-perl libdistro-info-perl libdynaloader-functions-perl
2026-10-01T12:13:00.0812382Z   libemail-address-xs-perl libexception-class-perl libexporter-tiny-perl
2026-10-01T12:13:00.0813271Z   libfile-basedir-perl libfile-chdir-perl libfile-dirlist-perl
2026-10-01T12:13:00.0815896Z   libfile-find-rule-perl libfile-homedir-perl libfile-listing-perl
2026-10-01T12:13:00.0820894Z   libfile-touch-perl libfile-which-perl libfont-afm-perl libfont-ttf-perl
2026-10-01T12:13:00.0826821Z   libfreezethaw-perl libgit-wrapper-perl libgs-common libgs10 libgs10-common
2026-10-01T12:13:00.0827396Z   libhtml-form-perl libhtml-format-perl libhtml-html5-entities-perl
2026-10-01T12:13:00.0827914Z   libhtml-tokeparser-simple-perl libhtml-tree-perl libhttp-cookies-perl
2026-10-01T12:13:00.0828395Z   libhttp-daemon-perl libhttp-negotiate-perl libidn12 libijs-0.35
2026-10-01T12:13:00.0829223Z   libimport-into-perl libindirect-perl libio-interactive-perl libio-pty-perl
2026-10-01T12:13:00.0829729Z   libio-socket-ssl-perl libio-string-perl libipc-run-perl libipc-run3-perl
2026-10-01T12:13:00.0830241Z   libipc-system-simple-perl libiterator-perl libiterator-util-perl
2026-10-01T12:13:00.0830674Z   libjbig2dec0 libjson-maybexs-perl liblist-compare-perl
2026-10-01T12:13:00.0831135Z   liblist-someutils-perl liblist-someutils-xs-perl liblist-utilsby-perl
2026-10-01T12:13:00.0831633Z   liblog-any-adapter-screen-perl liblog-any-perl liblwp-protocol-https-perl
2026-10-01T12:13:00.0832170Z   libmailtools-perl libmarkdown2 libmath-base85-perl libmldbm-perl
2026-10-01T12:13:00.0832629Z   libmodule-implementation-perl libmodule-runtime-perl libmoo-perl
2026-10-01T12:13:00.0833114Z   libmoox-aliases-perl libmouse-perl libnamespace-clean-perl
2026-10-01T12:13:00.0833526Z   libnet-domain-tld-perl libnet-http-perl libnet-ipv6addr-perl
2026-10-01T12:13:00.0833988Z   libnet-netmask-perl libnet-smtp-ssl-perl libnet-ssleay-perl
2026-10-01T12:13:00.0834398Z   libnetaddr-ip-perl libnumber-compare-perl libobject-pad-perl
2026-10-01T12:13:00.0834887Z   libpackage-stash-perl libpackage-stash-xs-perl libpaper-utils libpaper1
2026-10-01T12:13:00.0835354Z   libparams-classify-perl libparams-util-perl libpath-iterator-rule-perl
2026-10-01T12:13:00.0835738Z   libpath-tiny-perl libperlio-gzip-perl libperlio-utf8-strict-perl
2026-10-01T12:13:00.0836059Z   libpod-constants-perl libpod-parser-perl libqpdf29t64 libre-engine-re2-perl
2026-10-01T12:13:00.0837032Z   libregexp-pattern-license-perl libregexp-pattern-perl
2026-10-01T12:13:00.0837450Z   libregexp-wildcards-perl librole-tiny-perl libsereal-decoder-perl
2026-10-01T12:13:00.0838224Z   libsereal-encoder-perl libset-intspan-perl libsocket6-perl
2026-10-01T12:13:00.0838660Z   libsort-versions-perl libstrictures-perl libstring-copyright-perl
2026-10-01T12:13:00.0839196Z   libstring-escape-perl libstring-license-perl libstring-shellquote-perl
2026-10-01T12:13:00.0839652Z   libsub-exporter-perl libsub-exporter-progressive-perl libsub-identify-perl
2026-10-01T12:13:00.0840038Z   libsub-install-perl libsub-name-perl libsub-quote-perl
2026-10-01T12:13:00.0840439Z   libsyntax-keyword-try-perl libtext-glob-perl libtext-levenshteinxs-perl
2026-10-01T12:13:00.0840899Z   libtext-markdown-discount-perl libtext-xslate-perl libtime-duration-perl
2026-10-01T12:13:00.0846805Z   libtime-moment-perl libtry-tiny-perl libunicode-utf8-perl
2026-10-01T12:13:00.0861017Z   libvariable-magic-perl libwww-mechanize-perl libwww-perl
2026-10-01T12:13:00.0861501Z   libwww-robotrules-perl libxs-parse-keyword-perl libxs-parse-sublike-perl
2026-10-01T12:13:00.0861906Z   libyaml-libyaml-perl licensecheck lintian lzip lzop patchutils
2026-10-01T12:13:00.0862340Z   perl-openssl-defaults poppler-data python3-gpg python3-nacl python3-paramiko
2026-10-01T12:13:00.0862763Z   python3-unidiff python3-xdg t1utils wdiff xfonts-encodings xfonts-utils
2026-10-01T12:13:00.0863090Z Suggested packages:
2026-10-01T12:13:00.0863348Z   debtags adequate at autopkgtest bls-standalone bsd-mailx | mailx
2026-10-01T12:13:00.0863642Z   build-essential check-all-the-things cvs-buildpackage debhelper diffoscope
2026-10-01T12:13:00.0863907Z   disorderfs dose-extra duck elpa-devscripts faketime gnuplot how-can-i-help
2026-10-01T12:13:00.0864182Z   libdbd-pg-perl libfile-desktopentry-perl libterm-size-perl libyaml-syck-perl
2026-10-01T12:13:00.0864452Z   mmdebstrap mutt piuparts pristine-lfs quilt ratt reprotest svn-buildpackage
2026-10-01T12:13:00.0864701Z   w3m debian-keyring equivs libgitlab-api-v4-perl libsoap-lite-perl
2026-10-01T12:13:00.0864920Z   pristine-tar mini-dinstall fonts-noto fonts-freefont-otf
2026-10-01T12:13:00.0865149Z   | fonts-freefont-ttf fonts-texgyre autopoint gettext-doc libasprintf-dev
2026-10-01T12:13:00.0865401Z   libgettextpo-dev texlive-binaries libdigest-hmac-perl libgssapi-perl
2026-10-01T12:13:00.0865643Z   libxml-parser-perl libcrypt-ssleay-perl libscalar-number-perl
2026-10-01T12:13:00.0865891Z   libbareword-filehandles-perl libmultidimensional-perl libxstring-perl
2026-10-01T12:13:00.0866155Z   libauthen-ntlm-perl binutils-multiarch libtext-template-perl poppler-utils
2026-10-01T12:13:00.0866734Z   fonts-japanese-mincho | fonts-ipafont-mincho fonts-japanese-gothic
2026-10-01T12:13:00.0867184Z   | fonts-ipafont-gothic fonts-arphic-ukai fonts-arphic-uming fonts-nanum
2026-10-01T12:13:00.0867638Z   python-nacl-doc python3-gssapi python3-invoke python-pyxdg-doc qpdf-doc
2026-10-01T12:13:00.0870754Z   wdiff-doc
2026-10-01T12:13:00.1517745Z The following NEW packages will be installed:
2026-10-01T12:13:00.1518685Z   dctrl-tools devscripts diffstat dput fonts-droid-fallback fonts-noto-mono
2026-10-01T12:13:00.1519427Z   fonts-urw-base35 gdebi-core gettext ghostscript intltool-debian
2026-10-01T12:13:00.1520046Z   libaliased-perl libapt-pkg-perl libarchive-zip-perl libarray-intspan-perl
2026-10-01T12:13:00.1520813Z   libauthen-sasl-perl libb-hooks-endofscope-perl libb-hooks-op-check-perl
2026-10-01T12:13:00.1521519Z   libberkeleydb-perl libcapture-tiny-perl libclass-data-inheritable-perl
2026-10-01T12:13:00.1522238Z   libclass-method-modifiers-perl libclass-xsaccessor-perl libconfig-tiny-perl
2026-10-01T12:13:00.1522965Z   libconst-fast-perl libcpanel-json-xs-perl libdata-dpath-perl
2026-10-01T12:13:00.1523617Z   libdata-dump-perl libdata-messagepack-perl libdata-optlist-perl
2026-10-01T12:13:00.1524249Z   libdata-validate-domain-perl libdata-validate-ip-perl
2026-10-01T12:13:00.1524891Z   libdata-validate-uri-perl libdevel-callchecker-perl libdevel-size-perl
2026-10-01T12:13:00.1526047Z   libdevel-stacktrace-perl libdistro-info-perl libdynaloader-functions-perl
2026-10-01T12:13:00.1526857Z   libemail-address-xs-perl libexception-class-perl libexporter-tiny-perl
2026-10-01T12:13:00.1527549Z   libfile-basedir-perl libfile-chdir-perl libfile-dirlist-perl
2026-10-01T12:13:00.1528382Z   libfile-find-rule-perl libfile-homedir-perl libfile-listing-perl
2026-10-01T12:13:00.1529078Z   libfile-touch-perl libfile-which-perl libfont-afm-perl libfont-ttf-perl
2026-10-01T12:13:00.1529820Z   libfreezethaw-perl libgit-wrapper-perl libgs-common libgs10 libgs10-common
2026-10-01T12:13:00.1530457Z   libhtml-form-perl libhtml-format-perl libhtml-html5-entities-perl
2026-10-01T12:13:00.1531110Z   libhtml-tokeparser-simple-perl libhtml-tree-perl libhttp-cookies-perl
2026-10-01T12:13:00.1531722Z   libhttp-daemon-perl libhttp-negotiate-perl libidn12 libijs-0.35
2026-10-01T12:13:00.1532246Z   libimport-into-perl libindirect-perl libio-interactive-perl libio-pty-perl
2026-10-01T12:13:00.1532791Z   libio-socket-ssl-perl libio-string-perl libipc-run-perl libipc-run3-perl
2026-10-01T12:13:00.1533310Z   libipc-system-simple-perl libiterator-perl libiterator-util-perl
2026-10-01T12:13:00.1533774Z   libjbig2dec0 libjson-maybexs-perl liblist-compare-perl
2026-10-01T12:13:00.1534247Z   liblist-someutils-perl liblist-someutils-xs-perl liblist-utilsby-perl
2026-10-01T12:13:00.1534786Z   liblog-any-adapter-screen-perl liblog-any-perl liblwp-protocol-https-perl
2026-10-01T12:13:00.1535304Z   libmailtools-perl libmarkdown2 libmath-base85-perl libmldbm-perl
2026-10-01T12:13:00.1535796Z   libmodule-implementation-perl libmodule-runtime-perl libmoo-perl
2026-10-01T12:13:00.1536395Z   libmoox-aliases-perl libmouse-perl libnamespace-clean-perl
2026-10-01T12:13:00.1536863Z   libnet-domain-tld-perl libnet-http-perl libnet-ipv6addr-perl
2026-10-01T12:13:00.1537324Z   libnet-netmask-perl libnet-smtp-ssl-perl libnet-ssleay-perl
2026-10-01T12:13:00.1537793Z   libnetaddr-ip-perl libnumber-compare-perl libobject-pad-perl
2026-10-01T12:13:00.1538293Z   libpackage-stash-perl libpackage-stash-xs-perl libpaper-utils libpaper1
2026-10-01T12:13:00.1538827Z   libparams-classify-perl libparams-util-perl libpath-iterator-rule-perl
2026-10-01T12:13:00.1539338Z   libpath-tiny-perl libperlio-gzip-perl libperlio-utf8-strict-perl
2026-10-01T12:13:00.1539861Z   libpod-constants-perl libpod-parser-perl libqpdf29t64 libre-engine-re2-perl
2026-10-01T12:13:00.1540363Z   libregexp-pattern-license-perl libregexp-pattern-perl
2026-10-01T12:13:00.1540868Z   libregexp-wildcards-perl librole-tiny-perl libsereal-decoder-perl
2026-10-01T12:13:00.1541345Z   libsereal-encoder-perl libset-intspan-perl libsocket6-perl
2026-10-01T12:13:00.1541820Z   libsort-versions-perl libstrictures-perl libstring-copyright-perl
2026-10-01T12:13:00.1542329Z   libstring-escape-perl libstring-license-perl libstring-shellquote-perl
2026-10-01T12:13:00.1542868Z   libsub-exporter-perl libsub-exporter-progressive-perl libsub-identify-perl
2026-10-01T12:13:00.1543368Z   libsub-install-perl libsub-name-perl libsub-quote-perl
2026-10-01T12:13:00.1543842Z   libsyntax-keyword-try-perl libtext-glob-perl libtext-levenshteinxs-perl
2026-10-01T12:13:00.1544387Z   libtext-markdown-discount-perl libtext-xslate-perl libtime-duration-perl
2026-10-01T12:13:00.1544881Z   libtime-moment-perl libtry-tiny-perl libunicode-utf8-perl
2026-10-01T12:13:00.1545326Z   libvariable-magic-perl libwww-mechanize-perl libwww-perl
2026-10-01T12:13:00.1545807Z   libwww-robotrules-perl libxs-parse-keyword-perl libxs-parse-sublike-perl
2026-10-01T12:13:00.1546396Z   libyaml-libyaml-perl licensecheck lintian lzip lzop patchutils
2026-10-01T12:13:00.1546867Z   perl-openssl-defaults poppler-data python3-gpg python3-nacl python3-paramiko
2026-10-01T12:13:00.1547372Z   python3-unidiff python3-xdg qpdf t1utils wdiff xfonts-encodings xfonts-utils
2026-10-01T12:13:00.1708253Z 0 upgraded, 172 newly installed, 0 to remove and 24 not upgraded.
2026-10-01T12:13:00.1708851Z Need to get 30.9 MB of archives.
2026-10-01T12:13:00.1709746Z After this operation, 105 MB of additional disk space will be used.
2026-10-01T12:13:00.1710278Z Get:1 file:/etc/apt/apt-mirrors.txt Mirrorlist [144 B]
2026-10-01T12:13:00.3428897Z Get:2 http://azure.archive.ubuntu.com/ubuntu noble/main amd64 fonts-droid-fallback all 1:6.0.1r16-1.1build1 [1805 kB]
2026-10-01T12:13:00.9407965Z Get:3 http://azure.archive.ubuntu.com/ubuntu noble/main amd64 poppler-data all 0.4.12-1 [2060 kB]
2026-10-01T12:13:01.0873714Z Get:4 http://azure.archive.ubuntu.com/ubuntu noble/main amd64 dctrl-tools amd64 2.24-3build3 [106 kB]
2026-10-01T12:13:01.1597545Z Get:5 http://azure.archive.ubuntu.com/ubuntu noble/main amd64 libfile-dirlist-perl all 0.05-3 [7286 B]
2026-10-01T12:13:01.2326423Z Get:6 http://azure.archive.ubuntu.com/ubuntu noble/main amd64 libfile-which-perl all 1.27-2 [12.5 kB]
2026-10-01T12:13:01.3038735Z Get:7 http://azure.archive.ubuntu.com/ubuntu noble/main amd64 libfile-homedir-perl all 1.006-2 [37.0 kB]
2026-10-01T12:13:01.3753427Z Get:8 http://azure.archive.ubuntu.com/ubuntu noble/main amd64 libfile-touch-perl all 0.12-2 [7498 B]
2026-10-01T12:13:01.4465096Z Get:9 http://azure.archive.ubuntu.com/ubuntu noble/main amd64 libio-pty-perl amd64 1:1.20-1build2 [31.2 kB]
2026-10-01T12:13:01.5182851Z Get:10 http://azure.archive.ubuntu.com/ubuntu noble/main amd64 libipc-run-perl all 20231003.0-1 [92.1 kB]
2026-10-01T12:13:01.5901727Z Get:11 http://azure.archive.ubuntu.com/ubuntu noble/main amd64 libclass-method-modifiers-perl all 2.15-1 [16.1 kB]
2026-10-01T12:13:01.6613654Z Get:12 http://azure.archive.ubuntu.com/ubuntu noble/main amd64 libclass-xsaccessor-perl amd64 1.19-4build4 [33.1 kB]
2026-10-01T12:13:01.7326464Z Get:13 http://azure.archive.ubuntu.com/ubuntu noble/main amd64 libb-hooks-op-check-perl amd64 0.22-3build1 [9518 B]
2026-10-01T12:13:01.8038534Z Get:14 http://azure.archive.ubuntu.com/ubuntu noble/main amd64 libdynaloader-functions-perl all 0.003-3 [12.1 kB]
2026-10-01T12:13:01.8782154Z Get:15 http://azure.archive.ubuntu.com/ubuntu noble/main amd64 libdevel-callchecker-perl amd64 0.008-2build3 [13.2 kB]
2026-10-01T12:13:01.9521384Z Get:16 http://azure.archive.ubuntu.com/ubuntu noble/main amd64 libparams-classify-perl amd64 0.015-2build5 [20.1 kB]
2026-10-01T12:13:02.0257847Z Get:17 http://azure.archive.ubuntu.com/ubuntu noble/main amd64 libmodule-runtime-perl all 0.016-2 [16.4 kB]
2026-10-01T12:13:02.0999434Z Get:18 http://azure.archive.ubuntu.com/ubuntu noble/main amd64 libimport-into-perl all 1.002005-2 [10.7 kB]
2026-10-01T12:13:02.1745895Z Get:19 http://azure.archive.ubuntu.com/ubuntu noble/main amd64 librole-tiny-perl all 2.002004-1 [16.3 kB]
2026-10-01T12:13:02.2488470Z Get:20 http://azure.archive.ubuntu.com/ubuntu noble/main amd64 libsub-quote-perl all 2.006008-1ubuntu1 [20.7 kB]
2026-10-01T12:13:02.3229410Z Get:21 http://azure.archive.ubuntu.com/ubuntu noble/main amd64 libmoo-perl all 2.005005-1 [47.4 kB]
2026-10-01T12:13:02.3974518Z Get:22 http://azure.archive.ubuntu.com/ubuntu noble/main amd64 libfile-listing-perl all 6.16-1 [11.3 kB]
2026-10-01T12:13:02.4716099Z Get:23 http://azure.archive.ubuntu.com/ubuntu noble/main amd64 libhtml-tree-perl all 5.07-3 [200 kB]
2026-10-01T12:13:02.5461375Z Get:24 http://azure.archive.ubuntu.com/ubuntu noble/main amd64 libhttp-cookies-perl all 6.11-1 [18.2 kB]
2026-10-01T12:13:02.6173950Z Get:25 http://azure.archive.ubuntu.com/ubuntu noble/main amd64 libhttp-negotiate-perl all 6.01-2 [12.4 kB]
2026-10-01T12:13:02.6887215Z Get:26 http://azure.archive.ubuntu.com/ubuntu noble/main amd64 perl-openssl-defaults amd64 7build3 [6626 B]
2026-10-01T12:13:02.7596553Z Get:27 http://azure.archive.ubuntu.com/ubuntu noble/main amd64 libnet-ssleay-perl amd64 1.94-1build4 [316 kB]
2026-10-01T12:13:02.8344739Z Get:28 http://azure.archive.ubuntu.com/ubuntu noble/main amd64 libio-socket-ssl-perl all 2.085-1 [195 kB]
2026-10-01T12:13:02.9091789Z Get:29 http://azure.archive.ubuntu.com/ubuntu noble/main amd64 libnet-http-perl all 6.23-1 [22.3 kB]
2026-10-01T12:13:02.9809840Z Get:30 http://azure.archive.ubuntu.com/ubuntu noble/main amd64 liblwp-protocol-https-perl all 6.13-1 [9006 B]
2026-10-01T12:13:03.0522234Z Get:31 http://azure.archive.ubuntu.com/ubuntu noble/main amd64 libtry-tiny-perl all 0.31-2 [20.8 kB]
2026-10-01T12:13:03.1231488Z Get:32 http://azure.archive.ubuntu.com/ubuntu noble/main amd64 libwww-robotrules-perl all 6.02-1 [12.6 kB]
2026-10-01T12:13:03.1941800Z Get:33 http://azure.archive.ubuntu.com/ubuntu noble-updates/main amd64 libwww-perl all 6.76-1ubuntu0.1 [139 kB]
2026-10-01T12:13:03.2663740Z Get:34 http://azure.archive.ubuntu.com/ubuntu noble/main amd64 patchutils amd64 0.4.2-1build3 [77.0 kB]
2026-10-01T12:13:03.3385892Z Get:35 http://azure.archive.ubuntu.com/ubuntu noble/main amd64 wdiff amd64 1.2.2-6build1 [29.1 kB]
2026-10-01T12:13:03.4197544Z Get:36 http://azure.archive.ubuntu.com/ubuntu noble-updates/main amd64 devscripts all 2.23.7ubuntu0.2 [1048 kB]
2026-10-01T12:13:03.5057973Z Get:37 http://azure.archive.ubuntu.com/ubuntu noble/main amd64 diffstat amd64 1.66-1build1 [29.7 kB]
2026-10-01T12:13:03.5782261Z Get:38 http://azure.archive.ubuntu.com/ubuntu noble/main amd64 python3-gpg amd64 1.18.0-4.1ubuntu4 [209 kB]
2026-10-01T12:13:03.6506026Z Get:39 http://azure.archive.ubuntu.com/ubuntu noble/main amd64 python3-xdg all 0.28-2 [38.3 kB]
2026-10-01T12:13:03.7226602Z Get:40 http://azure.archive.ubuntu.com/ubuntu noble/main amd64 dput all 1.1.3ubuntu3 [46.5 kB]
2026-10-01T12:13:03.7924685Z Get:41 http://azure.archive.ubuntu.com/ubuntu noble/main amd64 fonts-noto-mono all 20201225-2 [435 kB]
2026-10-01T12:13:03.8714673Z Get:42 http://azure.archive.ubuntu.com/ubuntu noble/main amd64 xfonts-encodings all 1:1.0.5-0ubuntu2 [578 kB]
2026-10-01T12:13:03.9491662Z Get:43 http://azure.archive.ubuntu.com/ubuntu noble/main amd64 xfonts-utils amd64 1:7.7+6build3 [94.4 kB]
2026-10-01T12:13:04.0218718Z Get:44 http://azure.archive.ubuntu.com/ubuntu noble/main amd64 fonts-urw-base35 all 20200910-8 [11.0 MB]
2026-10-01T12:13:04.3321242Z Get:45 http://azure.archive.ubuntu.com/ubuntu noble/universe amd64 gdebi-core all 0.9.5.7+nmu7 [132 kB]
2026-10-01T12:13:04.4026676Z Get:46 http://azure.archive.ubuntu.com/ubuntu noble/main amd64 gettext amd64 0.21-14ubuntu2 [864 kB]
2026-10-01T12:13:04.4809457Z Get:47 http://azure.archive.ubuntu.com/ubuntu noble-updates/main amd64 libgs-common all 10.02.1~dfsg1-0ubuntu7.9 [176 kB]
2026-10-01T12:13:04.5542498Z Get:48 http://azure.archive.ubuntu.com/ubuntu noble-updates/main amd64 libgs10-common all 10.02.1~dfsg1-0ubuntu7.9 [488 kB]
2026-10-01T12:13:04.6316060Z Get:49 http://azure.archive.ubuntu.com/ubuntu noble-updates/main amd64 libidn12 amd64 1.42-1ubuntu0.1 [56.1 kB]
2026-10-01T12:13:04.7051379Z Get:50 http://azure.archive.ubuntu.com/ubuntu noble/main amd64 libijs-0.35 amd64 0.35-15.1build1 [15.3 kB]
2026-10-01T12:13:04.7751655Z Get:51 http://azure.archive.ubuntu.com/ubuntu noble-updates/main amd64 libjbig2dec0 amd64 0.20-1ubuntu0.24.04.1 [65.2 kB]
2026-10-01T12:13:04.8448182Z Get:52 http://azure.archive.ubuntu.com/ubuntu noble/main amd64 libpaper1 amd64 1.1.29build1 [13.4 kB]
2026-10-01T12:13:04.9145383Z Get:53 http://azure.archive.ubuntu.com/ubuntu noble-updates/main amd64 libgs10 amd64 10.02.1~dfsg1-0ubuntu7.9 [3898 kB]
2026-10-01T12:13:05.0602139Z Get:54 http://azure.archive.ubuntu.com/ubuntu noble-updates/main amd64 ghostscript amd64 10.02.1~dfsg1-0ubuntu7.9 [43.4 kB]
2026-10-01T12:13:05.1301992Z Get:55 http://azure.archive.ubuntu.com/ubuntu noble/main amd64 intltool-debian all 0.35.0+20060710.6 [23.2 kB]
2026-10-01T12:13:05.2009580Z Get:56 http://azure.archive.ubuntu.com/ubuntu noble/main amd64 libaliased-perl all 0.34-3 [12.8 kB]
2026-10-01T12:13:05.2774859Z Get:57 http://azure.archive.ubuntu.com/ubuntu noble/main amd64 libapt-pkg-perl amd64 0.1.40build7 [68.4 kB]
2026-10-01T12:13:05.3517516Z Get:58 http://azure.archive.ubuntu.com/ubuntu noble/main amd64 libarchive-zip-perl all 1.68-1 [90.2 kB]
2026-10-01T12:13:05.4273146Z Get:59 http://azure.archive.ubuntu.com/ubuntu noble/main amd64 libarray-intspan-perl all 2.004-2 [25.0 kB]
2026-10-01T12:13:05.5009958Z Get:60 http://azure.archive.ubuntu.com/ubuntu noble/main amd64 libmodule-implementation-perl all 0.09-2 [12.0 kB]
2026-10-01T12:13:05.5750183Z Get:61 http://azure.archive.ubuntu.com/ubuntu noble/main amd64 libsub-exporter-progressive-perl all 0.001013-3 [6718 B]
2026-10-01T12:13:05.6500630Z Get:62 http://azure.archive.ubuntu.com/ubuntu noble/main amd64 libvariable-magic-perl amd64 0.63-1build3 [35.1 kB]
2026-10-01T12:13:05.7243067Z Get:63 http://azure.archive.ubuntu.com/ubuntu noble/main amd64 libb-hooks-endofscope-perl all 0.28-1 [15.8 kB]
2026-10-01T12:13:05.7981053Z Get:64 http://azure.archive.ubuntu.com/ubuntu noble/main amd64 libberkeleydb-perl amd64 0.64-2build4 [120 kB]
2026-10-01T12:13:05.8737861Z Get:65 http://azure.archive.ubuntu.com/ubuntu noble/main amd64 libcapture-tiny-perl all 0.48-2 [20.2 kB]
2026-10-01T12:13:06.0794321Z Get:66 http://azure.archive.ubuntu.com/ubuntu noble/main amd64 libclass-data-inheritable-perl all 0.08-3 [8084 B]
2026-10-01T12:13:06.2884344Z Get:67 http://azure.archive.ubuntu.com/ubuntu noble/main amd64 libconfig-tiny-perl all 2.30-1 [14.7 kB]
2026-10-01T12:13:06.4723175Z Get:68 http://azure.archive.ubuntu.com/ubuntu noble/main amd64 libparams-util-perl amd64 1.102-2build3 [21.2 kB]
2026-10-01T12:13:06.6697880Z Get:69 http://azure.archive.ubuntu.com/ubuntu noble/main amd64 libsub-install-perl all 0.929-1 [9764 B]
2026-10-01T12:13:06.9221862Z Get:70 http://azure.archive.ubuntu.com/ubuntu noble/main amd64 libdata-optlist-perl all 0.114-1 [9708 B]
2026-10-01T12:13:07.1508696Z Get:71 http://azure.archive.ubuntu.com/ubuntu noble/main amd64 libsub-exporter-perl all 0.990-1 [49.0 kB]
2026-10-01T12:13:07.3910265Z Get:72 http://azure.archive.ubuntu.com/ubuntu noble/main amd64 libconst-fast-perl all 0.014-2 [8034 B]
2026-10-01T12:13:07.4605252Z Get:73 http://azure.archive.ubuntu.com/ubuntu noble-updates/main amd64 libcpanel-json-xs-perl amd64 4.37-1ubuntu0.1 [114 kB]
2026-10-01T12:13:07.5318022Z Get:74 http://azure.archive.ubuntu.com/ubuntu noble/main amd64 libdevel-stacktrace-perl all 2.0500-1 [22.1 kB]
2026-10-01T12:13:07.6021194Z Get:75 http://azure.archive.ubuntu.com/ubuntu noble/main amd64 libexception-class-perl all 1.45-1 [28.6 kB]
2026-10-01T12:13:07.6718709Z Get:76 http://azure.archive.ubuntu.com/ubuntu noble/main amd64 libiterator-perl all 0.03+ds1-2 [18.8 kB]
2026-10-01T12:13:07.7416696Z Get:77 http://azure.archive.ubuntu.com/ubuntu noble/main amd64 libiterator-util-perl all 0.02+ds1-2 [14.1 kB]
2026-10-01T12:13:07.8128880Z Get:78 http://azure.archive.ubuntu.com/ubuntu noble/main amd64 libdata-dpath-perl all 0.59-1 [39.2 kB]
2026-10-01T12:13:07.8889052Z Get:79 http://azure.archive.ubuntu.com/ubuntu noble/main amd64 libdata-dump-perl all 1.25-1 [25.9 kB]
2026-10-01T12:13:08.1469353Z Get:80 http://azure.archive.ubuntu.com/ubuntu noble/main amd64 libdata-messagepack-perl amd64 1.02-1build4 [31.1 kB]
2026-10-01T12:13:08.2165295Z Get:81 http://azure.archive.ubuntu.com/ubuntu noble/main amd64 libnet-domain-tld-perl all 1.75-3 [29.4 kB]
2026-10-01T12:13:08.2861561Z Get:82 http://azure.archive.ubuntu.com/ubuntu noble/main amd64 libdata-validate-domain-perl all 0.10-1.1 [9992 B]
2026-10-01T12:13:08.3558103Z Get:83 http://azure.archive.ubuntu.com/ubuntu noble/main amd64 libnet-ipv6addr-perl all 1.02-1 [21.0 kB]
2026-10-01T12:13:08.4263853Z Get:84 http://azure.archive.ubuntu.com/ubuntu noble/main amd64 libnet-netmask-perl all 2.0002-2 [24.8 kB]
2026-10-01T12:13:08.4964906Z Get:85 http://azure.archive.ubuntu.com/ubuntu noble/main amd64 libnetaddr-ip-perl amd64 4.079+dfsg-2build4 [79.9 kB]
2026-10-01T12:13:08.5684904Z Get:86 http://azure.archive.ubuntu.com/ubuntu noble/main amd64 libdata-validate-ip-perl all 0.31-1 [17.2 kB]
2026-10-01T12:13:08.6398661Z Get:87 http://azure.archive.ubuntu.com/ubuntu noble/main amd64 libdata-validate-uri-perl all 0.07-3 [10.8 kB]
2026-10-01T12:13:08.7141154Z Get:88 http://azure.archive.ubuntu.com/ubuntu noble/main amd64 libdistro-info-perl all 1.7build1 [5616 B]
2026-10-01T12:13:08.7861489Z Get:89 http://azure.archive.ubuntu.com/ubuntu noble/main amd64 libemail-address-xs-perl amd64 1.05-1build4 [29.1 kB]
2026-10-01T12:13:08.8563574Z Get:90 http://azure.archive.ubuntu.com/ubuntu noble/main amd64 libexporter-tiny-perl all 1.006002-1 [36.8 kB]
2026-10-01T12:13:08.9271268Z Get:91 http://azure.archive.ubuntu.com/ubuntu noble/main amd64 libipc-system-simple-perl all 1.30-2 [22.3 kB]
2026-10-01T12:13:08.9974174Z Get:92 http://azure.archive.ubuntu.com/ubuntu noble/main amd64 libfile-basedir-perl all 0.09-2 [14.4 kB]
2026-10-01T12:13:09.0667100Z Get:93 http://azure.archive.ubuntu.com/ubuntu noble/main amd64 libfile-chdir-perl all 0.1008-1.1 [10.6 kB]
2026-10-01T12:13:09.1379509Z Get:94 http://azure.archive.ubuntu.com/ubuntu noble/main amd64 libnumber-compare-perl all 0.03-3 [5974 B]
2026-10-01T12:13:10.2857110Z Get:95 http://azure.archive.ubuntu.com/ubuntu noble/main amd64 libtext-glob-perl all 0.11-3 [6780 B]
2026-10-01T12:13:10.3549381Z Get:96 http://azure.archive.ubuntu.com/ubuntu noble-updates/main amd64 libfile-find-rule-perl all 0.34-3ubuntu0.24.04.1 [23.8 kB]
2026-10-01T12:13:10.4924419Z Get:97 http://azure.archive.ubuntu.com/ubuntu noble/main amd64 libfont-afm-perl all 1.20-4 [13.0 kB]
2026-10-01T12:13:10.5778331Z Get:98 http://azure.archive.ubuntu.com/ubuntu noble/main amd64 libio-string-perl all 1.08-4 [11.1 kB]
2026-10-01T12:13:10.6589605Z Get:99 http://azure.archive.ubuntu.com/ubuntu noble/main amd64 libfont-ttf-perl all 1.06-2 [323 kB]
2026-10-01T12:13:10.9700809Z Get:100 http://azure.archive.ubuntu.com/ubuntu noble/main amd64 libfreezethaw-perl all 0.5001-3 [14.6 kB]
2026-10-01T12:13:11.0421243Z Get:101 http://azure.archive.ubuntu.com/ubuntu noble/main amd64 libsort-versions-perl all 1.62-3 [7378 B]
2026-10-01T12:13:11.1122691Z Get:102 http://azure.archive.ubuntu.com/ubuntu noble/main amd64 libgit-wrapper-perl all 0.048-2 [29.5 kB]
2026-10-01T12:13:11.1930242Z Get:103 http://azure.archive.ubuntu.com/ubuntu noble/main amd64 libhtml-form-perl all 6.11-1 [32.1 kB]
2026-10-01T12:13:11.2652565Z Get:104 http://azure.archive.ubuntu.com/ubuntu noble/main amd64 libhtml-format-perl all 2.16-2 [36.9 kB]
2026-10-01T12:13:11.3368527Z Get:105 http://azure.archive.ubuntu.com/ubuntu noble/main amd64 libhtml-html5-entities-perl all 0.004-3 [21.6 kB]
2026-10-01T12:13:11.4088089Z Get:106 http://azure.archive.ubuntu.com/ubuntu noble/main amd64 libhtml-tokeparser-simple-perl all 3.16-4 [38.0 kB]
2026-10-01T12:13:11.4813552Z Get:107 http://azure.archive.ubuntu.com/ubuntu noble-updates/main amd64 libhttp-daemon-perl all 6.16-1ubuntu0.24.04.1 [22.8 kB]
2026-10-01T12:13:11.5529751Z Get:108 http://azure.archive.ubuntu.com/ubuntu noble/main amd64 libindirect-perl amd64 0.39-2build4 [22.1 kB]
2026-10-01T12:13:11.6250400Z Get:109 http://azure.archive.ubuntu.com/ubuntu noble/main amd64 libio-interactive-perl all 1.025-1 [10.4 kB]
2026-10-01T12:13:11.6980047Z Get:110 http://azure.archive.ubuntu.com/ubuntu noble/main amd64 libjson-maybexs-perl all 1.004005-1 [11.3 kB]
2026-10-01T12:13:11.7688219Z Get:111 http://azure.archive.ubuntu.com/ubuntu noble/main amd64 liblist-compare-perl all 0.55-2 [62.9 kB]
2026-10-01T12:13:11.8407723Z Get:112 http://azure.archive.ubuntu.com/ubuntu noble/main amd64 liblist-someutils-perl all 0.59-1 [30.4 kB]
2026-10-01T12:13:11.9100854Z Get:113 http://azure.archive.ubuntu.com/ubuntu noble/main amd64 liblist-someutils-xs-perl amd64 0.58-3build4 [35.0 kB]
2026-10-01T12:13:11.9794569Z Get:114 http://azure.archive.ubuntu.com/ubuntu noble/main amd64 liblist-utilsby-perl all 0.12-2 [14.9 kB]
2026-10-01T12:13:12.0488561Z Get:115 http://azure.archive.ubuntu.com/ubuntu noble/main amd64 liblog-any-perl all 1.717-1 [73.2 kB]
2026-10-01T12:13:12.1196508Z Get:116 http://azure.archive.ubuntu.com/ubuntu noble/main amd64 liblog-any-adapter-screen-perl all 0.140-2 [12.4 kB]
2026-10-01T12:13:12.1888026Z Get:117 http://azure.archive.ubuntu.com/ubuntu noble/main amd64 libnet-smtp-ssl-perl all 1.04-2 [6218 B]
2026-10-01T12:13:12.2607076Z Get:118 http://azure.archive.ubuntu.com/ubuntu noble/main amd64 libmailtools-perl all 2.21-2 [80.4 kB]
2026-10-01T12:13:12.3328959Z Get:119 http://azure.archive.ubuntu.com/ubuntu noble/main amd64 libmarkdown2 amd64 2.2.7-2build1 [37.5 kB]
2026-10-01T12:13:12.4055407Z Get:120 http://azure.archive.ubuntu.com/ubuntu noble/main amd64 libmath-base85-perl all 0.5+dfsg-2 [6124 B]
2026-10-01T12:13:12.4761991Z Get:121 http://azure.archive.ubuntu.com/ubuntu noble/main amd64 libmldbm-perl all 2.05-4 [16.0 kB]
2026-10-01T12:13:12.5479293Z Get:122 http://azure.archive.ubuntu.com/ubuntu noble/main amd64 libstrictures-perl all 2.000006-1 [16.3 kB]
2026-10-01T12:13:12.6201189Z Get:123 http://azure.archive.ubuntu.com/ubuntu noble/main amd64 libmoox-aliases-perl all 0.001006-2 [6796 B]
2026-10-01T12:13:12.6896871Z Get:124 http://azure.archive.ubuntu.com/ubuntu noble/main amd64 libmouse-perl amd64 2.5.10-1build8 [133 kB]
2026-10-01T12:13:12.7646488Z Get:125 http://azure.archive.ubuntu.com/ubuntu noble/main amd64 libpackage-stash-perl all 0.40-1 [19.5 kB]
2026-10-01T12:13:12.8340736Z Get:126 http://azure.archive.ubuntu.com/ubuntu noble/main amd64 libsub-identify-perl amd64 0.14-3build3 [9786 B]
2026-10-01T12:13:12.9040567Z Get:127 http://azure.archive.ubuntu.com/ubuntu noble/main amd64 libsub-name-perl amd64 0.27-1build3 [10.8 kB]
2026-10-01T12:13:12.9735819Z Get:128 http://azure.archive.ubuntu.com/ubuntu noble/main amd64 libnamespace-clean-perl all 0.27-2 [14.0 kB]
2026-10-01T12:13:13.0428068Z Get:129 http://azure.archive.ubuntu.com/ubuntu noble/main amd64 libxs-parse-keyword-perl amd64 0.39-1build3 [54.7 kB]
2026-10-01T12:13:13.1140351Z Get:130 http://azure.archive.ubuntu.com/ubuntu noble/main amd64 libxs-parse-sublike-perl amd64 0.21-2build3 [39.9 kB]
2026-10-01T12:13:13.1837343Z Get:131 http://azure.archive.ubuntu.com/ubuntu noble/main amd64 libobject-pad-perl amd64 0.808-1build3 [108 kB]
2026-10-01T12:13:13.2569568Z Get:132 http://azure.archive.ubuntu.com/ubuntu noble/main amd64 libpackage-stash-xs-perl amd64 0.30-1build4 [18.7 kB]
2026-10-01T12:13:13.3265277Z Get:133 http://azure.archive.ubuntu.com/ubuntu noble/main amd64 libpaper-utils amd64 1.1.29build1 [8650 B]
2026-10-01T12:13:13.3955262Z Get:134 http://azure.archive.ubuntu.com/ubuntu noble/main amd64 libpath-iterator-rule-perl all 1.015-2 [39.9 kB]
2026-10-01T12:13:13.4662166Z Get:135 http://azure.archive.ubuntu.com/ubuntu noble/main amd64 libpath-tiny-perl all 0.144-1 [47.7 kB]
2026-10-01T12:13:13.5356644Z Get:136 http://azure.archive.ubuntu.com/ubuntu noble/main amd64 libperlio-gzip-perl amd64 0.20-1build4 [14.6 kB]
2026-10-01T12:13:13.6056811Z Get:137 http://azure.archive.ubuntu.com/ubuntu noble/main amd64 libperlio-utf8-strict-perl amd64 0.010-1build3 [11.1 kB]
2026-10-01T12:13:13.6771764Z Get:138 http://azure.archive.ubuntu.com/ubuntu noble/main amd64 libpod-parser-perl all 1.67-1 [80.6 kB]
2026-10-01T12:13:13.7476434Z Get:139 http://azure.archive.ubuntu.com/ubuntu noble/main amd64 libpod-constants-perl all 0.19-2 [16.3 kB]
2026-10-01T12:13:13.8173016Z Get:140 http://azure.archive.ubuntu.com/ubuntu noble-updates/main amd64 libqpdf29t64 amd64 11.9.0-1.1ubuntu0.1 [798 kB]
2026-10-01T12:13:13.9054970Z Get:141 http://azure.archive.ubuntu.com/ubuntu noble/main amd64 libre-engine-re2-perl amd64 0.18+ds-1build3 [18.6 kB]
2026-10-01T12:13:13.9796560Z Get:142 http://azure.archive.ubuntu.com/ubuntu noble/main amd64 libregexp-pattern-license-perl all 3.11.0-1 [85.8 kB]
2026-10-01T12:13:14.0554008Z Get:143 http://azure.archive.ubuntu.com/ubuntu noble/main amd64 libregexp-pattern-perl all 0.2.14-2 [17.6 kB]
2026-10-01T12:13:14.1301274Z Get:144 http://azure.archive.ubuntu.com/ubuntu noble/main amd64 libregexp-wildcards-perl all 1.05-3 [12.9 kB]
2026-10-01T12:13:14.2032761Z Get:145 http://azure.archive.ubuntu.com/ubuntu noble/main amd64 libsereal-decoder-perl amd64 5.004+ds-1build3 [99.5 kB]
2026-10-01T12:13:14.2783414Z Get:146 http://azure.archive.ubuntu.com/ubuntu noble/main amd64 libsereal-encoder-perl amd64 5.004+ds-1build3 [103 kB]
2026-10-01T12:13:14.3559170Z Get:147 http://azure.archive.ubuntu.com/ubuntu noble/main amd64 libset-intspan-perl all 1.19-3 [24.8 kB]
2026-10-01T12:13:14.4299398Z Get:148 http://azure.archive.ubuntu.com/ubuntu noble/main amd64 libsocket6-perl amd64 0.29-3build3 [17.5 kB]
2026-10-01T12:13:14.5047481Z Get:149 http://azure.archive.ubuntu.com/ubuntu noble/main amd64 libstring-copyright-perl all 0.003014-1 [20.5 kB]
2026-10-01T12:13:14.5740045Z Get:150 http://azure.archive.ubuntu.com/ubuntu noble/main amd64 libstring-escape-perl all 2010.002-3 [16.1 kB]
2026-10-01T12:13:14.6513531Z Get:151 http://azure.archive.ubuntu.com/ubuntu noble/main amd64 libstring-license-perl all 0.0.9-2ubuntu1 [35.0 kB]
2026-10-01T12:13:14.7209771Z Get:152 http://azure.archive.ubuntu.com/ubuntu noble/main amd64 libstring-shellquote-perl all 1.04-3 [11.3 kB]
2026-10-01T12:13:14.7928745Z Get:153 http://azure.archive.ubuntu.com/ubuntu noble/main amd64 libsyntax-keyword-try-perl amd64 0.29-1build3 [24.3 kB]
2026-10-01T12:13:14.8623524Z Get:154 http://azure.archive.ubuntu.com/ubuntu noble/main amd64 libtext-levenshteinxs-perl amd64 0.03-5build4 [7966 B]
2026-10-01T12:13:14.9338587Z Get:155 http://azure.archive.ubuntu.com/ubuntu noble/main amd64 libtext-markdown-discount-perl amd64 0.16-1build3 [12.1 kB]
2026-10-01T12:13:15.0066418Z Get:156 http://azure.archive.ubuntu.com/ubuntu noble/main amd64 libtext-xslate-perl amd64 3.5.9-1build5 [161 kB]
2026-10-01T12:13:15.0799753Z Get:157 http://azure.archive.ubuntu.com/ubuntu noble/main amd64 libtime-duration-perl all 1.21-2 [12.3 kB]
2026-10-01T12:13:15.1495129Z Get:158 http://azure.archive.ubuntu.com/ubuntu noble/main amd64 libtime-moment-perl amd64 0.44-2build4 [70.9 kB]
2026-10-01T12:13:15.2226825Z Get:159 http://azure.archive.ubuntu.com/ubuntu noble/main amd64 libunicode-utf8-perl amd64 0.62-2build3 [18.1 kB]
2026-10-01T12:13:15.2917680Z Get:160 http://azure.archive.ubuntu.com/ubuntu noble/main amd64 libwww-mechanize-perl all 2.18-1ubuntu1 [93.1 kB]
2026-10-01T12:13:15.3627896Z Get:161 http://azure.archive.ubuntu.com/ubuntu noble-updates/main amd64 libyaml-libyaml-perl amd64 0.89+ds-1ubuntu0.24.04.1 [30.7 kB]
2026-10-01T12:13:15.4319582Z Get:162 http://azure.archive.ubuntu.com/ubuntu noble/main amd64 licensecheck all 3.3.9-1ubuntu1 [37.7 kB]
2026-10-01T12:13:15.5017830Z Get:163 http://azure.archive.ubuntu.com/ubuntu noble/main amd64 libdevel-size-perl amd64 0.83-2build4 [19.6 kB]
2026-10-01T12:13:15.5710213Z Get:164 http://azure.archive.ubuntu.com/ubuntu noble/main amd64 libipc-run3-perl all 0.049-1 [28.8 kB]
2026-10-01T12:13:15.6404688Z Get:165 http://azure.archive.ubuntu.com/ubuntu noble/main amd64 lzip amd64 1.24.1-1build1 [83.1 kB]
2026-10-01T12:13:15.7112396Z Get:166 http://azure.archive.ubuntu.com/ubuntu noble/main amd64 lzop amd64 1.04-2build3 [82.2 kB]
2026-10-01T12:13:15.7850675Z Get:167 http://azure.archive.ubuntu.com/ubuntu noble/main amd64 t1utils amd64 1.41-4build3 [61.3 kB]
2026-10-01T12:13:15.8548283Z Get:168 http://azure.archive.ubuntu.com/ubuntu noble-updates/main amd64 lintian all 2.117.0ubuntu1.5 [1063 kB]
2026-10-01T12:13:15.9463535Z Get:169 http://azure.archive.ubuntu.com/ubuntu noble/main amd64 python3-nacl amd64 1.5.0-4build1 [57.9 kB]
2026-10-01T12:13:16.0164132Z Get:170 http://azure.archive.ubuntu.com/ubuntu noble-updates/main amd64 python3-paramiko all 2.12.0-2ubuntu4.1 [137 kB]
2026-10-01T12:13:16.0879202Z Get:171 http://azure.archive.ubuntu.com/ubuntu noble/main amd64 python3-unidiff all 0.7.3-1 [11.0 kB]
2026-10-01T12:13:16.1587607Z Get:172 http://azure.archive.ubuntu.com/ubuntu noble-updates/universe amd64 qpdf amd64 11.9.0-1.1ubuntu0.1 [86.6 kB]
2026-10-01T12:13:16.2307467Z Get:173 http://azure.archive.ubuntu.com/ubuntu noble-updates/main amd64 libauthen-sasl-perl all 2.1700-1ubuntu0.1 [40.8 kB]
2026-10-01T12:13:16.5119953Z Preconfiguring packages ...
2026-10-01T12:13:16.5831936Z Fetched 30.9 MB in 16s (1918 kB/s)
2026-10-01T12:13:16.6452789Z Selecting previously unselected package fonts-droid-fallback.
2026-10-01T12:13:16.7321873Z (Reading database ... 
2026-10-01T12:13:16.7322281Z (Reading database ... 5%
2026-10-01T12:13:16.7322498Z (Reading database ... 10%
2026-10-01T12:13:16.7322772Z (Reading database ... 15%
2026-10-01T12:13:16.7322962Z (Reading database ... 20%
2026-10-01T12:13:16.7323149Z (Reading database ... 25%
2026-10-01T12:13:16.7323650Z (Reading database ... 30%
2026-10-01T12:13:16.7324135Z (Reading database ... 35%
2026-10-01T12:13:16.7324316Z (Reading database ... 40%
2026-10-01T12:13:16.7324498Z (Reading database ... 45%
2026-10-01T12:13:16.7324681Z (Reading database ... 50%
2026-10-01T12:13:16.7718073Z (Reading database ... 55%
2026-10-01T12:13:17.3024361Z (Reading database ... 60%
2026-10-01T12:13:17.6121185Z (Reading database ... 65%
2026-10-01T12:13:18.0247522Z (Reading database ... 70%
2026-10-01T12:13:18.4551263Z (Reading database ... 75%
2026-10-01T12:13:19.0043108Z (Reading database ... 80%
2026-10-01T12:13:19.6764999Z (Reading database ... 85%
2026-10-01T12:13:20.7152810Z (Reading database ... 90%
2026-10-01T12:13:22.2529501Z (Reading database ... 95%
2026-10-01T12:13:22.2529908Z (Reading database ... 100%
2026-10-01T12:13:22.2530268Z (Reading database ... 202296 files and directories currently installed.)
2026-10-01T12:13:22.2561428Z Preparing to unpack .../000-fonts-droid-fallback_1%3a6.0.1r16-1.1build1_all.deb ...
2026-10-01T12:13:22.2824442Z Unpacking fonts-droid-fallback (1:6.0.1r16-1.1build1) ...
2026-10-01T12:13:22.4484188Z Selecting previously unselected package poppler-data.
2026-10-01T12:13:22.4575948Z Preparing to unpack .../001-poppler-data_0.4.12-1_all.deb ...
2026-10-01T12:13:22.4581502Z Unpacking poppler-data (0.4.12-1) ...
2026-10-01T12:13:22.6690111Z Selecting previously unselected package dctrl-tools.
2026-10-01T12:13:22.6781688Z Preparing to unpack .../002-dctrl-tools_2.24-3build3_amd64.deb ...
2026-10-01T12:13:22.6829513Z Unpacking dctrl-tools (2.24-3build3) ...
2026-10-01T12:13:22.7300902Z Selecting previously unselected package libfile-dirlist-perl.
2026-10-01T12:13:22.7391670Z Preparing to unpack .../003-libfile-dirlist-perl_0.05-3_all.deb ...
2026-10-01T12:13:22.7398441Z Unpacking libfile-dirlist-perl (0.05-3) ...
2026-10-01T12:13:22.7843144Z Selecting previously unselected package libfile-which-perl.
2026-10-01T12:13:22.7918830Z Preparing to unpack .../004-libfile-which-perl_1.27-2_all.deb ...
2026-10-01T12:13:22.7924887Z Unpacking libfile-which-perl (1.27-2) ...
2026-10-01T12:13:22.8073860Z Selecting previously unselected package libfile-homedir-perl.
2026-10-01T12:13:22.8159485Z Preparing to unpack .../005-libfile-homedir-perl_1.006-2_all.deb ...
2026-10-01T12:13:22.8165165Z Unpacking libfile-homedir-perl (1.006-2) ...
2026-10-01T12:13:22.8360116Z Selecting previously unselected package libfile-touch-perl.
2026-10-01T12:13:22.8443840Z Preparing to unpack .../006-libfile-touch-perl_0.12-2_all.deb ...
2026-10-01T12:13:22.8450269Z Unpacking libfile-touch-perl (0.12-2) ...
2026-10-01T12:13:22.8595850Z Selecting previously unselected package libio-pty-perl.
2026-10-01T12:13:22.8680197Z Preparing to unpack .../007-libio-pty-perl_1%3a1.20-1build2_amd64.deb ...
2026-10-01T12:13:22.8776539Z Unpacking libio-pty-perl (1:1.20-1build2) ...
2026-10-01T12:13:22.8940074Z Selecting previously unselected package libipc-run-perl.
2026-10-01T12:13:22.9022502Z Preparing to unpack .../008-libipc-run-perl_20231003.0-1_all.deb ...
2026-10-01T12:13:22.9028487Z Unpacking libipc-run-perl (20231003.0-1) ...
2026-10-01T12:13:22.9199517Z Selecting previously unselected package libclass-method-modifiers-perl.
2026-10-01T12:13:22.9281767Z Preparing to unpack .../009-libclass-method-modifiers-perl_2.15-1_all.deb ...
2026-10-01T12:13:22.9288073Z Unpacking libclass-method-modifiers-perl (2.15-1) ...
2026-10-01T12:13:22.9456667Z Selecting previously unselected package libclass-xsaccessor-perl.
2026-10-01T12:13:22.9520856Z Preparing to unpack .../010-libclass-xsaccessor-perl_1.19-4build4_amd64.deb ...
2026-10-01T12:13:22.9526993Z Unpacking libclass-xsaccessor-perl (1.19-4build4) ...
2026-10-01T12:13:23.0100484Z Selecting previously unselected package libb-hooks-op-check-perl:amd64.
2026-10-01T12:13:23.0184632Z Preparing to unpack .../011-libb-hooks-op-check-perl_0.22-3build1_amd64.deb ...
2026-10-01T12:13:23.0191682Z Unpacking libb-hooks-op-check-perl:amd64 (0.22-3build1) ...
2026-10-01T12:13:23.0367334Z Selecting previously unselected package libdynaloader-functions-perl.
2026-10-01T12:13:23.0435719Z Preparing to unpack .../012-libdynaloader-functions-perl_0.003-3_all.deb ...
2026-10-01T12:13:23.0442809Z Unpacking libdynaloader-functions-perl (0.003-3) ...
2026-10-01T12:13:23.0594332Z Selecting previously unselected package libdevel-callchecker-perl:amd64.
2026-10-01T12:13:23.0679433Z Preparing to unpack .../013-libdevel-callchecker-perl_0.008-2build3_amd64.deb ...
2026-10-01T12:13:23.0687016Z Unpacking libdevel-callchecker-perl:amd64 (0.008-2build3) ...
2026-10-01T12:13:23.0955302Z Selecting previously unselected package libparams-classify-perl:amd64.
2026-10-01T12:13:23.1040093Z Preparing to unpack .../014-libparams-classify-perl_0.015-2build5_amd64.deb ...
2026-10-01T12:13:23.1045974Z Unpacking libparams-classify-perl:amd64 (0.015-2build5) ...
2026-10-01T12:13:23.1198757Z Selecting previously unselected package libmodule-runtime-perl.
2026-10-01T12:13:23.1283782Z Preparing to unpack .../015-libmodule-runtime-perl_0.016-2_all.deb ...
2026-10-01T12:13:23.1294151Z Unpacking libmodule-runtime-perl (0.016-2) ...
2026-10-01T12:13:23.1475845Z Selecting previously unselected package libimport-into-perl.
2026-10-01T12:13:23.1559785Z Preparing to unpack .../016-libimport-into-perl_1.002005-2_all.deb ...
2026-10-01T12:13:23.1566021Z Unpacking libimport-into-perl (1.002005-2) ...
2026-10-01T12:13:23.1716950Z Selecting previously unselected package librole-tiny-perl.
2026-10-01T12:13:23.1798579Z Preparing to unpack .../017-librole-tiny-perl_2.002004-1_all.deb ...
2026-10-01T12:13:23.1804653Z Unpacking librole-tiny-perl (2.002004-1) ...
2026-10-01T12:13:23.1964357Z Selecting previously unselected package libsub-quote-perl.
2026-10-01T12:13:23.2047087Z Preparing to unpack .../018-libsub-quote-perl_2.006008-1ubuntu1_all.deb ...
2026-10-01T12:13:23.2052995Z Unpacking libsub-quote-perl (2.006008-1ubuntu1) ...
2026-10-01T12:13:23.6966696Z Selecting previously unselected package libmoo-perl.
2026-10-01T12:13:23.7043807Z Preparing to unpack .../019-libmoo-perl_2.005005-1_all.deb ...
2026-10-01T12:13:23.7055028Z Unpacking libmoo-perl (2.005005-1) ...
2026-10-01T12:13:23.7246684Z Selecting previously unselected package libfile-listing-perl.
2026-10-01T12:13:23.7317087Z Preparing to unpack .../020-libfile-listing-perl_6.16-1_all.deb ...
2026-10-01T12:13:23.7322918Z Unpacking libfile-listing-perl (6.16-1) ...
2026-10-01T12:13:23.7472519Z Selecting previously unselected package libhtml-tree-perl.
2026-10-01T12:13:23.7559186Z Preparing to unpack .../021-libhtml-tree-perl_5.07-3_all.deb ...
2026-10-01T12:13:23.7566584Z Unpacking libhtml-tree-perl (5.07-3) ...
2026-10-01T12:13:23.7799112Z Selecting previously unselected package libhttp-cookies-perl.
2026-10-01T12:13:23.7884912Z Preparing to unpack .../022-libhttp-cookies-perl_6.11-1_all.deb ...
2026-10-01T12:13:23.7891236Z Unpacking libhttp-cookies-perl (6.11-1) ...
2026-10-01T12:13:23.8044849Z Selecting previously unselected package libhttp-negotiate-perl.
2026-10-01T12:13:23.8129094Z Preparing to unpack .../023-libhttp-negotiate-perl_6.01-2_all.deb ...
2026-10-01T12:13:23.8135472Z Unpacking libhttp-negotiate-perl (6.01-2) ...
2026-10-01T12:13:23.8281917Z Selecting previously unselected package perl-openssl-defaults:amd64.
2026-10-01T12:13:23.8367420Z Preparing to unpack .../024-perl-openssl-defaults_7build3_amd64.deb ...
2026-10-01T12:13:23.8373628Z Unpacking perl-openssl-defaults:amd64 (7build3) ...
2026-10-01T12:13:23.8672743Z Selecting previously unselected package libnet-ssleay-perl:amd64.
2026-10-01T12:13:23.8756842Z Preparing to unpack .../025-libnet-ssleay-perl_1.94-1build4_amd64.deb ...
2026-10-01T12:13:23.8763050Z Unpacking libnet-ssleay-perl:amd64 (1.94-1build4) ...
2026-10-01T12:13:23.9424794Z Selecting previously unselected package libio-socket-ssl-perl.
2026-10-01T12:13:23.9509956Z Preparing to unpack .../026-libio-socket-ssl-perl_2.085-1_all.deb ...
2026-10-01T12:13:23.9515720Z Unpacking libio-socket-ssl-perl (2.085-1) ...
2026-10-01T12:13:23.9729273Z Selecting previously unselected package libnet-http-perl.
2026-10-01T12:13:23.9813997Z Preparing to unpack .../027-libnet-http-perl_6.23-1_all.deb ...
2026-10-01T12:13:23.9823422Z Unpacking libnet-http-perl (6.23-1) ...
2026-10-01T12:13:23.9970784Z Selecting previously unselected package liblwp-protocol-https-perl.
2026-10-01T12:13:24.0053908Z Preparing to unpack .../028-liblwp-protocol-https-perl_6.13-1_all.deb ...
2026-10-01T12:13:24.0060556Z Unpacking liblwp-protocol-https-perl (6.13-1) ...
2026-10-01T12:13:24.0604500Z Selecting previously unselected package libtry-tiny-perl.
2026-10-01T12:13:24.0689888Z Preparing to unpack .../029-libtry-tiny-perl_0.31-2_all.deb ...
2026-10-01T12:13:24.0697498Z Unpacking libtry-tiny-perl (0.31-2) ...
2026-10-01T12:13:24.1151594Z Selecting previously unselected package libwww-robotrules-perl.
2026-10-01T12:13:24.1243206Z Preparing to unpack .../030-libwww-robotrules-perl_6.02-1_all.deb ...
2026-10-01T12:13:24.1254896Z Unpacking libwww-robotrules-perl (6.02-1) ...
2026-10-01T12:13:24.1436907Z Selecting previously unselected package libwww-perl.
2026-10-01T12:13:24.1508624Z Preparing to unpack .../031-libwww-perl_6.76-1ubuntu0.1_all.deb ...
2026-10-01T12:13:24.1514895Z Unpacking libwww-perl (6.76-1ubuntu0.1) ...
2026-10-01T12:13:24.1947769Z Selecting previously unselected package patchutils.
2026-10-01T12:13:24.2028698Z Preparing to unpack .../032-patchutils_0.4.2-1build3_amd64.deb ...
2026-10-01T12:13:24.2036979Z Unpacking patchutils (0.4.2-1build3) ...
2026-10-01T12:13:24.2441311Z Selecting previously unselected package wdiff.
2026-10-01T12:13:24.2535063Z Preparing to unpack .../033-wdiff_1.2.2-6build1_amd64.deb ...
2026-10-01T12:13:24.2545057Z Unpacking wdiff (1.2.2-6build1) ...
2026-10-01T12:13:24.3018119Z Selecting previously unselected package devscripts.
2026-10-01T12:13:24.3105873Z Preparing to unpack .../034-devscripts_2.23.7ubuntu0.2_all.deb ...
2026-10-01T12:13:24.3254526Z Unpacking devscripts (2.23.7ubuntu0.2) ...
2026-10-01T12:13:24.4457284Z Selecting previously unselected package diffstat.
2026-10-01T12:13:24.4523755Z Preparing to unpack .../035-diffstat_1.66-1build1_amd64.deb ...
2026-10-01T12:13:24.4528755Z Unpacking diffstat (1.66-1build1) ...
2026-10-01T12:13:24.4743288Z Selecting previously unselected package python3-gpg.
2026-10-01T12:13:24.4835751Z Preparing to unpack .../036-python3-gpg_1.18.0-4.1ubuntu4_amd64.deb ...
2026-10-01T12:13:24.4932235Z Unpacking python3-gpg (1.18.0-4.1ubuntu4) ...
2026-10-01T12:13:24.5437131Z Selecting previously unselected package python3-xdg.
2026-10-01T12:13:24.5532231Z Preparing to unpack .../037-python3-xdg_0.28-2_all.deb ...
2026-10-01T12:13:24.5546817Z Unpacking python3-xdg (0.28-2) ...
2026-10-01T12:13:24.5737024Z Selecting previously unselected package dput.
2026-10-01T12:13:24.5815381Z Preparing to unpack .../038-dput_1.1.3ubuntu3_all.deb ...
2026-10-01T12:13:24.5865300Z Unpacking dput (1.1.3ubuntu3) ...
2026-10-01T12:13:24.6064828Z Selecting previously unselected package fonts-noto-mono.
2026-10-01T12:13:24.6154657Z Preparing to unpack .../039-fonts-noto-mono_20201225-2_all.deb ...
2026-10-01T12:13:24.6164288Z Unpacking fonts-noto-mono (20201225-2) ...
2026-10-01T12:13:24.6375776Z Selecting previously unselected package xfonts-encodings.
2026-10-01T12:13:24.6468888Z Preparing to unpack .../040-xfonts-encodings_1%3a1.0.5-0ubuntu2_all.deb ...
2026-10-01T12:13:24.6477044Z Unpacking xfonts-encodings (1:1.0.5-0ubuntu2) ...
2026-10-01T12:13:24.6742035Z Selecting previously unselected package xfonts-utils.
2026-10-01T12:13:24.6833213Z Preparing to unpack .../041-xfonts-utils_1%3a7.7+6build3_amd64.deb ...
2026-10-01T12:13:24.6839046Z Unpacking xfonts-utils (1:7.7+6build3) ...
2026-10-01T12:13:24.7126949Z Selecting previously unselected package fonts-urw-base35.
2026-10-01T12:13:24.7197502Z Preparing to unpack .../042-fonts-urw-base35_20200910-8_all.deb ...
2026-10-01T12:13:24.7667431Z Unpacking fonts-urw-base35 (20200910-8) ...
2026-10-01T12:13:24.9866498Z Selecting previously unselected package gdebi-core.
2026-10-01T12:13:24.9958792Z Preparing to unpack .../043-gdebi-core_0.9.5.7+nmu7_all.deb ...
2026-10-01T12:13:24.9966877Z Unpacking gdebi-core (0.9.5.7+nmu7) ...
2026-10-01T12:13:25.1760772Z Selecting previously unselected package gettext.
2026-10-01T12:13:25.1853698Z Preparing to unpack .../044-gettext_0.21-14ubuntu2_amd64.deb ...
2026-10-01T12:13:25.1865503Z Unpacking gettext (0.21-14ubuntu2) ...
2026-10-01T12:13:25.2586815Z Selecting previously unselected package libgs-common.
2026-10-01T12:13:25.2662187Z Preparing to unpack .../045-libgs-common_10.02.1~dfsg1-0ubuntu7.9_all.deb ...
2026-10-01T12:13:25.2667908Z Unpacking libgs-common (10.02.1~dfsg1-0ubuntu7.9) ...
2026-10-01T12:13:25.2902410Z Selecting previously unselected package libgs10-common.
2026-10-01T12:13:25.2995437Z Preparing to unpack .../046-libgs10-common_10.02.1~dfsg1-0ubuntu7.9_all.deb ...
2026-10-01T12:13:25.3001097Z Unpacking libgs10-common (10.02.1~dfsg1-0ubuntu7.9) ...
2026-10-01T12:13:25.4108008Z Selecting previously unselected package libidn12:amd64.
2026-10-01T12:13:25.4182277Z Preparing to unpack .../047-libidn12_1.42-1ubuntu0.1_amd64.deb ...
2026-10-01T12:13:25.4188164Z Unpacking libidn12:amd64 (1.42-1ubuntu0.1) ...
2026-10-01T12:13:25.4348607Z Selecting previously unselected package libijs-0.35:amd64.
2026-10-01T12:13:25.4438284Z Preparing to unpack .../048-libijs-0.35_0.35-15.1build1_amd64.deb ...
2026-10-01T12:13:25.4443913Z Unpacking libijs-0.35:amd64 (0.35-15.1build1) ...
2026-10-01T12:13:25.4595479Z Selecting previously unselected package libjbig2dec0:amd64.
2026-10-01T12:13:25.4681389Z Preparing to unpack .../049-libjbig2dec0_0.20-1ubuntu0.24.04.1_amd64.deb ...
2026-10-01T12:13:25.4690472Z Unpacking libjbig2dec0:amd64 (0.20-1ubuntu0.24.04.1) ...
2026-10-01T12:13:25.4857629Z Selecting previously unselected package libpaper1:amd64.
2026-10-01T12:13:25.4934278Z Preparing to unpack .../050-libpaper1_1.1.29build1_amd64.deb ...
2026-10-01T12:13:25.4939837Z Unpacking libpaper1:amd64 (1.1.29build1) ...
2026-10-01T12:13:25.5123420Z Selecting previously unselected package libgs10:amd64.
2026-10-01T12:13:25.5233308Z Preparing to unpack .../051-libgs10_10.02.1~dfsg1-0ubuntu7.9_amd64.deb ...
2026-10-01T12:13:25.5333042Z Unpacking libgs10:amd64 (10.02.1~dfsg1-0ubuntu7.9) ...
2026-10-01T12:13:25.8227306Z Selecting previously unselected package ghostscript.
2026-10-01T12:13:25.8322186Z Preparing to unpack .../052-ghostscript_10.02.1~dfsg1-0ubuntu7.9_amd64.deb ...
2026-10-01T12:13:25.8332723Z Unpacking ghostscript (10.02.1~dfsg1-0ubuntu7.9) ...
2026-10-01T12:13:25.8546881Z Selecting previously unselected package intltool-debian.
2026-10-01T12:13:25.8622764Z Preparing to unpack .../053-intltool-debian_0.35.0+20060710.6_all.deb ...
2026-10-01T12:13:25.8627761Z Unpacking intltool-debian (0.35.0+20060710.6) ...
2026-10-01T12:13:25.8777477Z Selecting previously unselected package libaliased-perl.
2026-10-01T12:13:25.8865877Z Preparing to unpack .../054-libaliased-perl_0.34-3_all.deb ...
2026-10-01T12:13:25.8875631Z Unpacking libaliased-perl (0.34-3) ...
2026-10-01T12:13:25.9017117Z Selecting previously unselected package libapt-pkg-perl.
2026-10-01T12:13:25.9104671Z Preparing to unpack .../055-libapt-pkg-perl_0.1.40build7_amd64.deb ...
2026-10-01T12:13:25.9109397Z Unpacking libapt-pkg-perl (0.1.40build7) ...
2026-10-01T12:13:25.9278768Z Selecting previously unselected package libarchive-zip-perl.
2026-10-01T12:13:25.9364768Z Preparing to unpack .../056-libarchive-zip-perl_1.68-1_all.deb ...
2026-10-01T12:13:25.9369804Z Unpacking libarchive-zip-perl (1.68-1) ...
2026-10-01T12:13:25.9564403Z Selecting previously unselected package libarray-intspan-perl.
2026-10-01T12:13:25.9649944Z Preparing to unpack .../057-libarray-intspan-perl_2.004-2_all.deb ...
2026-10-01T12:13:25.9655004Z Unpacking libarray-intspan-perl (2.004-2) ...
2026-10-01T12:13:25.9823447Z Selecting previously unselected package libmodule-implementation-perl.
2026-10-01T12:13:25.9909069Z Preparing to unpack .../058-libmodule-implementation-perl_0.09-2_all.deb ...
2026-10-01T12:13:25.9914600Z Unpacking libmodule-implementation-perl (0.09-2) ...
2026-10-01T12:13:26.0059248Z Selecting previously unselected package libsub-exporter-progressive-perl.
2026-10-01T12:13:26.0146110Z Preparing to unpack .../059-libsub-exporter-progressive-perl_0.001013-3_all.deb ...
2026-10-01T12:13:26.0150304Z Unpacking libsub-exporter-progressive-perl (0.001013-3) ...
2026-10-01T12:13:26.0294090Z Selecting previously unselected package libvariable-magic-perl.
2026-10-01T12:13:26.0379767Z Preparing to unpack .../060-libvariable-magic-perl_0.63-1build3_amd64.deb ...
2026-10-01T12:13:26.0384860Z Unpacking libvariable-magic-perl (0.63-1build3) ...
2026-10-01T12:13:26.0555167Z Selecting previously unselected package libb-hooks-endofscope-perl.
2026-10-01T12:13:26.0640032Z Preparing to unpack .../061-libb-hooks-endofscope-perl_0.28-1_all.deb ...
2026-10-01T12:13:26.0645669Z Unpacking libb-hooks-endofscope-perl (0.28-1) ...
2026-10-01T12:13:26.0795073Z Selecting previously unselected package libberkeleydb-perl:amd64.
2026-10-01T12:13:26.0879703Z Preparing to unpack .../062-libberkeleydb-perl_0.64-2build4_amd64.deb ...
2026-10-01T12:13:26.0885270Z Unpacking libberkeleydb-perl:amd64 (0.64-2build4) ...
2026-10-01T12:13:26.1049346Z Selecting previously unselected package libcapture-tiny-perl.
2026-10-01T12:13:26.1136524Z Preparing to unpack .../063-libcapture-tiny-perl_0.48-2_all.deb ...
2026-10-01T12:13:26.1145340Z Unpacking libcapture-tiny-perl (0.48-2) ...
2026-10-01T12:13:26.1296991Z Selecting previously unselected package libclass-data-inheritable-perl.
2026-10-01T12:13:26.1375203Z Preparing to unpack .../064-libclass-data-inheritable-perl_0.08-3_all.deb ...
2026-10-01T12:13:26.1380171Z Unpacking libclass-data-inheritable-perl (0.08-3) ...
2026-10-01T12:13:26.1546780Z Selecting previously unselected package libconfig-tiny-perl.
2026-10-01T12:13:26.1631246Z Preparing to unpack .../065-libconfig-tiny-perl_2.30-1_all.deb ...
2026-10-01T12:13:26.1750748Z Unpacking libconfig-tiny-perl (2.30-1) ...
2026-10-01T12:13:26.1894947Z Selecting previously unselected package libparams-util-perl.
2026-10-01T12:13:26.1978949Z Preparing to unpack .../066-libparams-util-perl_1.102-2build3_amd64.deb ...
2026-10-01T12:13:26.1984201Z Unpacking libparams-util-perl (1.102-2build3) ...
2026-10-01T12:13:26.2132340Z Selecting previously unselected package libsub-install-perl.
2026-10-01T12:13:26.2216611Z Preparing to unpack .../067-libsub-install-perl_0.929-1_all.deb ...
2026-10-01T12:13:26.2222388Z Unpacking libsub-install-perl (0.929-1) ...
2026-10-01T12:13:26.2488006Z Selecting previously unselected package libdata-optlist-perl.
2026-10-01T12:13:26.2571417Z Preparing to unpack .../068-libdata-optlist-perl_0.114-1_all.deb ...
2026-10-01T12:13:26.2577538Z Unpacking libdata-optlist-perl (0.114-1) ...
2026-10-01T12:13:26.2722954Z Selecting previously unselected package libsub-exporter-perl.
2026-10-01T12:13:26.2807004Z Preparing to unpack .../069-libsub-exporter-perl_0.990-1_all.deb ...
2026-10-01T12:13:26.2813015Z Unpacking libsub-exporter-perl (0.990-1) ...
2026-10-01T12:13:26.3207330Z Selecting previously unselected package libconst-fast-perl.
2026-10-01T12:13:26.3290989Z Preparing to unpack .../070-libconst-fast-perl_0.014-2_all.deb ...
2026-10-01T12:13:26.3297732Z Unpacking libconst-fast-perl (0.014-2) ...
2026-10-01T12:13:26.3455528Z Selecting previously unselected package libcpanel-json-xs-perl:amd64.
2026-10-01T12:13:26.3539385Z Preparing to unpack .../071-libcpanel-json-xs-perl_4.37-1ubuntu0.1_amd64.deb ...
2026-10-01T12:13:26.3545357Z Unpacking libcpanel-json-xs-perl:amd64 (4.37-1ubuntu0.1) ...
2026-10-01T12:13:26.3727652Z Selecting previously unselected package libdevel-stacktrace-perl.
2026-10-01T12:13:26.3794771Z Preparing to unpack .../072-libdevel-stacktrace-perl_2.0500-1_all.deb ...
2026-10-01T12:13:26.3800831Z Unpacking libdevel-stacktrace-perl (2.0500-1) ...
2026-10-01T12:13:26.3962913Z Selecting previously unselected package libexception-class-perl.
2026-10-01T12:13:26.4041501Z Preparing to unpack .../073-libexception-class-perl_1.45-1_all.deb ...
2026-10-01T12:13:26.4051869Z Unpacking libexception-class-perl (1.45-1) ...
2026-10-01T12:13:26.4203576Z Selecting previously unselected package libiterator-perl.
2026-10-01T12:13:26.4289172Z Preparing to unpack .../074-libiterator-perl_0.03+ds1-2_all.deb ...
2026-10-01T12:13:26.4297549Z Unpacking libiterator-perl (0.03+ds1-2) ...
2026-10-01T12:13:26.4444028Z Selecting previously unselected package libiterator-util-perl.
2026-10-01T12:13:26.4535641Z Preparing to unpack .../075-libiterator-util-perl_0.02+ds1-2_all.deb ...
2026-10-01T12:13:26.4542128Z Unpacking libiterator-util-perl (0.02+ds1-2) ...
2026-10-01T12:13:26.4683429Z Selecting previously unselected package libdata-dpath-perl.
2026-10-01T12:13:26.4767794Z Preparing to unpack .../076-libdata-dpath-perl_0.59-1_all.deb ...
2026-10-01T12:13:26.4773773Z Unpacking libdata-dpath-perl (0.59-1) ...
2026-10-01T12:13:26.4947444Z Selecting previously unselected package libdata-dump-perl.
2026-10-01T12:13:26.5013529Z Preparing to unpack .../077-libdata-dump-perl_1.25-1_all.deb ...
2026-10-01T12:13:26.5019114Z Unpacking libdata-dump-perl (1.25-1) ...
2026-10-01T12:13:26.5174556Z Selecting previously unselected package libdata-messagepack-perl.
2026-10-01T12:13:26.5253847Z Preparing to unpack .../078-libdata-messagepack-perl_1.02-1build4_amd64.deb ...
2026-10-01T12:13:26.5261566Z Unpacking libdata-messagepack-perl (1.02-1build4) ...
2026-10-01T12:13:26.5413726Z Selecting previously unselected package libnet-domain-tld-perl.
2026-10-01T12:13:26.5498912Z Preparing to unpack .../079-libnet-domain-tld-perl_1.75-3_all.deb ...
2026-10-01T12:13:26.5503841Z Unpacking libnet-domain-tld-perl (1.75-3) ...
2026-10-01T12:13:26.5660226Z Selecting previously unselected package libdata-validate-domain-perl.
2026-10-01T12:13:26.5744987Z Preparing to unpack .../080-libdata-validate-domain-perl_0.10-1.1_all.deb ...
2026-10-01T12:13:26.5755260Z Unpacking libdata-validate-domain-perl (0.10-1.1) ...
2026-10-01T12:13:26.5918863Z Selecting previously unselected package libnet-ipv6addr-perl.
2026-10-01T12:13:26.5993448Z Preparing to unpack .../081-libnet-ipv6addr-perl_1.02-1_all.deb ...
2026-10-01T12:13:26.5999432Z Unpacking libnet-ipv6addr-perl (1.02-1) ...
2026-10-01T12:13:26.6658139Z Selecting previously unselected package libnet-netmask-perl.
2026-10-01T12:13:26.6742801Z Preparing to unpack .../082-libnet-netmask-perl_2.0002-2_all.deb ...
2026-10-01T12:13:26.6756995Z Unpacking libnet-netmask-perl (2.0002-2) ...
2026-10-01T12:13:26.7021465Z Selecting previously unselected package libnetaddr-ip-perl.
2026-10-01T12:13:26.7106483Z Preparing to unpack .../083-libnetaddr-ip-perl_4.079+dfsg-2build4_amd64.deb ...
2026-10-01T12:13:26.7111798Z Unpacking libnetaddr-ip-perl (4.079+dfsg-2build4) ...
2026-10-01T12:13:26.7336932Z Selecting previously unselected package libdata-validate-ip-perl.
2026-10-01T12:13:26.7413953Z Preparing to unpack .../084-libdata-validate-ip-perl_0.31-1_all.deb ...
2026-10-01T12:13:26.7422311Z Unpacking libdata-validate-ip-perl (0.31-1) ...
2026-10-01T12:13:26.7810324Z Selecting previously unselected package libdata-validate-uri-perl.
2026-10-01T12:13:26.7896100Z Preparing to unpack .../085-libdata-validate-uri-perl_0.07-3_all.deb ...
2026-10-01T12:13:26.7900488Z Unpacking libdata-validate-uri-perl (0.07-3) ...
2026-10-01T12:13:26.8147021Z Selecting previously unselected package libdistro-info-perl.
2026-10-01T12:13:26.8220139Z Preparing to unpack .../086-libdistro-info-perl_1.7build1_all.deb ...
2026-10-01T12:13:26.8227297Z Unpacking libdistro-info-perl (1.7build1) ...
2026-10-01T12:13:26.8396736Z Selecting previously unselected package libemail-address-xs-perl.
2026-10-01T12:13:26.8467125Z Preparing to unpack .../087-libemail-address-xs-perl_1.05-1build4_amd64.deb ...
2026-10-01T12:13:26.8476666Z Unpacking libemail-address-xs-perl (1.05-1build4) ...
2026-10-01T12:13:26.8622128Z Selecting previously unselected package libexporter-tiny-perl.
2026-10-01T12:13:26.8707679Z Preparing to unpack .../088-libexporter-tiny-perl_1.006002-1_all.deb ...
2026-10-01T12:13:26.8716636Z Unpacking libexporter-tiny-perl (1.006002-1) ...
2026-10-01T12:13:26.8895324Z Selecting previously unselected package libipc-system-simple-perl.
2026-10-01T12:13:26.8970690Z Preparing to unpack .../089-libipc-system-simple-perl_1.30-2_all.deb ...
2026-10-01T12:13:26.9132047Z Unpacking libipc-system-simple-perl (1.30-2) ...
2026-10-01T12:13:26.9386911Z Selecting previously unselected package libfile-basedir-perl.
2026-10-01T12:13:26.9461493Z Preparing to unpack .../090-libfile-basedir-perl_0.09-2_all.deb ...
2026-10-01T12:13:26.9467032Z Unpacking libfile-basedir-perl (0.09-2) ...
2026-10-01T12:13:26.9736918Z Selecting previously unselected package libfile-chdir-perl.
2026-10-01T12:13:26.9811110Z Preparing to unpack .../091-libfile-chdir-perl_0.1008-1.1_all.deb ...
2026-10-01T12:13:26.9815022Z Unpacking libfile-chdir-perl (0.1008-1.1) ...
2026-10-01T12:13:26.9965846Z Selecting previously unselected package libnumber-compare-perl.
2026-10-01T12:13:27.0051157Z Preparing to unpack .../092-libnumber-compare-perl_0.03-3_all.deb ...
2026-10-01T12:13:27.0057425Z Unpacking libnumber-compare-perl (0.03-3) ...
2026-10-01T12:13:27.0311799Z Selecting previously unselected package libtext-glob-perl.
2026-10-01T12:13:27.0395439Z Preparing to unpack .../093-libtext-glob-perl_0.11-3_all.deb ...
2026-10-01T12:13:27.0400640Z Unpacking libtext-glob-perl (0.11-3) ...
2026-10-01T12:13:27.0545870Z Selecting previously unselected package libfile-find-rule-perl.
2026-10-01T12:13:27.0630549Z Preparing to unpack .../094-libfile-find-rule-perl_0.34-3ubuntu0.24.04.1_all.deb ...
2026-10-01T12:13:27.0638758Z Unpacking libfile-find-rule-perl (0.34-3ubuntu0.24.04.1) ...
2026-10-01T12:13:27.0839377Z Selecting previously unselected package libfont-afm-perl.
2026-10-01T12:13:27.0923265Z Preparing to unpack .../095-libfont-afm-perl_1.20-4_all.deb ...
2026-10-01T12:13:27.0933535Z Unpacking libfont-afm-perl (1.20-4) ...
2026-10-01T12:13:27.1207332Z Selecting previously unselected package libio-string-perl.
2026-10-01T12:13:27.1284781Z Preparing to unpack .../096-libio-string-perl_1.08-4_all.deb ...
2026-10-01T12:13:27.1289253Z Unpacking libio-string-perl (1.08-4) ...
2026-10-01T12:13:27.1434811Z Selecting previously unselected package libfont-ttf-perl.
2026-10-01T12:13:27.1517808Z Preparing to unpack .../097-libfont-ttf-perl_1.06-2_all.deb ...
2026-10-01T12:13:27.1524480Z Unpacking libfont-ttf-perl (1.06-2) ...
2026-10-01T12:13:27.1997749Z Selecting previously unselected package libfreezethaw-perl.
2026-10-01T12:13:27.2083721Z Preparing to unpack .../098-libfreezethaw-perl_0.5001-3_all.deb ...
2026-10-01T12:13:27.2093588Z Unpacking libfreezethaw-perl (0.5001-3) ...
2026-10-01T12:13:27.2235233Z Selecting previously unselected package libsort-versions-perl.
2026-10-01T12:13:27.2319094Z Preparing to unpack .../099-libsort-versions-perl_1.62-3_all.deb ...
2026-10-01T12:13:27.2326878Z Unpacking libsort-versions-perl (1.62-3) ...
2026-10-01T12:13:27.2482178Z Selecting previously unselected package libgit-wrapper-perl.
2026-10-01T12:13:27.2566970Z Preparing to unpack .../100-libgit-wrapper-perl_0.048-2_all.deb ...
2026-10-01T12:13:27.2572286Z Unpacking libgit-wrapper-perl (0.048-2) ...
2026-10-01T12:13:27.2938377Z Selecting previously unselected package libhtml-form-perl.
2026-10-01T12:13:27.3021238Z Preparing to unpack .../101-libhtml-form-perl_6.11-1_all.deb ...
2026-10-01T12:13:27.3027059Z Unpacking libhtml-form-perl (6.11-1) ...
2026-10-01T12:13:27.3295050Z Selecting previously unselected package libhtml-format-perl.
2026-10-01T12:13:27.3379345Z Preparing to unpack .../102-libhtml-format-perl_2.16-2_all.deb ...
2026-10-01T12:13:27.3384850Z Unpacking libhtml-format-perl (2.16-2) ...
2026-10-01T12:13:27.3592756Z Selecting previously unselected package libhtml-html5-entities-perl.
2026-10-01T12:13:27.3677465Z Preparing to unpack .../103-libhtml-html5-entities-perl_0.004-3_all.deb ...
2026-10-01T12:13:27.3682244Z Unpacking libhtml-html5-entities-perl (0.004-3) ...
2026-10-01T12:13:27.3836700Z Selecting previously unselected package libhtml-tokeparser-simple-perl.
2026-10-01T12:13:27.3920871Z Preparing to unpack .../104-libhtml-tokeparser-simple-perl_3.16-4_all.deb ...
2026-10-01T12:13:27.3926507Z Unpacking libhtml-tokeparser-simple-perl (3.16-4) ...
2026-10-01T12:13:27.4091977Z Selecting previously unselected package libhttp-daemon-perl.
2026-10-01T12:13:27.4175204Z Preparing to unpack .../105-libhttp-daemon-perl_6.16-1ubuntu0.24.04.1_all.deb ...
2026-10-01T12:13:27.4181509Z Unpacking libhttp-daemon-perl (6.16-1ubuntu0.24.04.1) ...
2026-10-01T12:13:27.4328776Z Selecting previously unselected package libindirect-perl.
2026-10-01T12:13:27.4412488Z Preparing to unpack .../106-libindirect-perl_0.39-2build4_amd64.deb ...
2026-10-01T12:13:27.4420224Z Unpacking libindirect-perl (0.39-2build4) ...
2026-10-01T12:13:27.4643434Z Selecting previously unselected package libio-interactive-perl.
2026-10-01T12:13:27.4727366Z Preparing to unpack .../107-libio-interactive-perl_1.025-1_all.deb ...
2026-10-01T12:13:27.4734630Z Unpacking libio-interactive-perl (1.025-1) ...
2026-10-01T12:13:27.4886982Z Selecting previously unselected package libjson-maybexs-perl.
2026-10-01T12:13:27.4970601Z Preparing to unpack .../108-libjson-maybexs-perl_1.004005-1_all.deb ...
2026-10-01T12:13:27.4975650Z Unpacking libjson-maybexs-perl (1.004005-1) ...
2026-10-01T12:13:27.5174772Z Selecting previously unselected package liblist-compare-perl.
2026-10-01T12:13:27.5257314Z Preparing to unpack .../109-liblist-compare-perl_0.55-2_all.deb ...
2026-10-01T12:13:27.5262982Z Unpacking liblist-compare-perl (0.55-2) ...
2026-10-01T12:13:27.5425257Z Selecting previously unselected package liblist-someutils-perl.
2026-10-01T12:13:27.5509002Z Preparing to unpack .../110-liblist-someutils-perl_0.59-1_all.deb ...
2026-10-01T12:13:27.5516492Z Unpacking liblist-someutils-perl (0.59-1) ...
2026-10-01T12:13:27.5668442Z Selecting previously unselected package liblist-someutils-xs-perl:amd64.
2026-10-01T12:13:27.5751671Z Preparing to unpack .../111-liblist-someutils-xs-perl_0.58-3build4_amd64.deb ...
2026-10-01T12:13:27.5758389Z Unpacking liblist-someutils-xs-perl:amd64 (0.58-3build4) ...
2026-10-01T12:13:27.5913569Z Selecting previously unselected package liblist-utilsby-perl.
2026-10-01T12:13:27.5998342Z Preparing to unpack .../112-liblist-utilsby-perl_0.12-2_all.deb ...
2026-10-01T12:13:27.6004375Z Unpacking liblist-utilsby-perl (0.12-2) ...
2026-10-01T12:13:27.6151813Z Selecting previously unselected package liblog-any-perl.
2026-10-01T12:13:27.6235179Z Preparing to unpack .../113-liblog-any-perl_1.717-1_all.deb ...
2026-10-01T12:13:27.6249204Z Unpacking liblog-any-perl (1.717-1) ...
2026-10-01T12:13:27.6615564Z Selecting previously unselected package liblog-any-adapter-screen-perl.
2026-10-01T12:13:27.6698010Z Preparing to unpack .../114-liblog-any-adapter-screen-perl_0.140-2_all.deb ...
2026-10-01T12:13:27.6703133Z Unpacking liblog-any-adapter-screen-perl (0.140-2) ...
2026-10-01T12:13:27.6941806Z Selecting previously unselected package libnet-smtp-ssl-perl.
2026-10-01T12:13:27.7025735Z Preparing to unpack .../115-libnet-smtp-ssl-perl_1.04-2_all.deb ...
2026-10-01T12:13:27.7030805Z Unpacking libnet-smtp-ssl-perl (1.04-2) ...
2026-10-01T12:13:27.7185551Z Selecting previously unselected package libmailtools-perl.
2026-10-01T12:13:27.7269440Z Preparing to unpack .../116-libmailtools-perl_2.21-2_all.deb ...
2026-10-01T12:13:27.7276003Z Unpacking libmailtools-perl (2.21-2) ...
2026-10-01T12:13:27.7571119Z Selecting previously unselected package libmarkdown2:amd64.
2026-10-01T12:13:27.7658548Z Preparing to unpack .../117-libmarkdown2_2.2.7-2build1_amd64.deb ...
2026-10-01T12:13:27.7663889Z Unpacking libmarkdown2:amd64 (2.2.7-2build1) ...
2026-10-01T12:13:27.7814982Z Selecting previously unselected package libmath-base85-perl.
2026-10-01T12:13:27.7898458Z Preparing to unpack .../118-libmath-base85-perl_0.5+dfsg-2_all.deb ...
2026-10-01T12:13:27.7904660Z Unpacking libmath-base85-perl (0.5+dfsg-2) ...
2026-10-01T12:13:27.8320123Z Selecting previously unselected package libmldbm-perl.
2026-10-01T12:13:27.8411374Z Preparing to unpack .../119-libmldbm-perl_2.05-4_all.deb ...
2026-10-01T12:13:27.8417828Z Unpacking libmldbm-perl (2.05-4) ...
2026-10-01T12:13:27.8956722Z Selecting previously unselected package libstrictures-perl.
2026-10-01T12:13:27.9046454Z Preparing to unpack .../120-libstrictures-perl_2.000006-1_all.deb ...
2026-10-01T12:13:27.9052359Z Unpacking libstrictures-perl (2.000006-1) ...
2026-10-01T12:13:27.9344513Z Selecting previously unselected package libmoox-aliases-perl.
2026-10-01T12:13:27.9432118Z Preparing to unpack .../121-libmoox-aliases-perl_0.001006-2_all.deb ...
2026-10-01T12:13:27.9445352Z Unpacking libmoox-aliases-perl (0.001006-2) ...
2026-10-01T12:13:27.9607020Z Selecting previously unselected package libmouse-perl.
2026-10-01T12:13:27.9674608Z Preparing to unpack .../122-libmouse-perl_2.5.10-1build8_amd64.deb ...
2026-10-01T12:13:27.9683508Z Unpacking libmouse-perl (2.5.10-1build8) ...
2026-10-01T12:13:27.9977439Z Selecting previously unselected package libpackage-stash-perl.
2026-10-01T12:13:28.0053519Z Preparing to unpack .../123-libpackage-stash-perl_0.40-1_all.deb ...
2026-10-01T12:13:28.0058789Z Unpacking libpackage-stash-perl (0.40-1) ...
2026-10-01T12:13:28.0227073Z Selecting previously unselected package libsub-identify-perl.
2026-10-01T12:13:28.0291899Z Preparing to unpack .../124-libsub-identify-perl_0.14-3build3_amd64.deb ...
2026-10-01T12:13:28.0301207Z Unpacking libsub-identify-perl (0.14-3build3) ...
2026-10-01T12:13:28.0467496Z Selecting previously unselected package libsub-name-perl:amd64.
2026-10-01T12:13:28.0534688Z Preparing to unpack .../125-libsub-name-perl_0.27-1build3_amd64.deb ...
2026-10-01T12:13:28.0540487Z Unpacking libsub-name-perl:amd64 (0.27-1build3) ...
2026-10-01T12:13:28.0893699Z Selecting previously unselected package libnamespace-clean-perl.
2026-10-01T12:13:28.0976822Z Preparing to unpack .../126-libnamespace-clean-perl_0.27-2_all.deb ...
2026-10-01T12:13:28.0982762Z Unpacking libnamespace-clean-perl (0.27-2) ...
2026-10-01T12:13:28.1157352Z Selecting previously unselected package libxs-parse-keyword-perl.
2026-10-01T12:13:28.1222782Z Preparing to unpack .../127-libxs-parse-keyword-perl_0.39-1build3_amd64.deb ...
2026-10-01T12:13:28.1269045Z Unpacking libxs-parse-keyword-perl (0.39-1build3) ...
2026-10-01T12:13:28.1435699Z Selecting previously unselected package libxs-parse-sublike-perl:amd64.
2026-10-01T12:13:28.1521088Z Preparing to unpack .../128-libxs-parse-sublike-perl_0.21-2build3_amd64.deb ...
2026-10-01T12:13:28.1526700Z Unpacking libxs-parse-sublike-perl:amd64 (0.21-2build3) ...
2026-10-01T12:13:28.1811453Z Selecting previously unselected package libobject-pad-perl.
2026-10-01T12:13:28.1893974Z Preparing to unpack .../129-libobject-pad-perl_0.808-1build3_amd64.deb ...
2026-10-01T12:13:28.1900665Z Unpacking libobject-pad-perl (0.808-1build3) ...
2026-10-01T12:13:28.2071140Z Selecting previously unselected package libpackage-stash-xs-perl:amd64.
2026-10-01T12:13:28.2155432Z Preparing to unpack .../130-libpackage-stash-xs-perl_0.30-1build4_amd64.deb ...
2026-10-01T12:13:28.2159259Z Unpacking libpackage-stash-xs-perl:amd64 (0.30-1build4) ...
2026-10-01T12:13:28.2309978Z Selecting previously unselected package libpaper-utils.
2026-10-01T12:13:28.2394305Z Preparing to unpack .../131-libpaper-utils_1.1.29build1_amd64.deb ...
2026-10-01T12:13:28.2398971Z Unpacking libpaper-utils (1.1.29build1) ...
2026-10-01T12:13:28.2633550Z Selecting previously unselected package libpath-iterator-rule-perl.
2026-10-01T12:13:28.2717205Z Preparing to unpack .../132-libpath-iterator-rule-perl_1.015-2_all.deb ...
2026-10-01T12:13:28.2727191Z Unpacking libpath-iterator-rule-perl (1.015-2) ...
2026-10-01T12:13:28.2887439Z Selecting previously unselected package libpath-tiny-perl.
2026-10-01T12:13:28.2969618Z Preparing to unpack .../133-libpath-tiny-perl_0.144-1_all.deb ...
2026-10-01T12:13:28.2976706Z Unpacking libpath-tiny-perl (0.144-1) ...
2026-10-01T12:13:28.3178500Z Selecting previously unselected package libperlio-gzip-perl.
2026-10-01T12:13:28.3261268Z Preparing to unpack .../134-libperlio-gzip-perl_0.20-1build4_amd64.deb ...
2026-10-01T12:13:28.3268009Z Unpacking libperlio-gzip-perl (0.20-1build4) ...
2026-10-01T12:13:28.3672891Z Selecting previously unselected package libperlio-utf8-strict-perl.
2026-10-01T12:13:28.3755359Z Preparing to unpack .../135-libperlio-utf8-strict-perl_0.010-1build3_amd64.deb ...
2026-10-01T12:13:28.3765772Z Unpacking libperlio-utf8-strict-perl (0.010-1build3) ...
2026-10-01T12:13:28.3918335Z Selecting previously unselected package libpod-parser-perl.
2026-10-01T12:13:28.4001453Z Preparing to unpack .../136-libpod-parser-perl_1.67-1_all.deb ...
2026-10-01T12:13:28.4194686Z Adding 'diversion of /usr/bin/podselect to /usr/bin/podselect.bundled by libpod-parser-perl'
2026-10-01T12:13:28.4574029Z Adding 'diversion of /usr/share/man/man1/podselect.1.gz to /usr/share/man/man1/podselect.bundled.1.gz by libpod-parser-perl'
2026-10-01T12:13:28.4591984Z Unpacking libpod-parser-perl (1.67-1) ...
2026-10-01T12:13:28.4875610Z Selecting previously unselected package libpod-constants-perl.
2026-10-01T12:13:28.4965039Z Preparing to unpack .../137-libpod-constants-perl_0.19-2_all.deb ...
2026-10-01T12:13:28.4976820Z Unpacking libpod-constants-perl (0.19-2) ...
2026-10-01T12:13:28.5418768Z Selecting previously unselected package libqpdf29t64:amd64.
2026-10-01T12:13:28.5505709Z Preparing to unpack .../138-libqpdf29t64_11.9.0-1.1ubuntu0.1_amd64.deb ...
2026-10-01T12:13:28.5511720Z Unpacking libqpdf29t64:amd64 (11.9.0-1.1ubuntu0.1) ...
2026-10-01T12:13:28.5937555Z Selecting previously unselected package libre-engine-re2-perl:amd64.
2026-10-01T12:13:28.6025940Z Preparing to unpack .../139-libre-engine-re2-perl_0.18+ds-1build3_amd64.deb ...
2026-10-01T12:13:28.6031537Z Unpacking libre-engine-re2-perl:amd64 (0.18+ds-1build3) ...
2026-10-01T12:13:28.6324026Z Selecting previously unselected package libregexp-pattern-license-perl.
2026-10-01T12:13:28.6411260Z Preparing to unpack .../140-libregexp-pattern-license-perl_3.11.0-1_all.deb ...
2026-10-01T12:13:28.6417252Z Unpacking libregexp-pattern-license-perl (3.11.0-1) ...
2026-10-01T12:13:28.6757216Z Selecting previously unselected package libregexp-pattern-perl.
2026-10-01T12:13:28.6837698Z Preparing to unpack .../141-libregexp-pattern-perl_0.2.14-2_all.deb ...
2026-10-01T12:13:28.6843332Z Unpacking libregexp-pattern-perl (0.2.14-2) ...
2026-10-01T12:13:28.7027490Z Selecting previously unselected package libregexp-wildcards-perl.
2026-10-01T12:13:28.7095304Z Preparing to unpack .../142-libregexp-wildcards-perl_1.05-3_all.deb ...
2026-10-01T12:13:28.7315118Z Unpacking libregexp-wildcards-perl (1.05-3) ...
2026-10-01T12:13:28.7590759Z Selecting previously unselected package libsereal-decoder-perl.
2026-10-01T12:13:28.7678329Z Preparing to unpack .../143-libsereal-decoder-perl_5.004+ds-1build3_amd64.deb ...
2026-10-01T12:13:28.7683621Z Unpacking libsereal-decoder-perl (5.004+ds-1build3) ...
2026-10-01T12:13:28.7848560Z Selecting previously unselected package libsereal-encoder-perl.
2026-10-01T12:13:28.7936027Z Preparing to unpack .../144-libsereal-encoder-perl_5.004+ds-1build3_amd64.deb ...
2026-10-01T12:13:28.7941392Z Unpacking libsereal-encoder-perl (5.004+ds-1build3) ...
2026-10-01T12:13:28.8117143Z Selecting previously unselected package libset-intspan-perl.
2026-10-01T12:13:28.8188994Z Preparing to unpack .../145-libset-intspan-perl_1.19-3_all.deb ...
2026-10-01T12:13:28.8289754Z Unpacking libset-intspan-perl (1.19-3) ...
2026-10-01T12:13:28.8578418Z Selecting previously unselected package libsocket6-perl.
2026-10-01T12:13:28.8663767Z Preparing to unpack .../146-libsocket6-perl_0.29-3build3_amd64.deb ...
2026-10-01T12:13:28.8670444Z Unpacking libsocket6-perl (0.29-3build3) ...
2026-10-01T12:13:28.8901078Z Selecting previously unselected package libstring-copyright-perl.
2026-10-01T12:13:28.8986047Z Preparing to unpack .../147-libstring-copyright-perl_0.003014-1_all.deb ...
2026-10-01T12:13:28.9084513Z Unpacking libstring-copyright-perl (0.003014-1) ...
2026-10-01T12:13:28.9320859Z Selecting previously unselected package libstring-escape-perl.
2026-10-01T12:13:28.9404625Z Preparing to unpack .../148-libstring-escape-perl_2010.002-3_all.deb ...
2026-10-01T12:13:28.9418173Z Unpacking libstring-escape-perl (2010.002-3) ...
2026-10-01T12:13:28.9740099Z Selecting previously unselected package libstring-license-perl.
2026-10-01T12:13:28.9823688Z Preparing to unpack .../149-libstring-license-perl_0.0.9-2ubuntu1_all.deb ...
2026-10-01T12:13:28.9828985Z Unpacking libstring-license-perl (0.0.9-2ubuntu1) ...
2026-10-01T12:13:28.9985970Z Selecting previously unselected package libstring-shellquote-perl.
2026-10-01T12:13:29.0070854Z Preparing to unpack .../150-libstring-shellquote-perl_1.04-3_all.deb ...
2026-10-01T12:13:29.0076648Z Unpacking libstring-shellquote-perl (1.04-3) ...
2026-10-01T12:13:29.0223578Z Selecting previously unselected package libsyntax-keyword-try-perl.
2026-10-01T12:13:29.0307973Z Preparing to unpack .../151-libsyntax-keyword-try-perl_0.29-1build3_amd64.deb ...
2026-10-01T12:13:29.0314084Z Unpacking libsyntax-keyword-try-perl (0.29-1build3) ...
2026-10-01T12:13:29.0477064Z Selecting previously unselected package libtext-levenshteinxs-perl.
2026-10-01T12:13:29.0554518Z Preparing to unpack .../152-libtext-levenshteinxs-perl_0.03-5build4_amd64.deb ...
2026-10-01T12:13:29.0837443Z Unpacking libtext-levenshteinxs-perl (0.03-5build4) ...
2026-10-01T12:13:29.0991333Z Selecting previously unselected package libtext-markdown-discount-perl.
2026-10-01T12:13:29.1077598Z Preparing to unpack .../153-libtext-markdown-discount-perl_0.16-1build3_amd64.deb ...
2026-10-01T12:13:29.1083156Z Unpacking libtext-markdown-discount-perl (0.16-1build3) ...
2026-10-01T12:13:29.1777043Z Selecting previously unselected package libtext-xslate-perl:amd64.
2026-10-01T12:13:29.1862816Z Preparing to unpack .../154-libtext-xslate-perl_3.5.9-1build5_amd64.deb ...
2026-10-01T12:13:29.1868866Z Unpacking libtext-xslate-perl:amd64 (3.5.9-1build5) ...
2026-10-01T12:13:29.2159837Z Selecting previously unselected package libtime-duration-perl.
2026-10-01T12:13:29.2245337Z Preparing to unpack .../155-libtime-duration-perl_1.21-2_all.deb ...
2026-10-01T12:13:29.2254711Z Unpacking libtime-duration-perl (1.21-2) ...
2026-10-01T12:13:29.2516627Z Selecting previously unselected package libtime-moment-perl.
2026-10-01T12:13:29.2582045Z Preparing to unpack .../156-libtime-moment-perl_0.44-2build4_amd64.deb ...
2026-10-01T12:13:29.2649355Z Unpacking libtime-moment-perl (0.44-2build4) ...
2026-10-01T12:13:29.3002562Z Selecting previously unselected package libunicode-utf8-perl.
2026-10-01T12:13:29.3087770Z Preparing to unpack .../157-libunicode-utf8-perl_0.62-2build3_amd64.deb ...
2026-10-01T12:13:29.3181896Z Unpacking libunicode-utf8-perl (0.62-2build3) ...
2026-10-01T12:13:29.3347092Z Selecting previously unselected package libwww-mechanize-perl.
2026-10-01T12:13:29.3414701Z Preparing to unpack .../158-libwww-mechanize-perl_2.18-1ubuntu1_all.deb ...
2026-10-01T12:13:29.3430711Z Unpacking libwww-mechanize-perl (2.18-1ubuntu1) ...
2026-10-01T12:13:29.3956982Z Selecting previously unselected package libyaml-libyaml-perl.
2026-10-01T12:13:29.4025205Z Preparing to unpack .../159-libyaml-libyaml-perl_0.89+ds-1ubuntu0.24.04.1_amd64.deb ...
2026-10-01T12:13:29.4082406Z Unpacking libyaml-libyaml-perl (0.89+ds-1ubuntu0.24.04.1) ...
2026-10-01T12:13:29.4246750Z Selecting previously unselected package licensecheck.
2026-10-01T12:13:29.4327906Z Preparing to unpack .../160-licensecheck_3.3.9-1ubuntu1_all.deb ...
2026-10-01T12:13:29.4333202Z Unpacking licensecheck (3.3.9-1ubuntu1) ...
2026-10-01T12:13:29.4486078Z Selecting previously unselected package libdevel-size-perl.
2026-10-01T12:13:29.4570384Z Preparing to unpack .../161-libdevel-size-perl_0.83-2build4_amd64.deb ...
2026-10-01T12:13:29.4578924Z Unpacking libdevel-size-perl (0.83-2build4) ...
2026-10-01T12:13:29.4733127Z Selecting previously unselected package libipc-run3-perl.
2026-10-01T12:13:29.4819635Z Preparing to unpack .../162-libipc-run3-perl_0.049-1_all.deb ...
2026-10-01T12:13:29.4824131Z Unpacking libipc-run3-perl (0.049-1) ...
2026-10-01T12:13:29.5258541Z Selecting previously unselected package lzip.
2026-10-01T12:13:29.5343680Z Preparing to unpack .../163-lzip_1.24.1-1build1_amd64.deb ...
2026-10-01T12:13:29.5348740Z Unpacking lzip (1.24.1-1build1) ...
2026-10-01T12:13:29.5586573Z Selecting previously unselected package lzop.
2026-10-01T12:13:29.5652172Z Preparing to unpack .../164-lzop_1.04-2build3_amd64.deb ...
2026-10-01T12:13:29.5674897Z Unpacking lzop (1.04-2build3) ...
2026-10-01T12:13:29.5838803Z Selecting previously unselected package t1utils.
2026-10-01T12:13:29.5925489Z Preparing to unpack .../165-t1utils_1.41-4build3_amd64.deb ...
2026-10-01T12:13:29.5930572Z Unpacking t1utils (1.41-4build3) ...
2026-10-01T12:13:29.6677591Z Selecting previously unselected package lintian.
2026-10-01T12:13:29.6756958Z Preparing to unpack .../166-lintian_2.117.0ubuntu1.5_all.deb ...
2026-10-01T12:13:29.6806664Z Unpacking lintian (2.117.0ubuntu1.5) ...
2026-10-01T12:13:30.4935564Z Selecting previously unselected package python3-nacl.
2026-10-01T12:13:30.5038583Z Preparing to unpack .../167-python3-nacl_1.5.0-4build1_amd64.deb ...
2026-10-01T12:13:30.5045009Z Unpacking python3-nacl (1.5.0-4build1) ...
2026-10-01T12:13:30.5241269Z Selecting previously unselected package python3-paramiko.
2026-10-01T12:13:30.5333772Z Preparing to unpack .../168-python3-paramiko_2.12.0-2ubuntu4.1_all.deb ...
2026-10-01T12:13:30.5338626Z Unpacking python3-paramiko (2.12.0-2ubuntu4.1) ...
2026-10-01T12:13:30.5597107Z Selecting previously unselected package python3-unidiff.
2026-10-01T12:13:30.5687237Z Preparing to unpack .../169-python3-unidiff_0.7.3-1_all.deb ...
2026-10-01T12:13:30.5692184Z Unpacking python3-unidiff (0.7.3-1) ...
2026-10-01T12:13:30.6025239Z Selecting previously unselected package qpdf.
2026-10-01T12:13:30.6111701Z Preparing to unpack .../170-qpdf_11.9.0-1.1ubuntu0.1_amd64.deb ...
2026-10-01T12:13:30.6117545Z Unpacking qpdf (11.9.0-1.1ubuntu0.1) ...
2026-10-01T12:13:30.6288651Z Selecting previously unselected package libauthen-sasl-perl.
2026-10-01T12:13:30.6375525Z Preparing to unpack .../171-libauthen-sasl-perl_2.1700-1ubuntu0.1_all.deb ...
2026-10-01T12:13:30.6381124Z Unpacking libauthen-sasl-perl (2.1700-1ubuntu0.1) ...
2026-10-01T12:13:30.7065797Z Setting up libapt-pkg-perl (0.1.40build7) ...
2026-10-01T12:13:30.7541643Z Setting up libstring-escape-perl (2010.002-3) ...
2026-10-01T12:13:30.7729676Z Setting up libberkeleydb-perl:amd64 (0.64-2build4) ...
2026-10-01T12:13:30.7746362Z Setting up wdiff (1.2.2-6build1) ...
2026-10-01T12:13:30.7759308Z Setting up libpaper1:amd64 (1.1.29build1) ...
2026-10-01T12:13:30.9120419Z 
2026-10-01T12:13:30.9120846Z Creating config file /etc/papersize with new version
2026-10-01T12:13:30.9790587Z Setting up libhttp-negotiate-perl (6.01-2) ...
2026-10-01T12:13:30.9807996Z Setting up libfile-which-perl (1.27-2) ...
2026-10-01T12:13:30.9823386Z Setting up gettext (0.21-14ubuntu2) ...
2026-10-01T12:13:30.9946879Z Setting up libunicode-utf8-perl (0.62-2build3) ...
2026-10-01T12:13:30.9960387Z Setting up libset-intspan-perl (1.19-3) ...
2026-10-01T12:13:30.9973430Z Setting up libmouse-perl (2.5.10-1build8) ...
2026-10-01T12:13:30.9990011Z Setting up libfile-listing-perl (6.16-1) ...
2026-10-01T12:13:31.0005671Z Setting up fonts-noto-mono (20201225-2) ...
2026-10-01T12:13:31.0025104Z Setting up gdebi-core (0.9.5.7+nmu7) ...
2026-10-01T12:13:31.0903319Z /usr/share/gdebi/GDebi/GDebiCli.py:159: SyntaxWarning: invalid escape sequence '\S'
2026-10-01T12:13:31.0903751Z   c = findall("[[(](\S+)/\S+[])]", msg)[0].lower()
2026-10-01T12:13:31.0996835Z Setting up libregexp-pattern-perl (0.2.14-2) ...
2026-10-01T12:13:31.1570587Z Setting up libdata-messagepack-perl (1.02-1build4) ...
2026-10-01T12:13:31.1583947Z Setting up libfont-afm-perl (1.20-4) ...
2026-10-01T12:13:31.1598839Z Setting up libdynaloader-functions-perl (0.003-3) ...
2026-10-01T12:13:31.1612692Z Setting up libtext-glob-perl (0.11-3) ...
2026-10-01T12:13:31.1628615Z Setting up libclass-method-modifiers-perl (2.15-1) ...
2026-10-01T12:13:31.1643428Z Setting up liblist-compare-perl (0.55-2) ...
2026-10-01T12:13:31.1669477Z Setting up libio-pty-perl (1:1.20-1build2) ...
2026-10-01T12:13:31.1877200Z Setting up libhttp-cookies-perl (6.11-1) ...
2026-10-01T12:13:31.1890492Z Setting up libarchive-zip-perl (1.68-1) ...
2026-10-01T12:13:31.1905952Z Setting up libsub-identify-perl (0.14-3build3) ...
2026-10-01T12:13:31.1920785Z Setting up libdistro-info-perl (1.7build1) ...
2026-10-01T12:13:31.1963295Z Setting up libcpanel-json-xs-perl:amd64 (4.37-1ubuntu0.1) ...
2026-10-01T12:13:31.1982744Z Setting up liblog-any-perl (1.717-1) ...
2026-10-01T12:13:31.1995432Z Setting up libijs-0.35:amd64 (0.35-15.1build1) ...
2026-10-01T12:13:31.2010429Z Setting up libauthen-sasl-perl (2.1700-1ubuntu0.1) ...
2026-10-01T12:13:31.2023560Z Setting up libhtml-tree-perl (5.07-3) ...
2026-10-01T12:13:31.2079582Z Setting up libdevel-size-perl (0.83-2build4) ...
2026-10-01T12:13:31.2095681Z Setting up libgs-common (10.02.1~dfsg1-0ubuntu7.9) ...
2026-10-01T12:13:31.2109663Z Setting up libregexp-pattern-license-perl (3.11.0-1) ...
2026-10-01T12:13:31.2126842Z Setting up libyaml-libyaml-perl (0.89+ds-1ubuntu0.24.04.1) ...
2026-10-01T12:13:31.2140929Z Setting up libio-interactive-perl (1.025-1) ...
2026-10-01T12:13:31.2168470Z Setting up libtry-tiny-perl (0.31-2) ...
2026-10-01T12:13:31.2187085Z Setting up perl-openssl-defaults:amd64 (7build3) ...
2026-10-01T12:13:31.2212893Z Setting up libmldbm-perl (2.05-4) ...
2026-10-01T12:13:31.2228865Z Setting up libqpdf29t64:amd64 (11.9.0-1.1ubuntu0.1) ...
2026-10-01T12:13:31.2251809Z Setting up libnet-http-perl (6.23-1) ...
2026-10-01T12:13:31.2272863Z Setting up libtime-moment-perl (0.44-2build4) ...
2026-10-01T12:13:31.2285936Z Setting up libhtml-format-perl (2.16-2) ...
2026-10-01T12:13:31.2300508Z Setting up libpaper-utils (1.1.29build1) ...
2026-10-01T12:13:31.2314134Z Setting up libmath-base85-perl (0.5+dfsg-2) ...
2026-10-01T12:13:31.2327123Z Setting up python3-xdg (0.28-2) ...
2026-10-01T12:13:31.3202844Z Setting up libconfig-tiny-perl (2.30-1) ...
2026-10-01T12:13:31.3229606Z Setting up libsereal-encoder-perl (5.004+ds-1build3) ...
2026-10-01T12:13:31.3245199Z Setting up liblist-utilsby-perl (0.12-2) ...
2026-10-01T12:13:31.3258585Z Setting up libstring-shellquote-perl (1.04-3) ...
2026-10-01T12:13:31.3296485Z Setting up libnet-netmask-perl (2.0002-2) ...
2026-10-01T12:13:31.3313205Z Setting up libsub-install-perl (0.929-1) ...
2026-10-01T12:13:31.3329184Z Setting up libindirect-perl (0.39-2build4) ...
2026-10-01T12:13:31.3342028Z Setting up poppler-data (0.4.12-1) ...
2026-10-01T12:13:31.3450588Z Setting up libxs-parse-sublike-perl:amd64 (0.21-2build3) ...
2026-10-01T12:13:31.3468209Z Setting up libnumber-compare-perl (0.03-3) ...
2026-10-01T12:13:31.3525233Z Setting up intltool-debian (0.35.0+20060710.6) ...
2026-10-01T12:13:31.3525664Z Setting up libfreezethaw-perl (0.5001-3) ...
2026-10-01T12:13:31.3527778Z Setting up patchutils (0.4.2-1build3) ...
2026-10-01T12:13:31.3529033Z Setting up libjson-maybexs-perl (1.004005-1) ...
2026-10-01T12:13:31.3542460Z Setting up libio-string-perl (1.08-4) ...
2026-10-01T12:13:31.3573161Z Setting up libnetaddr-ip-perl (4.079+dfsg-2build4) ...
2026-10-01T12:13:31.3593793Z Setting up libpackage-stash-xs-perl:amd64 (0.30-1build4) ...
2026-10-01T12:13:31.3609422Z Setting up libclass-data-inheritable-perl (0.08-3) ...
2026-10-01T12:13:31.3625099Z Setting up libxs-parse-keyword-perl (0.39-1build3) ...
2026-10-01T12:13:31.3640628Z Setting up python3-gpg (1.18.0-4.1ubuntu4) ...
2026-10-01T12:13:31.4574785Z Setting up libdata-dump-perl (1.25-1) ...
2026-10-01T12:13:31.4589402Z Setting up libfile-find-rule-perl (0.34-3ubuntu0.24.04.1) ...
2026-10-01T12:13:31.4605565Z Setting up libjbig2dec0:amd64 (0.20-1ubuntu0.24.04.1) ...
2026-10-01T12:13:31.4621764Z Setting up libipc-system-simple-perl (1.30-2) ...
2026-10-01T12:13:31.4637572Z Setting up libnet-domain-tld-perl (1.75-3) ...
2026-10-01T12:13:31.4672873Z Setting up libperlio-utf8-strict-perl (0.010-1build3) ...
2026-10-01T12:13:31.4686969Z Setting up libsocket6-perl (0.29-3build3) ...
2026-10-01T12:13:31.4702541Z Setting up lzip (1.24.1-1build1) ...
2026-10-01T12:13:31.4813310Z update-alternatives: using /usr/bin/lzip.lzip to provide /usr/bin/lzip (lzip) in auto mode
2026-10-01T12:13:31.4848602Z update-alternatives: using /usr/bin/lzip.lzip to provide /usr/bin/lzip-compressor (lzip-compressor) in auto mode
2026-10-01T12:13:31.4879562Z update-alternatives: using /usr/bin/lzip.lzip to provide /usr/bin/lzip-decompressor (lzip-decompressor) in auto mode
2026-10-01T12:13:31.4897212Z Setting up qpdf (11.9.0-1.1ubuntu0.1) ...
2026-10-01T12:13:31.4911576Z Setting up xfonts-encodings (1:1.0.5-0ubuntu2) ...
2026-10-01T12:13:31.5035252Z Setting up t1utils (1.41-4build3) ...
2026-10-01T12:13:31.5050391Z Setting up diffstat (1.66-1build1) ...
2026-10-01T12:13:31.5065662Z Setting up libvariable-magic-perl (0.63-1build3) ...
2026-10-01T12:13:31.5082565Z Setting up libidn12:amd64 (1.42-1ubuntu0.1) ...
2026-10-01T12:13:31.5099371Z Setting up libpod-parser-perl (1.67-1) ...
2026-10-01T12:13:31.5113047Z Setting up libb-hooks-op-check-perl:amd64 (0.22-3build1) ...
2026-10-01T12:13:31.5719944Z Setting up libipc-run-perl (20231003.0-1) ...
2026-10-01T12:13:31.5885777Z Setting up libparams-util-perl (1.102-2build3) ...
2026-10-01T12:13:31.5902299Z Setting up libtime-duration-perl (1.21-2) ...
2026-10-01T12:13:31.5919190Z Setting up libtext-xslate-perl:amd64 (3.5.9-1build5) ...
2026-10-01T12:13:31.5931960Z Setting up libsub-exporter-progressive-perl (0.001013-3) ...
2026-10-01T12:13:31.5979055Z Setting up libarray-intspan-perl (2.004-2) ...
2026-10-01T12:13:31.6105185Z Setting up libcapture-tiny-perl (0.48-2) ...
2026-10-01T12:13:31.6121331Z Setting up libsub-name-perl:amd64 (0.27-1build3) ...
2026-10-01T12:13:31.6145586Z Setting up libwww-robotrules-perl (6.02-1) ...
2026-10-01T12:13:31.6162732Z Setting up libsyntax-keyword-try-perl (0.29-1build3) ...
2026-10-01T12:13:31.6177348Z Setting up libdata-validate-domain-perl (0.10-1.1) ...
2026-10-01T12:13:31.6195335Z Setting up libhttp-daemon-perl (6.16-1ubuntu0.24.04.1) ...
2026-10-01T12:13:31.6211025Z Setting up libfile-chdir-perl (0.1008-1.1) ...
2026-10-01T12:13:31.6225106Z Setting up libpath-tiny-perl (0.144-1) ...
2026-10-01T12:13:31.6242639Z Setting up lzop (1.04-2build3) ...
2026-10-01T12:13:31.6280038Z Setting up liblog-any-adapter-screen-perl (0.140-2) ...
2026-10-01T12:13:31.6296958Z Setting up librole-tiny-perl (2.002004-1) ...
2026-10-01T12:13:31.6313644Z Setting up libipc-run3-perl (0.049-1) ...
2026-10-01T12:13:31.6327820Z Setting up libregexp-wildcards-perl (1.05-3) ...
2026-10-01T12:13:31.6820935Z Setting up libaliased-perl (0.34-3) ...
2026-10-01T12:13:31.6836627Z Setting up python3-unidiff (0.7.3-1) ...
2026-10-01T12:13:31.7620731Z Setting up libstrictures-perl (2.000006-1) ...
2026-10-01T12:13:31.7637960Z Setting up libsub-quote-perl (2.006008-1ubuntu1) ...
2026-10-01T12:13:31.7653710Z Setting up libdevel-stacktrace-perl (2.0500-1) ...
2026-10-01T12:13:31.7671837Z Setting up libclass-xsaccessor-perl (1.19-4build4) ...
2026-10-01T12:13:31.7687383Z Setting up fonts-droid-fallback (1:6.0.1r16-1.1build1) ...
2026-10-01T12:13:31.7840773Z Setting up libsort-versions-perl (1.62-3) ...
2026-10-01T12:13:31.7854067Z Setting up libexporter-tiny-perl (1.006002-1) ...
2026-10-01T12:13:31.7869910Z Setting up libre-engine-re2-perl:amd64 (0.18+ds-1build3) ...
2026-10-01T12:13:31.7886781Z Setting up libfile-dirlist-perl (0.05-3) ...
2026-10-01T12:13:31.7901708Z Setting up libfont-ttf-perl (1.06-2) ...
2026-10-01T12:13:31.7914539Z Setting up libfile-homedir-perl (1.006-2) ...
2026-10-01T12:13:31.7931626Z Setting up libtext-levenshteinxs-perl (0.03-5build4) ...
2026-10-01T12:13:31.7947771Z Setting up libperlio-gzip-perl (0.20-1build4) ...
2026-10-01T12:13:31.7976891Z Setting up libhtml-html5-entities-perl (0.004-3) ...
2026-10-01T12:13:31.7991269Z Setting up libsereal-decoder-perl (5.004+ds-1build3) ...
2026-10-01T12:13:31.8008722Z Setting up libmarkdown2:amd64 (2.2.7-2build1) ...
2026-10-01T12:13:31.8021779Z Setting up libnet-ipv6addr-perl (1.02-1) ...
2026-10-01T12:13:31.8037745Z Setting up libfile-touch-perl (0.12-2) ...
2026-10-01T12:13:31.8053123Z Setting up python3-nacl (1.5.0-4build1) ...
2026-10-01T12:13:31.8905725Z Setting up dctrl-tools (2.24-3build3) ...
2026-10-01T12:13:31.8950133Z Setting up libdata-validate-ip-perl (0.31-1) ...
2026-10-01T12:13:31.8963321Z Setting up libhtml-form-perl (6.11-1) ...
2026-10-01T12:13:31.8978523Z Setting up libemail-address-xs-perl (1.05-1build4) ...
2026-10-01T12:13:31.9142440Z Setting up libnet-ssleay-perl:amd64 (1.94-1build4) ...
2026-10-01T12:13:31.9615141Z Setting up libfile-basedir-perl (0.09-2) ...
2026-10-01T12:13:31.9636683Z Setting up libpod-constants-perl (0.19-2) ...
2026-10-01T12:13:31.9655556Z Setting up libpath-iterator-rule-perl (1.015-2) ...
2026-10-01T12:13:32.0715869Z Setting up libtext-markdown-discount-perl (0.16-1build3) ...
2026-10-01T12:13:32.0734672Z Setting up libexception-class-perl (1.45-1) ...
2026-10-01T12:13:32.0754069Z Setting up xfonts-utils (1:7.7+6build3) ...
2026-10-01T12:13:32.0786874Z Setting up libdevel-callchecker-perl:amd64 (0.008-2build3) ...
2026-10-01T12:13:32.0802140Z Setting up dput (1.1.3ubuntu3) ...
2026-10-01T12:13:32.1633987Z Setting up libobject-pad-perl (0.808-1build3) ...
2026-10-01T12:13:32.1651020Z Setting up libdata-validate-uri-perl (0.07-3) ...
2026-10-01T12:13:32.1668669Z Setting up libstring-copyright-perl (0.003014-1) ...
2026-10-01T12:13:32.1683584Z Setting up libdata-optlist-perl (0.114-1) ...
2026-10-01T12:13:32.1698538Z Setting up libgit-wrapper-perl (0.048-2) ...
2026-10-01T12:13:32.2311403Z Setting up python3-paramiko (2.12.0-2ubuntu4.1) ...
2026-10-01T12:13:32.3522127Z Setting up libio-socket-ssl-perl (2.085-1) ...
2026-10-01T12:13:32.3542403Z Setting up libsub-exporter-perl (0.990-1) ...
2026-10-01T12:13:32.3558089Z Setting up libiterator-perl (0.03+ds1-2) ...
2026-10-01T12:13:32.3574262Z Setting up libiterator-util-perl (0.02+ds1-2) ...
2026-10-01T12:13:32.3636106Z Setting up libparams-classify-perl:amd64 (0.015-2build5) ...
2026-10-01T12:13:32.3650086Z Setting up fonts-urw-base35 (20200910-8) ...
2026-10-01T12:13:32.4661012Z Setting up libnet-smtp-ssl-perl (1.04-2) ...
2026-10-01T12:13:32.4675466Z Setting up libmodule-runtime-perl (0.016-2) ...
2026-10-01T12:13:32.4688631Z Setting up libmailtools-perl (2.21-2) ...
2026-10-01T12:13:32.4703814Z Setting up libconst-fast-perl (0.014-2) ...
2026-10-01T12:13:32.4722318Z Setting up libdata-dpath-perl (0.59-1) ...
2026-10-01T12:13:32.4737698Z Setting up libgs10-common (10.02.1~dfsg1-0ubuntu7.9) ...
2026-10-01T12:13:32.4753882Z Setting up libmodule-implementation-perl (0.09-2) ...
2026-10-01T12:13:32.4789912Z Setting up libpackage-stash-perl (0.40-1) ...
2026-10-01T12:13:32.4809064Z Setting up libimport-into-perl (1.002005-2) ...
2026-10-01T12:13:32.4822941Z Setting up libmoo-perl (2.005005-1) ...
2026-10-01T12:13:32.4839955Z Setting up liblist-someutils-perl (0.59-1) ...
2026-10-01T12:13:32.4893888Z Setting up liblist-someutils-xs-perl:amd64 (0.58-3build4) ...
2026-10-01T12:13:32.4907758Z Setting up libmoox-aliases-perl (0.001006-2) ...
2026-10-01T12:13:32.4926896Z Setting up libb-hooks-endofscope-perl (0.28-1) ...
2026-10-01T12:13:32.4944249Z Setting up libgs10:amd64 (10.02.1~dfsg1-0ubuntu7.9) ...
2026-10-01T12:13:32.4959981Z Setting up ghostscript (10.02.1~dfsg1-0ubuntu7.9) ...
2026-10-01T12:13:32.5023362Z Setting up libnamespace-clean-perl (0.27-2) ...
2026-10-01T12:13:32.5404939Z Setting up libstring-license-perl (0.0.9-2ubuntu1) ...
2026-10-01T12:13:32.5421432Z Setting up licensecheck (3.3.9-1ubuntu1) ...
2026-10-01T12:13:32.5456696Z Setting up liblwp-protocol-https-perl (6.13-1) ...
2026-10-01T12:13:32.5471104Z Setting up libwww-perl (6.76-1ubuntu0.1) ...
2026-10-01T12:13:32.5505579Z Setting up libhtml-tokeparser-simple-perl (3.16-4) ...
2026-10-01T12:13:32.5523748Z Setting up libwww-mechanize-perl (2.18-1ubuntu1) ...
2026-10-01T12:13:32.5544532Z Setting up devscripts (2.23.7ubuntu0.2) ...
2026-10-01T12:13:32.6519329Z Setting up lintian (2.117.0ubuntu1.5) ...
2026-10-01T12:13:32.7292108Z Processing triggers for man-db (2.12.0-4build2) ...
2026-10-01T12:13:32.7311490Z Not building database; man-db/auto-update is not 'true'.
2026-10-01T12:13:32.7317857Z Processing triggers for install-info (7.1-3build2) ...
2026-10-01T12:13:33.1677209Z Processing triggers for fontconfig (2.15.0-1.1ubuntu2) ...
2026-10-01T12:13:33.4196320Z Processing triggers for libc-bin (2.39-0ubuntu8.9) ...
2026-10-01T12:13:39.1196789Z 
2026-10-01T12:13:39.1197449Z Running kernel seems to be up-to-date.
2026-10-01T12:13:39.1197936Z 
2026-10-01T12:13:39.1198442Z No services need to be restarted.
2026-10-01T12:13:39.1198724Z 
2026-10-01T12:13:39.1198943Z No containers need to be restarted.
2026-10-01T12:13:39.1199214Z 
2026-10-01T12:13:39.1199448Z No user sessions are running outdated binaries.
2026-10-01T12:13:39.1199748Z 
2026-10-01T12:13:39.1200033Z No VM guests are running outdated hypervisor (qemu) binaries on this host.
2026-10-01T12:13:39.6889556Z ##[endgroup]
2026-10-01T12:13:39.6890278Z ##[group]Installing R
2026-10-01T12:13:39.6897192Z [command]/usr/bin/sudo gdebi --non-interactive /home/runner/work/_temp/r-4.6.0_1_amd64.deb
2026-10-01T12:13:39.7081450Z /usr/bin/gdebi:113: SyntaxWarning: invalid escape sequence '\S'
2026-10-01T12:13:39.7082334Z   c = findall("[[(](\S+)/\S+[])]", msg)[0].lower()
2026-10-01T12:13:39.7816777Z 
2026-10-01T12:13:39.7880350Z Reading package lists... 0%
2026-10-01T12:13:39.7881389Z 
2026-10-01T12:13:39.7895875Z Reading package lists... 100%
2026-10-01T12:13:39.7897124Z 
2026-10-01T12:13:39.7897331Z 
2026-10-01T12:13:39.7897587Z Reading package lists... Done
2026-10-01T12:13:39.7897841Z 
2026-10-01T12:13:39.7898054Z Building dependency tree... 0%
2026-10-01T12:13:39.7898315Z 
2026-10-01T12:13:39.8217304Z Building dependency tree... 0%
2026-10-01T12:13:39.8218351Z 
2026-10-01T12:13:39.8218684Z Building dependency tree... 50%
2026-10-01T12:13:39.8218968Z 
2026-10-01T12:13:39.9285440Z Building dependency tree... 50%
2026-10-01T12:13:39.9286837Z 
2026-10-01T12:13:39.9287064Z 
2026-10-01T12:13:39.9287308Z Building dependency tree... Done
2026-10-01T12:13:39.9287591Z 
2026-10-01T12:13:39.9287814Z Reading state information... 0%
2026-10-01T12:13:39.9288200Z  
2026-10-01T12:13:39.9288504Z Reading state information... 0%
2026-10-01T12:13:39.9976842Z  
2026-10-01T12:13:39.9977744Z 
2026-10-01T12:13:39.9978061Z Reading state information... Done
2026-10-01T12:13:39.9978483Z 
2026-10-01T12:13:39.9978715Z Reading state information... 0%
2026-10-01T12:13:39.9998212Z   
2026-10-01T12:13:39.9998702Z Reading state information... 1%
2026-10-01T12:13:40.0019570Z   
2026-10-01T12:13:40.0019997Z Reading state information... 3%
2026-10-01T12:13:40.0040913Z   
2026-10-01T12:13:40.0041336Z Reading state information... 5%
2026-10-01T12:13:40.0059967Z   
2026-10-01T12:13:40.0060383Z Reading state information... 7%
2026-10-01T12:13:40.0079981Z   
2026-10-01T12:13:40.0080387Z Reading state information... 9%
2026-10-01T12:13:40.0100210Z   
2026-10-01T12:13:40.0100620Z Reading state information... 11%
2026-10-01T12:13:40.0119452Z  
2026-10-01T12:13:40.0119861Z Reading state information... 13%
2026-10-01T12:13:40.0138735Z  
2026-10-01T12:13:40.0139142Z Reading state information... 15%
2026-10-01T12:13:40.0159018Z  
2026-10-01T12:13:40.0159461Z Reading state information... 17%
2026-10-01T12:13:40.0178253Z  
2026-10-01T12:13:40.0181044Z Reading state information... 19%
2026-10-01T12:13:40.0198863Z  
2026-10-01T12:13:40.0199388Z Reading state information... 21%
2026-10-01T12:13:40.0219486Z  
2026-10-01T12:13:40.0219909Z Reading state information... 23%
2026-10-01T12:13:40.0240224Z  
2026-10-01T12:13:40.0240644Z Reading state information... 25%
2026-10-01T12:13:40.0260802Z  
2026-10-01T12:13:40.0261211Z Reading state information... 27%
2026-10-01T12:13:40.0281471Z  
2026-10-01T12:13:40.0281896Z Reading state information... 29%
2026-10-01T12:13:40.0299975Z  
2026-10-01T12:13:40.0300384Z Reading state information... 31%
2026-10-01T12:13:40.0318976Z  
2026-10-01T12:13:40.0319401Z Reading state information... 33%
2026-10-01T12:13:40.0339088Z  
2026-10-01T12:13:40.0345320Z Reading state information... 35%
2026-10-01T12:13:40.0362004Z  
2026-10-01T12:13:40.0362502Z Reading state information... 37%
2026-10-01T12:13:40.0383170Z  
2026-10-01T12:13:40.0384026Z Reading state information... 39%
2026-10-01T12:13:40.0404134Z  
2026-10-01T12:13:40.0404573Z Reading state information... 41%
2026-10-01T12:13:40.0424637Z  
2026-10-01T12:13:40.0425047Z Reading state information... 43%
2026-10-01T12:13:40.0446362Z  
2026-10-01T12:13:40.0446772Z Reading state information... 45%
2026-10-01T12:13:40.0468422Z  
2026-10-01T12:13:40.0468831Z Reading state information... 47%
2026-10-01T12:13:40.0491303Z  
2026-10-01T12:13:40.0491704Z Reading state information... 49%
2026-10-01T12:13:40.0512571Z  
2026-10-01T12:13:40.0512972Z Reading state information... 51%
2026-10-01T12:13:40.0534148Z  
2026-10-01T12:13:40.0534550Z Reading state information... 53%
2026-10-01T12:13:40.0558399Z  
2026-10-01T12:13:40.0558826Z Reading state information... 55%
2026-10-01T12:13:40.0578487Z  
2026-10-01T12:13:40.0578892Z Reading state information... 57%
2026-10-01T12:13:40.0598554Z  
2026-10-01T12:13:40.0598952Z Reading state information... 59%
2026-10-01T12:13:40.0619239Z  
2026-10-01T12:13:40.0619641Z Reading state information... 61%
2026-10-01T12:13:40.0639307Z  
2026-10-01T12:13:40.0639703Z Reading state information... 63%
2026-10-01T12:13:40.0659345Z  
2026-10-01T12:13:40.0659753Z Reading state information... 65%
2026-10-01T12:13:40.0679861Z  
2026-10-01T12:13:40.0680261Z Reading state information... 67%
2026-10-01T12:13:40.0699387Z  
2026-10-01T12:13:40.0699781Z Reading state information... 69%
2026-10-01T12:13:40.0720214Z  
2026-10-01T12:13:40.0720618Z Reading state information... 71%
2026-10-01T12:13:40.0740969Z  
2026-10-01T12:13:40.0741371Z Reading state information... 73%
2026-10-01T12:13:40.0761534Z  
2026-10-01T12:13:40.0761934Z Reading state information... 75%
2026-10-01T12:13:40.0781176Z  
2026-10-01T12:13:40.0781576Z Reading state information... 77%
2026-10-01T12:13:40.0802505Z  
2026-10-01T12:13:40.0802914Z Reading state information... 79%
2026-10-01T12:13:40.0825942Z  
2026-10-01T12:13:40.0826438Z Reading state information... 81%
2026-10-01T12:13:40.0846867Z  
2026-10-01T12:13:40.0847276Z Reading state information... 83%
2026-10-01T12:13:40.0868074Z  
2026-10-01T12:13:40.0868476Z Reading state information... 85%
2026-10-01T12:13:40.0888827Z  
2026-10-01T12:13:40.0889226Z Reading state information... 87%
2026-10-01T12:13:40.0908478Z  
2026-10-01T12:13:40.0908880Z Reading state information... 89%
2026-10-01T12:13:40.0928199Z  
2026-10-01T12:13:40.0928602Z Reading state information... 91%
2026-10-01T12:13:40.0948244Z  
2026-10-01T12:13:40.0948645Z Reading state information... 93%
2026-10-01T12:13:40.0969468Z  
2026-10-01T12:13:40.0969871Z Reading state information... 95%
2026-10-01T12:13:40.0991131Z  
2026-10-01T12:13:40.0991534Z Reading state information... 97%
2026-10-01T12:13:40.1011014Z  
2026-10-01T12:13:40.1011427Z Reading state information... 99%
2026-10-01T12:13:41.5582749Z  Selecting previously unselected package bzip2-doc.
2026-10-01T12:13:41.5632671Z (Reading database ... 
2026-10-01T12:13:41.5633809Z (Reading database ... 5%
2026-10-01T12:13:41.5634530Z (Reading database ... 10%
2026-10-01T12:13:41.5635118Z (Reading database ... 15%
2026-10-01T12:13:41.5635616Z (Reading database ... 20%
2026-10-01T12:13:41.5636143Z (Reading database ... 25%
2026-10-01T12:13:41.5636699Z (Reading database ... 30%
2026-10-01T12:13:41.5637115Z (Reading database ... 35%
2026-10-01T12:13:41.5637621Z (Reading database ... 40%
2026-10-01T12:13:41.5638124Z (Reading database ... 45%
2026-10-01T12:13:41.5638622Z (Reading database ... 50%
2026-10-01T12:13:41.5660396Z (Reading database ... 55%
2026-10-01T12:13:41.5724051Z (Reading database ... 60%
2026-10-01T12:13:41.5743414Z (Reading database ... 65%
2026-10-01T12:13:41.5756696Z (Reading database ... 70%
2026-10-01T12:13:41.5786973Z (Reading database ... 75%
2026-10-01T12:13:41.5807496Z (Reading database ... 80%
2026-10-01T12:13:41.5893439Z (Reading database ... 85%
2026-10-01T12:13:41.6055279Z (Reading database ... 90%
2026-10-01T12:13:41.6125336Z (Reading database ... 95%
2026-10-01T12:13:41.6125780Z (Reading database ... 100%
2026-10-01T12:13:41.6126616Z (Reading database ... 209467 files and directories currently installed.)
2026-10-01T12:13:41.6161744Z Preparing to unpack .../0-bzip2-doc_1.0.8-5.1ubuntu0.1_all.deb ...
2026-10-01T12:13:41.6171938Z Unpacking bzip2-doc (1.0.8-5.1ubuntu0.1) ...
2026-10-01T12:13:41.6489047Z Selecting previously unselected package libbz2-dev:amd64.
2026-10-01T12:13:41.6586547Z Preparing to unpack .../1-libbz2-dev_1.0.8-5.1ubuntu0.1_amd64.deb ...
2026-10-01T12:13:41.6665347Z Unpacking libbz2-dev:amd64 (1.0.8-5.1ubuntu0.1) ...
2026-10-01T12:13:41.7059171Z Selecting previously unselected package libdeflate-dev:amd64.
2026-10-01T12:13:41.7154156Z Preparing to unpack .../2-libdeflate-dev_1.19-1build1.1_amd64.deb ...
2026-10-01T12:13:41.7160467Z Unpacking libdeflate-dev:amd64 (1.19-1build1.1) ...
2026-10-01T12:13:41.7877303Z Selecting previously unselected package libopenblas0-pthread:amd64.
2026-10-01T12:13:41.7974879Z Preparing to unpack .../3-libopenblas0-pthread_0.3.26+ds-1ubuntu0.1_amd64.deb ...
2026-10-01T12:13:41.8028821Z Unpacking libopenblas0-pthread:amd64 (0.3.26+ds-1ubuntu0.1) ...
2026-10-01T12:13:42.2587062Z Selecting previously unselected package libopenblas0:amd64.
2026-10-01T12:13:42.2672322Z Preparing to unpack .../4-libopenblas0_0.3.26+ds-1ubuntu0.1_amd64.deb ...
2026-10-01T12:13:42.2871972Z Unpacking libopenblas0:amd64 (0.3.26+ds-1ubuntu0.1) ...
2026-10-01T12:13:42.3342698Z Selecting previously unselected package libopenblas-pthread-dev:amd64.
2026-10-01T12:13:42.3439173Z Preparing to unpack .../5-libopenblas-pthread-dev_0.3.26+ds-1ubuntu0.1_amd64.deb ...
2026-10-01T12:13:42.3442404Z Unpacking libopenblas-pthread-dev:amd64 (0.3.26+ds-1ubuntu0.1) ...
2026-10-01T12:13:43.0796409Z Selecting previously unselected package libopenblas-dev:amd64.
2026-10-01T12:13:43.0892259Z Preparing to unpack .../6-libopenblas-dev_0.3.26+ds-1ubuntu0.1_amd64.deb ...
2026-10-01T12:13:43.0897585Z Unpacking libopenblas-dev:amd64 (0.3.26+ds-1ubuntu0.1) ...
2026-10-01T12:13:43.1290409Z Selecting previously unselected package liblzma-dev:amd64.
2026-10-01T12:13:43.1384386Z Preparing to unpack .../7-liblzma-dev_5.6.1+really5.4.5-1ubuntu0.3_amd64.deb ...
2026-10-01T12:13:43.1490081Z Unpacking liblzma-dev:amd64 (5.6.1+really5.4.5-1ubuntu0.3) ...
2026-10-01T12:13:43.1768359Z Selecting previously unselected package libtirpc-dev:amd64.
2026-10-01T12:13:43.1862046Z Preparing to unpack .../8-libtirpc-dev_1.3.4+ds-1.1build1_amd64.deb ...
2026-10-01T12:13:43.1867614Z Unpacking libtirpc-dev:amd64 (1.3.4+ds-1.1build1) ...
2026-10-01T12:13:43.3643889Z Setting up bzip2-doc (1.0.8-5.1ubuntu0.1) ...
2026-10-01T12:13:43.3671425Z Setting up libopenblas0-pthread:amd64 (0.3.26+ds-1ubuntu0.1) ...
2026-10-01T12:13:43.3713062Z update-alternatives: using /usr/lib/x86_64-linux-gnu/openblas-pthread/libblas.so.3 to provide /usr/lib/x86_64-linux-gnu/libblas.so.3 (libblas.so.3-x86_64-linux-gnu) in auto mode
2026-10-01T12:13:43.3743256Z update-alternatives: using /usr/lib/x86_64-linux-gnu/openblas-pthread/liblapack.so.3 to provide /usr/lib/x86_64-linux-gnu/liblapack.so.3 (liblapack.so.3-x86_64-linux-gnu) in auto mode
2026-10-01T12:13:43.3778071Z update-alternatives: using /usr/lib/x86_64-linux-gnu/openblas-pthread/libopenblas.so.0 to provide /usr/lib/x86_64-linux-gnu/libopenblas.so.0 (libopenblas.so.0-x86_64-linux-gnu) in auto mode
2026-10-01T12:13:43.3789587Z Setting up libtirpc-dev:amd64 (1.3.4+ds-1.1build1) ...
2026-10-01T12:13:43.3802630Z Setting up liblzma-dev:amd64 (5.6.1+really5.4.5-1ubuntu0.3) ...
2026-10-01T12:13:43.3819866Z Setting up libopenblas0:amd64 (0.3.26+ds-1ubuntu0.1) ...
2026-10-01T12:13:43.3831908Z Setting up libdeflate-dev:amd64 (1.19-1build1.1) ...
2026-10-01T12:13:43.3843542Z Setting up libbz2-dev:amd64 (1.0.8-5.1ubuntu0.1) ...
2026-10-01T12:13:43.3859440Z Setting up libopenblas-pthread-dev:amd64 (0.3.26+ds-1ubuntu0.1) ...
2026-10-01T12:13:43.4002599Z update-alternatives: using /usr/lib/x86_64-linux-gnu/openblas-pthread/libblas.so to provide /usr/lib/x86_64-linux-gnu/libblas.so (libblas.so-x86_64-linux-gnu) in auto mode
2026-10-01T12:13:43.4037549Z update-alternatives: using /usr/lib/x86_64-linux-gnu/openblas-pthread/liblapack.so to provide /usr/lib/x86_64-linux-gnu/liblapack.so (liblapack.so-x86_64-linux-gnu) in auto mode
2026-10-01T12:13:43.4070171Z update-alternatives: using /usr/lib/x86_64-linux-gnu/openblas-pthread/libopenblas.so to provide /usr/lib/x86_64-linux-gnu/libopenblas.so (libopenblas.so-x86_64-linux-gnu) in auto mode
2026-10-01T12:13:43.4089727Z Setting up libopenblas-dev:amd64 (0.3.26+ds-1ubuntu0.1) ...
2026-10-01T12:13:43.4104145Z Processing triggers for libc-bin (2.39-0ubuntu8.9) ...
2026-10-01T12:13:43.4245397Z Processing triggers for man-db (2.12.0-4build2) ...
2026-10-01T12:13:43.4257491Z Not building database; man-db/auto-update is not 'true'.
2026-10-01T12:13:43.4265022Z Processing triggers for install-info (7.1-3build2) ...
2026-10-01T12:13:44.1237118Z 
2026-10-01T12:13:44.1237727Z Running kernel seems to be up-to-date.
2026-10-01T12:13:44.1238063Z 
2026-10-01T12:13:44.1238219Z No services need to be restarted.
2026-10-01T12:13:44.1238428Z 
2026-10-01T12:13:44.1238651Z No containers need to be restarted.
2026-10-01T12:13:44.1238861Z 
2026-10-01T12:13:44.1239063Z No user sessions are running outdated binaries.
2026-10-01T12:13:44.1239297Z 
2026-10-01T12:13:44.1239562Z No VM guests are running outdated hypervisor (qemu) binaries on this host.
2026-10-01T12:13:44.8317055Z Selecting previously unselected package r-4.6.0.
2026-10-01T12:13:44.8773547Z (Reading database ... 209657 files and directories currently installed.)
2026-10-01T12:13:44.8805097Z Preparing to unpack .../work/_temp/r-4.6.0_1_amd64.deb ...
2026-10-01T12:13:44.8816963Z Unpacking r-4.6.0 (1) ...
2026-10-01T12:13:46.6748220Z Setting up r-4.6.0 (1) ...
2026-10-01T12:13:46.6956741Z 
2026-10-01T12:13:46.6956897Z 
2026-10-01T12:13:46.6957857Z Reading state information... Done
2026-10-01T12:13:46.6958234Z 
2026-10-01T12:13:46.6958746Z Get:1 file:/etc/apt/apt-mirrors.txt Mirrorlist [144 B]                          
2026-10-01T12:13:46.6959137Z 
2026-10-01T12:13:46.6959755Z Get:2 http://azure.archive.ubuntu.com/ubuntu noble-updates/main amd64 bzip2-doc all 1.0.8-5.1ubuntu0.1 [499 kB]
2026-10-01T12:13:46.6960266Z 
2026-10-01T12:13:46.6960833Z Get:3 http://azure.archive.ubuntu.com/ubuntu noble-updates/main amd64 libbz2-dev amd64 1.0.8-5.1ubuntu0.1 [33.6 kB]
2026-10-01T12:13:46.6961340Z 
2026-10-01T12:13:46.6961930Z Get:4 http://azure.archive.ubuntu.com/ubuntu noble-updates/main amd64 libdeflate-dev amd64 1.19-1build1.1 [50.9 kB]
2026-10-01T12:13:46.6962407Z 
2026-10-01T12:13:46.6963060Z Get:5 http://azure.archive.ubuntu.com/ubuntu noble-updates/universe amd64 libopenblas0-pthread amd64 0.3.26+ds-1ubuntu0.1 [7183 kB]
2026-10-01T12:13:46.6963568Z 
2026-10-01T12:13:46.6964149Z Get:6 http://azure.archive.ubuntu.com/ubuntu noble-updates/universe amd64 libopenblas0 amd64 0.3.26+ds-1ubuntu0.1 [6190 B]
2026-10-01T12:13:46.6964656Z 
2026-10-01T12:13:46.6965265Z Get:7 http://azure.archive.ubuntu.com/ubuntu noble-updates/universe amd64 libopenblas-pthread-dev amd64 0.3.26+ds-1ubuntu0.1 [4899 kB]
2026-10-01T12:13:46.6966995Z 
2026-10-01T12:13:46.6967277Z Get:8 http://azure.archive.ubuntu.com/ubuntu noble-updates/universe amd64 libopenblas-dev amd64 0.3.26+ds-1ubuntu0.1 [19.6 kB]
2026-10-01T12:13:46.6967606Z 
2026-10-01T12:13:46.6967864Z Get:9 http://azure.archive.ubuntu.com/ubuntu noble-updates/main amd64 liblzma-dev amd64 5.6.1+really5.4.5-1ubuntu0.3 [176 kB]
2026-10-01T12:13:46.6968194Z 
2026-10-01T12:13:46.6968415Z Get:10 http://azure.archive.ubuntu.com/ubuntu noble/main amd64 libtirpc-dev amd64 1.3.4+ds-1.1build1 [193 kB]
2026-10-01T12:13:46.6968705Z 
2026-10-01T12:13:46.6968824Z Fetched 13.1 MB in 0s (0 B/s)                                                   
2026-10-01T12:13:46.7140349Z ##[endgroup]
2026-10-01T12:13:46.7147215Z [command]/usr/bin/sudo ln -sf /opt/R/4.6.0/bin/R /usr/local/bin/R
2026-10-01T12:13:46.7235650Z [command]/usr/bin/sudo ln -sf /opt/R/4.6.0/bin/Rscript /usr/local/bin/Rscript
2026-10-01T12:13:46.7350526Z [command]/usr/bin/lsb_release --short --codename
2026-10-01T12:13:46.7425941Z noble
2026-10-01T12:13:46.7563209Z ##[group]Run sudo apt-get update
2026-10-01T12:13:46.7563409Z [36;1msudo apt-get update[0m
2026-10-01T12:13:46.7563613Z [36;1msudo apt-get install -y --no-install-recommends \[0m
2026-10-01T12:13:46.7563876Z [36;1m  build-essential gfortran libcurl4-openssl-dev libssl-dev libxml2-dev \[0m
2026-10-01T12:13:46.7564290Z [36;1m  libgit2-dev libicu-dev libnlopt-dev libglpk-dev libuv1-dev \[0m
2026-10-01T12:13:46.7564553Z [36;1m  libfontconfig1-dev libfreetype6-dev libharfbuzz-dev libfribidi-dev \[0m
2026-10-01T12:13:46.7564775Z [36;1m  libpng-dev libjpeg-dev libtiff-dev[0m
2026-10-01T12:13:46.7781611Z shell: /usr/bin/bash -e {0}
2026-10-01T12:13:46.7781759Z env:
2026-10-01T12:13:46.7781883Z   R_LIBS_USER: /home/runner/work/_temp/Library
2026-10-01T12:13:46.7782034Z   TZ: UTC
2026-10-01T12:13:46.7782140Z   _R_CHECK_SYSTEM_CLOCK_: FALSE
2026-10-01T12:13:46.7782263Z   NOT_CRAN: true
2026-10-01T12:13:46.7782464Z   RSPM: https://packagemanager.posit.co/cran/__linux__/noble/latest
2026-10-01T12:13:46.7782735Z   RENV_CONFIG_REPOS_OVERRIDE: https://packagemanager.posit.co/cran/__linux__/noble/latest
2026-10-01T12:13:46.7782961Z ##[endgroup]
2026-10-01T12:13:46.8457789Z Get:1 file:/etc/apt/apt-mirrors.txt Mirrorlist [144 B]
2026-10-01T12:13:46.9002505Z Hit:2 http://azure.archive.ubuntu.com/ubuntu noble InRelease
2026-10-01T12:13:46.9029217Z Hit:6 https://packages.microsoft.com/ubuntu/24.04/prod noble InRelease
2026-10-01T12:13:46.9047436Z Hit:3 http://azure.archive.ubuntu.com/ubuntu noble-updates InRelease
2026-10-01T12:13:46.9058288Z Hit:4 http://azure.archive.ubuntu.com/ubuntu noble-backports InRelease
2026-10-01T12:13:46.9068484Z Hit:5 http://azure.archive.ubuntu.com/ubuntu noble-security InRelease
2026-10-01T12:13:48.7642895Z Reading package lists...
2026-10-01T12:13:48.7870868Z Reading package lists...
2026-10-01T12:13:48.9078483Z Building dependency tree...
2026-10-01T12:13:48.9085174Z Reading state information...
2026-10-01T12:13:49.0124163Z gfortran is already the newest version (4:13.2.0-7ubuntu1).
2026-10-01T12:13:49.0125091Z libxml2-dev is already the newest version (2.9.14+dfsg-1.3ubuntu3.9).
2026-10-01T12:13:49.0125816Z libxml2-dev set to manually installed.
2026-10-01T12:13:49.0126598Z libicu-dev is already the newest version (74.2-1ubuntu3.1).
2026-10-01T12:13:49.0127229Z The following additional packages will be installed:
2026-10-01T12:13:49.0127999Z   gir1.2-freedesktop gir1.2-freedesktop-dev gir1.2-glib-2.0-dev
2026-10-01T12:13:49.0128817Z   gir1.2-harfbuzz-0.0 libamd3 libblkid-dev libbrotli-dev libbtf2 libcamd3
2026-10-01T12:13:49.0143440Z   libccolamd3 libcholmod5 libcolamd3 libcxsparse4 libfontconfig-dev
2026-10-01T12:13:49.0144080Z   libgirepository-2.0-0 libgit2-1.7 libglib2.0-dev libglib2.0-dev-bin
2026-10-01T12:13:49.0144665Z   libglpk40 libgraphite2-dev libharfbuzz-cairo0 libharfbuzz-gobject0
2026-10-01T12:13:49.0145290Z   libharfbuzz-icu0 libharfbuzz-subset0 libhttp-parser-dev libhttp-parser2.9
2026-10-01T12:13:49.0145917Z   libjbig-dev libjpeg-turbo8-dev libjpeg8-dev libklu2 libldl3 liblerc-dev
2026-10-01T12:13:49.0146715Z   libmount-dev libnlopt0 libparu0 librbio4 libselinux1-dev libsepol-dev
2026-10-01T12:13:49.0147267Z   libsharpyuv-dev libspex2 libspqr4 libssh2-1-dev libssl3t64
2026-10-01T12:13:49.0147874Z   libsuitesparse-dev libsuitesparse-mongoose3 libsuitesparseconfig7 libtiffxx6
2026-10-01T12:13:49.0148482Z   libumfpack6 libwebp-dev libwebpdecoder3 openssl uuid-dev
2026-10-01T12:13:49.0149030Z Suggested packages:
2026-10-01T12:13:49.0149573Z   libcurl4-doc libidn-dev libkrb5-dev libldap2-dev librtmp-dev freetype2-doc
2026-10-01T12:13:49.0150169Z   libglib2.0-doc libgdk-pixbuf2.0-bin libxml2-utils libiodbc2-dev
2026-10-01T12:13:49.0150700Z   default-libmysqlclient-dev libgraphite2-utils libssl-doc
2026-10-01T12:13:49.0151125Z Recommended packages:
2026-10-01T12:13:49.0151487Z   libpng-tools libgraphblas-dev
2026-10-01T12:13:49.0378019Z The following NEW packages will be installed:
2026-10-01T12:13:49.0379218Z   build-essential gir1.2-freedesktop gir1.2-freedesktop-dev
2026-10-01T12:13:49.0379983Z   gir1.2-glib-2.0-dev gir1.2-harfbuzz-0.0 libamd3 libblkid-dev libbrotli-dev
2026-10-01T12:13:49.0380764Z   libbtf2 libcamd3 libccolamd3 libcholmod5 libcolamd3 libcurl4-openssl-dev
2026-10-01T12:13:49.0381496Z   libcxsparse4 libfontconfig-dev libfontconfig1-dev libfreetype-dev
2026-10-01T12:13:49.0382436Z   libfribidi-dev libgirepository-2.0-0 libgit2-1.7 libgit2-dev libglib2.0-dev
2026-10-01T12:13:49.0383245Z   libglib2.0-dev-bin libglpk-dev libglpk40 libgraphite2-dev libharfbuzz-cairo0
2026-10-01T12:13:49.0384025Z   libharfbuzz-dev libharfbuzz-gobject0 libharfbuzz-icu0 libharfbuzz-subset0
2026-10-01T12:13:49.0384713Z   libhttp-parser-dev libhttp-parser2.9 libjbig-dev libjpeg-dev
2026-10-01T12:13:49.0385400Z   libjpeg-turbo8-dev libjpeg8-dev libklu2 libldl3 liblerc-dev libmount-dev
2026-10-01T12:13:49.0386146Z   libnlopt-dev libnlopt0 libparu0 libpng-dev librbio4 libselinux1-dev
2026-10-01T12:13:49.0387032Z   libsepol-dev libsharpyuv-dev libspex2 libspqr4 libssh2-1-dev
2026-10-01T12:13:49.0387763Z   libsuitesparse-dev libsuitesparse-mongoose3 libsuitesparseconfig7
2026-10-01T12:13:49.0388489Z   libtiff-dev libtiffxx6 libumfpack6 libuv1-dev libwebp-dev libwebpdecoder3
2026-10-01T12:13:49.0389059Z   uuid-dev
2026-10-01T12:13:49.0389494Z The following packages will be upgraded:
2026-10-01T12:13:49.0389994Z   libssl-dev libssl3t64 openssl
2026-10-01T12:13:49.0524362Z 3 upgraded, 63 newly installed, 0 to remove and 21 not upgraded.
2026-10-01T12:13:49.0524890Z Need to get 19.0 MB of archives.
2026-10-01T12:13:49.0525404Z After this operation, 65.9 MB of additional disk space will be used.
2026-10-01T12:13:49.0525979Z Get:1 file:/etc/apt/apt-mirrors.txt Mirrorlist [144 B]
2026-10-01T12:13:49.1545176Z Get:2 http://azure.archive.ubuntu.com/ubuntu noble-updates/main amd64 libssl-dev amd64 3.0.13-0ubuntu3.16 [2409 kB]
2026-10-01T12:13:49.2615188Z Get:3 http://azure.archive.ubuntu.com/ubuntu noble-updates/main amd64 libssl3t64 amd64 3.0.13-0ubuntu3.16 [1945 kB]
2026-10-01T12:13:49.3644485Z Get:4 http://azure.archive.ubuntu.com/ubuntu noble-updates/main amd64 openssl amd64 3.0.13-0ubuntu3.16 [1004 kB]
2026-10-01T12:13:49.4529419Z Get:5 http://azure.archive.ubuntu.com/ubuntu noble/main amd64 build-essential amd64 12.10ubuntu1 [4928 B]
2026-10-01T12:13:49.5304659Z Get:6 http://azure.archive.ubuntu.com/ubuntu noble/main amd64 gir1.2-freedesktop amd64 1.80.1-1 [49.7 kB]
2026-10-01T12:13:49.6076076Z Get:7 http://azure.archive.ubuntu.com/ubuntu noble-updates/main amd64 gir1.2-glib-2.0-dev amd64 2.80.0-6ubuntu3.9 [848 kB]
2026-10-01T12:13:49.6962720Z Get:8 http://azure.archive.ubuntu.com/ubuntu noble/main amd64 gir1.2-freedesktop-dev amd64 1.80.1-1 [28.8 kB]
2026-10-01T12:13:49.7699509Z Get:9 http://azure.archive.ubuntu.com/ubuntu noble/main amd64 libharfbuzz-gobject0 amd64 8.3.0-2build2 [34.3 kB]
2026-10-01T12:13:49.8440468Z Get:10 http://azure.archive.ubuntu.com/ubuntu noble/main amd64 gir1.2-harfbuzz-0.0 amd64 8.3.0-2build2 [44.5 kB]
2026-10-01T12:13:49.9172634Z Get:11 http://azure.archive.ubuntu.com/ubuntu noble/main amd64 libsuitesparseconfig7 amd64 1:7.6.1+dfsg-1build1 [12.9 kB]
2026-10-01T12:13:49.9909301Z Get:12 http://azure.archive.ubuntu.com/ubuntu noble/universe amd64 libamd3 amd64 1:7.6.1+dfsg-1build1 [27.2 kB]
2026-10-01T12:13:50.0646289Z Get:13 http://azure.archive.ubuntu.com/ubuntu noble/main amd64 libbrotli-dev amd64 1.1.0-2build2 [353 kB]
2026-10-01T12:13:50.1407468Z Get:14 http://azure.archive.ubuntu.com/ubuntu noble/universe amd64 libbtf2 amd64 1:7.6.1+dfsg-1build1 [13.6 kB]
2026-10-01T12:13:50.2142071Z Get:15 http://azure.archive.ubuntu.com/ubuntu noble/universe amd64 libcamd3 amd64 1:7.6.1+dfsg-1build1 [23.8 kB]
2026-10-01T12:13:50.2874970Z Get:16 http://azure.archive.ubuntu.com/ubuntu noble/universe amd64 libccolamd3 amd64 1:7.6.1+dfsg-1build1 [25.9 kB]
2026-10-01T12:13:50.3610609Z Get:17 http://azure.archive.ubuntu.com/ubuntu noble/main amd64 libcolamd3 amd64 1:7.6.1+dfsg-1build1 [19.4 kB]
2026-10-01T12:13:50.4346615Z Get:18 http://azure.archive.ubuntu.com/ubuntu noble/universe amd64 libcholmod5 amd64 1:7.6.1+dfsg-1build1 [667 kB]
2026-10-01T12:13:50.5140661Z Get:19 http://azure.archive.ubuntu.com/ubuntu noble-updates/main amd64 libcurl4-openssl-dev amd64 8.5.0-2ubuntu10.15 [446 kB]
2026-10-01T12:13:50.5925607Z Get:20 http://azure.archive.ubuntu.com/ubuntu noble/universe amd64 libcxsparse4 amd64 1:7.6.1+dfsg-1build1 [75.1 kB]
2026-10-01T12:13:50.6665237Z Get:21 http://azure.archive.ubuntu.com/ubuntu noble-updates/main amd64 libpng-dev amd64 1.6.43-5ubuntu0.6 [265 kB]
2026-10-01T12:13:50.7415425Z Get:22 http://azure.archive.ubuntu.com/ubuntu noble-updates/main amd64 libfreetype-dev amd64 2.13.2+dfsg-1ubuntu0.1 [575 kB]
2026-10-01T12:13:50.8193337Z Get:23 http://azure.archive.ubuntu.com/ubuntu noble-updates/main amd64 uuid-dev amd64 2.39.3-9ubuntu6.6 [33.5 kB]
2026-10-01T12:13:50.8930291Z Get:24 http://azure.archive.ubuntu.com/ubuntu noble/main amd64 libfontconfig-dev amd64 2.15.0-1.1ubuntu2 [161 kB]
2026-10-01T12:13:50.9675974Z Get:25 http://azure.archive.ubuntu.com/ubuntu noble/main amd64 libfontconfig1-dev amd64 2.15.0-1.1ubuntu2 [1840 B]
2026-10-01T12:13:51.0410885Z Get:26 http://azure.archive.ubuntu.com/ubuntu noble/main amd64 libfribidi-dev amd64 1.0.13-3build1 [64.8 kB]
2026-10-01T12:13:51.1149735Z Get:27 http://azure.archive.ubuntu.com/ubuntu noble-updates/main amd64 libgirepository-2.0-0 amd64 2.80.0-6ubuntu3.9 [73.5 kB]
2026-10-01T12:13:51.1886616Z Get:28 http://azure.archive.ubuntu.com/ubuntu noble/main amd64 libhttp-parser2.9 amd64 2.9.4-6build1 [22.3 kB]
2026-10-01T12:13:51.2623823Z Get:29 http://azure.archive.ubuntu.com/ubuntu noble-updates/main amd64 libgit2-1.7 amd64 1.7.2+ds-1ubuntu3.2 [529 kB]
2026-10-01T12:13:51.3395403Z Get:30 http://azure.archive.ubuntu.com/ubuntu noble-updates/main amd64 libglib2.0-dev-bin amd64 2.80.0-6ubuntu3.9 [138 kB]
2026-10-01T12:13:51.4146845Z Get:31 http://azure.archive.ubuntu.com/ubuntu noble-updates/main amd64 libblkid-dev amd64 2.39.3-9ubuntu6.6 [205 kB]
2026-10-01T12:13:51.4894827Z Get:32 http://azure.archive.ubuntu.com/ubuntu noble/main amd64 libsepol-dev amd64 3.5-2build1 [384 kB]
2026-10-01T12:13:51.5656991Z Get:33 http://azure.archive.ubuntu.com/ubuntu noble-updates/main amd64 libselinux1-dev amd64 3.5-2ubuntu2.1 [164 kB]
2026-10-01T12:13:51.6406986Z Get:34 http://azure.archive.ubuntu.com/ubuntu noble-updates/main amd64 libmount-dev amd64 2.39.3-9ubuntu6.6 [14.9 kB]
2026-10-01T12:13:51.7142183Z Get:35 http://azure.archive.ubuntu.com/ubuntu noble-updates/main amd64 libglib2.0-dev amd64 2.80.0-6ubuntu3.9 [1860 kB]
2026-10-01T12:13:51.8023261Z Get:36 http://azure.archive.ubuntu.com/ubuntu noble/universe amd64 libglpk40 amd64 5.0-1build2 [369 kB]
2026-10-01T12:13:51.8782953Z Get:37 http://azure.archive.ubuntu.com/ubuntu noble/universe amd64 libklu2 amd64 1:7.6.1+dfsg-1build1 [79.0 kB]
2026-10-01T12:13:51.9523612Z Get:38 http://azure.archive.ubuntu.com/ubuntu noble/universe amd64 libldl3 amd64 1:7.6.1+dfsg-1build1 [13.3 kB]
2026-10-01T12:13:52.0259632Z Get:39 http://azure.archive.ubuntu.com/ubuntu noble/universe amd64 libsuitesparse-mongoose3 amd64 1:7.6.1+dfsg-1build1 [33.5 kB]
2026-10-01T12:13:52.1001531Z Get:40 http://azure.archive.ubuntu.com/ubuntu noble/universe amd64 libumfpack6 amd64 1:7.6.1+dfsg-1build1 [268 kB]
2026-10-01T12:13:52.1746871Z Get:41 http://azure.archive.ubuntu.com/ubuntu noble/universe amd64 librbio4 amd64 1:7.6.1+dfsg-1build1 [26.5 kB]
2026-10-01T12:13:52.2486698Z Get:42 http://azure.archive.ubuntu.com/ubuntu noble/universe amd64 libspqr4 amd64 1:7.6.1+dfsg-1build1 [135 kB]
2026-10-01T12:13:52.3225560Z Get:43 http://azure.archive.ubuntu.com/ubuntu noble/universe amd64 libspex2 amd64 1:7.6.1+dfsg-1build1 [35.0 kB]
2026-10-01T12:13:52.3969423Z Get:44 http://azure.archive.ubuntu.com/ubuntu noble/universe amd64 libparu0 amd64 1:7.6.1+dfsg-1build1 [50.0 kB]
2026-10-01T12:13:52.4708449Z Get:45 http://azure.archive.ubuntu.com/ubuntu noble/universe amd64 libsuitesparse-dev amd64 1:7.6.1+dfsg-1build1 [1535 kB]
2026-10-01T12:13:52.5689919Z Get:46 http://azure.archive.ubuntu.com/ubuntu noble/universe amd64 libglpk-dev amd64 5.0-1build2 [478 kB]
2026-10-01T12:13:52.6465586Z Get:47 http://azure.archive.ubuntu.com/ubuntu noble-updates/main amd64 libgraphite2-dev amd64 1.3.14-2ubuntu0.24.04.1 [14.7 kB]
2026-10-01T12:13:52.7205663Z Get:48 http://azure.archive.ubuntu.com/ubuntu noble/main amd64 libharfbuzz-cairo0 amd64 8.3.0-2build2 [26.2 kB]
2026-10-01T12:13:52.7940142Z Get:49 http://azure.archive.ubuntu.com/ubuntu noble/main amd64 libharfbuzz-icu0 amd64 8.3.0-2build2 [13.3 kB]
2026-10-01T12:13:52.8674911Z Get:50 http://azure.archive.ubuntu.com/ubuntu noble/main amd64 libharfbuzz-subset0 amd64 8.3.0-2build2 [448 kB]
2026-10-01T12:13:52.9438723Z Get:51 http://azure.archive.ubuntu.com/ubuntu noble/main amd64 libharfbuzz-dev amd64 8.3.0-2build2 [142 kB]
2026-10-01T12:13:53.0493972Z Get:52 http://azure.archive.ubuntu.com/ubuntu noble/main amd64 libjpeg-turbo8-dev amd64 2.1.5-2ubuntu2 [295 kB]
2026-10-01T12:13:53.1307025Z Get:53 http://azure.archive.ubuntu.com/ubuntu noble/main amd64 libjpeg8-dev amd64 8c-2ubuntu11 [1484 B]
2026-10-01T12:13:53.2013569Z Get:54 http://azure.archive.ubuntu.com/ubuntu noble/main amd64 libjpeg-dev amd64 8c-2ubuntu11 [1482 B]
2026-10-01T12:13:53.2721374Z Get:55 http://azure.archive.ubuntu.com/ubuntu noble/main amd64 liblerc-dev amd64 4.0.0+ds-4ubuntu2 [182 kB]
2026-10-01T12:13:53.3496815Z Get:56 http://azure.archive.ubuntu.com/ubuntu noble/main amd64 libsharpyuv-dev amd64 1.3.2-0.4build3 [16.0 kB]
2026-10-01T12:13:53.4234383Z Get:57 http://azure.archive.ubuntu.com/ubuntu noble-updates/main amd64 libssh2-1-dev amd64 1.11.0-4.1ubuntu0.24.04.4 [260 kB]
2026-10-01T12:13:53.4971292Z Get:58 http://azure.archive.ubuntu.com/ubuntu noble/main amd64 libjbig-dev amd64 2.1-6.1ubuntu2 [27.9 kB]
2026-10-01T12:13:53.5682557Z Get:59 http://azure.archive.ubuntu.com/ubuntu noble/main amd64 libwebpdecoder3 amd64 1.3.2-0.4build3 [114 kB]
2026-10-01T12:13:53.6399057Z Get:60 http://azure.archive.ubuntu.com/ubuntu noble/main amd64 libwebp-dev amd64 1.3.2-0.4build3 [367 kB]
2026-10-01T12:13:53.7135079Z Get:61 http://azure.archive.ubuntu.com/ubuntu noble-updates/main amd64 libtiffxx6 amd64 4.5.1+git230720-4ubuntu2.5 [5642 B]
2026-10-01T12:13:53.7857304Z Get:62 http://azure.archive.ubuntu.com/ubuntu noble-updates/main amd64 libtiff-dev amd64 4.5.1+git230720-4ubuntu2.5 [338 kB]
2026-10-01T12:13:53.8592247Z Get:63 http://azure.archive.ubuntu.com/ubuntu noble/main amd64 libuv1-dev amd64 1.48.0-1.1build1 [136 kB]
2026-10-01T12:13:53.9313898Z Get:64 http://azure.archive.ubuntu.com/ubuntu noble/main amd64 libhttp-parser-dev amd64 2.9.4-6build1 [21.5 kB]
2026-10-01T12:13:54.0025692Z Get:65 http://azure.archive.ubuntu.com/ubuntu noble-updates/main amd64 libgit2-dev amd64 1.7.2+ds-1ubuntu3.2 [814 kB]
2026-10-01T12:13:54.0798278Z Get:66 http://azure.archive.ubuntu.com/ubuntu noble/universe amd64 libnlopt0 amd64 2.7.1-5build2 [184 kB]
2026-10-01T12:13:54.1520942Z Get:67 http://azure.archive.ubuntu.com/ubuntu noble/universe amd64 libnlopt-dev amd64 2.7.1-5build2 [43.9 kB]
2026-10-01T12:13:54.3592820Z Fetched 19.0 MB in 5s (3719 kB/s)
2026-10-01T12:13:54.3777653Z (Reading database ... 
2026-10-01T12:13:54.3796816Z (Reading database ... 5%
2026-10-01T12:13:54.3806849Z (Reading database ... 10%
2026-10-01T12:13:54.3807211Z (Reading database ... 15%
2026-10-01T12:13:54.3807613Z (Reading database ... 20%
2026-10-01T12:13:54.3807951Z (Reading database ... 25%
2026-10-01T12:13:54.3808301Z (Reading database ... 30%
2026-10-01T12:13:54.3808637Z (Reading database ... 35%
2026-10-01T12:13:54.3808965Z (Reading database ... 40%
2026-10-01T12:13:54.3809295Z (Reading database ... 45%
2026-10-01T12:13:54.3809627Z (Reading database ... 50%
2026-10-01T12:13:54.3809954Z (Reading database ... 55%
2026-10-01T12:13:54.3864304Z (Reading database ... 60%
2026-10-01T12:13:54.3883443Z (Reading database ... 65%
2026-10-01T12:13:54.3896362Z (Reading database ... 70%
2026-10-01T12:13:54.3924873Z (Reading database ... 75%
2026-10-01T12:13:54.3946253Z (Reading database ... 80%
2026-10-01T12:13:54.4027022Z (Reading database ... 85%
2026-10-01T12:13:54.4176043Z (Reading database ... 90%
2026-10-01T12:13:54.4247151Z (Reading database ... 95%
2026-10-01T12:13:54.4247709Z (Reading database ... 100%
2026-10-01T12:13:54.4248282Z (Reading database ... 212106 files and directories currently installed.)
2026-10-01T12:13:54.4282239Z Preparing to unpack .../libssl-dev_3.0.13-0ubuntu3.16_amd64.deb ...
2026-10-01T12:13:54.4319880Z Unpacking libssl-dev:amd64 (3.0.13-0ubuntu3.16) over (3.0.13-0ubuntu3.15) ...
2026-10-01T12:13:54.6114707Z Preparing to unpack .../libssl3t64_3.0.13-0ubuntu3.16_amd64.deb ...
2026-10-01T12:13:54.6233482Z Unpacking libssl3t64:amd64 (3.0.13-0ubuntu3.16) over (3.0.13-0ubuntu3.15) ...
2026-10-01T12:13:54.7204151Z Setting up libssl3t64:amd64 (3.0.13-0ubuntu3.16) ...
2026-10-01T12:13:54.7521119Z (Reading database ... 
2026-10-01T12:13:54.7521328Z (Reading database ... 5%
2026-10-01T12:13:54.7521479Z (Reading database ... 10%
2026-10-01T12:13:54.7536708Z (Reading database ... 15%
2026-10-01T12:13:54.7536963Z (Reading database ... 20%
2026-10-01T12:13:54.7537176Z (Reading database ... 25%
2026-10-01T12:13:54.7537416Z (Reading database ... 30%
2026-10-01T12:13:54.7537580Z (Reading database ... 35%
2026-10-01T12:13:54.7537716Z (Reading database ... 40%
2026-10-01T12:13:54.7537848Z (Reading database ... 45%
2026-10-01T12:13:54.7537980Z (Reading database ... 50%
2026-10-01T12:13:54.7556563Z (Reading database ... 55%
2026-10-01T12:13:54.7603253Z (Reading database ... 60%
2026-10-01T12:13:54.7622875Z (Reading database ... 65%
2026-10-01T12:13:54.7636530Z (Reading database ... 70%
2026-10-01T12:13:54.7666326Z (Reading database ... 75%
2026-10-01T12:13:54.7687781Z (Reading database ... 80%
2026-10-01T12:13:54.7770087Z (Reading database ... 85%
2026-10-01T12:13:54.7923757Z (Reading database ... 90%
2026-10-01T12:13:54.7995526Z (Reading database ... 95%
2026-10-01T12:13:54.7996003Z (Reading database ... 100%
2026-10-01T12:13:54.7996587Z (Reading database ... 212106 files and directories currently installed.)
2026-10-01T12:13:54.8030785Z Preparing to unpack .../00-openssl_3.0.13-0ubuntu3.16_amd64.deb ...
2026-10-01T12:13:54.8202495Z Unpacking openssl (3.0.13-0ubuntu3.16) over (3.0.13-0ubuntu3.15) ...
2026-10-01T12:13:54.9278474Z Selecting previously unselected package build-essential.
2026-10-01T12:13:54.9381551Z Preparing to unpack .../01-build-essential_12.10ubuntu1_amd64.deb ...
2026-10-01T12:13:54.9390042Z Unpacking build-essential (12.10ubuntu1) ...
2026-10-01T12:13:55.0349207Z Selecting previously unselected package gir1.2-freedesktop:amd64.
2026-10-01T12:13:55.0445740Z Preparing to unpack .../02-gir1.2-freedesktop_1.80.1-1_amd64.deb ...
2026-10-01T12:13:55.0452131Z Unpacking gir1.2-freedesktop:amd64 (1.80.1-1) ...
2026-10-01T12:13:55.0618881Z Selecting previously unselected package gir1.2-glib-2.0-dev:amd64.
2026-10-01T12:13:55.0713970Z Preparing to unpack .../03-gir1.2-glib-2.0-dev_2.80.0-6ubuntu3.9_amd64.deb ...
2026-10-01T12:13:55.0786093Z Unpacking gir1.2-glib-2.0-dev:amd64 (2.80.0-6ubuntu3.9) ...
2026-10-01T12:13:55.1911546Z Selecting previously unselected package gir1.2-freedesktop-dev:amd64.
2026-10-01T12:13:55.2008244Z Preparing to unpack .../04-gir1.2-freedesktop-dev_1.80.1-1_amd64.deb ...
2026-10-01T12:13:55.2012973Z Unpacking gir1.2-freedesktop-dev:amd64 (1.80.1-1) ...
2026-10-01T12:13:55.2554357Z Selecting previously unselected package libharfbuzz-gobject0:amd64.
2026-10-01T12:13:55.2649504Z Preparing to unpack .../05-libharfbuzz-gobject0_8.3.0-2build2_amd64.deb ...
2026-10-01T12:13:55.3037512Z Unpacking libharfbuzz-gobject0:amd64 (8.3.0-2build2) ...
2026-10-01T12:13:55.3194087Z Selecting previously unselected package gir1.2-harfbuzz-0.0:amd64.
2026-10-01T12:13:55.3289786Z Preparing to unpack .../06-gir1.2-harfbuzz-0.0_8.3.0-2build2_amd64.deb ...
2026-10-01T12:13:55.3382959Z Unpacking gir1.2-harfbuzz-0.0:amd64 (8.3.0-2build2) ...
2026-10-01T12:13:55.3746102Z Selecting previously unselected package libsuitesparseconfig7:amd64.
2026-10-01T12:13:55.3842178Z Preparing to unpack .../07-libsuitesparseconfig7_1%3a7.6.1+dfsg-1build1_amd64.deb ...
2026-10-01T12:13:55.3847673Z Unpacking libsuitesparseconfig7:amd64 (1:7.6.1+dfsg-1build1) ...
2026-10-01T12:13:55.4016692Z Selecting previously unselected package libamd3:amd64.
2026-10-01T12:13:55.4111373Z Preparing to unpack .../08-libamd3_1%3a7.6.1+dfsg-1build1_amd64.deb ...
2026-10-01T12:13:55.4126932Z Unpacking libamd3:amd64 (1:7.6.1+dfsg-1build1) ...
2026-10-01T12:13:55.4507814Z Selecting previously unselected package libbrotli-dev:amd64.
2026-10-01T12:13:55.4613232Z Preparing to unpack .../09-libbrotli-dev_1.1.0-2build2_amd64.deb ...
2026-10-01T12:13:55.4618311Z Unpacking libbrotli-dev:amd64 (1.1.0-2build2) ...
2026-10-01T12:13:55.4858194Z Selecting previously unselected package libbtf2:amd64.
2026-10-01T12:13:55.4950604Z Preparing to unpack .../10-libbtf2_1%3a7.6.1+dfsg-1build1_amd64.deb ...
2026-10-01T12:13:55.4956270Z Unpacking libbtf2:amd64 (1:7.6.1+dfsg-1build1) ...
2026-10-01T12:13:55.5377277Z Selecting previously unselected package libcamd3:amd64.
2026-10-01T12:13:55.5468763Z Preparing to unpack .../11-libcamd3_1%3a7.6.1+dfsg-1build1_amd64.deb ...
2026-10-01T12:13:55.5473914Z Unpacking libcamd3:amd64 (1:7.6.1+dfsg-1build1) ...
2026-10-01T12:13:55.5846730Z Selecting previously unselected package libccolamd3:amd64.
2026-10-01T12:13:55.5924642Z Preparing to unpack .../12-libccolamd3_1%3a7.6.1+dfsg-1build1_amd64.deb ...
2026-10-01T12:13:55.5930774Z Unpacking libccolamd3:amd64 (1:7.6.1+dfsg-1build1) ...
2026-10-01T12:13:55.6107062Z Selecting previously unselected package libcolamd3:amd64.
2026-10-01T12:13:55.6184139Z Preparing to unpack .../13-libcolamd3_1%3a7.6.1+dfsg-1build1_amd64.deb ...
2026-10-01T12:13:55.6188991Z Unpacking libcolamd3:amd64 (1:7.6.1+dfsg-1build1) ...
2026-10-01T12:13:55.6515333Z Selecting previously unselected package libcholmod5:amd64.
2026-10-01T12:13:55.6606851Z Preparing to unpack .../14-libcholmod5_1%3a7.6.1+dfsg-1build1_amd64.deb ...
2026-10-01T12:13:55.6612937Z Unpacking libcholmod5:amd64 (1:7.6.1+dfsg-1build1) ...
2026-10-01T12:13:55.7003715Z Selecting previously unselected package libcurl4-openssl-dev:amd64.
2026-10-01T12:13:55.7095899Z Preparing to unpack .../15-libcurl4-openssl-dev_8.5.0-2ubuntu10.15_amd64.deb ...
2026-10-01T12:13:55.7100972Z Unpacking libcurl4-openssl-dev:amd64 (8.5.0-2ubuntu10.15) ...
2026-10-01T12:13:55.7353409Z Selecting previously unselected package libcxsparse4:amd64.
2026-10-01T12:13:55.7445553Z Preparing to unpack .../16-libcxsparse4_1%3a7.6.1+dfsg-1build1_amd64.deb ...
2026-10-01T12:13:55.7451933Z Unpacking libcxsparse4:amd64 (1:7.6.1+dfsg-1build1) ...
2026-10-01T12:13:55.7607136Z Selecting previously unselected package libpng-dev:amd64.
2026-10-01T12:13:55.7699490Z Preparing to unpack .../17-libpng-dev_1.6.43-5ubuntu0.6_amd64.deb ...
2026-10-01T12:13:55.7942586Z Unpacking libpng-dev:amd64 (1.6.43-5ubuntu0.6) ...
2026-10-01T12:13:55.8149386Z Selecting previously unselected package libfreetype-dev:amd64.
2026-10-01T12:13:55.8241096Z Preparing to unpack .../18-libfreetype-dev_2.13.2+dfsg-1ubuntu0.1_amd64.deb ...
2026-10-01T12:13:55.8245823Z Unpacking libfreetype-dev:amd64 (2.13.2+dfsg-1ubuntu0.1) ...
2026-10-01T12:13:55.8760104Z Selecting previously unselected package uuid-dev:amd64.
2026-10-01T12:13:55.8853870Z Preparing to unpack .../19-uuid-dev_2.39.3-9ubuntu6.6_amd64.deb ...
2026-10-01T12:13:55.8859729Z Unpacking uuid-dev:amd64 (2.39.3-9ubuntu6.6) ...
2026-10-01T12:13:55.9030977Z Selecting previously unselected package libfontconfig-dev:amd64.
2026-10-01T12:13:55.9121861Z Preparing to unpack .../20-libfontconfig-dev_2.15.0-1.1ubuntu2_amd64.deb ...
2026-10-01T12:13:55.9130011Z Unpacking libfontconfig-dev:amd64 (2.15.0-1.1ubuntu2) ...
2026-10-01T12:13:55.9708812Z Selecting previously unselected package libfontconfig1-dev:amd64.
2026-10-01T12:13:55.9800214Z Preparing to unpack .../21-libfontconfig1-dev_2.15.0-1.1ubuntu2_amd64.deb ...
2026-10-01T12:13:55.9805794Z Unpacking libfontconfig1-dev:amd64 (2.15.0-1.1ubuntu2) ...
2026-10-01T12:13:55.9956620Z Selecting previously unselected package libfribidi-dev:amd64.
2026-10-01T12:13:56.0050802Z Preparing to unpack .../22-libfribidi-dev_1.0.13-3build1_amd64.deb ...
2026-10-01T12:13:56.0105574Z Unpacking libfribidi-dev:amd64 (1.0.13-3build1) ...
2026-10-01T12:13:56.0318031Z Selecting previously unselected package libgirepository-2.0-0:amd64.
2026-10-01T12:13:56.0413816Z Preparing to unpack .../23-libgirepository-2.0-0_2.80.0-6ubuntu3.9_amd64.deb ...
2026-10-01T12:13:56.0438840Z Unpacking libgirepository-2.0-0:amd64 (2.80.0-6ubuntu3.9) ...
2026-10-01T12:13:56.1071155Z Selecting previously unselected package libhttp-parser2.9:amd64.
2026-10-01T12:13:56.1164089Z Preparing to unpack .../24-libhttp-parser2.9_2.9.4-6build1_amd64.deb ...
2026-10-01T12:13:56.1363534Z Unpacking libhttp-parser2.9:amd64 (2.9.4-6build1) ...
2026-10-01T12:13:56.2161581Z Selecting previously unselected package libgit2-1.7:amd64.
2026-10-01T12:13:56.2255292Z Preparing to unpack .../25-libgit2-1.7_1.7.2+ds-1ubuntu3.2_amd64.deb ...
2026-10-01T12:13:56.2260988Z Unpacking libgit2-1.7:amd64 (1.7.2+ds-1ubuntu3.2) ...
2026-10-01T12:13:56.2523134Z Selecting previously unselected package libglib2.0-dev-bin.
2026-10-01T12:13:56.2617898Z Preparing to unpack .../26-libglib2.0-dev-bin_2.80.0-6ubuntu3.9_amd64.deb ...
2026-10-01T12:13:56.2661456Z Unpacking libglib2.0-dev-bin (2.80.0-6ubuntu3.9) ...
2026-10-01T12:13:56.2946722Z Selecting previously unselected package libblkid-dev:amd64.
2026-10-01T12:13:56.3025054Z Preparing to unpack .../27-libblkid-dev_2.39.3-9ubuntu6.6_amd64.deb ...
2026-10-01T12:13:56.3035161Z Unpacking libblkid-dev:amd64 (2.39.3-9ubuntu6.6) ...
2026-10-01T12:13:56.3440758Z Selecting previously unselected package libsepol-dev:amd64.
2026-10-01T12:13:56.3531622Z Preparing to unpack .../28-libsepol-dev_3.5-2build1_amd64.deb ...
2026-10-01T12:13:56.3538357Z Unpacking libsepol-dev:amd64 (3.5-2build1) ...
2026-10-01T12:13:56.4448678Z Selecting previously unselected package libselinux1-dev:amd64.
2026-10-01T12:13:56.4542673Z Preparing to unpack .../29-libselinux1-dev_3.5-2ubuntu2.1_amd64.deb ...
2026-10-01T12:13:56.4547496Z Unpacking libselinux1-dev:amd64 (3.5-2ubuntu2.1) ...
2026-10-01T12:13:56.4983266Z Selecting previously unselected package libmount-dev:amd64.
2026-10-01T12:13:56.5077925Z Preparing to unpack .../30-libmount-dev_2.39.3-9ubuntu6.6_amd64.deb ...
2026-10-01T12:13:56.5082935Z Unpacking libmount-dev:amd64 (2.39.3-9ubuntu6.6) ...
2026-10-01T12:13:56.5237015Z Selecting previously unselected package libglib2.0-dev:amd64.
2026-10-01T12:13:56.5329620Z Preparing to unpack .../31-libglib2.0-dev_2.80.0-6ubuntu3.9_amd64.deb ...
2026-10-01T12:13:56.5340127Z Unpacking libglib2.0-dev:amd64 (2.80.0-6ubuntu3.9) ...
2026-10-01T12:13:56.7687453Z Selecting previously unselected package libglpk40:amd64.
2026-10-01T12:13:56.7763754Z Preparing to unpack .../32-libglpk40_5.0-1build2_amd64.deb ...
2026-10-01T12:13:56.7768899Z Unpacking libglpk40:amd64 (5.0-1build2) ...
2026-10-01T12:13:56.9086730Z Selecting previously unselected package libklu2:amd64.
2026-10-01T12:13:56.9164144Z Preparing to unpack .../33-libklu2_1%3a7.6.1+dfsg-1build1_amd64.deb ...
2026-10-01T12:13:56.9187417Z Unpacking libklu2:amd64 (1:7.6.1+dfsg-1build1) ...
2026-10-01T12:13:56.9356518Z Selecting previously unselected package libldl3:amd64.
2026-10-01T12:13:56.9451434Z Preparing to unpack .../34-libldl3_1%3a7.6.1+dfsg-1build1_amd64.deb ...
2026-10-01T12:13:56.9457439Z Unpacking libldl3:amd64 (1:7.6.1+dfsg-1build1) ...
2026-10-01T12:13:56.9612189Z Selecting previously unselected package libsuitesparse-mongoose3:amd64.
2026-10-01T12:13:56.9706630Z Preparing to unpack .../35-libsuitesparse-mongoose3_1%3a7.6.1+dfsg-1build1_amd64.deb ...
2026-10-01T12:13:56.9711755Z Unpacking libsuitesparse-mongoose3:amd64 (1:7.6.1+dfsg-1build1) ...
2026-10-01T12:13:56.9935811Z Selecting previously unselected package libumfpack6:amd64.
2026-10-01T12:13:57.0031281Z Preparing to unpack .../36-libumfpack6_1%3a7.6.1+dfsg-1build1_amd64.deb ...
2026-10-01T12:13:57.0039640Z Unpacking libumfpack6:amd64 (1:7.6.1+dfsg-1build1) ...
2026-10-01T12:13:57.0282363Z Selecting previously unselected package librbio4:amd64.
2026-10-01T12:13:57.0377516Z Preparing to unpack .../37-librbio4_1%3a7.6.1+dfsg-1build1_amd64.deb ...
2026-10-01T12:13:57.0431598Z Unpacking librbio4:amd64 (1:7.6.1+dfsg-1build1) ...
2026-10-01T12:13:57.0586839Z Selecting previously unselected package libspqr4:amd64.
2026-10-01T12:13:57.0681043Z Preparing to unpack .../38-libspqr4_1%3a7.6.1+dfsg-1build1_amd64.deb ...
2026-10-01T12:13:57.0687556Z Unpacking libspqr4:amd64 (1:7.6.1+dfsg-1build1) ...
2026-10-01T12:13:57.0858901Z Selecting previously unselected package libspex2:amd64.
2026-10-01T12:13:57.0951744Z Preparing to unpack .../39-libspex2_1%3a7.6.1+dfsg-1build1_amd64.deb ...
2026-10-01T12:13:57.1385325Z Unpacking libspex2:amd64 (1:7.6.1+dfsg-1build1) ...
2026-10-01T12:13:57.1547167Z Selecting previously unselected package libparu0:amd64.
2026-10-01T12:13:57.1632828Z Preparing to unpack .../40-libparu0_1%3a7.6.1+dfsg-1build1_amd64.deb ...
2026-10-01T12:13:57.1643244Z Unpacking libparu0:amd64 (1:7.6.1+dfsg-1build1) ...
2026-10-01T12:13:57.1792397Z Selecting previously unselected package libsuitesparse-dev:amd64.
2026-10-01T12:13:57.1885952Z Preparing to unpack .../41-libsuitesparse-dev_1%3a7.6.1+dfsg-1build1_amd64.deb ...
2026-10-01T12:13:57.1890412Z Unpacking libsuitesparse-dev:amd64 (1:7.6.1+dfsg-1build1) ...
2026-10-01T12:13:57.3229667Z Selecting previously unselected package libglpk-dev:amd64.
2026-10-01T12:13:57.3325756Z Preparing to unpack .../42-libglpk-dev_5.0-1build2_amd64.deb ...
2026-10-01T12:13:57.3335987Z Unpacking libglpk-dev:amd64 (5.0-1build2) ...
2026-10-01T12:13:57.4017670Z Selecting previously unselected package libgraphite2-dev:amd64.
2026-10-01T12:13:57.4090065Z Preparing to unpack .../43-libgraphite2-dev_1.3.14-2ubuntu0.24.04.1_amd64.deb ...
2026-10-01T12:13:57.4095520Z Unpacking libgraphite2-dev:amd64 (1.3.14-2ubuntu0.24.04.1) ...
2026-10-01T12:13:57.4265252Z Selecting previously unselected package libharfbuzz-cairo0:amd64.
2026-10-01T12:13:57.4359618Z Preparing to unpack .../44-libharfbuzz-cairo0_8.3.0-2build2_amd64.deb ...
2026-10-01T12:13:57.4364523Z Unpacking libharfbuzz-cairo0:amd64 (8.3.0-2build2) ...
2026-10-01T12:13:57.4524302Z Selecting previously unselected package libharfbuzz-icu0:amd64.
2026-10-01T12:13:57.4615858Z Preparing to unpack .../45-libharfbuzz-icu0_8.3.0-2build2_amd64.deb ...
2026-10-01T12:13:57.4621751Z Unpacking libharfbuzz-icu0:amd64 (8.3.0-2build2) ...
2026-10-01T12:13:57.4780624Z Selecting previously unselected package libharfbuzz-subset0:amd64.
2026-10-01T12:13:57.4872515Z Preparing to unpack .../46-libharfbuzz-subset0_8.3.0-2build2_amd64.deb ...
2026-10-01T12:13:57.4877596Z Unpacking libharfbuzz-subset0:amd64 (8.3.0-2build2) ...
2026-10-01T12:13:57.5106870Z Selecting previously unselected package libharfbuzz-dev:amd64.
2026-10-01T12:13:57.5198371Z Preparing to unpack .../47-libharfbuzz-dev_8.3.0-2build2_amd64.deb ...
2026-10-01T12:13:57.5203384Z Unpacking libharfbuzz-dev:amd64 (8.3.0-2build2) ...
2026-10-01T12:13:57.5538825Z Selecting previously unselected package libjpeg-turbo8-dev:amd64.
2026-10-01T12:13:57.5633644Z Preparing to unpack .../48-libjpeg-turbo8-dev_2.1.5-2ubuntu2_amd64.deb ...
2026-10-01T12:13:57.5647560Z Unpacking libjpeg-turbo8-dev:amd64 (2.1.5-2ubuntu2) ...
2026-10-01T12:13:57.6110693Z Selecting previously unselected package libjpeg8-dev:amd64.
2026-10-01T12:13:57.6204761Z Preparing to unpack .../49-libjpeg8-dev_8c-2ubuntu11_amd64.deb ...
2026-10-01T12:13:57.6210692Z Unpacking libjpeg8-dev:amd64 (8c-2ubuntu11) ...
2026-10-01T12:13:57.6362831Z Selecting previously unselected package libjpeg-dev:amd64.
2026-10-01T12:13:57.6456285Z Preparing to unpack .../50-libjpeg-dev_8c-2ubuntu11_amd64.deb ...
2026-10-01T12:13:57.6463261Z Unpacking libjpeg-dev:amd64 (8c-2ubuntu11) ...
2026-10-01T12:13:57.6607449Z Selecting previously unselected package liblerc-dev:amd64.
2026-10-01T12:13:57.6699410Z Preparing to unpack .../51-liblerc-dev_4.0.0+ds-4ubuntu2_amd64.deb ...
2026-10-01T12:13:57.6704915Z Unpacking liblerc-dev:amd64 (4.0.0+ds-4ubuntu2) ...
2026-10-01T12:13:57.7227802Z Selecting previously unselected package libsharpyuv-dev:amd64.
2026-10-01T12:13:57.7321676Z Preparing to unpack .../52-libsharpyuv-dev_1.3.2-0.4build3_amd64.deb ...
2026-10-01T12:13:57.7372826Z Unpacking libsharpyuv-dev:amd64 (1.3.2-0.4build3) ...
2026-10-01T12:13:57.7528039Z Selecting previously unselected package libssh2-1-dev:amd64.
2026-10-01T12:13:57.7620451Z Preparing to unpack .../53-libssh2-1-dev_1.11.0-4.1ubuntu0.24.04.4_amd64.deb ...
2026-10-01T12:13:57.7625938Z Unpacking libssh2-1-dev:amd64 (1.11.0-4.1ubuntu0.24.04.4) ...
2026-10-01T12:13:57.8634760Z Selecting previously unselected package libjbig-dev:amd64.
2026-10-01T12:13:57.8730187Z Preparing to unpack .../54-libjbig-dev_2.1-6.1ubuntu2_amd64.deb ...
2026-10-01T12:13:57.8734090Z Unpacking libjbig-dev:amd64 (2.1-6.1ubuntu2) ...
2026-10-01T12:13:57.8893421Z Selecting previously unselected package libwebpdecoder3:amd64.
2026-10-01T12:13:57.8989139Z Preparing to unpack .../55-libwebpdecoder3_1.3.2-0.4build3_amd64.deb ...
2026-10-01T12:13:57.8994908Z Unpacking libwebpdecoder3:amd64 (1.3.2-0.4build3) ...
2026-10-01T12:13:57.9158647Z Selecting previously unselected package libwebp-dev:amd64.
2026-10-01T12:13:57.9252522Z Preparing to unpack .../56-libwebp-dev_1.3.2-0.4build3_amd64.deb ...
2026-10-01T12:13:57.9257519Z Unpacking libwebp-dev:amd64 (1.3.2-0.4build3) ...
2026-10-01T12:13:57.9606685Z Selecting previously unselected package libtiffxx6:amd64.
2026-10-01T12:13:57.9685705Z Preparing to unpack .../57-libtiffxx6_4.5.1+git230720-4ubuntu2.5_amd64.deb ...
2026-10-01T12:13:57.9695989Z Unpacking libtiffxx6:amd64 (4.5.1+git230720-4ubuntu2.5) ...
2026-10-01T12:13:57.9841903Z Selecting previously unselected package libtiff-dev:amd64.
2026-10-01T12:13:57.9934942Z Preparing to unpack .../58-libtiff-dev_4.5.1+git230720-4ubuntu2.5_amd64.deb ...
2026-10-01T12:13:57.9940691Z Unpacking libtiff-dev:amd64 (4.5.1+git230720-4ubuntu2.5) ...
2026-10-01T12:13:58.0485693Z Selecting previously unselected package libuv1-dev:amd64.
2026-10-01T12:13:58.0578905Z Preparing to unpack .../59-libuv1-dev_1.48.0-1.1build1_amd64.deb ...
2026-10-01T12:13:58.0585310Z Unpacking libuv1-dev:amd64 (1.48.0-1.1build1) ...
2026-10-01T12:13:58.0771375Z Selecting previously unselected package libhttp-parser-dev:amd64.
2026-10-01T12:13:58.0867109Z Preparing to unpack .../60-libhttp-parser-dev_2.9.4-6build1_amd64.deb ...
2026-10-01T12:13:58.0876369Z Unpacking libhttp-parser-dev:amd64 (2.9.4-6build1) ...
2026-10-01T12:13:58.1094034Z Selecting previously unselected package libgit2-dev:amd64.
2026-10-01T12:13:58.1190423Z Preparing to unpack .../61-libgit2-dev_1.7.2+ds-1ubuntu3.2_amd64.deb ...
2026-10-01T12:13:58.1230824Z Unpacking libgit2-dev:amd64 (1.7.2+ds-1ubuntu3.2) ...
2026-10-01T12:13:58.2377258Z Selecting previously unselected package libnlopt0:amd64.
2026-10-01T12:13:58.2480102Z Preparing to unpack .../62-libnlopt0_2.7.1-5build2_amd64.deb ...
2026-10-01T12:13:58.2503975Z Unpacking libnlopt0:amd64 (2.7.1-5build2) ...
2026-10-01T12:13:58.2694396Z Selecting previously unselected package libnlopt-dev:amd64.
2026-10-01T12:13:58.2795981Z Preparing to unpack .../63-libnlopt-dev_2.7.1-5build2_amd64.deb ...
2026-10-01T12:13:58.2847047Z Unpacking libnlopt-dev:amd64 (2.7.1-5build2) ...
2026-10-01T12:13:58.3593571Z Setting up libuv1-dev:amd64 (1.48.0-1.1build1) ...
2026-10-01T12:13:58.3613252Z Setting up libglib2.0-dev-bin (2.80.0-6ubuntu3.9) ...
2026-10-01T12:13:58.4570487Z Setting up libjpeg-turbo8-dev:amd64 (2.1.5-2ubuntu2) ...
2026-10-01T12:13:58.4585838Z Setting up gir1.2-freedesktop:amd64 (1.80.1-1) ...
2026-10-01T12:13:58.4600161Z Setting up libharfbuzz-icu0:amd64 (8.3.0-2build2) ...
2026-10-01T12:13:58.4614846Z Setting up libgirepository-2.0-0:amd64 (2.80.0-6ubuntu3.9) ...
2026-10-01T12:13:58.4628787Z Setting up libfribidi-dev:amd64 (1.0.13-3build1) ...
2026-10-01T12:13:58.4642406Z Setting up libpng-dev:amd64 (1.6.43-5ubuntu0.6) ...
2026-10-01T12:13:58.4820622Z Setting up libcxsparse4:amd64 (1:7.6.1+dfsg-1build1) ...
2026-10-01T12:13:58.4836027Z Setting up libjbig-dev:amd64 (2.1-6.1ubuntu2) ...
2026-10-01T12:13:58.4850191Z Setting up libwebpdecoder3:amd64 (1.3.2-0.4build3) ...
2026-10-01T12:13:58.4865115Z Setting up libnlopt0:amd64 (2.7.1-5build2) ...
2026-10-01T12:13:58.4879529Z Setting up libharfbuzz-gobject0:amd64 (8.3.0-2build2) ...
2026-10-01T12:13:58.4893723Z Setting up libldl3:amd64 (1:7.6.1+dfsg-1build1) ...
2026-10-01T12:13:58.4907706Z Setting up gir1.2-harfbuzz-0.0:amd64 (8.3.0-2build2) ...
2026-10-01T12:13:58.4942146Z Setting up libbtf2:amd64 (1:7.6.1+dfsg-1build1) ...
2026-10-01T12:13:58.4956005Z Setting up libgraphite2-dev:amd64 (1.3.14-2ubuntu0.24.04.1) ...
2026-10-01T12:13:58.4968905Z Setting up libharfbuzz-cairo0:amd64 (8.3.0-2build2) ...
2026-10-01T12:13:58.4982949Z Setting up libcurl4-openssl-dev:amd64 (8.5.0-2ubuntu10.15) ...
2026-10-01T12:13:58.4997356Z Setting up uuid-dev:amd64 (2.39.3-9ubuntu6.6) ...
2026-10-01T12:13:58.5011451Z Setting up libssl-dev:amd64 (3.0.13-0ubuntu3.16) ...
2026-10-01T12:13:58.5039415Z Setting up libsepol-dev:amd64 (3.5-2build1) ...
2026-10-01T12:13:58.5053097Z Setting up liblerc-dev:amd64 (4.0.0+ds-4ubuntu2) ...
2026-10-01T12:13:58.5067664Z Setting up libssh2-1-dev:amd64 (1.11.0-4.1ubuntu0.24.04.4) ...
2026-10-01T12:13:58.5083493Z Setting up gir1.2-glib-2.0-dev:amd64 (2.80.0-6ubuntu3.9) ...
2026-10-01T12:13:58.5097084Z Setting up libharfbuzz-subset0:amd64 (8.3.0-2build2) ...
2026-10-01T12:13:58.5125603Z Setting up build-essential (12.10ubuntu1) ...
2026-10-01T12:13:58.5186478Z Setting up libsuitesparseconfig7:amd64 (1:7.6.1+dfsg-1build1) ...
2026-10-01T12:13:58.5201983Z Setting up libjpeg8-dev:amd64 (8c-2ubuntu11) ...
2026-10-01T12:13:58.5216840Z Setting up libnlopt-dev:amd64 (2.7.1-5build2) ...
2026-10-01T12:13:58.5267388Z Setting up libsharpyuv-dev:amd64 (1.3.2-0.4build3) ...
2026-10-01T12:13:58.5282689Z Setting up openssl (3.0.13-0ubuntu3.16) ...
2026-10-01T12:13:58.5404548Z Setting up libtiffxx6:amd64 (4.5.1+git230720-4ubuntu2.5) ...
2026-10-01T12:13:58.5419094Z Setting up libbrotli-dev:amd64 (1.1.0-2build2) ...
2026-10-01T12:13:58.5432705Z Setting up libhttp-parser2.9:amd64 (2.9.4-6build1) ...
2026-10-01T12:13:58.5449991Z Setting up libblkid-dev:amd64 (2.39.3-9ubuntu6.6) ...
2026-10-01T12:13:58.5480527Z Setting up libhttp-parser-dev:amd64 (2.9.4-6build1) ...
2026-10-01T12:13:58.5494078Z Setting up libamd3:amd64 (1:7.6.1+dfsg-1build1) ...
2026-10-01T12:13:58.5613827Z Setting up libcolamd3:amd64 (1:7.6.1+dfsg-1build1) ...
2026-10-01T12:13:58.5631018Z Setting up libselinux1-dev:amd64 (3.5-2ubuntu2.1) ...
2026-10-01T12:13:58.5644021Z Setting up libsuitesparse-mongoose3:amd64 (1:7.6.1+dfsg-1build1) ...
2026-10-01T12:13:58.5660947Z Setting up libjpeg-dev:amd64 (8c-2ubuntu11) ...
2026-10-01T12:13:58.5674145Z Setting up libcamd3:amd64 (1:7.6.1+dfsg-1build1) ...
2026-10-01T12:13:58.5688013Z Setting up libfreetype-dev:amd64 (2.13.2+dfsg-1ubuntu0.1) ...
2026-10-01T12:13:58.5701711Z Setting up libwebp-dev:amd64 (1.3.2-0.4build3) ...
2026-10-01T12:13:58.5716386Z Setting up libtiff-dev:amd64 (4.5.1+git230720-4ubuntu2.5) ...
2026-10-01T12:13:58.5750269Z Setting up libglpk40:amd64 (5.0-1build2) ...
2026-10-01T12:13:58.5767441Z Setting up librbio4:amd64 (1:7.6.1+dfsg-1build1) ...
2026-10-01T12:13:58.5784511Z Setting up gir1.2-freedesktop-dev:amd64 (1.80.1-1) ...
2026-10-01T12:13:58.5798619Z Setting up libccolamd3:amd64 (1:7.6.1+dfsg-1build1) ...
2026-10-01T12:13:58.5814043Z Setting up libgit2-1.7:amd64 (1.7.2+ds-1ubuntu3.2) ...
2026-10-01T12:13:58.5848802Z Setting up libmount-dev:amd64 (2.39.3-9ubuntu6.6) ...
2026-10-01T12:13:58.5861540Z Setting up libgit2-dev:amd64 (1.7.2+ds-1ubuntu3.2) ...
2026-10-01T12:13:58.5875862Z Setting up libcholmod5:amd64 (1:7.6.1+dfsg-1build1) ...
2026-10-01T12:13:58.5892239Z Setting up libspex2:amd64 (1:7.6.1+dfsg-1build1) ...
2026-10-01T12:13:58.5906766Z Setting up libspqr4:amd64 (1:7.6.1+dfsg-1build1) ...
2026-10-01T12:13:58.6143489Z Setting up libfontconfig-dev:amd64 (2.15.0-1.1ubuntu2) ...
2026-10-01T12:13:58.6177516Z Setting up libglib2.0-dev:amd64 (2.80.0-6ubuntu3.9) ...
2026-10-01T12:13:58.6194648Z Setting up libklu2:amd64 (1:7.6.1+dfsg-1build1) ...
2026-10-01T12:13:58.6213536Z Setting up libumfpack6:amd64 (1:7.6.1+dfsg-1build1) ...
2026-10-01T12:13:58.6227627Z Setting up libfontconfig1-dev:amd64 (2.15.0-1.1ubuntu2) ...
2026-10-01T12:13:58.6248228Z Setting up libparu0:amd64 (1:7.6.1+dfsg-1build1) ...
2026-10-01T12:13:58.6290201Z Setting up libsuitesparse-dev:amd64 (1:7.6.1+dfsg-1build1) ...
2026-10-01T12:13:58.6304310Z Setting up libglpk-dev:amd64 (5.0-1build2) ...
2026-10-01T12:13:58.6334302Z Processing triggers for libc-bin (2.39-0ubuntu8.9) ...
2026-10-01T12:13:58.6460721Z Processing triggers for man-db (2.12.0-4build2) ...
2026-10-01T12:13:58.6473810Z Not building database; man-db/auto-update is not 'true'.
2026-10-01T12:13:58.6482893Z Processing triggers for libglib2.0-0t64:amd64 (2.80.0-6ubuntu3.9) ...
2026-10-01T12:13:58.6845869Z Setting up libharfbuzz-dev:amd64 (8.3.0-2build2) ...
2026-10-01T12:13:59.0013984Z 
2026-10-01T12:13:59.0014365Z Running kernel seems to be up-to-date.
2026-10-01T12:13:59.0014531Z 
2026-10-01T12:13:59.0014604Z Restarting services...
2026-10-01T12:13:59.0451635Z  /etc/needrestart/restart.d/systemd-manager
2026-10-01T12:13:59.2786884Z  systemctl restart packagekit.service php8.3-fpm.service systemd-journald.service systemd-networkd.service systemd-resolved.service systemd-udevd.service udisks2.service
2026-10-01T12:13:59.4692437Z 
2026-10-01T12:13:59.4693126Z Service restarts being deferred:
2026-10-01T12:13:59.4693670Z  systemctl restart hosted-compute-agent.service
2026-10-01T12:13:59.4694100Z  systemctl restart systemd-logind.service
2026-10-01T12:13:59.4694448Z  systemctl restart walinuxagent.service
2026-10-01T12:13:59.4694668Z 
2026-10-01T12:13:59.4694856Z No containers need to be restarted.
2026-10-01T12:13:59.4695068Z 
2026-10-01T12:13:59.4695271Z User sessions running outdated binaries:
2026-10-01T12:13:59.4695665Z  runner @ user manager service: systemd[862]
2026-10-01T12:13:59.4827923Z 
2026-10-01T12:13:59.4847729Z No VM guests are running outdated hypervisor (qemu) binaries on this host.
2026-10-01T12:14:00.1125998Z ##[group]Run r-lib/actions/setup-renv@v2
2026-10-01T12:14:00.1126155Z with:
2026-10-01T12:14:00.1126477Z   cache-version: v1
2026-10-01T12:14:00.1126593Z   bypass-cache: false
2026-10-01T12:14:00.1126710Z   working-directory: .
2026-10-01T12:14:00.1126821Z env:
2026-10-01T12:14:00.1126937Z   R_LIBS_USER: /home/runner/work/_temp/Library
2026-10-01T12:14:00.1127083Z   TZ: UTC
2026-10-01T12:14:00.1127190Z   _R_CHECK_SYSTEM_CLOCK_: FALSE
2026-10-01T12:14:00.1127330Z   NOT_CRAN: true
2026-10-01T12:14:00.1127498Z   RSPM: https://packagemanager.posit.co/cran/__linux__/noble/latest
2026-10-01T12:14:00.1127766Z   RENV_CONFIG_REPOS_OVERRIDE: https://packagemanager.posit.co/cran/__linux__/noble/latest
2026-10-01T12:14:00.1127992Z   LMPLOT_EXPLICIT_BOOTSTRAP: 1
2026-10-01T12:14:00.1128118Z ##[endgroup]
2026-10-01T12:14:00.1165355Z ##[start-action display=Set RENV_PATHS_ROOT;id=__r-lib_actions_2.__run]
2026-10-01T12:14:00.1193427Z ##[group]Run echo "RENV_PATHS_ROOT=/home/runner/work/_temp/renv" >> $GITHUB_ENV
2026-10-01T12:14:00.1193724Z [36;1mecho "RENV_PATHS_ROOT=/home/runner/work/_temp/renv" >> $GITHUB_ENV[0m
2026-10-01T12:14:00.1247961Z shell: /usr/bin/bash --noprofile --norc -e -o pipefail {0}
2026-10-01T12:14:00.1248131Z env:
2026-10-01T12:14:00.1248268Z   R_LIBS_USER: /home/runner/work/_temp/Library
2026-10-01T12:14:00.1248413Z   TZ: UTC
2026-10-01T12:14:00.1248519Z   _R_CHECK_SYSTEM_CLOCK_: FALSE
2026-10-01T12:14:00.1248644Z   NOT_CRAN: true
2026-10-01T12:14:00.1248820Z   RSPM: https://packagemanager.posit.co/cran/__linux__/noble/latest
2026-10-01T12:14:00.1249086Z   RENV_CONFIG_REPOS_OVERRIDE: https://packagemanager.posit.co/cran/__linux__/noble/latest
2026-10-01T12:14:00.1249314Z   LMPLOT_EXPLICIT_BOOTSTRAP: 1
2026-10-01T12:14:00.1249441Z ##[endgroup]
2026-10-01T12:14:00.1321511Z ##[end-action id=__r-lib_actions_2.__run;outcome=success;conclusion=success;duration_ms=15]
2026-10-01T12:14:00.1322940Z ##[start-action display=Install and activate renv;id=__r-lib_actions_2.__run_2]
2026-10-01T12:14:00.1333813Z ##[group]Run if (!requireNamespace("renv", quietly=TRUE)) install.packages("renv")
2026-10-01T12:14:00.1334102Z [36;1mif (!requireNamespace("renv", quietly=TRUE)) install.packages("renv")[0m
2026-10-01T12:14:00.1334308Z [36;1mrenv::activate(profile = )[0m
2026-10-01T12:14:00.1338803Z shell: /usr/local/bin/Rscript {0}
2026-10-01T12:14:00.1338931Z env:
2026-10-01T12:14:00.1339049Z   R_LIBS_USER: /home/runner/work/_temp/Library
2026-10-01T12:14:00.1339294Z   TZ: UTC
2026-10-01T12:14:00.1339400Z   _R_CHECK_SYSTEM_CLOCK_: FALSE
2026-10-01T12:14:00.1339527Z   NOT_CRAN: true
2026-10-01T12:14:00.1339690Z   RSPM: https://packagemanager.posit.co/cran/__linux__/noble/latest
2026-10-01T12:14:00.1339962Z   RENV_CONFIG_REPOS_OVERRIDE: https://packagemanager.posit.co/cran/__linux__/noble/latest
2026-10-01T12:14:00.1340200Z   RENV_PATHS_ROOT: /home/runner/work/_temp/renv
2026-10-01T12:14:00.1340354Z   LMPLOT_EXPLICIT_BOOTSTRAP: 1
2026-10-01T12:14:00.1340478Z ##[endgroup]
2026-10-01T12:14:00.3017578Z # Bootstrapping renv 1.2.3 ---------------------------------------------------
2026-10-01T12:14:02.0627990Z - Downloading renv ... OK
2026-10-01T12:14:02.3085189Z - Installing renv  ... OK
2026-10-01T12:14:02.3085615Z 
2026-10-01T12:14:02.6292018Z - One or more packages recorded in the lockfile are not installed.
2026-10-01T12:14:02.6292716Z - Use `renv::status()` for more details.
2026-10-01T12:14:02.7234360Z ##[end-action id=__r-lib_actions_2.__run_2;outcome=success;conclusion=success;duration_ms=2591]
2026-10-01T12:14:02.7236756Z ##[start-action display=Get R and OS version;id=__r-lib_actions_2.get-version]
2026-10-01T12:14:02.7261595Z ##[group]Run cat("os-version=", sessionInfo()$running, "\n", file = Sys.getenv("GITHUB_OUTPUT"), sep = "", append = TRUE)
2026-10-01T12:14:02.7262026Z [36;1mcat("os-version=", sessionInfo()$running, "\n", file = Sys.getenv("GITHUB_OUTPUT"), sep = "", append = TRUE)[0m
2026-10-01T12:14:02.7262564Z [36;1mcat("r-version=", R.Version()$version.string, "\n", file = Sys.getenv("GITHUB_OUTPUT"), sep = "", append = TRUE)[0m
2026-10-01T12:14:02.7268164Z shell: /usr/local/bin/Rscript {0}
2026-10-01T12:14:02.7268300Z env:
2026-10-01T12:14:02.7268417Z   R_LIBS_USER: /home/runner/work/_temp/Library
2026-10-01T12:14:02.7268562Z   TZ: UTC
2026-10-01T12:14:02.7268668Z   _R_CHECK_SYSTEM_CLOCK_: FALSE
2026-10-01T12:14:02.7268794Z   NOT_CRAN: true
2026-10-01T12:14:02.7268968Z   RSPM: https://packagemanager.posit.co/cran/__linux__/noble/latest
2026-10-01T12:14:02.7269247Z   RENV_CONFIG_REPOS_OVERRIDE: https://packagemanager.posit.co/cran/__linux__/noble/latest
2026-10-01T12:14:02.7269485Z   RENV_PATHS_ROOT: /home/runner/work/_temp/renv
2026-10-01T12:14:02.7269641Z   LMPLOT_EXPLICIT_BOOTSTRAP: 1
2026-10-01T12:14:02.7269771Z ##[endgroup]
2026-10-01T12:14:03.1395803Z - One or more packages recorded in the lockfile are not installed.
2026-10-01T12:14:03.1396763Z - Use `renv::status()` for more details.
2026-10-01T12:14:03.1833487Z ##[end-action id=__r-lib_actions_2.get-version;outcome=success;conclusion=success;duration_ms=459]
2026-10-01T12:14:03.1837601Z ##[start-action display=Restore Renv package cache;id=__r-lib_actions_2.__actions_cache]
2026-10-01T12:14:03.2218896Z ##[group]Run actions/cache@27d5ce7f107fe9357f9df03efb73ab90386fccae
2026-10-01T12:14:03.2219091Z with:
2026-10-01T12:14:03.2219219Z   path: /home/runner/work/_temp/renv
renv/library

2026-10-01T12:14:03.2219535Z   key: Ubuntu 24.04.5 LTS-R version 4.6.0 (2026-04-24)-v1-3fcb548257f1c23be87b868f678c6375696cdf3b21c1adf73aff867969a41470
2026-10-01T12:14:03.2219854Z   restore-keys: Ubuntu 24.04.5 LTS-R version 4.6.0 (2026-04-24)-v1-
2026-10-01T12:14:03.2220040Z   enableCrossOsArchive: false
2026-10-01T12:14:03.2220176Z   fail-on-cache-miss: false
2026-10-01T12:14:03.2220300Z   lookup-only: false
2026-10-01T12:14:03.2220411Z   save-always: false
2026-10-01T12:14:03.2220519Z env:
2026-10-01T12:14:03.2220633Z   R_LIBS_USER: /home/runner/work/_temp/Library
2026-10-01T12:14:03.2220776Z   TZ: UTC
2026-10-01T12:14:03.2220884Z   _R_CHECK_SYSTEM_CLOCK_: FALSE
2026-10-01T12:14:03.2221006Z   NOT_CRAN: true
2026-10-01T12:14:03.2221178Z   RSPM: https://packagemanager.posit.co/cran/__linux__/noble/latest
2026-10-01T12:14:03.2221443Z   RENV_CONFIG_REPOS_OVERRIDE: https://packagemanager.posit.co/cran/__linux__/noble/latest
2026-10-01T12:14:03.2221678Z   RENV_PATHS_ROOT: /home/runner/work/_temp/renv
2026-10-01T12:14:03.2221832Z   LMPLOT_EXPLICIT_BOOTSTRAP: 1
2026-10-01T12:14:03.2221957Z ##[endgroup]
2026-10-01T12:14:03.5539114Z Cache not found for input keys: Ubuntu 24.04.5 LTS-R version 4.6.0 (2026-04-24)-v1-3fcb548257f1c23be87b868f678c6375696cdf3b21c1adf73aff867969a41470, Ubuntu 24.04.5 LTS-R version 4.6.0 (2026-04-24)-v1-
2026-10-01T12:14:03.5587321Z ##[end-action id=__r-lib_actions_2.__actions_cache;outcome=success;conclusion=success;duration_ms=374]
2026-10-01T12:14:03.5589092Z ##[start-action display=Restore Renv package cache;id=__r-lib_actions_2.cache-packages-restore]
2026-10-01T12:14:03.5597670Z ##[end-action id=__r-lib_actions_2.cache-packages-restore;outcome=skipped;conclusion=skipped;duration_ms=0]
2026-10-01T12:14:03.5598842Z ##[start-action display=Install renv dependencies;id=__r-lib_actions_2.__run_3]
2026-10-01T12:14:03.5611315Z ##[group]Run renv::restore()
2026-10-01T12:14:03.5611471Z [36;1mrenv::restore()[0m
2026-10-01T12:14:03.5616748Z shell: /usr/local/bin/Rscript {0}
2026-10-01T12:14:03.5616878Z env:
2026-10-01T12:14:03.5616996Z   R_LIBS_USER: /home/runner/work/_temp/Library
2026-10-01T12:14:03.5617152Z   TZ: UTC
2026-10-01T12:14:03.5617258Z   _R_CHECK_SYSTEM_CLOCK_: FALSE
2026-10-01T12:14:03.5617381Z   NOT_CRAN: true
2026-10-01T12:14:03.5617552Z   RSPM: https://packagemanager.posit.co/cran/__linux__/noble/latest
2026-10-01T12:14:03.5617820Z   RENV_CONFIG_REPOS_OVERRIDE: https://packagemanager.posit.co/cran/__linux__/noble/latest
2026-10-01T12:14:03.5618056Z   RENV_PATHS_ROOT: /home/runner/work/_temp/renv
2026-10-01T12:14:03.5618212Z   LMPLOT_EXPLICIT_BOOTSTRAP: 1
2026-10-01T12:14:03.5618337Z ##[endgroup]
2026-10-01T12:14:03.9460854Z - One or more packages recorded in the lockfile are not installed.
2026-10-01T12:14:03.9461597Z - Use `renv::status()` for more details.
2026-10-01T12:14:04.1958478Z The following required system packages are not installed:
2026-10-01T12:14:04.1959719Z - chromium  [required by chromote]
2026-10-01T12:14:04.1960191Z - cmake     [required by fs, nloptr]
2026-10-01T12:14:04.1960657Z - pandoc    [required by knitr, rmarkdown]
2026-10-01T12:14:04.1961274Z The R packages depending on these system packages may fail to install.
2026-10-01T12:14:04.1961686Z 
2026-10-01T12:14:04.1977067Z An administrator can install these packages with:
2026-10-01T12:14:04.1977553Z - sudo apt install chromium cmake pandoc
2026-10-01T12:14:04.1977896Z 
2026-10-01T12:14:04.2903399Z The following package(s) will be updated:
2026-10-01T12:14:04.2903926Z 
2026-10-01T12:14:04.2904403Z # Repository -----------------------------------------------------------------
2026-10-01T12:14:04.2904983Z - MASS           [7.3-65 -> 7.3-66]
2026-10-01T12:14:04.2905418Z - nlme           [3.1-169 -> 3.1-170]
2026-10-01T12:14:04.2905847Z - AsioHeaders    [* -> 1.30.2-1]
2026-10-01T12:14:04.2906425Z - askpass        [* -> 1.2.1]
2026-10-01T12:14:04.2906860Z - backports      [* -> 1.5.1]
2026-10-01T12:14:04.2907223Z - base64enc      [* -> 0.1-6]
2026-10-01T12:14:04.2907585Z - brio           [* -> 1.1.5]
2026-10-01T12:14:04.2907949Z - bslib          [* -> 0.11.0]
2026-10-01T12:14:04.2908317Z - cachem         [* -> 1.1.0]
2026-10-01T12:14:04.2908697Z - callr          [* -> 3.8.0]
2026-10-01T12:14:04.2909069Z - cellranger     [* -> 1.1.0]
2026-10-01T12:14:04.2909445Z - checkmate      [* -> 2.3.4]
2026-10-01T12:14:04.2909820Z - chromote       [* -> 0.5.1]
2026-10-01T12:14:04.2910188Z - cli            [* -> 3.6.6]
2026-10-01T12:14:04.2910551Z - commonmark     [* -> 2.0.0]
2026-10-01T12:14:04.2910909Z - cpp11          [* -> 0.5.5]
2026-10-01T12:14:04.2911269Z - crayon         [* -> 1.5.3]
2026-10-01T12:14:04.2911631Z - crosstalk      [* -> 1.2.2]
2026-10-01T12:14:04.2911996Z - curl           [* -> 7.1.0]
2026-10-01T12:14:04.2912362Z - data.table     [* -> 1.18.4]
2026-10-01T12:14:04.2912721Z - desc           [* -> 1.4.3]
2026-10-01T12:14:04.2913085Z - diffobj        [* -> 0.3.8]
2026-10-01T12:14:04.2913450Z - digest         [* -> 0.6.39]
2026-10-01T12:14:04.2913811Z - dplyr          [* -> 1.2.1]
2026-10-01T12:14:04.2914169Z - DT             [* -> 0.34.0]
2026-10-01T12:14:04.2914529Z - evaluate       [* -> 1.0.5]
2026-10-01T12:14:04.2915216Z - farver         [* -> 2.1.2]
2026-10-01T12:14:04.2915572Z - fastmap        [* -> 1.2.0]
2026-10-01T12:14:04.2915931Z - fontawesome    [* -> 0.5.3]
2026-10-01T12:14:04.2916400Z - fs             [* -> 2.1.0]
2026-10-01T12:14:04.2916756Z - generics       [* -> 0.1.4]
2026-10-01T12:14:04.2917115Z - ggfortify      [* -> 0.4.19]
2026-10-01T12:14:04.2917471Z - ggplot2        [* -> 4.0.3]
2026-10-01T12:14:04.2917838Z - globals        [* -> 0.19.1]
2026-10-01T12:14:04.2918215Z - glue           [* -> 1.8.1]
2026-10-01T12:14:04.2918577Z - gridExtra      [* -> 2.3.1]
2026-10-01T12:14:04.2918934Z - gtable         [* -> 0.3.6]
2026-10-01T12:14:04.2919292Z - highr          [* -> 0.12]
2026-10-01T12:14:04.2919647Z - hms            [* -> 1.1.4]
2026-10-01T12:14:04.2920012Z - htmltools      [* -> 0.5.9]
2026-10-01T12:14:04.2920369Z - htmlwidgets    [* -> 1.6.4]
2026-10-01T12:14:04.2920730Z - httpuv         [* -> 1.6.17]
2026-10-01T12:14:04.2921089Z - httr           [* -> 1.4.8]
2026-10-01T12:14:04.2921453Z - httr2          [* -> 1.3.0]
2026-10-01T12:14:04.2921816Z - isoband        [* -> 0.3.0]
2026-10-01T12:14:04.2922165Z - jquerylib      [* -> 0.1.4]
2026-10-01T12:14:04.2922522Z - jsonlite       [* -> 2.0.0]
2026-10-01T12:14:04.2922877Z - knitr          [* -> 1.51]
2026-10-01T12:14:04.2923231Z - labeling       [* -> 0.4.3]
2026-10-01T12:14:04.2923597Z - later          [* -> 1.4.8]
2026-10-01T12:14:04.2923951Z - lazyeval       [* -> 0.2.3]
2026-10-01T12:14:04.2924316Z - lifecycle      [* -> 1.0.5]
2026-10-01T12:14:04.2924674Z - lme4           [* -> 2.0-6]
2026-10-01T12:14:04.2925180Z - magrittr       [* -> 2.0.5]
2026-10-01T12:14:04.2925537Z - memoise        [* -> 2.0.1]
2026-10-01T12:14:04.2925938Z - mime           [* -> 0.13]
2026-10-01T12:14:04.2926509Z - minqa          [* -> 1.2.8]
2026-10-01T12:14:04.2926869Z - nloptr         [* -> 2.2.1]
2026-10-01T12:14:04.2927223Z - openssl        [* -> 2.4.2]
2026-10-01T12:14:04.2927585Z - otel           [* -> 0.2.0]
2026-10-01T12:14:04.2927955Z - pillar         [* -> 1.11.1]
2026-10-01T12:14:04.2928325Z - pingr          [* -> 2.0.5]
2026-10-01T12:14:04.2928683Z - pkgbuild       [* -> 1.4.8]
2026-10-01T12:14:04.2929029Z - pkgconfig      [* -> 2.0.3]
2026-10-01T12:14:04.2929493Z - pkgload        [* -> 1.5.3]
2026-10-01T12:14:04.2929841Z - plotly         [* -> 4.12.0]
2026-10-01T12:14:04.2930182Z - praise         [* -> 1.0.0]
2026-10-01T12:14:04.2930539Z - prettyunits    [* -> 1.2.0]
2026-10-01T12:14:04.2930906Z - processx       [* -> 3.9.0]
2026-10-01T12:14:04.2931261Z - progress       [* -> 1.2.3]
2026-10-01T12:14:04.2931621Z - promises       [* -> 1.5.0]
2026-10-01T12:14:04.2931989Z - ps             [* -> 1.9.3]
2026-10-01T12:14:04.2932355Z - purrr          [* -> 1.2.2]
2026-10-01T12:14:04.2932718Z - R6             [* -> 2.6.1]
2026-10-01T12:14:04.2933086Z - rappdirs       [* -> 0.3.4]
2026-10-01T12:14:04.2933448Z - rbibutils      [* -> 2.4.1]
2026-10-01T12:14:04.2933816Z - RColorBrewer   [* -> 1.1-3]
2026-10-01T12:14:04.2934174Z - Rcpp           [* -> 1.1.2]
2026-10-01T12:14:04.2934543Z - RcppEigen      [* -> 0.3.4.0.2]
2026-10-01T12:14:04.2934905Z - Rdpack         [* -> 2.6.6]
2026-10-01T12:14:04.2935261Z - readxl         [* -> 1.5.0]
2026-10-01T12:14:04.2935620Z - reformulas     [* -> 0.4.4]
2026-10-01T12:14:04.2935982Z - rematch        [* -> 2.0.0]
2026-10-01T12:14:04.2936458Z - rlang          [* -> 1.3.0]
2026-10-01T12:14:04.2936794Z - rmarkdown      [* -> 2.31]
2026-10-01T12:14:04.2937138Z - rprojroot      [* -> 2.1.1]
2026-10-01T12:14:04.2937474Z - S7             [* -> 0.2.2]
2026-10-01T12:14:04.2937819Z - sass           [* -> 0.4.10]
2026-10-01T12:14:04.2938162Z - scales         [* -> 1.4.0]
2026-10-01T12:14:04.2938517Z - shiny          [* -> 1.14.0]
2026-10-01T12:14:04.2938868Z - shinyAce       [* -> 0.4.4]
2026-10-01T12:14:04.2939211Z - shinytest2     [* -> 0.5.1]
2026-10-01T12:14:04.2939553Z - shinyWidgets   [* -> 0.9.1]
2026-10-01T12:14:04.2939914Z - sourcetools    [* -> 0.1.7-2]
2026-10-01T12:14:04.2940269Z - stringi        [* -> 1.8.7]
2026-10-01T12:14:04.2940616Z - stringr        [* -> 1.6.0]
2026-10-01T12:14:04.2941139Z - sys            [* -> 3.4.3]
2026-10-01T12:14:04.2941487Z - testthat       [* -> 3.3.2]
2026-10-01T12:14:04.2941835Z - tibble         [* -> 3.3.1]
2026-10-01T12:14:04.2942164Z - tidyr          [* -> 1.3.2]
2026-10-01T12:14:04.2942512Z - tidyselect     [* -> 1.2.1]
2026-10-01T12:14:04.2942864Z - tinytex        [* -> 0.60]
2026-10-01T12:14:04.2943226Z - utf8           [* -> 1.2.6]
2026-10-01T12:14:04.2943581Z - vctrs          [* -> 0.7.3]
2026-10-01T12:14:04.2943943Z - viridisLite    [* -> 0.4.3]
2026-10-01T12:14:04.2944319Z - waldo          [* -> 0.6.2]
2026-10-01T12:14:04.2944673Z - webshot2       [* -> 0.1.2]
2026-10-01T12:14:04.2945029Z - websocket      [* -> 1.4.4]
2026-10-01T12:14:04.2945385Z - withr          [* -> 3.0.3]
2026-10-01T12:14:04.2945750Z - xfun           [* -> 0.60]
2026-10-01T12:14:04.2946123Z - xtable         [* -> 1.8-8]
2026-10-01T12:14:04.2946710Z - yaml           [* -> 2.3.12]
2026-10-01T12:14:04.2947072Z - zip            [* -> 3.0.1]
2026-10-01T12:14:04.2947340Z 
2026-10-01T12:14:05.2609194Z - Querying repositories for available source packages ... Done!
2026-10-01T12:14:07.7093709Z # Downloading packages -------------------------------------------------------
2026-10-01T12:14:08.8485571Z [32m✔[0m fastmap 1.2.0                            [75 kB in 0.55s]
2026-10-01T12:14:08.8535973Z [32m✔[0m backports 1.5.1                          [120 kB in 0.55s]
2026-10-01T12:14:08.8561173Z [32m✔[0m crayon 1.5.3                             [168 kB in 0.56s]
2026-10-01T12:14:08.8630769Z [32m✔[0m AsioHeaders 1.30.2-1                     [666 kB in 0.56s]
2026-10-01T12:14:08.8683363Z [32m✔[0m magrittr 2.0.5                           [226 kB in 0.57s]
2026-10-01T12:14:08.8695229Z [32m✔[0m otel 0.2.0                               [283 kB in 0.57s]
2026-10-01T12:14:08.8748405Z [32m✔[0m stringr 1.6.0                            [343 kB in 0.58s]
2026-10-01T12:14:08.8778536Z [32m✔[0m gridExtra 2.3.1                          [528 kB in 0.58s]
2026-10-01T12:14:08.8814717Z [32m✔[0m callr 3.8.0                              [480 kB in 0.58s]
2026-10-01T12:14:08.8820849Z [32m✔[0m Rdpack 2.6.6                             [649 kB in 0.58s]
2026-10-01T12:14:08.8900774Z [32m✔[0m readxl 1.5.0                             [871 kB in 0.59s]
2026-10-01T12:14:08.8966884Z [32m✔[0m httr2 1.3.0                              [988 kB in 0.6s]
2026-10-01T12:14:08.9101431Z [32m✔[0m rlang 1.3.0                              [1.6 MB in 0.61s]
2026-10-01T12:14:08.9129348Z [32m✔[0m vctrs 0.7.3                              [1.9 MB in 0.61s]
2026-10-01T12:14:08.9162340Z [32m✔[0m testthat 3.3.2                           [2.2 MB in 0.62s]
2026-10-01T12:14:08.9260759Z [32m✔[0m labeling 0.4.3                           [62 kB in 72s]
2026-10-01T12:14:08.9316736Z [32m✔[0m utf8 1.2.6                               [156 kB in 75s]
2026-10-01T12:14:08.9358747Z [32m✔[0m fontawesome 0.5.3                        [1.4 MB in 88s]
2026-10-01T12:14:08.9491081Z [32m✔[0m ps 1.9.3                                 [516 kB in 79s]
2026-10-01T12:14:08.9497000Z [32m✔[0m promises 1.5.0                           [1.7 MB in 86s]
2026-10-01T12:14:08.9762986Z [32m✔[0m tinytex 0.60                             [151 kB in 93s]
2026-10-01T12:14:08.9840764Z [32m✔[0m rmarkdown 2.31                           [2.7 MB in 0.11s]
2026-10-01T12:14:08.9841224Z [32m✔[0m waldo 0.6.2                              [139 kB in 87s]
2026-10-01T12:14:08.9851947Z [32m✔[0m nloptr 2.2.1                             [575 kB in 0.11s]
2026-10-01T12:14:08.9917594Z [32m✔[0m jsonlite 2.0.0                           [1.1 MB in 75s]
2026-10-01T12:14:08.9927183Z [32m✔[0m xfun 0.60                                [656 kB in 83s]
2026-10-01T12:14:08.9961185Z [32m✔[0m cachem 1.1.0                             [76 kB in 83s]
2026-10-01T12:14:09.0005109Z [32m✔[0m progress 1.2.3                           [92 kB in 74s]
2026-10-01T12:14:09.0038951Z [32m✔[0m highr 0.12                               [40 kB in 72s]
2026-10-01T12:14:09.0084081Z [32m✔[0m later 1.4.8                              [162 kB in 72s]
2026-10-01T12:14:09.0220254Z [32m✔[0m R6 2.6.1                                 [90 kB in 72s]
2026-10-01T12:14:09.0408406Z [32m✔[0m prettyunits 1.2.0                        [158 kB in 92s]
2026-10-01T12:14:09.0578273Z [32m✔[0m RColorBrewer 1.1-3                       [53 kB in 74s]
2026-10-01T12:14:09.0637336Z [32m✔[0m pkgload 1.5.3                            [228 kB in 78s]
2026-10-01T12:14:09.0688836Z [32m✔[0m pkgconfig 2.0.3                          [20 kB in 0.77s]
2026-10-01T12:14:09.0696963Z [32m✔[0m brio 1.1.5                               [39 kB in 78s]
2026-10-01T12:14:09.0738020Z [32m✔[0m cellranger 1.1.0                         [108 kB in 78s]
2026-10-01T12:14:09.0757107Z [32m✔[0m jquerylib 0.1.4                          [530 kB in 83s]
2026-10-01T12:14:09.0891648Z [32m✔[0m base64enc 0.1-6                          [30 kB in 80s]
2026-10-01T12:14:09.0920439Z [32m✔[0m Rcpp 1.1.2                               [2.3 MB in 91s]
2026-10-01T12:14:09.0939422Z [32m✔[0m bslib 0.11.0                             [6.2 MB in 0.12s]
2026-10-01T12:14:09.0983299Z [32m✔[0m httpuv 1.6.17                            [681 kB in 76s]
2026-10-01T12:14:09.1001801Z [32m✔[0m stringi 1.8.7                            [3.5 MB in 0.12s]
2026-10-01T12:14:09.1085860Z [32m✔[0m knitr 1.51                               [1.1 MB in 0.1s]
2026-10-01T12:14:09.1133432Z [32m✔[0m tidyselect 1.2.1                         [228 kB in 72s]
2026-10-01T12:14:09.1278386Z [32m✔[0m yaml 2.3.12                              [124 kB in 70s]
2026-10-01T12:14:09.1376719Z [32m✔[0m websocket 1.4.4                          [451 kB in 74s]
2026-10-01T12:14:09.1461751Z [32m✔[0m sourcetools 0.1.7-2                      [51 kB in 72s]
2026-10-01T12:14:09.1524198Z [32m✔[0m curl 7.1.0                               [777 kB in 83s]
2026-10-01T12:14:09.1538059Z [32m✔[0m processx 3.9.0                           [413 kB in 84s]
2026-10-01T12:14:09.1557703Z [32m✔[0m pkgbuild 1.4.8                           [213 kB in 80s]
2026-10-01T12:14:09.1761823Z [32m✔[0m S7 0.2.2                                 [330 kB in 78s]
2026-10-01T12:14:09.1781502Z [32m✔[0m tibble 3.3.1                             [654 kB in 86s]
2026-10-01T12:14:09.1791418Z [32m✔[0m askpass 1.2.1                            [24 kB in 79s]
2026-10-01T12:14:09.1800088Z [32m✔[0m withr 3.0.3                              [229 kB in 86s]
2026-10-01T12:14:09.1912800Z [32m✔[0m evaluate 1.0.5                           [105 kB in 83s]
2026-10-01T12:14:09.1936507Z [32m✔[0m desc 1.4.3                               [341 kB in 80s]
2026-10-01T12:14:09.2079377Z [32m✔[0m isoband 0.3.0                            [1.7 MB in 80s]
2026-10-01T12:14:09.2195826Z [32m✔[0m purrr 1.2.2                              [558 kB in 0.33s]
2026-10-01T12:14:09.2313741Z [32m✔[0m pillar 1.11.1                            [665 kB in 79s]
2026-10-01T12:14:09.2358306Z [32m✔[0m zip 3.0.1                                [960 kB in 98s]
2026-10-01T12:14:09.2381264Z [32m✔[0m checkmate 2.3.4                          [770 kB in 84s]
2026-10-01T12:14:09.2404687Z [32m✔[0m RcppEigen 0.3.4.0.2                      [1.9 MB in 94s]
2026-10-01T12:14:09.2498100Z [32m✔[0m reformulas 0.4.4                         [161 kB in 74s]
2026-10-01T12:14:09.2545581Z [32m✔[0m generics 0.1.4                           [83 kB in 74s]
2026-10-01T12:14:09.2593648Z [32m✔[0m pingr 2.0.5                              [45 kB in 81s]
2026-10-01T12:14:09.2657938Z [32m✔[0m rprojroot 2.1.1                          [117 kB in 74s]
2026-10-01T12:14:09.2707443Z [32m✔[0m chromote 0.5.1                           [651 kB in 77s]
2026-10-01T12:14:09.2821615Z [32m✔[0m hms 1.1.4                                [106 kB in 74s]
2026-10-01T12:14:09.3105848Z [32m✔[0m commonmark 2.0.0                         [150 kB in 79s]
2026-10-01T12:14:09.3107205Z [32m✔[0m scales 1.4.0                             [848 kB in 75s]
2026-10-01T12:14:09.3199705Z [32m✔[0m xtable 1.8-8                             [759 kB in 79s]
2026-10-01T12:14:09.3216817Z [32m✔[0m minqa 1.2.8                              [127 kB in 83s]
2026-10-01T12:14:09.3249279Z [32m✔[0m globals 0.19.1                           [170 kB in 75s]
2026-10-01T12:14:09.3315322Z [32m✔[0m glue 1.8.1                               [179 kB in 77s]
2026-10-01T12:14:09.3369637Z [32m✔[0m lazyeval 0.2.3                           [191 kB in 77s]
2026-10-01T12:14:09.3549756Z [32m✔[0m webshot2 0.1.2                           [572 kB in 89s]
2026-10-01T12:14:09.3645715Z [32m✔[0m sys 3.4.3                                [42 kB in 82s]
2026-10-01T12:14:09.3961961Z [32m✔[0m fs 2.1.0                                 [247 kB in 76s]
2026-10-01T12:14:09.3978778Z [32m✔[0m cpp11 0.5.5                              [309 kB in 76s]
2026-10-01T12:14:09.4201300Z [32m✔[0m tidyr 1.3.2                              [1.2 MB in 95s]
2026-10-01T12:14:09.4246490Z [32m✔[0m crosstalk 1.2.2                          [416 kB in 88s]
2026-10-01T12:14:09.4289510Z [32m✔[0m rbibutils 2.4.1                          [1.2 MB in 97s]
2026-10-01T12:14:09.4373871Z [32m✔[0m lme4 2.0-6                               [5.5 MB in 0.13s]
2026-10-01T12:14:09.4387050Z [32m✔[0m data.table 1.18.4                        [3.0 MB in 0.13s]
2026-10-01T12:14:09.4528791Z [32m✔[0m cli 3.6.6                                [1.3 MB in 88s]
2026-10-01T12:14:09.4537456Z [32m✔[0m shiny 1.14.0                             [4.6 MB in 0.36s]
2026-10-01T12:14:09.4730451Z [32m✔[0m rappdirs 0.3.4                           [49 kB in 77s]
2026-10-01T12:14:09.4852532Z [32m✔[0m plotly 4.12.0                            [3.9 MB in 0.31s]
2026-10-01T12:14:09.4856933Z [32m✔[0m viridisLite 0.4.3                        [1.3 MB in 88s]
2026-10-01T12:14:09.4934991Z [32m✔[0m rematch 2.0.0                            [19 kB in 73s]
2026-10-01T12:14:09.5080897Z [32m✔[0m praise 1.0.0                             [18 kB in 79s]
2026-10-01T12:14:09.5094679Z [32m✔[0m gtable 0.3.6                             [227 kB in 72s]
2026-10-01T12:14:09.5324486Z [32m✔[0m sass 0.4.10                              [2.5 MB in 94s]
2026-10-01T12:14:09.5336347Z [32m✔[0m htmlwidgets 1.6.4                        [818 kB in 80s]
2026-10-01T12:14:09.5398825Z [32m✔[0m digest 0.6.39                            [236 kB in 87s]
2026-10-01T12:14:09.5423816Z [32m✔[0m ggplot2 4.0.3                            [8.5 MB in 0.32s]
2026-10-01T12:14:09.5489895Z [32m✔[0m ggfortify 0.4.19                         [538 kB in 0.67s]
2026-10-01T12:14:09.5526492Z [32m✔[0m farver 2.1.2                             [1.5 MB in 80s]
2026-10-01T12:14:09.5625828Z [32m✔[0m htmltools 0.5.9                          [357 kB in 77s]
2026-10-01T12:14:09.5700691Z [32m✔[0m lifecycle 1.0.5                          [135 kB in 77s]
2026-10-01T12:14:09.5812107Z [32m✔[0m dplyr 1.2.1                              [1.5 MB in 0.16s]
2026-10-01T12:14:09.5886068Z [32m✔[0m httr 1.4.8                               [485 kB in 81s]
2026-10-01T12:14:09.6045327Z [32m✔[0m mime 0.13                                [47 kB in 72s]
2026-10-01T12:14:09.6171146Z [32m✔[0m openssl 2.4.2                            [1.3 MB in 83s]
2026-10-01T12:14:09.6371933Z [32m✔[0m MASS 7.3-66                              [1.1 MB in 95s]
2026-10-01T12:14:09.7099934Z [32m✔[0m memoise 2.0.1                            [53 kB in 0.22s]
2026-10-01T12:14:09.7563009Z [32m✔[0m shinyWidgets 0.9.1                       [1.4 MB in 0.25s]
2026-10-01T12:14:09.7781988Z [32m✔[0m shinyAce 0.4.4                           [1.8 MB in 0.9s]
2026-10-01T12:14:09.8380090Z [32m✔[0m shinytest2 0.5.1                         [3.1 MB in 0.3s]
2026-10-01T12:14:09.9102584Z [32m✔[0m DT 0.34.0                                [1.8 MB in 0.75s]
2026-10-01T12:14:09.9329241Z [32m✔[0m diffobj 0.3.8                            [1.0 MB in 0.66s]
2026-10-01T12:14:10.1803146Z [32m✔[0m nlme 3.1-170                             [2.4 MB in 0.82s]
2026-10-01T12:14:10.2058460Z Successfully downloaded 113 packages in 2.1 seconds.
2026-10-01T12:14:10.2096432Z 
2026-10-01T12:14:10.2097081Z # Installing packages --------------------------------------------------------
2026-10-01T12:14:11.4337677Z [32m✔[0m AsioHeaders 1.30.2-1                     [installed binary]
2026-10-01T12:14:11.5815398Z [32m✔[0m backports 1.5.1                          [installed binary]
2026-10-01T12:14:11.7115812Z [32m✔[0m base64enc 0.1-6                          [installed binary]
2026-10-01T12:14:11.8434655Z [32m✔[0m brio 1.1.5                               [installed binary]
2026-10-01T12:14:11.9825052Z [32m✔[0m cli 3.6.6                                [installed binary]
2026-10-01T12:14:12.1497032Z [32m✔[0m commonmark 2.0.0                         [installed binary]
2026-10-01T12:14:12.2864831Z [32m✔[0m cpp11 0.5.5                              [installed binary]
2026-10-01T12:14:12.4237899Z [32m✔[0m crayon 1.5.3                             [installed binary]
2026-10-01T12:14:12.5672399Z [32m✔[0m curl 7.1.0                               [installed binary]
2026-10-01T12:14:12.7277931Z [32m✔[0m data.table 1.18.4                        [installed binary]
2026-10-01T12:14:12.8928474Z [32m✔[0m digest 0.6.39                            [installed binary]
2026-10-01T12:14:13.0278036Z [32m✔[0m evaluate 1.0.5                           [installed binary]
2026-10-01T12:14:13.1707815Z [32m✔[0m farver 2.1.2                             [installed binary]
2026-10-01T12:14:13.3046857Z [32m✔[0m fastmap 1.2.0                            [installed binary]
2026-10-01T12:14:13.4365161Z [32m✔[0m fs 2.1.0                                 [installed binary]
2026-10-01T12:14:13.5964642Z [32m✔[0m generics 0.1.4                           [installed binary]
2026-10-01T12:14:13.7287553Z [32m✔[0m globals 0.19.1                           [installed binary]
2026-10-01T12:14:13.8664622Z [32m✔[0m glue 1.8.1                               [installed binary]
2026-10-01T12:14:14.0317760Z [32m✔[0m jsonlite 2.0.0                           [installed binary]
2026-10-01T12:14:14.1751520Z [32m✔[0m labeling 0.4.3                           [installed binary]
2026-10-01T12:14:14.3114265Z [32m✔[0m magrittr 2.0.5                           [installed binary]
2026-10-01T12:14:14.4530470Z [32m✔[0m MASS 7.3-66                              [installed binary]
2026-10-01T12:14:14.5925054Z [32m✔[0m mime 0.13                                [installed binary]
2026-10-01T12:14:14.7417646Z [32m✔[0m nlme 3.1-170                             [installed binary]
2026-10-01T12:14:14.9047438Z [32m✔[0m nloptr 2.2.1                             [installed binary]
2026-10-01T12:14:15.0387293Z [32m✔[0m otel 0.2.0                               [installed binary]
2026-10-01T12:14:15.1714614Z [32m✔[0m pkgconfig 2.0.3                          [installed binary]
2026-10-01T12:14:15.3015459Z [32m✔[0m praise 1.0.0                             [installed binary]
2026-10-01T12:14:15.4320047Z [32m✔[0m prettyunits 1.2.0                        [installed binary]
2026-10-01T12:14:15.5657601Z [32m✔[0m ps 1.9.3                                 [installed binary]
2026-10-01T12:14:15.7033787Z [32m✔[0m R6 2.6.1                                 [installed binary]
2026-10-01T12:14:15.8344189Z [32m✔[0m rappdirs 0.3.4                           [installed binary]
2026-10-01T12:14:15.9797804Z [32m✔[0m rbibutils 2.4.1                          [installed binary]
2026-10-01T12:14:16.1277912Z [32m✔[0m RColorBrewer 1.1-3                       [installed binary]
2026-10-01T12:14:16.2867928Z [32m✔[0m Rcpp 1.1.2                               [installed binary]
2026-10-01T12:14:16.4717632Z [32m✔[0m rematch 2.0.0                            [installed binary]
2026-10-01T12:14:16.6103072Z [32m✔[0m rlang 1.3.0                              [installed binary]
2026-10-01T12:14:16.7960701Z [32m✔[0m rprojroot 2.1.1                          [installed binary]
2026-10-01T12:14:16.9343511Z [32m✔[0m S7 0.2.2                                 [installed binary]
2026-10-01T12:14:17.0778339Z [32m✔[0m sourcetools 0.1.7-2                      [installed binary]
2026-10-01T12:14:17.2520139Z [32m✔[0m stringi 1.8.7                            [installed binary]
2026-10-01T12:14:17.4141810Z [32m✔[0m sys 3.4.3                                [installed binary]
2026-10-01T12:14:17.5479933Z [32m✔[0m utf8 1.2.6                               [installed binary]
2026-10-01T12:14:17.6848052Z [32m✔[0m viridisLite 0.4.3                        [installed binary]
2026-10-01T12:14:17.8170545Z [32m✔[0m withr 3.0.3                              [installed binary]
2026-10-01T12:14:17.9626503Z [32m✔[0m xfun 0.60                                [installed binary]
2026-10-01T12:14:18.1027787Z [32m✔[0m xtable 1.8-8                             [installed binary]
2026-10-01T12:14:18.2361531Z [32m✔[0m yaml 2.3.12                              [installed binary]
2026-10-01T12:14:18.3735589Z [32m✔[0m checkmate 2.3.4                          [installed binary]
2026-10-01T12:14:18.5227683Z [32m✔[0m zip 3.0.1                                [installed binary]
2026-10-01T12:14:18.6664215Z [32m✔[0m diffobj 0.3.8                            [installed binary]
2026-10-01T12:14:18.8605932Z [32m✔[0m desc 1.4.3                               [installed binary]
2026-10-01T12:14:18.9993644Z [32m✔[0m processx 3.9.0                           [installed binary]
2026-10-01T12:14:19.1513080Z [32m✔[0m Rdpack 2.6.6                             [installed binary]
2026-10-01T12:14:19.3020045Z [32m✔[0m minqa 1.2.8                              [installed binary]
2026-10-01T12:14:19.5278674Z [32m✔[0m RcppEigen 0.3.4.0.2                      [installed binary]
2026-10-01T12:14:19.7234054Z [32m✔[0m cachem 1.1.0                             [installed binary]
2026-10-01T12:14:19.9195989Z [32m✔[0m htmltools 0.5.9                          [installed binary]
2026-10-01T12:14:20.1277154Z [32m✔[0m isoband 0.3.0                            [installed binary]
2026-10-01T12:14:20.3289275Z [32m✔[0m later 1.4.8                              [installed binary]
2026-10-01T12:14:20.5123962Z [32m✔[0m lazyeval 0.2.3                           [installed binary]
2026-10-01T12:14:20.7664252Z [32m✔[0m lifecycle 1.0.5                          [installed binary]
2026-10-01T12:14:20.9858110Z [32m✔[0m askpass 1.2.1                            [installed binary]
2026-10-01T12:14:21.1202053Z [32m✔[0m highr 0.12                               [installed binary]
2026-10-01T12:14:21.2581402Z [32m✔[0m tinytex 0.60                             [installed binary]
2026-10-01T12:14:21.4030002Z [32m✔[0m waldo 0.6.2                              [installed binary]
2026-10-01T12:14:21.5951018Z [32m✔[0m callr 3.8.0                              [installed binary]
2026-10-01T12:14:21.7423438Z [32m✔[0m pingr 2.0.5                              [installed binary]
2026-10-01T12:14:21.8900442Z [32m✔[0m reformulas 0.4.4                         [installed binary]
2026-10-01T12:14:22.4965685Z [32m✔[0m memoise 2.0.1                            [installed binary]
2026-10-01T12:14:22.6962727Z [32m✔[0m fontawesome 0.5.3                        [installed binary]
2026-10-01T12:14:22.8972350Z [32m✔[0m jquerylib 0.1.4                          [installed binary]
2026-10-01T12:14:23.1153430Z [32m✔[0m sass 0.4.10                              [installed binary]
2026-10-01T12:14:23.3227827Z [32m✔[0m websocket 1.4.4                          [installed binary]
2026-10-01T12:14:23.5113377Z [32m✔[0m crosstalk 1.2.2                          [installed binary]
2026-10-01T12:14:23.7087336Z [32m✔[0m gtable 0.3.6                             [installed binary]
2026-10-01T12:14:23.9361795Z [32m✔[0m promises 1.5.0                           [installed binary]
2026-10-01T12:14:24.1747851Z [32m✔[0m scales 1.4.0                             [installed binary]
2026-10-01T12:14:24.4614840Z [32m✔[0m vctrs 0.7.3                              [installed binary]
2026-10-01T12:14:24.6927771Z [32m✔[0m openssl 2.4.2                            [installed binary]
2026-10-01T12:14:24.8466807Z [32m✔[0m knitr 1.51                               [installed binary]
2026-10-01T12:14:25.0620542Z [32m✔[0m pkgbuild 1.4.8                           [installed binary]
2026-10-01T12:14:25.2397794Z [32m✔[0m lme4 2.0-6                               [installed binary]
2026-10-01T12:14:26.1074700Z [32m✔[0m bslib 0.11.0                             [installed binary]
2026-10-01T12:14:26.3540379Z [32m✔[0m gridExtra 2.3.1                          [installed binary]
2026-10-01T12:14:26.5717398Z [32m✔[0m chromote 0.5.1                           [installed binary]
2026-10-01T12:14:26.8427524Z [32m✔[0m httpuv 1.6.17                            [installed binary]
2026-10-01T12:14:27.1472633Z [32m✔[0m ggplot2 4.0.3                            [installed binary]
2026-10-01T12:14:27.5789384Z [32m✔[0m hms 1.1.4                                [installed binary]
2026-10-01T12:14:27.7883456Z [32m✔[0m pillar 1.11.1                            [installed binary]
2026-10-01T12:14:28.0319860Z [32m✔[0m purrr 1.2.2                              [installed binary]
2026-10-01T12:14:28.2413151Z [32m✔[0m stringr 1.6.0                            [installed binary]
2026-10-01T12:14:28.4531037Z [32m✔[0m tidyselect 1.2.1                         [installed binary]
2026-10-01T12:14:28.6547161Z [32m✔[0m httr 1.4.8                               [installed binary]
2026-10-01T12:14:28.7947769Z [32m✔[0m httr2 1.3.0                              [installed binary]
2026-10-01T12:14:29.0039712Z [32m✔[0m pkgload 1.5.3                            [installed binary]
2026-10-01T12:14:29.3369089Z [32m✔[0m rmarkdown 2.31                           [installed binary]
2026-10-01T12:14:29.5553787Z [32m✔[0m webshot2 0.1.2                           [installed binary]
2026-10-01T12:14:29.8573784Z [32m✔[0m shiny 1.14.0                             [installed binary]
2026-10-01T12:14:30.1824704Z [32m✔[0m progress 1.2.3                           [installed binary]
2026-10-01T12:14:30.3953724Z [32m✔[0m tibble 3.3.1                             [installed binary]
2026-10-01T12:14:30.6685240Z [32m✔[0m testthat 3.3.2                           [installed binary]
2026-10-01T12:14:30.8769041Z [32m✔[0m htmlwidgets 1.6.4                        [installed binary]
2026-10-01T12:14:31.1027414Z [32m✔[0m shinyAce 0.4.4                           [installed binary]
2026-10-01T12:14:31.8173433Z [32m✔[0m shinyWidgets 0.9.1                       [installed binary]
2026-10-01T12:14:32.1137702Z [32m✔[0m cellranger 1.1.0                         [installed binary]
2026-10-01T12:14:32.2555457Z [32m✔[0m dplyr 1.2.1                              [installed binary]
2026-10-01T12:14:32.5597791Z [32m✔[0m shinytest2 0.5.1                         [installed binary]
2026-10-01T12:14:32.7998037Z [32m✔[0m DT 0.34.0                                [installed binary]
2026-10-01T12:14:33.0059821Z [32m✔[0m readxl 1.5.0                             [installed binary]
2026-10-01T12:14:33.1488882Z [32m✔[0m tidyr 1.3.2                              [installed binary]
2026-10-01T12:14:33.4468263Z [32m✔[0m ggfortify 0.4.19                         [installed binary]
2026-10-01T12:14:34.0139310Z [32m✔[0m plotly 4.12.0                            [installed binary]
2026-10-01T12:14:34.5953448Z Successfully installed 113 packages in 24 seconds.
2026-10-01T12:14:34.7020218Z ##[end-action id=__r-lib_actions_2.__run_3;outcome=success;conclusion=success;duration_ms=31142]
2026-10-01T12:14:34.7022229Z ##[start-action display=Don't use tar 1.30 from Rtools35 to store the cache;id=__r-lib_actions_2.__run_4]
2026-10-01T12:14:34.7037201Z ##[group]Run if command -v /c/Rtools/bin/tar && /c/Rtools/bin/tar --version | grep -q 'tar (GNU tar) 1.30'
2026-10-01T12:14:34.7037788Z [36;1mif command -v /c/Rtools/bin/tar && /c/Rtools/bin/tar --version | grep -q 'tar (GNU tar) 1.30'[0m
2026-10-01T12:14:34.7038221Z [36;1m  then echo 'C:/Program Files/Git/usr/bin' >> $GITHUB_PATH[0m
2026-10-01T12:14:34.7038485Z [36;1mfi[0m
2026-10-01T12:14:34.7106457Z shell: /usr/bin/bash --noprofile --norc -e -o pipefail {0}
2026-10-01T12:14:34.7106943Z env:
2026-10-01T12:14:34.7107133Z   R_LIBS_USER: /home/runner/work/_temp/Library
2026-10-01T12:14:34.7107369Z   TZ: UTC
2026-10-01T12:14:34.7107534Z   _R_CHECK_SYSTEM_CLOCK_: FALSE
2026-10-01T12:14:34.7107735Z   NOT_CRAN: true
2026-10-01T12:14:34.7108004Z   RSPM: https://packagemanager.posit.co/cran/__linux__/noble/latest
2026-10-01T12:14:34.7108427Z   RENV_CONFIG_REPOS_OVERRIDE: https://packagemanager.posit.co/cran/__linux__/noble/latest
2026-10-01T12:14:34.7108686Z   RENV_PATHS_ROOT: /home/runner/work/_temp/renv
2026-10-01T12:14:34.7108844Z   LMPLOT_EXPLICIT_BOOTSTRAP: 1
2026-10-01T12:14:34.7108973Z ##[endgroup]
2026-10-01T12:14:34.7229629Z ##[end-action id=__r-lib_actions_2.__run_4;outcome=success;conclusion=success;duration_ms=20]
2026-10-01T12:14:34.7230858Z ##[start-action display=Save Renv package cache;id=__r-lib_actions_2.__actions_cache_2]
2026-10-01T12:14:34.7244077Z ##[end-action id=__r-lib_actions_2.__actions_cache_2;outcome=skipped;conclusion=skipped;duration_ms=0]
2026-10-01T12:14:34.7264909Z ##[group]Run if ($env:RUNNER_OS -eq 'Windows') {
2026-10-01T12:14:34.7265104Z [36;1mif ($env:RUNNER_OS -eq 'Windows') {[0m
2026-10-01T12:14:34.7265332Z [36;1m  $chrome = Join-Path $env:ProgramFiles 'Google\Chrome\Application\chrome.exe'[0m
2026-10-01T12:14:34.7265622Z [36;1m  if (!(Test-Path -LiteralPath $chrome)) { throw "Chrome was not found: $chrome" }[0m
2026-10-01T12:14:34.7265832Z [36;1m} else {[0m
2026-10-01T12:14:34.7265988Z [36;1m  $chrome = (Get-Command google-chrome -ErrorAction Stop).Source[0m
2026-10-01T12:14:34.7266318Z [36;1m}[0m
2026-10-01T12:14:34.7266543Z [36;1m"CHROMOTE_CHROME=$chrome" | Out-File -FilePath $env:GITHUB_ENV -Encoding utf8 -Append[0m
2026-10-01T12:14:34.7282822Z shell: /usr/bin/pwsh -command ". '{0}'"
2026-10-01T12:14:34.7282959Z env:
2026-10-01T12:14:34.7283074Z   R_LIBS_USER: /home/runner/work/_temp/Library
2026-10-01T12:14:34.7283215Z   TZ: UTC
2026-10-01T12:14:34.7283317Z   _R_CHECK_SYSTEM_CLOCK_: FALSE
2026-10-01T12:14:34.7283470Z   NOT_CRAN: true
2026-10-01T12:14:34.7283634Z   RSPM: https://packagemanager.posit.co/cran/__linux__/noble/latest
2026-10-01T12:14:34.7283896Z   RENV_CONFIG_REPOS_OVERRIDE: https://packagemanager.posit.co/cran/__linux__/noble/latest
2026-10-01T12:14:34.7284133Z   RENV_PATHS_ROOT: /home/runner/work/_temp/renv
2026-10-01T12:14:34.7284279Z ##[endgroup]
2026-10-01T12:14:46.3833700Z ##[group]Run $checks = @'
2026-10-01T12:14:46.3833956Z [36;1m$checks = @'[0m
2026-10-01T12:14:46.3834169Z [36;1mstopifnot(getRversion() == "4.6.0")[0m
2026-10-01T12:14:46.3834466Z [36;1mstopifnot(isTRUE(renv::status()$synchronized))[0m
2026-10-01T12:14:46.3834839Z [36;1mrequired <- c("renv", "shiny", "plotly", "bslib", "DT", "ggplot2",[0m
2026-10-01T12:14:46.3835241Z [36;1m  "ggfortify", "lme4", "jsonlite", "shinyWidgets", "shinyAce",[0m
2026-10-01T12:14:46.3835596Z [36;1m  "testthat", "shinytest2", "chromote", "yaml")[0m
2026-10-01T12:14:46.3836007Z [36;1mstopifnot(all(vapply(required, requireNamespace, logical(1), quietly = TRUE)))[0m
2026-10-01T12:14:46.3836610Z [36;1mpackages <- installed.packages()[0m
2026-10-01T12:14:46.3837050Z [36;1mprint(packages[intersect(required, rownames(packages)), c("Package", "Version", "Built"), drop = FALSE])[0m
2026-10-01T12:14:46.3837503Z [36;1mstopifnot(file.exists(Sys.getenv("CHROMOTE_CHROME")))[0m
2026-10-01T12:14:46.3837801Z [36;1mlocal({[0m
2026-10-01T12:14:46.3838033Z [36;1m  browser <- chromote::ChromoteSession$new()[0m
2026-10-01T12:14:46.3838303Z [36;1m  on.exit(browser$close())[0m
2026-10-01T12:14:46.3838546Z [36;1m  print(browser$Browser$getVersion())[0m
2026-10-01T12:14:46.3838778Z [36;1m})[0m
2026-10-01T12:14:46.3838932Z [36;1m'@[0m
2026-10-01T12:14:46.3839104Z [36;1mRscript -e $checks[0m
2026-10-01T12:14:46.3839360Z [36;1mif ($LASTEXITCODE -ne 0) { exit $LASTEXITCODE }[0m
2026-10-01T12:14:46.3863610Z shell: /usr/bin/pwsh -command ". '{0}'"
2026-10-01T12:14:46.3863762Z env:
2026-10-01T12:14:46.3863889Z   R_LIBS_USER: /home/runner/work/_temp/Library
2026-10-01T12:14:46.3864176Z   TZ: UTC
2026-10-01T12:14:46.3864281Z   _R_CHECK_SYSTEM_CLOCK_: FALSE
2026-10-01T12:14:46.3864405Z   NOT_CRAN: true
2026-10-01T12:14:46.3864580Z   RSPM: https://packagemanager.posit.co/cran/__linux__/noble/latest
2026-10-01T12:14:46.3864849Z   RENV_CONFIG_REPOS_OVERRIDE: https://packagemanager.posit.co/cran/__linux__/noble/latest
2026-10-01T12:14:46.3865085Z   RENV_PATHS_ROOT: /home/runner/work/_temp/renv
2026-10-01T12:14:46.3865246Z   CHROMOTE_CHROME: /usr/bin/google-chrome
2026-10-01T12:14:46.3865386Z ##[endgroup]
2026-10-01T12:14:48.0663180Z No issues found -- the project is in a consistent state.
2026-10-01T12:14:49.3135014Z              Package        Version 
2026-10-01T12:14:49.3135567Z renv         "renv"         "1.2.3" 
2026-10-01T12:14:49.3136102Z shiny        "shiny"        "1.14.0"
2026-10-01T12:14:49.3136907Z plotly       "plotly"       "4.12.0"
2026-10-01T12:14:49.3137364Z bslib        "bslib"        "0.11.0"
2026-10-01T12:14:49.3137791Z DT           "DT"           "0.34.0"
2026-10-01T12:14:49.3138177Z ggplot2      "ggplot2"      "4.0.3" 
2026-10-01T12:14:49.3138564Z ggfortify    "ggfortify"    "0.4.19"
2026-10-01T12:14:49.3138949Z lme4         "lme4"         "2.0-6" 
2026-10-01T12:14:49.3139339Z jsonlite     "jsonlite"     "2.0.0" 
2026-10-01T12:14:49.3139734Z shinyWidgets "shinyWidgets" "0.9.1" 
2026-10-01T12:14:49.3140139Z shinyAce     "shinyAce"     "0.4.4" 
2026-10-01T12:14:49.3140525Z testthat     "testthat"     "3.3.2" 
2026-10-01T12:14:49.3140907Z shinytest2   "shinytest2"   "0.5.1" 
2026-10-01T12:14:49.3141288Z chromote     "chromote"     "0.5.1" 
2026-10-01T12:14:49.3141667Z yaml         "yaml"         "2.3.12"
2026-10-01T12:14:49.3142120Z              Built                                                        
2026-10-01T12:14:49.3142677Z renv         "R 4.6.0; ; 2026-05-17 05:14:32 UTC; unix"                   
2026-10-01T12:14:49.3143225Z shiny        "R 4.6.0; ; 2026-08-12 20:24:30 UTC; unix"                   
2026-10-01T12:14:49.3143771Z plotly       "R 4.6.0; ; 2026-04-24 03:50:41 UTC; unix"                   
2026-10-01T12:14:49.3144303Z bslib        "R 4.6.0; ; 2026-05-17 05:14:55 UTC; unix"                   
2026-10-01T12:14:49.3144818Z DT           "R 4.6.0; ; 2026-08-12 20:25:47 UTC; unix"                   
2026-10-01T12:14:49.3145629Z ggplot2      "R 4.6.0; ; 2026-08-12 20:22:35 UTC; unix"                   
2026-10-01T12:14:49.3146299Z ggfortify    "R 4.6.0; ; 2026-04-24 23:46:40 UTC; unix"                   
2026-10-01T12:14:49.3146853Z lme4         "R 4.6.0; x86_64-pc-linux-gnu; 2026-08-12 20:24:11 UTC; unix"
2026-10-01T12:14:49.3147399Z jsonlite     "R 4.6.0; x86_64-pc-linux-gnu; 2026-08-12 20:21:31 UTC; unix"
2026-10-01T12:14:49.3147966Z shinyWidgets "R 4.6.0; ; 2026-08-12 20:25:33 UTC; unix"                   
2026-10-01T12:14:49.3148518Z shinyAce     "R 4.6.0; ; 2026-04-24 22:48:50 UTC; unix"                   
2026-10-01T12:14:49.3149067Z testthat     "R 4.6.0; x86_64-pc-linux-gnu; 2026-09-26 06:36:19 UTC; unix"
2026-10-01T12:14:49.3149630Z shinytest2   "R 4.6.0; x86_64-pc-linux-gnu; 2026-05-07 06:49:00 UTC; unix"
2026-10-01T12:14:49.3150181Z chromote     "R 4.6.0; ; 2026-04-24 02:21:53 UTC; unix"                   
2026-10-01T12:14:49.3150720Z yaml         "R 4.6.0; x86_64-pc-linux-gnu; 2026-08-12 20:21:42 UTC; unix"
2026-10-01T12:14:52.4052783Z $protocolVersion
2026-10-01T12:14:52.4079417Z [1] "1.3"
2026-10-01T12:14:52.4147316Z 
2026-10-01T12:14:52.4197301Z $product
2026-10-01T12:14:52.4206470Z [1] "Chrome/154.0.8037.57"
2026-10-01T12:14:52.4213587Z 
2026-10-01T12:14:52.4213818Z $revision
2026-10-01T12:14:52.4240613Z [1] "@73c14f6228d7cd537c855007e8f88678969cc0eb"
2026-10-01T12:14:52.4256378Z 
2026-10-01T12:14:52.4277838Z $userAgent
2026-10-01T12:14:52.4279790Z [1] "Mozilla/5.0 (X11; Linux x86_64) AppleWebKit/537.36 (KHTML, like Gecko) HeadlessChrome/154.0.0.0 Safari/537.36"
2026-10-01T12:14:52.4308254Z 
2026-10-01T12:14:52.4325772Z $jsVersion
2026-10-01T12:14:52.4343617Z [1] "15.4.80.11"
2026-10-01T12:14:52.4355736Z 
2026-10-01T12:14:52.9148134Z ##[group]Run $tests = @'
2026-10-01T12:14:52.9148379Z [36;1m$tests = @'[0m
2026-10-01T12:14:52.9148634Z [36;1mresults <- testthat::test_dir('tests', reporter='summary')[0m
2026-10-01T12:14:52.9148951Z [36;1mevidence <- as.data.frame(results)[0m
2026-10-01T12:14:52.9149313Z [36;1mprint(evidence[c("file", "test", "failed", "error", "warning", "skipped", "passed")])[0m
2026-10-01T12:14:52.9149776Z [36;1mstopifnot(!any(evidence$failed > 0L | evidence$error | evidence$skipped))[0m
2026-10-01T12:14:52.9150106Z [36;1m'@[0m
2026-10-01T12:14:52.9150276Z [36;1mRscript -e $tests[0m
2026-10-01T12:14:52.9150516Z [36;1mif ($LASTEXITCODE -ne 0) { exit $LASTEXITCODE }[0m
2026-10-01T12:14:52.9169803Z shell: /usr/bin/pwsh -command ". '{0}'"
2026-10-01T12:14:52.9169945Z env:
2026-10-01T12:14:52.9170063Z   R_LIBS_USER: /home/runner/work/_temp/Library
2026-10-01T12:14:52.9170205Z   TZ: UTC
2026-10-01T12:14:52.9170310Z   _R_CHECK_SYSTEM_CLOCK_: FALSE
2026-10-01T12:14:52.9170472Z   NOT_CRAN: true
2026-10-01T12:14:52.9170648Z   RSPM: https://packagemanager.posit.co/cran/__linux__/noble/latest
2026-10-01T12:14:52.9170911Z   RENV_CONFIG_REPOS_OVERRIDE: https://packagemanager.posit.co/cran/__linux__/noble/latest
2026-10-01T12:14:52.9171146Z   RENV_PATHS_ROOT: /home/runner/work/_temp/renv
2026-10-01T12:14:52.9171327Z   CHROMOTE_CHROME: /usr/bin/google-chrome
2026-10-01T12:14:52.9171468Z   LMPLOT_TRUSTED_LOCAL: 
2026-10-01T12:14:52.9171587Z ##[endgroup]
2026-10-01T12:14:56.0443845Z acceptance: .........................................................................................................................
2026-10-01T12:14:56.5978916Z accessibility: .................................
2026-10-01T12:14:57.1099215Z analysis_request: ..............................................................................................................................................................................................................
2026-10-01T12:14:57.2224426Z app_structure: ............
2026-10-01T12:15:44.1947184Z app: .........................................................
2026-10-01T12:15:55.2638019Z cli_contract: ....................................................................................................................................................................................................
2026-10-01T12:15:55.2671403Z config: ..
2026-10-01T12:15:55.3337026Z deployment: ...............................................................................
2026-10-01T12:15:55.5671394Z eli5: ....................................................................................................
2026-10-01T12:15:55.5828999Z example_manifest: ............
2026-10-01T12:15:55.6127678Z example_sources: ............
2026-10-01T12:15:56.5018946Z examples: ................................................................................................
2026-10-01T12:16:06.2595393Z link_browser: ..
2026-10-01T12:16:14.6540277Z model_brain_contract: .........................................................................................................................................................................................................................................................................................................................................................................................................................................................................................................................................................................................................................................................................................................................................................................................................................................................................................................................................................................................................................................................................................................................................................................................................................................................................................................................................................................................................................................................................................................................................................................................................................................................................................................................................................................................................................................................................................................................................................................................................................................................................................................................................................................................................................................................................................................................................................................................................................................................................................................................................................................................................................................................................................................................................................................................................................................................................................................................................................................................................................................................................................................................................................................................................................................................................................................................................................................................................................................................................................................................................................................................................................................................................................................................................................................................................................................................................................................................................................................................................................................................................................................................................................................................................................................................................................................................................................................................................................................................................................................................................................................................................................................................................................................................................................................................................................................................................................................................................................................................................................................................................................................................................................................................................................................................................................................................................................................................................................................................................................................................................................................................................................................................................................................................................................................................................................................................................................................................................................................................................................................................................................................................................................................................................................................................................................................................................................................................................................................................................................................................................................................................................................................................................................................................................................................................................................................................................................................................................................................................................................................................................................................................................................................................................................................................................................................................................................................................................................................................................................................................................................................................................................................................................................................................................................................................................................................................................................................................................................................................................................................................................................................................................................................................................................................................................................................................................................................................................................................................................................................................................................................................................................................................................................................................................................................................................................................................................................................................................................................................................................................................................................................................................................................................................................................................................
2026-10-01T12:16:14.6554887Z MODEL_BRAIN_BUDGET elapsed=0.191 seconds bytes=33598128
2026-10-01T12:16:15.4999609Z .....
2026-10-01T12:16:22.6804584Z model_brain_ui: .........................................................................................................................................................................................
2026-10-01T12:16:23.3460243Z model_brain: ....................................................................................................................................................................................................................................................................
2026-10-01T12:16:23.4818898Z model_diagnostics: .......................................................................
2026-10-01T12:16:23.5120107Z model_fitting: ....
2026-10-01T12:16:23.7409153Z model: ....................................................................................................................................................
2026-10-01T12:16:26.6027272Z pipeline: .........................................................................................................................................................
2026-10-01T12:16:27.2118245Z production_entrypoints: .........
2026-10-01T12:16:27.3828681Z real_data_acceptance: ..................................................
2026-10-01T12:16:31.3673909Z release: .....................................................................................................................................
2026-10-01T12:16:32.0467846Z scientific_copy_tables: ................
2026-10-01T12:16:47.2069711Z scientific_copy: .....................................................................................................................
2026-10-01T12:17:05.7765510Z scientific_metadata: ...............................................................................................................................................................................................................
2026-10-01T12:17:40.4683376Z server: .....................................................................................................................................................
2026-10-01T12:17:42.1330213Z shiny_modules: .................................................
2026-10-01T12:17:42.3317785Z simulation: ..............................................................................................
2026-10-01T12:17:43.3592302Z visualization: ........................................................................................................................
2026-10-01T12:17:43.3592875Z 
2026-10-01T12:17:43.3653795Z ══ DONE ════════════════════════════════════════════════════════════════════════
2026-10-01T12:17:44.3862874Z                              file
2026-10-01T12:17:44.3863392Z 1               test_acceptance.R
2026-10-01T12:17:44.3863824Z 2            test_accessibility.R
2026-10-01T12:17:44.3864277Z 3            test_accessibility.R
2026-10-01T12:17:44.3864652Z 4            test_accessibility.R
2026-10-01T12:17:44.3865031Z 5         test_analysis_request.R
2026-10-01T12:17:44.3865456Z 6         test_analysis_request.R
2026-10-01T12:17:44.3865834Z 7         test_analysis_request.R
2026-10-01T12:17:44.3866351Z 8         test_analysis_request.R
2026-10-01T12:17:44.3866729Z 9         test_analysis_request.R
2026-10-01T12:17:44.3867160Z 10           test_app_structure.R
2026-10-01T12:17:44.3867534Z 11                     test_app.R
2026-10-01T12:17:44.3867900Z 12                     test_app.R
2026-10-01T12:17:44.3868268Z 13                     test_app.R
2026-10-01T12:17:44.3868695Z 14                     test_app.R
2026-10-01T12:17:44.3869063Z 15            test_cli_contract.R
2026-10-01T12:17:44.3869433Z 16            test_cli_contract.R
2026-10-01T12:17:44.3869801Z 17            test_cli_contract.R
2026-10-01T12:17:44.3870167Z 18            test_cli_contract.R
2026-10-01T12:17:44.3870536Z 19            test_cli_contract.R
2026-10-01T12:17:44.3870906Z 20            test_cli_contract.R
2026-10-01T12:17:44.3871270Z 21            test_cli_contract.R
2026-10-01T12:17:44.3871631Z 22            test_cli_contract.R
2026-10-01T12:17:44.3871994Z 23            test_cli_contract.R
2026-10-01T12:17:44.3872356Z 24            test_cli_contract.R
2026-10-01T12:17:44.3872750Z 25            test_cli_contract.R
2026-10-01T12:17:44.3873492Z 26            test_cli_contract.R
2026-10-01T12:17:44.3874002Z 27            test_cli_contract.R
2026-10-01T12:17:44.3874365Z 28            test_cli_contract.R
2026-10-01T12:17:44.3874728Z 29            test_cli_contract.R
2026-10-01T12:17:44.3875091Z 30            test_cli_contract.R
2026-10-01T12:17:44.3889807Z 31            test_cli_contract.R
2026-10-01T12:17:44.3906802Z 32                  test_config.R
2026-10-01T12:17:44.3957024Z 33              test_deployment.R
2026-10-01T12:17:44.3976006Z 34              test_deployment.R
2026-10-01T12:17:44.3999356Z 35              test_deployment.R
2026-10-01T12:17:44.4016531Z 36              test_deployment.R
2026-10-01T12:17:44.4037321Z 37                    test_eli5.R
2026-10-01T12:17:44.4056461Z 38                    test_eli5.R
2026-10-01T12:17:44.4056835Z 39                    test_eli5.R
2026-10-01T12:17:44.4076547Z 40        test_example_manifest.R
2026-10-01T12:17:44.4096461Z 41        test_example_manifest.R
2026-10-01T12:17:44.4106528Z 42         test_example_sources.R
2026-10-01T12:17:44.4116562Z 43         test_example_sources.R
2026-10-01T12:17:44.4117894Z 44                test_examples.R
2026-10-01T12:17:44.4118246Z 45                test_examples.R
2026-10-01T12:17:44.4118594Z 46                test_examples.R
2026-10-01T12:17:44.4118938Z 47                test_examples.R
2026-10-01T12:17:44.4119283Z 48                test_examples.R
2026-10-01T12:17:44.4119632Z 49                test_examples.R
2026-10-01T12:17:44.4119970Z 50                test_examples.R
2026-10-01T12:17:44.4120311Z 51                test_examples.R
2026-10-01T12:17:44.4120654Z 52            test_link_browser.R
2026-10-01T12:17:44.4121009Z 53    test_model_brain_contract.R
2026-10-01T12:17:44.4121364Z 54    test_model_brain_contract.R
2026-10-01T12:17:44.4121720Z 55    test_model_brain_contract.R
2026-10-01T12:17:44.4122075Z 56    test_model_brain_contract.R
2026-10-01T12:17:44.4122428Z 57    test_model_brain_contract.R
2026-10-01T12:17:44.4122780Z 58    test_model_brain_contract.R
2026-10-01T12:17:44.4123145Z 59    test_model_brain_contract.R
2026-10-01T12:17:44.4123501Z 60    test_model_brain_contract.R
2026-10-01T12:17:44.4123856Z 61    test_model_brain_contract.R
2026-10-01T12:17:44.4124212Z 62    test_model_brain_contract.R
2026-10-01T12:17:44.4124566Z 63    test_model_brain_contract.R
2026-10-01T12:17:44.4124921Z 64    test_model_brain_contract.R
2026-10-01T12:17:44.4125273Z 65          test_model_brain_ui.R
2026-10-01T12:17:44.4125628Z 66          test_model_brain_ui.R
2026-10-01T12:17:44.4126333Z 67          test_model_brain_ui.R
2026-10-01T12:17:44.4126711Z 68          test_model_brain_ui.R
2026-10-01T12:17:44.4127060Z 69          test_model_brain_ui.R
2026-10-01T12:17:44.4127438Z 70          test_model_brain_ui.R
2026-10-01T12:17:44.4127791Z 71             test_model_brain.R
2026-10-01T12:17:44.4128140Z 72             test_model_brain.R
2026-10-01T12:17:44.4128489Z 73             test_model_brain.R
2026-10-01T12:17:44.4128840Z 74             test_model_brain.R
2026-10-01T12:17:44.4129201Z 75             test_model_brain.R
2026-10-01T12:17:44.4129553Z 76             test_model_brain.R
2026-10-01T12:17:44.4129903Z 77             test_model_brain.R
2026-10-01T12:17:44.4130254Z 78       test_model_diagnostics.R
2026-10-01T12:17:44.4130613Z 79       test_model_diagnostics.R
2026-10-01T12:17:44.4130975Z 80       test_model_diagnostics.R
2026-10-01T12:17:44.4131337Z 81       test_model_diagnostics.R
2026-10-01T12:17:44.4131700Z 82       test_model_diagnostics.R
2026-10-01T12:17:44.4132051Z 83       test_model_diagnostics.R
2026-10-01T12:17:44.4132402Z 84       test_model_diagnostics.R
2026-10-01T12:17:44.4132753Z 85       test_model_diagnostics.R
2026-10-01T12:17:44.4133103Z 86           test_model_fitting.R
2026-10-01T12:17:44.4133451Z 87           test_model_fitting.R
2026-10-01T12:17:44.4133801Z 88           test_model_fitting.R
2026-10-01T12:17:44.4134148Z 89           test_model_fitting.R
2026-10-01T12:17:44.4134493Z 90                   test_model.R
2026-10-01T12:17:44.4135214Z 91                   test_model.R
2026-10-01T12:17:44.4135688Z 92                   test_model.R
2026-10-01T12:17:44.4136030Z 93                   test_model.R
2026-10-01T12:17:44.4136644Z 94                   test_model.R
2026-10-01T12:17:44.4136989Z 95                   test_model.R
2026-10-01T12:17:44.4137328Z 96                   test_model.R
2026-10-01T12:17:44.4137663Z 97                   test_model.R
2026-10-01T12:17:44.4138000Z 98                   test_model.R
2026-10-01T12:17:44.4138345Z 99                test_pipeline.R
2026-10-01T12:17:44.4138695Z 100               test_pipeline.R
2026-10-01T12:17:44.4139039Z 101               test_pipeline.R
2026-10-01T12:17:44.4139382Z 102               test_pipeline.R
2026-10-01T12:17:44.4139724Z 103               test_pipeline.R
2026-10-01T12:17:44.4140067Z 104               test_pipeline.R
2026-10-01T12:17:44.4140413Z 105               test_pipeline.R
2026-10-01T12:17:44.4140760Z 106               test_pipeline.R
2026-10-01T12:17:44.4141115Z 107 test_production_entrypoints.R
2026-10-01T12:17:44.4141485Z 108   test_real_data_acceptance.R
2026-10-01T12:17:44.4141840Z 109                test_release.R
2026-10-01T12:17:44.4142186Z 110                test_release.R
2026-10-01T12:17:44.4142531Z 111                test_release.R
2026-10-01T12:17:44.4142877Z 112                test_release.R
2026-10-01T12:17:44.4143219Z 113                test_release.R
2026-10-01T12:17:44.4143563Z 114                test_release.R
2026-10-01T12:17:44.4143908Z 115                test_release.R
2026-10-01T12:17:44.4144256Z 116                test_release.R
2026-10-01T12:17:44.4144601Z 117                test_release.R
2026-10-01T12:17:44.4144944Z 118                test_release.R
2026-10-01T12:17:44.4145288Z 119                test_release.R
2026-10-01T12:17:44.4145632Z 120                test_release.R
2026-10-01T12:17:44.4145976Z 121                test_release.R
2026-10-01T12:17:44.4148416Z 122                test_release.R
2026-10-01T12:17:44.4148769Z 123                test_release.R
2026-10-01T12:17:44.4149126Z 124 test_scientific_copy_tables.R
2026-10-01T12:17:44.4149525Z 125 test_scientific_copy_tables.R
2026-10-01T12:17:44.4149882Z 126        test_scientific_copy.R
2026-10-01T12:17:44.4150239Z 127        test_scientific_copy.R
2026-10-01T12:17:44.4150604Z 128        test_scientific_copy.R
2026-10-01T12:17:44.4151168Z 129        test_scientific_copy.R
2026-10-01T12:17:44.4151532Z 130    test_scientific_metadata.R
2026-10-01T12:17:44.4151894Z 131    test_scientific_metadata.R
2026-10-01T12:17:44.4152338Z 132    test_scientific_metadata.R
2026-10-01T12:17:44.4152745Z 133    test_scientific_metadata.R
2026-10-01T12:17:44.4153099Z 134    test_scientific_metadata.R
2026-10-01T12:17:44.4153536Z 135                 test_server.R
2026-10-01T12:17:44.4153879Z 136                 test_server.R
2026-10-01T12:17:44.4154222Z 137                 test_server.R
2026-10-01T12:17:44.4154565Z 138                 test_server.R
2026-10-01T12:17:44.4154906Z 139                 test_server.R
2026-10-01T12:17:44.4155255Z 140                 test_server.R
2026-10-01T12:17:44.4155604Z 141          test_shiny_modules.R
2026-10-01T12:17:44.4155948Z 142          test_shiny_modules.R
2026-10-01T12:17:44.4166298Z 143          test_shiny_modules.R
2026-10-01T12:17:44.4169938Z 144          test_shiny_modules.R
2026-10-01T12:17:44.4170420Z 145          test_shiny_modules.R
2026-10-01T12:17:44.4170778Z 146          test_shiny_modules.R
2026-10-01T12:17:44.4171143Z 147          test_shiny_modules.R
2026-10-01T12:17:44.4171503Z 148          test_shiny_modules.R
2026-10-01T12:17:44.4171870Z 149             test_simulation.R
2026-10-01T12:17:44.4172232Z 150             test_simulation.R
2026-10-01T12:17:44.4173316Z 151             test_simulation.R
2026-10-01T12:17:44.4173677Z 152             test_simulation.R
2026-10-01T12:17:44.4174042Z 153             test_simulation.R
2026-10-01T12:17:44.4174415Z 154             test_simulation.R
2026-10-01T12:17:44.4174786Z 155             test_simulation.R
2026-10-01T12:17:44.4175159Z 156             test_simulation.R
2026-10-01T12:17:44.4175881Z 157             test_simulation.R
2026-10-01T12:17:44.4176397Z 158          test_visualization.R
2026-10-01T12:17:44.4176770Z 159          test_visualization.R
2026-10-01T12:17:44.4177135Z 160          test_visualization.R
2026-10-01T12:17:44.4177496Z 161          test_visualization.R
2026-10-01T12:17:44.4177856Z 162          test_visualization.R
2026-10-01T12:17:44.4178224Z 163          test_visualization.R
2026-10-01T12:17:44.4212465Z 164          test_visualization.R
2026-10-01T12:17:44.4214803Z 165          test_visualization.R
2026-10-01T12:17:44.4215197Z 166          test_visualization.R
2026-10-01T12:17:44.4215573Z 167          test_visualization.R
2026-10-01T12:17:44.4217623Z 168          test_visualization.R
2026-10-01T12:17:44.4218003Z 169          test_visualization.R
2026-10-01T12:17:44.4218374Z 170          test_visualization.R
2026-10-01T12:17:44.4218741Z 171          test_visualization.R
2026-10-01T12:17:44.4219106Z 172          test_visualization.R
2026-10-01T12:17:44.4219585Z                                                                                        test
2026-10-01T12:17:44.4220136Z 1                                              the complete beta matrix executes end to end
2026-10-01T12:17:44.4220734Z 2                    semantic shell and Brain chart alternatives resolve their descriptions
2026-10-01T12:17:44.4221380Z 3         large chart alternatives explicitly preview rows and keep the table data separate
2026-10-01T12:17:44.4222045Z 4            local typography and selected scientific colors meet declared contrast targets
2026-10-01T12:17:44.4222677Z 5                            request defaults are normalized without accepting extra fields
2026-10-01T12:17:44.4223282Z 6                               request rejects malformed objects and required scalar types
2026-10-01T12:17:44.4223898Z 7                                      link grid and source presence are strictly validated
2026-10-01T12:17:44.4224502Z 8                             simulation validates nested keys types and every public bound
2026-10-01T12:17:44.4225116Z 9                           Expert requires the exact schema and a trusted local capability
2026-10-01T12:17:44.4225759Z 10          public shell exposes four workflows, semantic landmarks and namespaced controls
2026-10-01T12:17:44.4226620Z 11                          browser log classification uses strict levels and warning pairs
2026-10-01T12:17:44.4227221Z 12                              the public modular app completes its browser smoke workflow
2026-10-01T12:17:44.4227811Z 13                          browser service failure retains plot and download then recovers
2026-10-01T12:17:44.4228441Z 14                   keyboard workflow and observed Plotly clicks share the Brain selection
2026-10-01T12:17:44.4229078Z 15                     CLI returns the versioned complete result from any working directory
2026-10-01T12:17:44.4229704Z 16                          serialized Brain contributions retain reconstructible precision
2026-10-01T12:17:44.4230315Z 17                            CLI exports out-of-domain grid predictions as explained nulls
2026-10-01T12:17:44.4230904Z 18                                   CLI classifies malformed and forbidden public requests
2026-10-01T12:17:44.4231478Z 19                                CLI requires exactly two arguments and keeps stdout empty
2026-10-01T12:17:44.4232072Z 20                       extra CLI arguments write an error to the identifiable second path
2026-10-01T12:17:44.4232718Z 21          sourced CLI classifies dependency and analysis failures without leaking details
2026-10-01T12:17:44.4233373Z 22                   CLI handles unavailable jsonlite and lme4 without runtime installation
2026-10-01T12:17:44.4233994Z 23                       serialization and mapping failures produce a fixed exit-4 envelope
2026-10-01T12:17:44.4234653Z 24                               CLI leaves absent output parents absent and reports exit 4
2026-10-01T12:17:44.4235404Z 25                                      CLI handles dependency errors during module loading
2026-10-01T12:17:44.4236100Z 26                 headless CLI works with Shiny present and optional UI addons unavailable
2026-10-01T12:17:44.4236801Z 27                     CLI handles request I/O and keeps original serialization diagnostics
2026-10-01T12:17:44.4237385Z 28                            CLI exports real-data identity and GLMM unavailable intervals
2026-10-01T12:17:44.4237979Z 29                 CLI validates the Brain once and retains one-item arrays and factor text
2026-10-01T12:17:44.4238656Z 30                     JSON sanitizer preserves row and array positions with explicit nulls
2026-10-01T12:17:44.4239267Z 31                  atomic writer uses one replacement and never moves the old output aside
2026-10-01T12:17:44.4239824Z 32                                                                    beta version is exact
2026-10-01T12:17:44.4240378Z 33                       the shipped runtime contains only the maintained Shiny application
2026-10-01T12:17:44.4241000Z 34                                ignore configuration retires Python deployment exclusions
2026-10-01T12:17:44.4241637Z 35            the image builds locked dependencies and starts Shiny without privileged init
2026-10-01T12:17:44.4242274Z 36                      Compose bounds an immutable non-root service on an internal network
2026-10-01T12:17:44.4242968Z 37                coefficient copy uses link-specific associations and conditional p-values
2026-10-01T12:17:44.4243775Z 38                           Guided interpretation is deterministic for all 15 combinations
2026-10-01T12:17:44.4244341Z 39                                   Guided interpretation renders an English public module
2026-10-01T12:17:44.4244889Z 40                                       real-data manifest covers the seven models exactly
2026-10-01T12:17:44.4245454Z 41                         real-data manifest records deterministic preprocessing summaries
2026-10-01T12:17:44.4246006Z 42                                                         SHA-256 helper hashes file bytes
2026-10-01T12:17:44.4246617Z 43                                        all reviewed sources exist and match the manifest
2026-10-01T12:17:44.4247130Z 44                                                prepared examples load, validate, and fit
2026-10-01T12:17:44.4247641Z 45                                            prepared examples satisfy their exact domains
2026-10-01T12:17:44.4248190Z 46                                   each model resolves to its assigned scientific example
2026-10-01T12:17:44.4248768Z 47                               prepared examples retain exact source-role display columns
2026-10-01T12:17:44.4249333Z 48                               example metadata retains exact scientific labels and units
2026-10-01T12:17:44.4249908Z 49                           real examples expose scientific plots and enriched diagnostics
2026-10-01T12:17:44.4250473Z 50                                       GLMM example omits the unreadable 65-school legend
2026-10-01T12:17:44.4251024Z 51                                 all source hashes pass before any builder or writer runs
2026-10-01T12:17:44.4252868Z 52                          same-default model switch fits the link selected in the browser
2026-10-01T12:17:44.4253516Z 53                  all registry cases produce complete valid contracts and exact intervals
2026-10-01T12:17:44.4254158Z 54                          schema and arithmetic mutations cannot be accepted or sanitized
2026-10-01T12:17:44.4254774Z 55       selection is a strict pure lookup and default is the median conditional prediction
2026-10-01T12:17:44.4255425Z 56      record collections cannot become keyed objects and scalar values cannot be matrices
2026-10-01T12:17:44.4256057Z 57                   builder rejects changed fitted rows and invalid label or mode requests
2026-10-01T12:17:44.4256848Z 58              schema records contain only their names attribute before JSON serialization
2026-10-01T12:17:44.4257718Z 59                      link curve values must remain plain numeric vectors for JSON arrays
2026-10-01T12:17:44.4258322Z 60                      GLMM source groups match fitted rows independently of factor levels
2026-10-01T12:17:44.4258909Z 61                         GLMM group summary ordering is independent of factor level order
2026-10-01T12:17:44.4259512Z 62              GLMM always contains both modes and rejects legacy fits and malformed pairs
2026-10-01T12:17:44.4260128Z 63                   analysis builds and validates exactly once and navigation never refits
2026-10-01T12:17:44.4260743Z 64               warnings are ordered records and the 5000-row contract stays within budget
2026-10-01T12:17:44.4261351Z 65                   chart CSV retains double precision and explicit missing numeric values
2026-10-01T12:17:44.4261966Z 66               Brain renderers preserve stored contributions, intervals and curve samples
2026-10-01T12:17:44.4262603Z 67          GLMM group alternatives retain every group and mark population effects inactive
2026-10-01T12:17:44.4263224Z 68                           all supported Brain renderers need no scientific recomputation
2026-10-01T12:17:44.4263839Z 69         selection is shared, generation guarded and navigation never recomputes analysis
2026-10-01T12:17:44.4264467Z 70                 GLMM mode changes preserve source identity and select stored mode values
2026-10-01T12:17:44.4265044Z 71                                          all 15 model/link cases reproduce R predictions
2026-10-01T12:17:44.4265603Z 72                               observation records preserve residuals and term arithmetic
2026-10-01T12:17:44.4266811Z 73                 observation IDs prefer a valid business ID and otherwise use row numbers
2026-10-01T12:17:44.4267410Z 74                                 tolerance is scaled without weakening its absolute floor
2026-10-01T12:17:44.4267992Z 75                                             labels are normalized without inferred units
2026-10-01T12:17:44.4268536Z 76                                  lme4 GLMM modes use the fitted random intercept exactly
2026-10-01T12:17:44.4269079Z 77                                      legacy nlme and fixed-factor GLMM fits are rejected
2026-10-01T12:17:44.4269616Z 78                                      LM metrics retain neutral numeric comparison values
2026-10-01T12:17:44.4270180Z 79                         GLM metrics use Pearson dispersion and preserve undefined values
2026-10-01T12:17:44.4270770Z 80                       coefficient intervals use LM t limits and GLM labelled Wald limits
2026-10-01T12:17:44.4271387Z 81                             LM and GLM intervals target mean responses and preserve rows
2026-10-01T12:17:44.4271995Z 82         inverse and sqrt link intervals cannot reverse bounds or cross a branch silently
2026-10-01T12:17:44.4272646Z 83                        GLMM correlations separate population and conditional predictions
2026-10-01T12:17:44.4273298Z 84                family diagnostic strategies return information without validity verdicts
2026-10-01T12:17:44.4273969Z 85                 GLMM diagnostics expose optimizer messages singularity and unknown codes
2026-10-01T12:17:44.4274557Z 86                                       every registry entry resolves a named fit strategy
2026-10-01T12:17:44.4275112Z 87                                 GLMM reports a dependency error when lme4 is unavailable
2026-10-01T12:17:44.4275652Z 88                                                 GLMM never returns an lm or lme fallback
2026-10-01T12:17:44.4276257Z 89                                                          lm_2d ignores an extra Y column
2026-10-01T12:17:44.4276838Z 90                                              registry exposes the beta acceptance matrix
2026-10-01T12:17:44.4277363Z 91                                                 invalid models and links fail explicitly
2026-10-01T12:17:44.4277919Z 92                            every beta combination fits and returns response-scale values
2026-10-01T12:17:44.4278710Z 93                               Poisson identity fits the documented acceptance simulation
2026-10-01T12:17:44.4279282Z 94                            fit_model validates GLMM groups without relying on simulation
2026-10-01T12:17:44.4279874Z 95               extract_model_kpis and extract_coefficient_table return structured metrics
2026-10-01T12:17:44.4280496Z 96             model_latex_formula returns LaTeX formula for all 15 model/link combinations
2026-10-01T12:17:44.4281093Z 97                             format_pval and get_pval_sig_class return significance tiers
2026-10-01T12:17:44.4281671Z 98                            residual diagnostics flag curvature without claiming adequacy
2026-10-01T12:17:44.4282231Z 99                                      service factory validates every injected dependency
2026-10-01T12:17:44.4282791Z 100                              validated simulation returns canonical assessment and grid
2026-10-01T12:17:44.4283363Z 101                                  nonlinear diagnostics and custom grid reach the result
2026-10-01T12:17:44.4284009Z 102                              real examples resolve lazily and match the requested model
2026-10-01T12:17:44.4284628Z 103                  default real requests use injected resolution without a local manifest
2026-10-01T12:17:44.4285221Z 104                           service outputs warnings and errors are faithfully propagated
2026-10-01T12:17:44.4285806Z 105                          Expert execution enforces trust and the four argument contract
2026-10-01T12:17:44.4286606Z 106                 use case rejects legacy and mutated boundaries before service execution
2026-10-01T12:17:44.4287242Z 107                               run_analysis production entry point fits an lm_2d request
2026-10-01T12:17:44.4287789Z 108                                            all examples have complete offline artifacts
2026-10-01T12:17:44.4288343Z 109                            release retains the locked Shiny runtime and launch contract
2026-10-01T12:17:44.4288905Z 110                                         a fresh R process activates the project library
2026-10-01T12:17:44.4289472Z 111                      README documents the exact beta matrix and trusted expert boundary
2026-10-01T12:17:44.4290079Z 112                  launcher validates an explicitly restored library before running Shiny
2026-10-01T12:17:44.4290694Z 113                  Windows launcher fails without bootstrapping an absent project library
2026-10-01T12:17:44.4291318Z 114         direct R and CLI startup refuse a missing project library without bootstrapping
2026-10-01T12:17:44.4291931Z 115                           explicit bootstrap command restores an already locked project
2026-10-01T12:17:44.4292493Z 116                                      renv lockfile covers runtime and test dependencies
2026-10-01T12:17:44.4293068Z 117                    ignore rules exclude transient state without hiding release evidence
2026-10-01T12:17:44.4293642Z 118                                      TODO records completed automated beta verification
2026-10-01T12:17:44.4294286Z 119                         release identity agrees across runtime, image, docs and license
2026-10-01T12:17:44.4294913Z 120              public release guidance documents CLI and the isolated deployment boundary
2026-10-01T12:17:44.4295530Z 121                          CI requires both locked R platforms and isolated Docker health
2026-10-01T12:17:44.4296116Z 122                            image and CI restoration explicitly opt in to renv bootstrap
2026-10-01T12:17:44.4296866Z 123                                            runtime R sources never install dependencies
2026-10-01T12:17:44.4297435Z 124                      Overview coefficients and enriched CSV include each predictor unit
2026-10-01T12:17:44.4298054Z 125         unit validation rejects empty supplied metadata and names the actual link scale
2026-10-01T12:17:44.4298675Z 126                    documented real units reach the strict Brain and exported chart data
2026-10-01T12:17:44.4299493Z 127          observations and fitted means use distinct scientifically correct chart labels
2026-10-01T12:17:44.4300129Z 128               coefficient units distinguish predictor units and transformed link scales
2026-10-01T12:17:44.4300775Z 129 GLMM diagnostic and enriched exports identify conditional predictions without refitting
2026-10-01T12:17:44.4301401Z 130                           out-of-domain grid rows are explained in the committed result
2026-10-01T12:17:44.4301976Z 131                              all real Plotly traces use literal scientific hover labels
2026-10-01T12:17:44.4302547Z 132                        real plot titles include exact model family labels and citations
2026-10-01T12:17:44.4303131Z 133                           simulation plots retain generic canonical axes without labels
2026-10-01T12:17:44.4303750Z 134                          every real provenance card defines variables and preprocessing
2026-10-01T12:17:44.4304381Z 135              coordinator retains success, logs details, sanitizes failures and recovers
2026-10-01T12:17:44.4305031Z 136                service and logger failure preserves results; first failure is not stale
2026-10-01T12:17:44.4305659Z 137                          app generates only on submission and drafts preserve downloads
2026-10-01T12:17:44.4306452Z 138                      all registered models and real examples use the canonical workflow
2026-10-01T12:17:44.4307109Z 139              trusted Expert runs only through the boundary and invalid GLMM retains CSV
2026-10-01T12:17:44.4307733Z 140                separate sessions start empty and only literal trust flag enables Expert
2026-10-01T12:17:44.4308362Z 141             configuration validates source-exclusive requests and rejects forged Expert
2026-10-01T12:17:44.4308991Z 142                  configuration resets shared links and ignores delayed prior selections
2026-10-01T12:17:44.4309597Z 143                     a same-default model switch accepts the next visible link selection
2026-10-01T12:17:44.4310243Z 144                          views render committed values without scientific recomputation
2026-10-01T12:17:44.4310876Z 145           public and trusted configuration controls are capability-gated and namespaced
2026-10-01T12:17:44.4311532Z 146               Overview selection uses stable identities and rejects stale result events
2026-10-01T12:17:44.4312154Z 147                  diagnostic guidance exposes known advice without raw optimizer details
2026-10-01T12:17:44.4312736Z 148                                       configuration instances keep disjoint draft state
2026-10-01T12:17:44.4313319Z 149                 simulation collector returns parameters and code without executing them
2026-10-01T12:17:44.4313989Z 150                    generated reproducible code preserves patterns and random draw order
2026-10-01T12:17:44.4314572Z 151                                        all beta combinations simulate deterministically
2026-10-01T12:17:44.4315107Z 152                                               simulated responses respect their domains
2026-10-01T12:17:44.4315681Z 153                     square-root count simulation rejects negative generating predictors
2026-10-01T12:17:44.4316423Z 154                              standard GLMM simulation enforces the group-count contract
2026-10-01T12:17:44.4317033Z 155               GLMM simulation data requires complete membership in five observed groups
2026-10-01T12:17:44.4317611Z 156                                                expert evaluation rejects invalid output
2026-10-01T12:17:44.4318203Z 157         simulate_data supports non-linear patterns (quadratic, cosine, heteroscedastic)
2026-10-01T12:17:44.4318834Z 158                                     prediction grids contain finite response-scale fits
2026-10-01T12:17:44.4319414Z 159                                    GLMM prediction grids represent a population surface
2026-10-01T12:17:44.4320106Z 160                                               GLMM surfaces accept character group data
2026-10-01T12:17:44.4320861Z 161                            enrichment adds exactly fitted values and response residuals
2026-10-01T12:17:44.4321442Z 162                              valid GLMM fitting and enrichment preserve every input row
2026-10-01T12:17:44.4322012Z 163                           2D LM plot contains observations and an X-ordered fitted line
2026-10-01T12:17:44.4322613Z 164                            3D plots contain point clouds and optional response surfaces
2026-10-01T12:17:44.4323170Z 165                                       surface matrix rows map to Y and columns map to X
2026-10-01T12:17:44.4323704Z 166                                            GLMM observations retain group color mapping
2026-10-01T12:17:44.4324304Z 167                                          diagnostic plots use supported representations
2026-10-01T12:17:44.4324905Z 168                           diagnostic warning filtering preserves non-lifecycle warnings
2026-10-01T12:17:44.4325514Z 169                               prediction_grid expands bounds according to pad parameter
2026-10-01T12:17:44.4326067Z 170                                            3D plots include initial camera eye position
2026-10-01T12:17:44.4326721Z 171                             padded count and Gamma grids mark invalid means unavailable
2026-10-01T12:17:44.4327325Z 172                committed chart alternatives retain exact prediction and interval values
2026-10-01T12:17:44.4327826Z     failed error warning skipped passed
2026-10-01T12:17:44.4328216Z 1        0 FALSE       0   FALSE    121
2026-10-01T12:17:44.4328588Z 2        0 FALSE       0   FALSE     22
2026-10-01T12:17:44.4328958Z 3        0 FALSE       0   FALSE      3
2026-10-01T12:17:44.4329357Z 4        0 FALSE       0   FALSE      8
2026-10-01T12:17:44.4329736Z 5        0 FALSE       0   FALSE      8
2026-10-01T12:17:44.4330107Z 6        0 FALSE       0   FALSE     36
2026-10-01T12:17:44.4330480Z 7        0 FALSE       0   FALSE     28
2026-10-01T12:17:44.4330860Z 8        0 FALSE       0   FALSE    111
2026-10-01T12:17:44.4331226Z 9        0 FALSE       0   FALSE     23
2026-10-01T12:17:44.4331593Z 10       0 FALSE       0   FALSE     12
2026-10-01T12:17:44.4331965Z 11       0 FALSE       0   FALSE      7
2026-10-01T12:17:44.4332333Z 12       0 FALSE       0   FALSE     18
2026-10-01T12:17:44.4332702Z 13       0 FALSE       0   FALSE      8
2026-10-01T12:17:44.4333069Z 14       0 FALSE       0   FALSE     24
2026-10-01T12:17:44.4333439Z 15       0 FALSE       0   FALSE     16
2026-10-01T12:17:44.4333806Z 16       0 FALSE       0   FALSE      4
2026-10-01T12:17:44.4334169Z 17       0 FALSE       0   FALSE      5
2026-10-01T12:17:44.4334537Z 18       0 FALSE       0   FALSE     35
2026-10-01T12:17:44.4334907Z 19       0 FALSE       0   FALSE      8
2026-10-01T12:17:44.4335276Z 20       0 FALSE       0   FALSE     13
2026-10-01T12:17:44.4335645Z 21       0 FALSE       0   FALSE     24
2026-10-01T12:17:44.4336017Z 22       0 FALSE       0   FALSE     10
2026-10-01T12:17:44.4336479Z 23       0 FALSE       0   FALSE     10
2026-10-01T12:17:44.4336846Z 24       0 FALSE       0   FALSE      5
2026-10-01T12:17:44.4337212Z 25       0 FALSE       0   FALSE     10
2026-10-01T12:17:44.4337581Z 26       0 FALSE       0   FALSE      4
2026-10-01T12:17:44.4337949Z 27       0 FALSE       0   FALSE     12
2026-10-01T12:17:44.4338318Z 28       0 FALSE       0   FALSE     14
2026-10-01T12:17:44.4338688Z 29       0 FALSE       0   FALSE      3
2026-10-01T12:17:44.4339083Z 30       0 FALSE       0   FALSE     11
2026-10-01T12:17:44.4339467Z 31       0 FALSE       0   FALSE     12
2026-10-01T12:17:44.4339843Z 32       0 FALSE       0   FALSE      2
2026-10-01T12:17:44.4340213Z 33       0 FALSE       0   FALSE     43
2026-10-01T12:17:44.4340587Z 34       0 FALSE       0   FALSE      2
2026-10-01T12:17:44.4341050Z 35       0 FALSE       0   FALSE     14
2026-10-01T12:17:44.4341467Z 36       0 FALSE       0   FALSE     20
2026-10-01T12:17:44.4341844Z 37       0 FALSE       0   FALSE     21
2026-10-01T12:17:44.4342439Z 38       0 FALSE       0   FALSE     77
2026-10-01T12:17:44.4342883Z 39       0 FALSE       0   FALSE      2
2026-10-01T12:17:44.4343252Z 40       0 FALSE       0   FALSE     11
2026-10-01T12:17:44.4343621Z 41       0 FALSE       0   FALSE      1
2026-10-01T12:17:44.4343992Z 42       0 FALSE       0   FALSE      1
2026-10-01T12:17:44.4344362Z 43       0 FALSE       0   FALSE     11
2026-10-01T12:17:44.4344729Z 44       0 FALSE       0   FALSE     36
2026-10-01T12:17:44.4345096Z 45       0 FALSE       0   FALSE      6
2026-10-01T12:17:44.4345464Z 46       0 FALSE       0   FALSE      1
2026-10-01T12:17:44.4345829Z 47       0 FALSE       0   FALSE      6
2026-10-01T12:17:44.4346281Z 48       0 FALSE       0   FALSE      6
2026-10-01T12:17:44.4346654Z 49       0 FALSE       0   FALSE     35
2026-10-01T12:17:44.4347020Z 50       0 FALSE       0   FALSE      2
2026-10-01T12:17:44.4347389Z 51       0 FALSE       0   FALSE      4
2026-10-01T12:17:44.4347758Z 52       0 FALSE       0   FALSE      2
2026-10-01T12:17:44.4348137Z 53       0 FALSE       0   FALSE   8102
2026-10-01T12:17:44.4348506Z 54       0 FALSE       0   FALSE     75
2026-10-01T12:17:44.4348872Z 55       0 FALSE       0   FALSE     12
2026-10-01T12:17:44.4349242Z 56       0 FALSE       0   FALSE      9
2026-10-01T12:17:44.4349636Z 57       0 FALSE       0   FALSE      9
2026-10-01T12:17:44.4350022Z 58       0 FALSE       0   FALSE     55
2026-10-01T12:17:44.4350395Z 59       0 FALSE       0   FALSE      8
2026-10-01T12:17:44.4350824Z 60       0 FALSE       0   FALSE      3
2026-10-01T12:17:44.4351258Z 61       0 FALSE       0   FALSE      2
2026-10-01T12:17:44.4351626Z 62       0 FALSE       0   FALSE    565
2026-10-01T12:17:44.4351993Z 63       0 FALSE       0   FALSE     65
2026-10-01T12:17:44.4352363Z 64       0 FALSE       0   FALSE      5
2026-10-01T12:17:44.4352727Z 65       0 FALSE       0   FALSE      3
2026-10-01T12:17:44.4353091Z 66       0 FALSE       0   FALSE     28
2026-10-01T12:17:44.4353459Z 67       0 FALSE       0   FALSE      9
2026-10-01T12:17:44.4353832Z 68       0 FALSE       0   FALSE    121
2026-10-01T12:17:44.4354197Z 69       0 FALSE       0   FALSE     19
2026-10-01T12:17:44.4354564Z 70       0 FALSE       0   FALSE      5
2026-10-01T12:17:44.4354929Z 71       0 FALSE       0   FALSE     79
2026-10-01T12:17:44.4355295Z 72       0 FALSE       0   FALSE    161
2026-10-01T12:17:44.4355663Z 73       0 FALSE       0   FALSE      5
2026-10-01T12:17:44.4356030Z 74       0 FALSE       0   FALSE      1
2026-10-01T12:17:44.4356544Z 75       0 FALSE       0   FALSE      4
2026-10-01T12:17:44.4356911Z 76       0 FALSE       0   FALSE      8
2026-10-01T12:17:44.4357281Z 77       0 FALSE       0   FALSE      2
2026-10-01T12:17:44.4357650Z 78       0 FALSE       0   FALSE      6
2026-10-01T12:17:44.4358017Z 79       0 FALSE       0   FALSE      5
2026-10-01T12:17:44.4358385Z 80       0 FALSE       0   FALSE      8
2026-10-01T12:17:44.4358754Z 81       0 FALSE       0   FALSE     22
2026-10-01T12:17:44.4359154Z 82       0 FALSE       0   FALSE      4
2026-10-01T12:17:44.4359524Z 83       0 FALSE       0   FALSE      6
2026-10-01T12:17:44.4359894Z 84       0 FALSE       0   FALSE     13
2026-10-01T12:17:44.4360289Z 85       0 FALSE       0   FALSE      7
2026-10-01T12:17:44.4360676Z 86       0 FALSE       0   FALSE      1
2026-10-01T12:17:44.4361049Z 87       0 FALSE       0   FALSE      1
2026-10-01T12:17:44.4361419Z 88       0 FALSE       0   FALSE      1
2026-10-01T12:17:44.4361902Z 89       0 FALSE       0   FALSE      1
2026-10-01T12:17:44.4362301Z 90       0 FALSE       0   FALSE      4
2026-10-01T12:17:44.4362677Z 91       0 FALSE       0   FALSE      2
2026-10-01T12:17:44.4363045Z 92       0 FALSE       0   FALSE     87
2026-10-01T12:17:44.4363414Z 93       0 FALSE       0   FALSE      4
2026-10-01T12:17:44.4363782Z 94       0 FALSE       0   FALSE     11
2026-10-01T12:17:44.4364149Z 95       0 FALSE       0   FALSE     11
2026-10-01T12:17:44.4364517Z 96       0 FALSE       0   FALSE     20
2026-10-01T12:17:44.4365097Z 97       0 FALSE       0   FALSE      5
2026-10-01T12:17:44.4365468Z 98       0 FALSE       0   FALSE      4
2026-10-01T12:17:44.4365831Z 99       0 FALSE       0   FALSE    101
2026-10-01T12:17:44.4366282Z 100      0 FALSE       0   FALSE     11
2026-10-01T12:17:44.4366645Z 101      0 FALSE       0   FALSE      3
2026-10-01T12:17:44.4388337Z 102      0 FALSE       0   FALSE      9
2026-10-01T12:17:44.4406478Z 103      0 FALSE       0   FALSE      6
2026-10-01T12:17:44.4426441Z 104      0 FALSE       0   FALSE      4
2026-10-01T12:17:44.4436531Z 105      0 FALSE       0   FALSE      6
2026-10-01T12:17:44.4441024Z 106      0 FALSE       0   FALSE     13
2026-10-01T12:17:44.4441422Z 107      0 FALSE       0   FALSE      9
2026-10-01T12:17:44.4441799Z 108      0 FALSE       0   FALSE     50
2026-10-01T12:17:44.4442173Z 109      0 FALSE       0   FALSE      4
2026-10-01T12:17:44.4442544Z 110      0 FALSE       0   FALSE      1
2026-10-01T12:17:44.4442912Z 111      0 FALSE       0   FALSE     21
2026-10-01T12:17:44.4443296Z 112      0 FALSE       0   FALSE      9
2026-10-01T12:17:44.4443655Z 113      0 FALSE       0   FALSE      1
2026-10-01T12:17:44.4444345Z 114      0 FALSE       0   FALSE     10
2026-10-01T12:17:44.4445049Z 115      0 FALSE       0   FALSE      2
2026-10-01T12:17:44.4445451Z 116      0 FALSE       0   FALSE      2
2026-10-01T12:17:44.4445824Z 117      0 FALSE       0   FALSE      2
2026-10-01T12:17:44.4446293Z 118      0 FALSE       0   FALSE      2
2026-10-01T12:17:44.4446667Z 119      0 FALSE       0   FALSE     14
2026-10-01T12:17:44.4447034Z 120      0 FALSE       0   FALSE     11
2026-10-01T12:17:44.4447404Z 121      0 FALSE       0   FALSE     29
2026-10-01T12:17:44.4447772Z 122      0 FALSE       0   FALSE      3
2026-10-01T12:17:44.4448139Z 123      0 FALSE       0   FALSE     22
2026-10-01T12:17:44.4448508Z 124      0 FALSE       0   FALSE      4
2026-10-01T12:17:44.4449047Z 125      0 FALSE       0   FALSE     12
2026-10-01T12:17:44.4449457Z 126      0 FALSE       0   FALSE     61
2026-10-01T12:17:44.4449836Z 127      0 FALSE       0   FALSE     32
2026-10-01T12:17:44.4450199Z 128      0 FALSE       0   FALSE      6
2026-10-01T12:17:44.4450561Z 129      0 FALSE       0   FALSE     18
2026-10-01T12:17:44.4450924Z 130      0 FALSE       0   FALSE      5
2026-10-01T12:17:44.4451289Z 131      0 FALSE       0   FALSE     77
2026-10-01T12:17:44.4451657Z 132      0 FALSE       0   FALSE     18
2026-10-01T12:17:44.4452019Z 133      0 FALSE       0   FALSE      5
2026-10-01T12:17:44.4452378Z 134      0 FALSE       0   FALSE    102
2026-10-01T12:17:44.4452740Z 135      0 FALSE       0   FALSE     16
2026-10-01T12:17:44.4453100Z 136      0 FALSE       0   FALSE      8
2026-10-01T12:17:44.4453463Z 137      0 FALSE       0   FALSE      6
2026-10-01T12:17:44.4453861Z 138      0 FALSE       0   FALSE     98
2026-10-01T12:17:44.4454245Z 139      0 FALSE       0   FALSE      6
2026-10-01T12:17:44.4454613Z 140      0 FALSE       0   FALSE     15
2026-10-01T12:17:44.4454984Z 141      0 FALSE       0   FALSE      6
2026-10-01T12:17:44.4455364Z 142      0 FALSE       0   FALSE      6
2026-10-01T12:17:44.4455735Z 143      0 FALSE       0   FALSE      3
2026-10-01T12:17:44.4456103Z 144      0 FALSE       0   FALSE     17
2026-10-01T12:17:44.4456671Z 145      0 FALSE       0   FALSE      4
2026-10-01T12:17:44.4457038Z 146      0 FALSE       0   FALSE      7
2026-10-01T12:17:44.4457404Z 147      0 FALSE       0   FALSE      2
2026-10-01T12:17:44.4457773Z 148      0 FALSE       0   FALSE      4
2026-10-01T12:17:44.4458164Z 149      0 FALSE       0   FALSE     19
2026-10-01T12:17:44.4458526Z 150      0 FALSE       0   FALSE     12
2026-10-01T12:17:44.4458893Z 151      0 FALSE       0   FALSE     46
2026-10-01T12:17:44.4459262Z 152      0 FALSE       0   FALSE      4
2026-10-01T12:17:44.4459629Z 153      0 FALSE       0   FALSE      1
2026-10-01T12:17:44.4460037Z 154      0 FALSE       0   FALSE      3
2026-10-01T12:17:44.4460407Z 155      0 FALSE       0   FALSE      2
2026-10-01T12:17:44.4461065Z 156      0 FALSE       0   FALSE      2
2026-10-01T12:17:44.4461560Z 157      0 FALSE       0   FALSE      5
2026-10-01T12:17:44.4461926Z 158      0 FALSE       0   FALSE     21
2026-10-01T12:17:44.4462294Z 159      0 FALSE       0   FALSE      4
2026-10-01T12:17:44.4462661Z 160      0 FALSE       0   FALSE      4
2026-10-01T12:17:44.4463025Z 161      0 FALSE       0   FALSE     28
2026-10-01T12:17:44.4463390Z 162      0 FALSE       0   FALSE      4
2026-10-01T12:17:44.4463758Z 163      0 FALSE       0   FALSE      6
2026-10-01T12:17:44.4464124Z 164      0 FALSE       0   FALSE     15
2026-10-01T12:17:44.4464489Z 165      0 FALSE       0   FALSE      2
2026-10-01T12:17:44.4464855Z 166      0 FALSE       0   FALSE      2
2026-10-01T12:17:44.4465223Z 167      0 FALSE       0   FALSE      4
2026-10-01T12:17:44.4465625Z 168      0 FALSE       0   FALSE      2
2026-10-01T12:17:44.4465999Z 169      0 FALSE       0   FALSE      4
2026-10-01T12:17:44.4466606Z 170      0 FALSE       0   FALSE      3
2026-10-01T12:17:44.4466982Z 171      0 FALSE       0   FALSE     14
2026-10-01T12:17:44.4467363Z 172      0 FALSE       0   FALSE      7
2026-10-01T12:17:44.9288779Z Post job cleanup.
2026-10-01T12:17:44.9290909Z ##[start-action display=Restore Renv package cache;id=__4d802d3f-02ef-4892-bd4f-8e1783a6eb89.__actions_cache]
2026-10-01T12:17:44.9683875Z Post job cleanup.
2026-10-01T12:17:45.0659781Z [command]/usr/bin/tar --posix -cf cache.tzst --exclude cache.tzst -P -C /home/runner/work/lmplot/lmplot --files-from manifest.txt --use-compress-program zstdmt
2026-10-01T12:17:47.2889461Z Sent 3749479 of 205076071 (1.8%), 3.6 MBs/sec
2026-10-01T12:17:48.2892038Z Sent 3749479 of 205076071 (1.8%), 1.8 MBs/sec
2026-10-01T12:17:48.7122920Z Sent 205076071 of 205076071 (100.0%), 80.7 MBs/sec
2026-10-01T12:17:49.0369444Z Cache saved with key: Ubuntu 24.04.5 LTS-R version 4.6.0 (2026-04-24)-v1-3fcb548257f1c23be87b868f678c6375696cdf3b21c1adf73aff867969a41470
2026-10-01T12:17:49.0453924Z ##[end-action id=__4d802d3f-02ef-4892-bd4f-8e1783a6eb89.__actions_cache;outcome=success;conclusion=success;duration_ms=4116]
2026-10-01T12:17:49.0515503Z Post job cleanup.
2026-10-01T12:17:49.1097104Z [command]/usr/bin/git version
2026-10-01T12:17:49.1156904Z git version 2.55.0
2026-10-01T12:17:49.1188885Z Temporarily overriding HOME='/home/runner/work/_temp/51eb21c6-b34d-4911-82df-bccce1ccb739' before making global git config changes
2026-10-01T12:17:49.1193693Z Adding repository directory to the temporary git global config as a safe directory
2026-10-01T12:17:49.1194423Z [command]/usr/bin/git config --global --add safe.directory /home/runner/work/lmplot/lmplot
2026-10-01T12:17:49.1269863Z [command]/usr/bin/git config --local --name-only --get-regexp core\.sshCommand
2026-10-01T12:17:49.1272590Z [command]/usr/bin/git submodule foreach --recursive sh -c "git config --local --name-only --get-regexp 'core\.sshCommand' && git config --local --unset-all 'core.sshCommand' || :"
2026-10-01T12:17:49.1542660Z [command]/usr/bin/git config --local --name-only --get-regexp http\.https\:\/\/github\.com\/\.extraheader
2026-10-01T12:17:49.1578318Z http.https://github.com/.extraheader
2026-10-01T12:17:49.1599646Z [command]/usr/bin/git config --local --unset-all http.https://github.com/.extraheader
2026-10-01T12:17:49.1629985Z [command]/usr/bin/git submodule foreach --recursive sh -c "git config --local --name-only --get-regexp 'http\.https\:\/\/github\.com\/\.extraheader' && git config --local --unset-all 'http.https://github.com/.extraheader' || :"
2026-10-01T12:17:49.1917943Z [command]/usr/bin/git config --local --name-only --get-regexp ^includeIf\.gitdir:
2026-10-01T12:17:49.1954812Z [command]/usr/bin/git submodule foreach --recursive git config --local --show-origin --name-only --get-regexp remote.origin.url
2026-10-01T12:17:49.2245393Z Cleaning up orphan processes
2026-10-01T12:17:49.2402047Z ##[warning]Node.js 20 is deprecated. The following actions target Node.js 20 but are being forced to run on Node.js 24: actions/checkout@v4. For more information see: https://github.blog/changelog/2025-09-19-deprecation-of-node-20-on-github-actions-runners/
