2026-10-01T13:14:13.5771944Z Current runner version: '2.337.0'
2026-10-01T13:14:13.5797739Z ##[group]Runner Image Provisioner
2026-10-01T13:14:13.5798759Z Hosted Compute Agent
2026-10-01T13:14:13.5799360Z Version: 20260901.588
2026-10-01T13:14:13.5800060Z Commit: f88ec8081b781fac6c440065ac7ff9e710ce3d0b
2026-10-01T13:14:13.5801008Z Build Date: 2026-09-01T19:56:44Z
2026-10-01T13:14:13.5801773Z Worker ID: {5363cac7-d4c9-4bd6-b1b1-272c6fc12638}
2026-10-01T13:14:13.5802620Z Azure Region: westus
2026-10-01T13:14:13.5803250Z ##[endgroup]
2026-10-01T13:14:13.5805090Z ##[group]Operating System
2026-10-01T13:14:13.5805821Z Ubuntu
2026-10-01T13:14:13.5806399Z 24.04.5
2026-10-01T13:14:13.5807020Z LTS
2026-10-01T13:14:13.5807586Z ##[endgroup]
2026-10-01T13:14:13.5808208Z ##[group]Runner Image
2026-10-01T13:14:13.5808853Z Image: ubuntu-24.04
2026-10-01T13:14:13.5809419Z Version: 20260927.320.1
2026-10-01T13:14:13.5810967Z Included Software: https://github.com/actions/runner-images/blob/ubuntu24/20260927.320/images/ubuntu/Ubuntu2404-Readme.md
2026-10-01T13:14:13.5813070Z Image Release: https://github.com/actions/runner-images/releases/tag/ubuntu24%2F20260927.320
2026-10-01T13:14:13.5814214Z ##[endgroup]
2026-10-01T13:14:13.5815409Z ##[group]GITHUB_TOKEN Permissions
2026-10-01T13:14:13.5817617Z Contents: read
2026-10-01T13:14:13.5818250Z Metadata: read
2026-10-01T13:14:13.5818865Z ##[endgroup]
2026-10-01T13:14:13.5821566Z Secret source: Actions
2026-10-01T13:14:13.5822764Z Cache mode: write
2026-10-01T13:14:13.5823887Z Prepare workflow directory
2026-10-01T13:14:13.6234357Z Prepare all required actions
2026-10-01T13:14:13.6282538Z Getting action download info
2026-10-01T13:14:14.0297811Z Download action repository 'actions/checkout@v4' (SHA:11d5960a326750d5838078e36cf38b85af677262)
2026-10-01T13:14:14.1529368Z Download action repository 'r-lib/actions@v2' (SHA:f9a764fea8d5c63df6ef9a5c7795bf7deb5d7e05)
2026-10-01T13:14:14.7778703Z Getting action download info
2026-10-01T13:14:14.9705107Z Download action repository 'actions/cache@27d5ce7f107fe9357f9df03efb73ab90386fccae' (SHA:27d5ce7f107fe9357f9df03efb73ab90386fccae)
2026-10-01T13:14:15.1795728Z Complete job name: R 4.6.0 (ubuntu-latest)
2026-10-01T13:14:15.2742919Z ##[group]Run actions/checkout@v4
2026-10-01T13:14:15.2744300Z with:
2026-10-01T13:14:15.2745120Z   repository: ktubi970/lmplot
2026-10-01T13:14:15.2754734Z   token: ***
2026-10-01T13:14:15.2755554Z   ssh-strict: true
2026-10-01T13:14:15.2756433Z   ssh-user: git
2026-10-01T13:14:15.2757281Z   persist-credentials: true
2026-10-01T13:14:15.2758212Z   clean: true
2026-10-01T13:14:15.2759063Z   sparse-checkout-cone-mode: true
2026-10-01T13:14:15.2760086Z   fetch-depth: 1
2026-10-01T13:14:15.2761269Z   fetch-tags: false
2026-10-01T13:14:15.2762162Z   show-progress: true
2026-10-01T13:14:15.2763033Z   lfs: false
2026-10-01T13:14:15.2763845Z   submodules: false
2026-10-01T13:14:15.2764705Z   set-safe-directory: true
2026-10-01T13:14:15.2765705Z   allow-unsafe-pr-checkout: false
2026-10-01T13:14:15.2767072Z ##[endgroup]
2026-10-01T13:14:15.4157680Z Syncing repository: ktubi970/lmplot
2026-10-01T13:14:15.4165506Z ##[group]Getting Git version info
2026-10-01T13:14:15.4167872Z Working directory is '/home/runner/work/lmplot/lmplot'
2026-10-01T13:14:15.4172781Z [command]/usr/bin/git version
2026-10-01T13:14:15.4175623Z git version 2.55.0
2026-10-01T13:14:15.4221408Z ##[endgroup]
2026-10-01T13:14:15.4233854Z Temporarily overriding HOME='/home/runner/work/_temp/1e2335c2-4499-44af-867d-c8cdbc4482bb' before making global git config changes
2026-10-01T13:14:15.4239803Z Adding repository directory to the temporary git global config as a safe directory
2026-10-01T13:14:15.4244987Z [command]/usr/bin/git config --global --add safe.directory /home/runner/work/lmplot/lmplot
2026-10-01T13:14:15.4375641Z Deleting the contents of '/home/runner/work/lmplot/lmplot'
2026-10-01T13:14:15.4378447Z ##[group]Initializing the repository
2026-10-01T13:14:15.4383677Z [command]/usr/bin/git init /home/runner/work/lmplot/lmplot
2026-10-01T13:14:15.4562478Z hint: Using 'master' as the name for the initial branch. This default branch name
2026-10-01T13:14:15.4599266Z hint: will change to "main" in Git 3.0. To configure the initial branch name
2026-10-01T13:14:15.4623212Z hint: to use in all of your new repositories, which will suppress this warning,
2026-10-01T13:14:15.4625306Z hint: call:
2026-10-01T13:14:15.4626733Z hint:
2026-10-01T13:14:15.4628668Z hint: 	git config --global init.defaultBranch <name>
2026-10-01T13:14:15.4630393Z hint:
2026-10-01T13:14:15.4632970Z hint: Names commonly chosen instead of 'master' are 'main', 'trunk' and
2026-10-01T13:14:15.4636180Z hint: 'development'. The just-created branch can be renamed via this command:
2026-10-01T13:14:15.4638149Z hint:
2026-10-01T13:14:15.4639649Z hint: 	git branch -m <name>
2026-10-01T13:14:15.4660475Z hint:
2026-10-01T13:14:15.4672419Z hint: Disable this message with "git config set advice.defaultBranchName false"
2026-10-01T13:14:15.4685029Z Initialized empty Git repository in /home/runner/work/lmplot/lmplot/.git/
2026-10-01T13:14:15.4690576Z [command]/usr/bin/git remote add origin https://github.com/ktubi970/lmplot
2026-10-01T13:14:15.4698716Z ##[endgroup]
2026-10-01T13:14:15.4701375Z ##[group]Disabling automatic garbage collection
2026-10-01T13:14:15.4703454Z [command]/usr/bin/git config --local gc.auto 0
2026-10-01T13:14:15.4707996Z ##[endgroup]
2026-10-01T13:14:15.4710234Z ##[group]Setting up auth
2026-10-01T13:14:15.4717346Z [command]/usr/bin/git config --local --name-only --get-regexp core\.sshCommand
2026-10-01T13:14:15.4744400Z [command]/usr/bin/git submodule foreach --recursive sh -c "git config --local --name-only --get-regexp 'core\.sshCommand' && git config --local --unset-all 'core.sshCommand' || :"
2026-10-01T13:14:15.5562207Z [command]/usr/bin/git config --local --name-only --get-regexp http\.https\:\/\/github\.com\/\.extraheader
2026-10-01T13:14:15.5573542Z [command]/usr/bin/git submodule foreach --recursive sh -c "git config --local --name-only --get-regexp 'http\.https\:\/\/github\.com\/\.extraheader' && git config --local --unset-all 'http.https://github.com/.extraheader' || :"
2026-10-01T13:14:15.5706686Z [command]/usr/bin/git config --local --name-only --get-regexp ^includeIf\.gitdir:
2026-10-01T13:14:15.5750420Z [command]/usr/bin/git submodule foreach --recursive git config --local --show-origin --name-only --get-regexp remote.origin.url
2026-10-01T13:14:15.5993174Z [command]/usr/bin/git config --local http.https://github.com/.extraheader AUTHORIZATION: basic ***
2026-10-01T13:14:15.6037213Z ##[endgroup]
2026-10-01T13:14:15.6040619Z ##[group]Fetching the repository
2026-10-01T13:14:15.6051857Z [command]/usr/bin/git -c protocol.version=2 fetch --no-tags --prune --no-recurse-submodules --depth=1 origin +42e70f36788bfaeac880251a29195de2713ceb4c:refs/remotes/origin/master
2026-10-01T13:14:16.2621993Z From https://github.com/ktubi970/lmplot
2026-10-01T13:14:16.2642738Z  * [new ref]         42e70f36788bfaeac880251a29195de2713ceb4c -> origin/master
2026-10-01T13:14:16.2646281Z ##[endgroup]
2026-10-01T13:14:16.2647414Z ##[group]Determining the checkout info
2026-10-01T13:14:16.2749911Z ##[endgroup]
2026-10-01T13:14:16.2752000Z [command]/usr/bin/git sparse-checkout disable
2026-10-01T13:14:16.2792044Z [command]/usr/bin/git config --local --unset-all extensions.worktreeConfig
2026-10-01T13:14:16.2813510Z ##[group]Checking out the ref
2026-10-01T13:14:16.2814470Z [command]/usr/bin/git checkout --progress --force -B master refs/remotes/origin/master
2026-10-01T13:14:16.3115690Z Reset branch 'master'
2026-10-01T13:14:16.3137751Z branch 'master' set up to track 'origin/master'.
2026-10-01T13:14:16.3152896Z ##[endgroup]
2026-10-01T13:14:16.3212640Z [command]/usr/bin/git log -1 --format=%H
2026-10-01T13:14:16.3239785Z 42e70f36788bfaeac880251a29195de2713ceb4c
2026-10-01T13:14:16.3676950Z ##[group]Run r-lib/actions/setup-r@v2
2026-10-01T13:14:16.3677307Z with:
2026-10-01T13:14:16.3677517Z   r-version: 4.6.0
2026-10-01T13:14:16.3677760Z   use-public-rspm: true
2026-10-01T13:14:16.3677994Z   Ncpus: 1
2026-10-01T13:14:16.3678209Z   remove-openmp-macos: true
2026-10-01T13:14:16.3678676Z   http-user-agent: default
2026-10-01T13:14:16.3678929Z   install-r: true
2026-10-01T13:14:16.3679174Z   windows-path-include-rtools: true
2026-10-01T13:14:16.3679486Z   windows-path-include-mingw: true
2026-10-01T13:14:16.3679761Z   update-rtools: false
2026-10-01T13:14:16.3679996Z   working-directory: .
2026-10-01T13:14:16.3680227Z ##[endgroup]
2026-10-01T13:14:16.6774441Z ##[group]Downloading R
2026-10-01T13:14:17.1562283Z ##[endgroup]
2026-10-01T13:14:17.1582040Z ##[group]Updating system package data
2026-10-01T13:14:17.1607833Z [command]/usr/bin/sudo DEBIAN_FRONTEND=noninteractive apt-get update -y
2026-10-01T13:14:17.2825217Z Get:1 file:/etc/apt/apt-mirrors.txt Mirrorlist [144 B]
2026-10-01T13:14:17.3112303Z Get:6 https://packages.microsoft.com/ubuntu/24.04/prod noble InRelease [3600 B]
2026-10-01T13:14:17.3270693Z Hit:2 http://azure.archive.ubuntu.com/ubuntu noble InRelease
2026-10-01T13:14:17.3330152Z Get:3 http://azure.archive.ubuntu.com/ubuntu noble-updates InRelease [126 kB]
2026-10-01T13:14:17.3452039Z Get:4 http://azure.archive.ubuntu.com/ubuntu noble-backports InRelease [126 kB]
2026-10-01T13:14:17.3521898Z Get:5 http://azure.archive.ubuntu.com/ubuntu noble-security InRelease [126 kB]
2026-10-01T13:14:17.5641259Z Get:7 https://packages.microsoft.com/ubuntu/24.04/prod noble/main amd64 Packages [509 kB]
2026-10-01T13:14:17.5985353Z Get:8 https://packages.microsoft.com/ubuntu/24.04/prod noble/main arm64 Packages [456 kB]
2026-10-01T13:14:17.7660172Z Get:9 http://azure.archive.ubuntu.com/ubuntu noble-updates/main amd64 Packages [1347 kB]
2026-10-01T13:14:17.7894334Z Get:10 http://azure.archive.ubuntu.com/ubuntu noble-updates/main Translation-en [302 kB]
2026-10-01T13:14:17.7932290Z Get:11 http://azure.archive.ubuntu.com/ubuntu noble-updates/main amd64 Components [181 kB]
2026-10-01T13:14:17.7964395Z Get:12 http://azure.archive.ubuntu.com/ubuntu noble-updates/universe amd64 Packages [1699 kB]
2026-10-01T13:14:17.8142285Z Get:13 http://azure.archive.ubuntu.com/ubuntu noble-updates/universe Translation-en [341 kB]
2026-10-01T13:14:17.8181343Z Get:14 http://azure.archive.ubuntu.com/ubuntu noble-updates/universe amd64 Components [388 kB]
2026-10-01T13:14:17.8261834Z Get:15 http://azure.archive.ubuntu.com/ubuntu noble-updates/restricted amd64 Packages [1709 kB]
2026-10-01T13:14:17.8459902Z Get:16 http://azure.archive.ubuntu.com/ubuntu noble-updates/restricted Translation-en [391 kB]
2026-10-01T13:14:17.8466084Z Get:17 http://azure.archive.ubuntu.com/ubuntu noble-updates/multiverse amd64 Components [940 B]
2026-10-01T13:14:17.8604148Z Get:18 http://azure.archive.ubuntu.com/ubuntu noble-backports/main amd64 Components [5760 B]
2026-10-01T13:14:17.9127949Z Get:19 http://azure.archive.ubuntu.com/ubuntu noble-backports/universe amd64 Components [12.6 kB]
2026-10-01T13:14:17.9352434Z Get:20 http://azure.archive.ubuntu.com/ubuntu noble-security/main amd64 Packages [1066 kB]
2026-10-01T13:14:17.9412344Z Get:21 http://azure.archive.ubuntu.com/ubuntu noble-security/main Translation-en [220 kB]
2026-10-01T13:14:17.9453861Z Get:22 http://azure.archive.ubuntu.com/ubuntu noble-security/main amd64 Components [46.4 kB]
2026-10-01T13:14:17.9491930Z Get:23 http://azure.archive.ubuntu.com/ubuntu noble-security/universe amd64 Packages [1216 kB]
2026-10-01T13:14:17.9571722Z Get:24 http://azure.archive.ubuntu.com/ubuntu noble-security/universe Translation-en [244 kB]
2026-10-01T13:14:17.9602208Z Get:25 http://azure.archive.ubuntu.com/ubuntu noble-security/universe amd64 Components [76.3 kB]
2026-10-01T13:14:17.9621890Z Get:26 http://azure.archive.ubuntu.com/ubuntu noble-security/restricted amd64 Packages [1566 kB]
2026-10-01T13:14:17.9703249Z Get:27 http://azure.archive.ubuntu.com/ubuntu noble-security/restricted Translation-en [361 kB]
2026-10-01T13:14:23.0268227Z Fetched 12.5 MB in 2s (6776 kB/s)
2026-10-01T13:14:23.8940260Z Reading package lists...
2026-10-01T13:14:23.9052378Z ##[endgroup]
2026-10-01T13:14:23.9053305Z ##[group]Installing R system requirements
2026-10-01T13:14:23.9065924Z [command]/usr/bin/sudo DEBIAN_FRONTEND=noninteractive apt-get install -y gdebi-core qpdf devscripts ghostscript
2026-10-01T13:14:23.9313383Z Reading package lists...
2026-10-01T13:14:24.1426797Z Building dependency tree...
2026-10-01T13:14:24.1435303Z Reading state information...
2026-10-01T13:14:24.2918140Z The following additional packages will be installed:
2026-10-01T13:14:24.2926848Z   dctrl-tools diffstat dput fonts-droid-fallback fonts-noto-mono
2026-10-01T13:14:24.2928191Z   fonts-urw-base35 gettext intltool-debian libaliased-perl libapt-pkg-perl
2026-10-01T13:14:24.2929432Z   libarchive-zip-perl libarray-intspan-perl libauthen-sasl-perl
2026-10-01T13:14:24.2939370Z   libb-hooks-endofscope-perl libb-hooks-op-check-perl libberkeleydb-perl
2026-10-01T13:14:24.2941125Z   libcapture-tiny-perl libclass-data-inheritable-perl
2026-10-01T13:14:24.2942281Z   libclass-method-modifiers-perl libclass-xsaccessor-perl libconfig-tiny-perl
2026-10-01T13:14:24.2943819Z   libconst-fast-perl libcpanel-json-xs-perl libdata-dpath-perl
2026-10-01T13:14:24.2944927Z   libdata-dump-perl libdata-messagepack-perl libdata-optlist-perl
2026-10-01T13:14:24.2949683Z   libdata-validate-domain-perl libdata-validate-ip-perl
2026-10-01T13:14:24.2951208Z   libdata-validate-uri-perl libdevel-callchecker-perl libdevel-size-perl
2026-10-01T13:14:24.2954840Z   libdevel-stacktrace-perl libdistro-info-perl libdynaloader-functions-perl
2026-10-01T13:14:24.2956096Z   libemail-address-xs-perl libexception-class-perl libexporter-tiny-perl
2026-10-01T13:14:24.2981675Z   libfile-basedir-perl libfile-chdir-perl libfile-dirlist-perl
2026-10-01T13:14:24.2991836Z   libfile-find-rule-perl libfile-homedir-perl libfile-listing-perl
2026-10-01T13:14:24.2997256Z   libfile-touch-perl libfile-which-perl libfont-afm-perl libfont-ttf-perl
2026-10-01T13:14:24.3011861Z   libfreezethaw-perl libgit-wrapper-perl libgs-common libgs10 libgs10-common
2026-10-01T13:14:24.3031661Z   libhtml-form-perl libhtml-format-perl libhtml-html5-entities-perl
2026-10-01T13:14:24.3035945Z   libhtml-tokeparser-simple-perl libhtml-tree-perl libhttp-cookies-perl
2026-10-01T13:14:24.3036876Z   libhttp-daemon-perl libhttp-negotiate-perl libidn12 libijs-0.35
2026-10-01T13:14:24.3037931Z   libimport-into-perl libindirect-perl libio-interactive-perl libio-pty-perl
2026-10-01T13:14:24.3046881Z   libio-socket-ssl-perl libio-string-perl libipc-run-perl libipc-run3-perl
2026-10-01T13:14:24.3047880Z   libipc-system-simple-perl libiterator-perl libiterator-util-perl
2026-10-01T13:14:24.3048797Z   libjbig2dec0 libjson-maybexs-perl liblist-compare-perl
2026-10-01T13:14:24.3049713Z   liblist-someutils-perl liblist-someutils-xs-perl liblist-utilsby-perl
2026-10-01T13:14:24.3067111Z   liblog-any-adapter-screen-perl liblog-any-perl liblwp-protocol-https-perl
2026-10-01T13:14:24.3068131Z   libmailtools-perl libmarkdown2 libmath-base85-perl libmldbm-perl
2026-10-01T13:14:24.3069019Z   libmodule-implementation-perl libmodule-runtime-perl libmoo-perl
2026-10-01T13:14:24.3069870Z   libmoox-aliases-perl libmouse-perl libnamespace-clean-perl
2026-10-01T13:14:24.3070711Z   libnet-domain-tld-perl libnet-http-perl libnet-ipv6addr-perl
2026-10-01T13:14:24.3071788Z   libnet-netmask-perl libnet-smtp-ssl-perl libnet-ssleay-perl
2026-10-01T13:14:24.3072708Z   libnetaddr-ip-perl libnumber-compare-perl libobject-pad-perl
2026-10-01T13:14:24.3073604Z   libpackage-stash-perl libpackage-stash-xs-perl libpaper-utils libpaper1
2026-10-01T13:14:24.3074561Z   libparams-classify-perl libparams-util-perl libpath-iterator-rule-perl
2026-10-01T13:14:24.3075478Z   libpath-tiny-perl libperlio-gzip-perl libperlio-utf8-strict-perl
2026-10-01T13:14:24.3076407Z   libpod-constants-perl libpod-parser-perl libqpdf29t64 libre-engine-re2-perl
2026-10-01T13:14:24.3077743Z   libregexp-pattern-license-perl libregexp-pattern-perl
2026-10-01T13:14:24.3078601Z   libregexp-wildcards-perl librole-tiny-perl libsereal-decoder-perl
2026-10-01T13:14:24.3079455Z   libsereal-encoder-perl libset-intspan-perl libsocket6-perl
2026-10-01T13:14:24.3080300Z   libsort-versions-perl libstrictures-perl libstring-copyright-perl
2026-10-01T13:14:24.3081641Z   libstring-escape-perl libstring-license-perl libstring-shellquote-perl
2026-10-01T13:14:24.3082750Z   libsub-exporter-perl libsub-exporter-progressive-perl libsub-identify-perl
2026-10-01T13:14:24.3089789Z   libsub-install-perl libsub-name-perl libsub-quote-perl
2026-10-01T13:14:24.3090706Z   libsyntax-keyword-try-perl libtext-glob-perl libtext-levenshteinxs-perl
2026-10-01T13:14:24.3091954Z   libtext-markdown-discount-perl libtext-xslate-perl libtime-duration-perl
2026-10-01T13:14:24.3092869Z   libtime-moment-perl libtry-tiny-perl libunicode-utf8-perl
2026-10-01T13:14:24.3093659Z   libvariable-magic-perl libwww-mechanize-perl libwww-perl
2026-10-01T13:14:24.3094536Z   libwww-robotrules-perl libxs-parse-keyword-perl libxs-parse-sublike-perl
2026-10-01T13:14:24.3095452Z   libyaml-libyaml-perl licensecheck lintian lzip lzop patchutils
2026-10-01T13:14:24.3096383Z   perl-openssl-defaults poppler-data python3-gpg python3-nacl python3-paramiko
2026-10-01T13:14:24.3097367Z   python3-unidiff python3-xdg t1utils wdiff xfonts-encodings xfonts-utils
2026-10-01T13:14:24.3098192Z Suggested packages:
2026-10-01T13:14:24.3098811Z   debtags adequate at autopkgtest bls-standalone bsd-mailx | mailx
2026-10-01T13:14:24.3099720Z   build-essential check-all-the-things cvs-buildpackage debhelper diffoscope
2026-10-01T13:14:24.3100683Z   disorderfs dose-extra duck elpa-devscripts faketime gnuplot how-can-i-help
2026-10-01T13:14:24.3101851Z   libdbd-pg-perl libfile-desktopentry-perl libterm-size-perl libyaml-syck-perl
2026-10-01T13:14:24.3102836Z   mmdebstrap mutt piuparts pristine-lfs quilt ratt reprotest svn-buildpackage
2026-10-01T13:14:24.3103773Z   w3m debian-keyring equivs libgitlab-api-v4-perl libsoap-lite-perl
2026-10-01T13:14:24.3104600Z   pristine-tar mini-dinstall fonts-noto fonts-freefont-otf
2026-10-01T13:14:24.3105436Z   | fonts-freefont-ttf fonts-texgyre autopoint gettext-doc libasprintf-dev
2026-10-01T13:14:24.3106357Z   libgettextpo-dev texlive-binaries libdigest-hmac-perl libgssapi-perl
2026-10-01T13:14:24.3107244Z   libxml-parser-perl libcrypt-ssleay-perl libscalar-number-perl
2026-10-01T13:14:24.3108143Z   libbareword-filehandles-perl libmultidimensional-perl libxstring-perl
2026-10-01T13:14:24.3109129Z   libauthen-ntlm-perl binutils-multiarch libtext-template-perl poppler-utils
2026-10-01T13:14:24.3110064Z   fonts-japanese-mincho | fonts-ipafont-mincho fonts-japanese-gothic
2026-10-01T13:14:24.3111178Z   | fonts-ipafont-gothic fonts-arphic-ukai fonts-arphic-uming fonts-nanum
2026-10-01T13:14:24.3112257Z   python-nacl-doc python3-gssapi python3-invoke python-pyxdg-doc qpdf-doc
2026-10-01T13:14:24.3113160Z   wdiff-doc
2026-10-01T13:14:24.3511568Z The following NEW packages will be installed:
2026-10-01T13:14:24.3516317Z   dctrl-tools devscripts diffstat dput fonts-droid-fallback fonts-noto-mono
2026-10-01T13:14:24.3517883Z   fonts-urw-base35 gdebi-core gettext ghostscript intltool-debian
2026-10-01T13:14:24.3519095Z   libaliased-perl libapt-pkg-perl libarchive-zip-perl libarray-intspan-perl
2026-10-01T13:14:24.3520425Z   libauthen-sasl-perl libb-hooks-endofscope-perl libb-hooks-op-check-perl
2026-10-01T13:14:24.3521996Z   libberkeleydb-perl libcapture-tiny-perl libclass-data-inheritable-perl
2026-10-01T13:14:24.3523335Z   libclass-method-modifiers-perl libclass-xsaccessor-perl libconfig-tiny-perl
2026-10-01T13:14:24.3524784Z   libconst-fast-perl libcpanel-json-xs-perl libdata-dpath-perl
2026-10-01T13:14:24.3525897Z   libdata-dump-perl libdata-messagepack-perl libdata-optlist-perl
2026-10-01T13:14:24.3526963Z   libdata-validate-domain-perl libdata-validate-ip-perl
2026-10-01T13:14:24.3528084Z   libdata-validate-uri-perl libdevel-callchecker-perl libdevel-size-perl
2026-10-01T13:14:24.3529828Z   libdevel-stacktrace-perl libdistro-info-perl libdynaloader-functions-perl
2026-10-01T13:14:24.3531434Z   libemail-address-xs-perl libexception-class-perl libexporter-tiny-perl
2026-10-01T13:14:24.3536744Z   libfile-basedir-perl libfile-chdir-perl libfile-dirlist-perl
2026-10-01T13:14:24.3538118Z   libfile-find-rule-perl libfile-homedir-perl libfile-listing-perl
2026-10-01T13:14:24.3539294Z   libfile-touch-perl libfile-which-perl libfont-afm-perl libfont-ttf-perl
2026-10-01T13:14:24.3540528Z   libfreezethaw-perl libgit-wrapper-perl libgs-common libgs10 libgs10-common
2026-10-01T13:14:24.3541901Z   libhtml-form-perl libhtml-format-perl libhtml-html5-entities-perl
2026-10-01T13:14:24.3542988Z   libhtml-tokeparser-simple-perl libhtml-tree-perl libhttp-cookies-perl
2026-10-01T13:14:24.3544104Z   libhttp-daemon-perl libhttp-negotiate-perl libidn12 libijs-0.35
2026-10-01T13:14:24.3545187Z   libimport-into-perl libindirect-perl libio-interactive-perl libio-pty-perl
2026-10-01T13:14:24.3546449Z   libio-socket-ssl-perl libio-string-perl libipc-run-perl libipc-run3-perl
2026-10-01T13:14:24.3547572Z   libipc-system-simple-perl libiterator-perl libiterator-util-perl
2026-10-01T13:14:24.3548558Z   libjbig2dec0 libjson-maybexs-perl liblist-compare-perl
2026-10-01T13:14:24.3549540Z   liblist-someutils-perl liblist-someutils-xs-perl liblist-utilsby-perl
2026-10-01T13:14:24.3550743Z   liblog-any-adapter-screen-perl liblog-any-perl liblwp-protocol-https-perl
2026-10-01T13:14:24.3552210Z   libmailtools-perl libmarkdown2 libmath-base85-perl libmldbm-perl
2026-10-01T13:14:24.3553399Z   libmodule-implementation-perl libmodule-runtime-perl libmoo-perl
2026-10-01T13:14:24.3554402Z   libmoox-aliases-perl libmouse-perl libnamespace-clean-perl
2026-10-01T13:14:24.3555343Z   libnet-domain-tld-perl libnet-http-perl libnet-ipv6addr-perl
2026-10-01T13:14:24.3556284Z   libnet-netmask-perl libnet-smtp-ssl-perl libnet-ssleay-perl
2026-10-01T13:14:24.3557227Z   libnetaddr-ip-perl libnumber-compare-perl libobject-pad-perl
2026-10-01T13:14:24.3558241Z   libpackage-stash-perl libpackage-stash-xs-perl libpaper-utils libpaper1
2026-10-01T13:14:24.3559336Z   libparams-classify-perl libparams-util-perl libpath-iterator-rule-perl
2026-10-01T13:14:24.3560380Z   libpath-tiny-perl libperlio-gzip-perl libperlio-utf8-strict-perl
2026-10-01T13:14:24.3561635Z   libpod-constants-perl libpod-parser-perl libqpdf29t64 libre-engine-re2-perl
2026-10-01T13:14:24.3562655Z   libregexp-pattern-license-perl libregexp-pattern-perl
2026-10-01T13:14:24.3563636Z   libregexp-wildcards-perl librole-tiny-perl libsereal-decoder-perl
2026-10-01T13:14:24.3564601Z   libsereal-encoder-perl libset-intspan-perl libsocket6-perl
2026-10-01T13:14:24.3565570Z   libsort-versions-perl libstrictures-perl libstring-copyright-perl
2026-10-01T13:14:24.3566621Z   libstring-escape-perl libstring-license-perl libstring-shellquote-perl
2026-10-01T13:14:24.3567743Z   libsub-exporter-perl libsub-exporter-progressive-perl libsub-identify-perl
2026-10-01T13:14:24.3568752Z   libsub-install-perl libsub-name-perl libsub-quote-perl
2026-10-01T13:14:24.3569727Z   libsyntax-keyword-try-perl libtext-glob-perl libtext-levenshteinxs-perl
2026-10-01T13:14:24.3570993Z   libtext-markdown-discount-perl libtext-xslate-perl libtime-duration-perl
2026-10-01T13:14:24.3572010Z   libtime-moment-perl libtry-tiny-perl libunicode-utf8-perl
2026-10-01T13:14:24.3572905Z   libvariable-magic-perl libwww-mechanize-perl libwww-perl
2026-10-01T13:14:24.3573907Z   libwww-robotrules-perl libxs-parse-keyword-perl libxs-parse-sublike-perl
2026-10-01T13:14:24.3574935Z   libyaml-libyaml-perl licensecheck lintian lzip lzop patchutils
2026-10-01T13:14:24.3575978Z   perl-openssl-defaults poppler-data python3-gpg python3-nacl python3-paramiko
2026-10-01T13:14:24.3577087Z   python3-unidiff python3-xdg qpdf t1utils wdiff xfonts-encodings xfonts-utils
2026-10-01T13:14:24.3776945Z 0 upgraded, 172 newly installed, 0 to remove and 24 not upgraded.
2026-10-01T13:14:24.3777986Z Need to get 30.9 MB of archives.
2026-10-01T13:14:24.3779312Z After this operation, 105 MB of additional disk space will be used.
2026-10-01T13:14:24.3780398Z Get:1 file:/etc/apt/apt-mirrors.txt Mirrorlist [144 B]
2026-10-01T13:14:24.5409004Z Get:2 http://azure.archive.ubuntu.com/ubuntu noble/main amd64 fonts-droid-fallback all 1:6.0.1r16-1.1build1 [1805 kB]
2026-10-01T13:14:25.3157416Z Get:3 http://azure.archive.ubuntu.com/ubuntu noble/main amd64 poppler-data all 0.4.12-1 [2060 kB]
2026-10-01T13:14:25.4987806Z Get:4 http://azure.archive.ubuntu.com/ubuntu noble/main amd64 dctrl-tools amd64 2.24-3build3 [106 kB]
2026-10-01T13:14:25.6047751Z Get:5 http://azure.archive.ubuntu.com/ubuntu noble/main amd64 libfile-dirlist-perl all 0.05-3 [7286 B]
2026-10-01T13:14:25.6754166Z Get:6 http://azure.archive.ubuntu.com/ubuntu noble/main amd64 libfile-which-perl all 1.27-2 [12.5 kB]
2026-10-01T13:14:25.7466098Z Get:7 http://azure.archive.ubuntu.com/ubuntu noble/main amd64 libfile-homedir-perl all 1.006-2 [37.0 kB]
2026-10-01T13:14:25.8177556Z Get:8 http://azure.archive.ubuntu.com/ubuntu noble/main amd64 libfile-touch-perl all 0.12-2 [7498 B]
2026-10-01T13:14:25.8889435Z Get:9 http://azure.archive.ubuntu.com/ubuntu noble/main amd64 libio-pty-perl amd64 1:1.20-1build2 [31.2 kB]
2026-10-01T13:14:25.9600075Z Get:10 http://azure.archive.ubuntu.com/ubuntu noble/main amd64 libipc-run-perl all 20231003.0-1 [92.1 kB]
2026-10-01T13:14:26.0329014Z Get:11 http://azure.archive.ubuntu.com/ubuntu noble/main amd64 libclass-method-modifiers-perl all 2.15-1 [16.1 kB]
2026-10-01T13:14:26.1053883Z Get:12 http://azure.archive.ubuntu.com/ubuntu noble/main amd64 libclass-xsaccessor-perl amd64 1.19-4build4 [33.1 kB]
2026-10-01T13:14:26.1799248Z Get:13 http://azure.archive.ubuntu.com/ubuntu noble/main amd64 libb-hooks-op-check-perl amd64 0.22-3build1 [9518 B]
2026-10-01T13:14:26.2539687Z Get:14 http://azure.archive.ubuntu.com/ubuntu noble/main amd64 libdynaloader-functions-perl all 0.003-3 [12.1 kB]
2026-10-01T13:14:26.3283528Z Get:15 http://azure.archive.ubuntu.com/ubuntu noble/main amd64 libdevel-callchecker-perl amd64 0.008-2build3 [13.2 kB]
2026-10-01T13:14:26.4025548Z Get:16 http://azure.archive.ubuntu.com/ubuntu noble/main amd64 libparams-classify-perl amd64 0.015-2build5 [20.1 kB]
2026-10-01T13:14:26.4768114Z Get:17 http://azure.archive.ubuntu.com/ubuntu noble/main amd64 libmodule-runtime-perl all 0.016-2 [16.4 kB]
2026-10-01T13:14:26.5511745Z Get:18 http://azure.archive.ubuntu.com/ubuntu noble/main amd64 libimport-into-perl all 1.002005-2 [10.7 kB]
2026-10-01T13:14:26.6256943Z Get:19 http://azure.archive.ubuntu.com/ubuntu noble/main amd64 librole-tiny-perl all 2.002004-1 [16.3 kB]
2026-10-01T13:14:26.6996744Z Get:20 http://azure.archive.ubuntu.com/ubuntu noble/main amd64 libsub-quote-perl all 2.006008-1ubuntu1 [20.7 kB]
2026-10-01T13:14:26.7737738Z Get:21 http://azure.archive.ubuntu.com/ubuntu noble/main amd64 libmoo-perl all 2.005005-1 [47.4 kB]
2026-10-01T13:14:26.8484638Z Get:22 http://azure.archive.ubuntu.com/ubuntu noble/main amd64 libfile-listing-perl all 6.16-1 [11.3 kB]
2026-10-01T13:14:26.9224055Z Get:23 http://azure.archive.ubuntu.com/ubuntu noble/main amd64 libhtml-tree-perl all 5.07-3 [200 kB]
2026-10-01T13:14:27.0736813Z Get:24 http://azure.archive.ubuntu.com/ubuntu noble/main amd64 libhttp-cookies-perl all 6.11-1 [18.2 kB]
2026-10-01T13:14:27.5104071Z Get:25 http://azure.archive.ubuntu.com/ubuntu noble/main amd64 libhttp-negotiate-perl all 6.01-2 [12.4 kB]
2026-10-01T13:14:27.5993200Z Get:26 http://azure.archive.ubuntu.com/ubuntu noble/main amd64 perl-openssl-defaults amd64 7build3 [6626 B]
2026-10-01T13:14:27.6804299Z Get:27 http://azure.archive.ubuntu.com/ubuntu noble/main amd64 libnet-ssleay-perl amd64 1.94-1build4 [316 kB]
2026-10-01T13:14:28.0303906Z Get:28 http://azure.archive.ubuntu.com/ubuntu noble/main amd64 libio-socket-ssl-perl all 2.085-1 [195 kB]
2026-10-01T13:14:28.1411654Z Get:29 http://azure.archive.ubuntu.com/ubuntu noble/main amd64 libnet-http-perl all 6.23-1 [22.3 kB]
2026-10-01T13:14:28.2196073Z Get:30 http://azure.archive.ubuntu.com/ubuntu noble/main amd64 liblwp-protocol-https-perl all 6.13-1 [9006 B]
2026-10-01T13:14:28.3009618Z Get:31 http://azure.archive.ubuntu.com/ubuntu noble/main amd64 libtry-tiny-perl all 0.31-2 [20.8 kB]
2026-10-01T13:14:28.3773186Z Get:32 http://azure.archive.ubuntu.com/ubuntu noble/main amd64 libwww-robotrules-perl all 6.02-1 [12.6 kB]
2026-10-01T13:14:28.4522456Z Get:33 http://azure.archive.ubuntu.com/ubuntu noble-updates/main amd64 libwww-perl all 6.76-1ubuntu0.1 [139 kB]
2026-10-01T13:14:28.5484426Z Get:34 http://azure.archive.ubuntu.com/ubuntu noble/main amd64 patchutils amd64 0.4.2-1build3 [77.0 kB]
2026-10-01T13:14:28.6335510Z Get:35 http://azure.archive.ubuntu.com/ubuntu noble/main amd64 wdiff amd64 1.2.2-6build1 [29.1 kB]
2026-10-01T13:14:28.7118265Z Get:36 http://azure.archive.ubuntu.com/ubuntu noble-updates/main amd64 devscripts all 2.23.7ubuntu0.2 [1048 kB]
2026-10-01T13:14:28.9406315Z Get:37 http://azure.archive.ubuntu.com/ubuntu noble/main amd64 diffstat amd64 1.66-1build1 [29.7 kB]
2026-10-01T13:14:29.0154612Z Get:38 http://azure.archive.ubuntu.com/ubuntu noble/main amd64 python3-gpg amd64 1.18.0-4.1ubuntu4 [209 kB]
2026-10-01T13:14:29.0974835Z Get:39 http://azure.archive.ubuntu.com/ubuntu noble/main amd64 python3-xdg all 0.28-2 [38.3 kB]
2026-10-01T13:14:29.1738141Z Get:40 http://azure.archive.ubuntu.com/ubuntu noble/main amd64 dput all 1.1.3ubuntu3 [46.5 kB]
2026-10-01T13:14:29.2487769Z Get:41 http://azure.archive.ubuntu.com/ubuntu noble/main amd64 fonts-noto-mono all 20201225-2 [435 kB]
2026-10-01T13:14:29.3423968Z Get:42 http://azure.archive.ubuntu.com/ubuntu noble/main amd64 xfonts-encodings all 1:1.0.5-0ubuntu2 [578 kB]
2026-10-01T13:14:29.4490286Z Get:43 http://azure.archive.ubuntu.com/ubuntu noble/main amd64 xfonts-utils amd64 1:7.7+6build3 [94.4 kB]
2026-10-01T13:14:29.5268054Z Get:44 http://azure.archive.ubuntu.com/ubuntu noble/main amd64 fonts-urw-base35 all 20200910-8 [11.0 MB]
2026-10-01T13:14:29.9225054Z Get:45 http://azure.archive.ubuntu.com/ubuntu noble/universe amd64 gdebi-core all 0.9.5.7+nmu7 [132 kB]
2026-10-01T13:14:29.9977161Z Get:46 http://azure.archive.ubuntu.com/ubuntu noble/main amd64 gettext amd64 0.21-14ubuntu2 [864 kB]
2026-10-01T13:14:30.0795264Z Get:47 http://azure.archive.ubuntu.com/ubuntu noble-updates/main amd64 libgs-common all 10.02.1~dfsg1-0ubuntu7.9 [176 kB]
2026-10-01T13:14:30.1548446Z Get:48 http://azure.archive.ubuntu.com/ubuntu noble-updates/main amd64 libgs10-common all 10.02.1~dfsg1-0ubuntu7.9 [488 kB]
2026-10-01T13:14:30.2337831Z Get:49 http://azure.archive.ubuntu.com/ubuntu noble-updates/main amd64 libidn12 amd64 1.42-1ubuntu0.1 [56.1 kB]
2026-10-01T13:14:30.3084441Z Get:50 http://azure.archive.ubuntu.com/ubuntu noble/main amd64 libijs-0.35 amd64 0.35-15.1build1 [15.3 kB]
2026-10-01T13:14:30.3824301Z Get:51 http://azure.archive.ubuntu.com/ubuntu noble-updates/main amd64 libjbig2dec0 amd64 0.20-1ubuntu0.24.04.1 [65.2 kB]
2026-10-01T13:14:30.4583084Z Get:52 http://azure.archive.ubuntu.com/ubuntu noble/main amd64 libpaper1 amd64 1.1.29build1 [13.4 kB]
2026-10-01T13:14:30.5332569Z Get:53 http://azure.archive.ubuntu.com/ubuntu noble-updates/main amd64 libgs10 amd64 10.02.1~dfsg1-0ubuntu7.9 [3898 kB]
2026-10-01T13:14:30.6862407Z Get:54 http://azure.archive.ubuntu.com/ubuntu noble-updates/main amd64 ghostscript amd64 10.02.1~dfsg1-0ubuntu7.9 [43.4 kB]
2026-10-01T13:14:30.7617862Z Get:55 http://azure.archive.ubuntu.com/ubuntu noble/main amd64 intltool-debian all 0.35.0+20060710.6 [23.2 kB]
2026-10-01T13:14:30.8373641Z Get:56 http://azure.archive.ubuntu.com/ubuntu noble/main amd64 libaliased-perl all 0.34-3 [12.8 kB]
2026-10-01T13:14:30.9133903Z Get:57 http://azure.archive.ubuntu.com/ubuntu noble/main amd64 libapt-pkg-perl amd64 0.1.40build7 [68.4 kB]
2026-10-01T13:14:30.9892807Z Get:58 http://azure.archive.ubuntu.com/ubuntu noble/main amd64 libarchive-zip-perl all 1.68-1 [90.2 kB]
2026-10-01T13:14:31.0639659Z Get:59 http://azure.archive.ubuntu.com/ubuntu noble/main amd64 libarray-intspan-perl all 2.004-2 [25.0 kB]
2026-10-01T13:14:31.1399864Z Get:60 http://azure.archive.ubuntu.com/ubuntu noble/main amd64 libmodule-implementation-perl all 0.09-2 [12.0 kB]
2026-10-01T13:14:31.2157053Z Get:61 http://azure.archive.ubuntu.com/ubuntu noble/main amd64 libsub-exporter-progressive-perl all 0.001013-3 [6718 B]
2026-10-01T13:14:31.2896291Z Get:62 http://azure.archive.ubuntu.com/ubuntu noble/main amd64 libvariable-magic-perl amd64 0.63-1build3 [35.1 kB]
2026-10-01T13:14:31.3672328Z Get:63 http://azure.archive.ubuntu.com/ubuntu noble/main amd64 libb-hooks-endofscope-perl all 0.28-1 [15.8 kB]
2026-10-01T13:14:31.4422006Z Get:64 http://azure.archive.ubuntu.com/ubuntu noble/main amd64 libberkeleydb-perl amd64 0.64-2build4 [120 kB]
2026-10-01T13:14:31.5173286Z Get:65 http://azure.archive.ubuntu.com/ubuntu noble/main amd64 libcapture-tiny-perl all 0.48-2 [20.2 kB]
2026-10-01T13:14:31.5914063Z Get:66 http://azure.archive.ubuntu.com/ubuntu noble/main amd64 libclass-data-inheritable-perl all 0.08-3 [8084 B]
2026-10-01T13:14:31.6647731Z Get:67 http://azure.archive.ubuntu.com/ubuntu noble/main amd64 libconfig-tiny-perl all 2.30-1 [14.7 kB]
2026-10-01T13:14:31.7391300Z Get:68 http://azure.archive.ubuntu.com/ubuntu noble/main amd64 libparams-util-perl amd64 1.102-2build3 [21.2 kB]
2026-10-01T13:14:31.8131102Z Get:69 http://azure.archive.ubuntu.com/ubuntu noble/main amd64 libsub-install-perl all 0.929-1 [9764 B]
2026-10-01T13:14:31.8840306Z Get:70 http://azure.archive.ubuntu.com/ubuntu noble/main amd64 libdata-optlist-perl all 0.114-1 [9708 B]
2026-10-01T13:14:31.9548321Z Get:71 http://azure.archive.ubuntu.com/ubuntu noble/main amd64 libsub-exporter-perl all 0.990-1 [49.0 kB]
2026-10-01T13:14:32.0258479Z Get:72 http://azure.archive.ubuntu.com/ubuntu noble/main amd64 libconst-fast-perl all 0.014-2 [8034 B]
2026-10-01T13:14:32.0966725Z Get:73 http://azure.archive.ubuntu.com/ubuntu noble-updates/main amd64 libcpanel-json-xs-perl amd64 4.37-1ubuntu0.1 [114 kB]
2026-10-01T13:14:32.1691413Z Get:74 http://azure.archive.ubuntu.com/ubuntu noble/main amd64 libdevel-stacktrace-perl all 2.0500-1 [22.1 kB]
2026-10-01T13:14:32.2403253Z Get:75 http://azure.archive.ubuntu.com/ubuntu noble/main amd64 libexception-class-perl all 1.45-1 [28.6 kB]
2026-10-01T13:14:32.3113083Z Get:76 http://azure.archive.ubuntu.com/ubuntu noble/main amd64 libiterator-perl all 0.03+ds1-2 [18.8 kB]
2026-10-01T13:14:32.3819846Z Get:77 http://azure.archive.ubuntu.com/ubuntu noble/main amd64 libiterator-util-perl all 0.02+ds1-2 [14.1 kB]
2026-10-01T13:14:32.4531686Z Get:78 http://azure.archive.ubuntu.com/ubuntu noble/main amd64 libdata-dpath-perl all 0.59-1 [39.2 kB]
2026-10-01T13:14:32.5243314Z Get:79 http://azure.archive.ubuntu.com/ubuntu noble/main amd64 libdata-dump-perl all 1.25-1 [25.9 kB]
2026-10-01T13:14:32.5955801Z Get:80 http://azure.archive.ubuntu.com/ubuntu noble/main amd64 libdata-messagepack-perl amd64 1.02-1build4 [31.1 kB]
2026-10-01T13:14:32.6662093Z Get:81 http://azure.archive.ubuntu.com/ubuntu noble/main amd64 libnet-domain-tld-perl all 1.75-3 [29.4 kB]
2026-10-01T13:14:32.7374290Z Get:82 http://azure.archive.ubuntu.com/ubuntu noble/main amd64 libdata-validate-domain-perl all 0.10-1.1 [9992 B]
2026-10-01T13:14:32.8082796Z Get:83 http://azure.archive.ubuntu.com/ubuntu noble/main amd64 libnet-ipv6addr-perl all 1.02-1 [21.0 kB]
2026-10-01T13:14:32.8793966Z Get:84 http://azure.archive.ubuntu.com/ubuntu noble/main amd64 libnet-netmask-perl all 2.0002-2 [24.8 kB]
2026-10-01T13:14:32.9505222Z Get:85 http://azure.archive.ubuntu.com/ubuntu noble/main amd64 libnetaddr-ip-perl amd64 4.079+dfsg-2build4 [79.9 kB]
2026-10-01T13:14:33.0262276Z Get:86 http://azure.archive.ubuntu.com/ubuntu noble/main amd64 libdata-validate-ip-perl all 0.31-1 [17.2 kB]
2026-10-01T13:14:33.0994320Z Get:87 http://azure.archive.ubuntu.com/ubuntu noble/main amd64 libdata-validate-uri-perl all 0.07-3 [10.8 kB]
2026-10-01T13:14:33.1755277Z Get:88 http://azure.archive.ubuntu.com/ubuntu noble/main amd64 libdistro-info-perl all 1.7build1 [5616 B]
2026-10-01T13:14:33.2528728Z Get:89 http://azure.archive.ubuntu.com/ubuntu noble/main amd64 libemail-address-xs-perl amd64 1.05-1build4 [29.1 kB]
2026-10-01T13:14:33.3277634Z Get:90 http://azure.archive.ubuntu.com/ubuntu noble/main amd64 libexporter-tiny-perl all 1.006002-1 [36.8 kB]
2026-10-01T13:14:33.4018512Z Get:91 http://azure.archive.ubuntu.com/ubuntu noble/main amd64 libipc-system-simple-perl all 1.30-2 [22.3 kB]
2026-10-01T13:14:33.4760096Z Get:92 http://azure.archive.ubuntu.com/ubuntu noble/main amd64 libfile-basedir-perl all 0.09-2 [14.4 kB]
2026-10-01T13:14:33.5498851Z Get:93 http://azure.archive.ubuntu.com/ubuntu noble/main amd64 libfile-chdir-perl all 0.1008-1.1 [10.6 kB]
2026-10-01T13:14:33.6243540Z Get:94 http://azure.archive.ubuntu.com/ubuntu noble/main amd64 libnumber-compare-perl all 0.03-3 [5974 B]
2026-10-01T13:14:33.6983001Z Get:95 http://azure.archive.ubuntu.com/ubuntu noble/main amd64 libtext-glob-perl all 0.11-3 [6780 B]
2026-10-01T13:14:33.7720414Z Get:96 http://azure.archive.ubuntu.com/ubuntu noble-updates/main amd64 libfile-find-rule-perl all 0.34-3ubuntu0.24.04.1 [23.8 kB]
2026-10-01T13:14:33.8462334Z Get:97 http://azure.archive.ubuntu.com/ubuntu noble/main amd64 libfont-afm-perl all 1.20-4 [13.0 kB]
2026-10-01T13:14:33.9198673Z Get:98 http://azure.archive.ubuntu.com/ubuntu noble/main amd64 libio-string-perl all 1.08-4 [11.1 kB]
2026-10-01T13:14:33.9942693Z Get:99 http://azure.archive.ubuntu.com/ubuntu noble/main amd64 libfont-ttf-perl all 1.06-2 [323 kB]
2026-10-01T13:14:34.0749007Z Get:100 http://azure.archive.ubuntu.com/ubuntu noble/main amd64 libfreezethaw-perl all 0.5001-3 [14.6 kB]
2026-10-01T13:14:34.1488092Z Get:101 http://azure.archive.ubuntu.com/ubuntu noble/main amd64 libsort-versions-perl all 1.62-3 [7378 B]
2026-10-01T13:14:34.2231521Z Get:102 http://azure.archive.ubuntu.com/ubuntu noble/main amd64 libgit-wrapper-perl all 0.048-2 [29.5 kB]
2026-10-01T13:14:34.2975731Z Get:103 http://azure.archive.ubuntu.com/ubuntu noble/main amd64 libhtml-form-perl all 6.11-1 [32.1 kB]
2026-10-01T13:14:34.3715017Z Get:104 http://azure.archive.ubuntu.com/ubuntu noble/main amd64 libhtml-format-perl all 2.16-2 [36.9 kB]
2026-10-01T13:14:34.4447314Z Get:105 http://azure.archive.ubuntu.com/ubuntu noble/main amd64 libhtml-html5-entities-perl all 0.004-3 [21.6 kB]
2026-10-01T13:14:34.5178868Z Get:106 http://azure.archive.ubuntu.com/ubuntu noble/main amd64 libhtml-tokeparser-simple-perl all 3.16-4 [38.0 kB]
2026-10-01T13:14:34.5949816Z Get:107 http://azure.archive.ubuntu.com/ubuntu noble-updates/main amd64 libhttp-daemon-perl all 6.16-1ubuntu0.24.04.1 [22.8 kB]
2026-10-01T13:14:34.6680454Z Get:108 http://azure.archive.ubuntu.com/ubuntu noble/main amd64 libindirect-perl amd64 0.39-2build4 [22.1 kB]
2026-10-01T13:14:34.7407419Z Get:109 http://azure.archive.ubuntu.com/ubuntu noble/main amd64 libio-interactive-perl all 1.025-1 [10.4 kB]
2026-10-01T13:14:34.8135771Z Get:110 http://azure.archive.ubuntu.com/ubuntu noble/main amd64 libjson-maybexs-perl all 1.004005-1 [11.3 kB]
2026-10-01T13:14:34.8869102Z Get:111 http://azure.archive.ubuntu.com/ubuntu noble/main amd64 liblist-compare-perl all 0.55-2 [62.9 kB]
2026-10-01T13:14:34.9720573Z Get:112 http://azure.archive.ubuntu.com/ubuntu noble/main amd64 liblist-someutils-perl all 0.59-1 [30.4 kB]
2026-10-01T13:14:35.0455575Z Get:113 http://azure.archive.ubuntu.com/ubuntu noble/main amd64 liblist-someutils-xs-perl amd64 0.58-3build4 [35.0 kB]
2026-10-01T13:14:35.1186341Z Get:114 http://azure.archive.ubuntu.com/ubuntu noble/main amd64 liblist-utilsby-perl all 0.12-2 [14.9 kB]
2026-10-01T13:14:35.1898510Z Get:115 http://azure.archive.ubuntu.com/ubuntu noble/main amd64 liblog-any-perl all 1.717-1 [73.2 kB]
2026-10-01T13:14:35.2605983Z Get:116 http://azure.archive.ubuntu.com/ubuntu noble/main amd64 liblog-any-adapter-screen-perl all 0.140-2 [12.4 kB]
2026-10-01T13:14:35.3326548Z Get:117 http://azure.archive.ubuntu.com/ubuntu noble/main amd64 libnet-smtp-ssl-perl all 1.04-2 [6218 B]
2026-10-01T13:14:35.4034670Z Get:118 http://azure.archive.ubuntu.com/ubuntu noble/main amd64 libmailtools-perl all 2.21-2 [80.4 kB]
2026-10-01T13:14:35.4794779Z Get:119 http://azure.archive.ubuntu.com/ubuntu noble/main amd64 libmarkdown2 amd64 2.2.7-2build1 [37.5 kB]
2026-10-01T13:14:35.5531559Z Get:120 http://azure.archive.ubuntu.com/ubuntu noble/main amd64 libmath-base85-perl all 0.5+dfsg-2 [6124 B]
2026-10-01T13:14:35.6302123Z Get:121 http://azure.archive.ubuntu.com/ubuntu noble/main amd64 libmldbm-perl all 2.05-4 [16.0 kB]
2026-10-01T13:14:35.7045363Z Get:122 http://azure.archive.ubuntu.com/ubuntu noble/main amd64 libstrictures-perl all 2.000006-1 [16.3 kB]
2026-10-01T13:14:35.7785186Z Get:123 http://azure.archive.ubuntu.com/ubuntu noble/main amd64 libmoox-aliases-perl all 0.001006-2 [6796 B]
2026-10-01T13:14:35.8524196Z Get:124 http://azure.archive.ubuntu.com/ubuntu noble/main amd64 libmouse-perl amd64 2.5.10-1build8 [133 kB]
2026-10-01T13:14:35.9290655Z Get:125 http://azure.archive.ubuntu.com/ubuntu noble/main amd64 libpackage-stash-perl all 0.40-1 [19.5 kB]
2026-10-01T13:14:36.0055092Z Get:126 http://azure.archive.ubuntu.com/ubuntu noble/main amd64 libsub-identify-perl amd64 0.14-3build3 [9786 B]
2026-10-01T13:14:36.0796266Z Get:127 http://azure.archive.ubuntu.com/ubuntu noble/main amd64 libsub-name-perl amd64 0.27-1build3 [10.8 kB]
2026-10-01T13:14:36.1534395Z Get:128 http://azure.archive.ubuntu.com/ubuntu noble/main amd64 libnamespace-clean-perl all 0.27-2 [14.0 kB]
2026-10-01T13:14:36.2290312Z Get:129 http://azure.archive.ubuntu.com/ubuntu noble/main amd64 libxs-parse-keyword-perl amd64 0.39-1build3 [54.7 kB]
2026-10-01T13:14:36.3035743Z Get:130 http://azure.archive.ubuntu.com/ubuntu noble/main amd64 libxs-parse-sublike-perl amd64 0.21-2build3 [39.9 kB]
2026-10-01T13:14:36.3784790Z Get:131 http://azure.archive.ubuntu.com/ubuntu noble/main amd64 libobject-pad-perl amd64 0.808-1build3 [108 kB]
2026-10-01T13:14:36.4540407Z Get:132 http://azure.archive.ubuntu.com/ubuntu noble/main amd64 libpackage-stash-xs-perl amd64 0.30-1build4 [18.7 kB]
2026-10-01T13:14:36.5283200Z Get:133 http://azure.archive.ubuntu.com/ubuntu noble/main amd64 libpaper-utils amd64 1.1.29build1 [8650 B]
2026-10-01T13:14:36.6030119Z Get:134 http://azure.archive.ubuntu.com/ubuntu noble/main amd64 libpath-iterator-rule-perl all 1.015-2 [39.9 kB]
2026-10-01T13:14:36.6775341Z Get:135 http://azure.archive.ubuntu.com/ubuntu noble/main amd64 libpath-tiny-perl all 0.144-1 [47.7 kB]
2026-10-01T13:14:36.7523927Z Get:136 http://azure.archive.ubuntu.com/ubuntu noble/main amd64 libperlio-gzip-perl amd64 0.20-1build4 [14.6 kB]
2026-10-01T13:14:36.8317771Z Get:137 http://azure.archive.ubuntu.com/ubuntu noble/main amd64 libperlio-utf8-strict-perl amd64 0.010-1build3 [11.1 kB]
2026-10-01T13:14:36.9062008Z Get:138 http://azure.archive.ubuntu.com/ubuntu noble/main amd64 libpod-parser-perl all 1.67-1 [80.6 kB]
2026-10-01T13:14:36.9818433Z Get:139 http://azure.archive.ubuntu.com/ubuntu noble/main amd64 libpod-constants-perl all 0.19-2 [16.3 kB]
2026-10-01T13:14:37.0561200Z Get:140 http://azure.archive.ubuntu.com/ubuntu noble-updates/main amd64 libqpdf29t64 amd64 11.9.0-1.1ubuntu0.1 [798 kB]
2026-10-01T13:14:37.1489654Z Get:141 http://azure.archive.ubuntu.com/ubuntu noble/main amd64 libre-engine-re2-perl amd64 0.18+ds-1build3 [18.6 kB]
2026-10-01T13:14:37.2232833Z Get:142 http://azure.archive.ubuntu.com/ubuntu noble/main amd64 libregexp-pattern-license-perl all 3.11.0-1 [85.8 kB]
2026-10-01T13:14:37.2987317Z Get:143 http://azure.archive.ubuntu.com/ubuntu noble/main amd64 libregexp-pattern-perl all 0.2.14-2 [17.6 kB]
2026-10-01T13:14:37.3746752Z Get:144 http://azure.archive.ubuntu.com/ubuntu noble/main amd64 libregexp-wildcards-perl all 1.05-3 [12.9 kB]
2026-10-01T13:14:37.4487503Z Get:145 http://azure.archive.ubuntu.com/ubuntu noble/main amd64 libsereal-decoder-perl amd64 5.004+ds-1build3 [99.5 kB]
2026-10-01T13:14:37.5246346Z Get:146 http://azure.archive.ubuntu.com/ubuntu noble/main amd64 libsereal-encoder-perl amd64 5.004+ds-1build3 [103 kB]
2026-10-01T13:14:37.6003511Z Get:147 http://azure.archive.ubuntu.com/ubuntu noble/main amd64 libset-intspan-perl all 1.19-3 [24.8 kB]
2026-10-01T13:14:37.6749054Z Get:148 http://azure.archive.ubuntu.com/ubuntu noble/main amd64 libsocket6-perl amd64 0.29-3build3 [17.5 kB]
2026-10-01T13:14:37.7486883Z Get:149 http://azure.archive.ubuntu.com/ubuntu noble/main amd64 libstring-copyright-perl all 0.003014-1 [20.5 kB]
2026-10-01T13:14:37.8226357Z Get:150 http://azure.archive.ubuntu.com/ubuntu noble/main amd64 libstring-escape-perl all 2010.002-3 [16.1 kB]
2026-10-01T13:14:37.8968646Z Get:151 http://azure.archive.ubuntu.com/ubuntu noble/main amd64 libstring-license-perl all 0.0.9-2ubuntu1 [35.0 kB]
2026-10-01T13:14:37.9705009Z Get:152 http://azure.archive.ubuntu.com/ubuntu noble/main amd64 libstring-shellquote-perl all 1.04-3 [11.3 kB]
2026-10-01T13:14:38.0455327Z Get:153 http://azure.archive.ubuntu.com/ubuntu noble/main amd64 libsyntax-keyword-try-perl amd64 0.29-1build3 [24.3 kB]
2026-10-01T13:14:38.1244321Z Get:154 http://azure.archive.ubuntu.com/ubuntu noble/main amd64 libtext-levenshteinxs-perl amd64 0.03-5build4 [7966 B]
2026-10-01T13:14:38.1975732Z Get:155 http://azure.archive.ubuntu.com/ubuntu noble/main amd64 libtext-markdown-discount-perl amd64 0.16-1build3 [12.1 kB]
2026-10-01T13:14:38.2710404Z Get:156 http://azure.archive.ubuntu.com/ubuntu noble/main amd64 libtext-xslate-perl amd64 3.5.9-1build5 [161 kB]
2026-10-01T13:14:38.3473524Z Get:157 http://azure.archive.ubuntu.com/ubuntu noble/main amd64 libtime-duration-perl all 1.21-2 [12.3 kB]
2026-10-01T13:14:38.4207481Z Get:158 http://azure.archive.ubuntu.com/ubuntu noble/main amd64 libtime-moment-perl amd64 0.44-2build4 [70.9 kB]
2026-10-01T13:14:38.4946309Z Get:159 http://azure.archive.ubuntu.com/ubuntu noble/main amd64 libunicode-utf8-perl amd64 0.62-2build3 [18.1 kB]
2026-10-01T13:14:38.5682598Z Get:160 http://azure.archive.ubuntu.com/ubuntu noble/main amd64 libwww-mechanize-perl all 2.18-1ubuntu1 [93.1 kB]
2026-10-01T13:14:38.6433412Z Get:161 http://azure.archive.ubuntu.com/ubuntu noble-updates/main amd64 libyaml-libyaml-perl amd64 0.89+ds-1ubuntu0.24.04.1 [30.7 kB]
2026-10-01T13:14:38.7174648Z Get:162 http://azure.archive.ubuntu.com/ubuntu noble/main amd64 licensecheck all 3.3.9-1ubuntu1 [37.7 kB]
2026-10-01T13:14:38.7907734Z Get:163 http://azure.archive.ubuntu.com/ubuntu noble/main amd64 libdevel-size-perl amd64 0.83-2build4 [19.6 kB]
2026-10-01T13:14:38.8638213Z Get:164 http://azure.archive.ubuntu.com/ubuntu noble/main amd64 libipc-run3-perl all 0.049-1 [28.8 kB]
2026-10-01T13:14:38.9372658Z Get:165 http://azure.archive.ubuntu.com/ubuntu noble/main amd64 lzip amd64 1.24.1-1build1 [83.1 kB]
2026-10-01T13:14:39.0143324Z Get:166 http://azure.archive.ubuntu.com/ubuntu noble/main amd64 lzop amd64 1.04-2build3 [82.2 kB]
2026-10-01T13:14:39.0883633Z Get:167 http://azure.archive.ubuntu.com/ubuntu noble/main amd64 t1utils amd64 1.41-4build3 [61.3 kB]
2026-10-01T13:14:39.1622329Z Get:168 http://azure.archive.ubuntu.com/ubuntu noble-updates/main amd64 lintian all 2.117.0ubuntu1.5 [1063 kB]
2026-10-01T13:14:39.3292057Z Get:169 http://azure.archive.ubuntu.com/ubuntu noble/main amd64 python3-nacl amd64 1.5.0-4build1 [57.9 kB]
2026-10-01T13:14:39.4203194Z Get:170 http://azure.archive.ubuntu.com/ubuntu noble-updates/main amd64 python3-paramiko all 2.12.0-2ubuntu4.1 [137 kB]
2026-10-01T13:14:39.5377233Z Get:171 http://azure.archive.ubuntu.com/ubuntu noble/main amd64 python3-unidiff all 0.7.3-1 [11.0 kB]
2026-10-01T13:14:39.6133868Z Get:172 http://azure.archive.ubuntu.com/ubuntu noble-updates/universe amd64 qpdf amd64 11.9.0-1.1ubuntu0.1 [86.6 kB]
2026-10-01T13:14:39.7142167Z Get:173 http://azure.archive.ubuntu.com/ubuntu noble-updates/main amd64 libauthen-sasl-perl all 2.1700-1ubuntu0.1 [40.8 kB]
2026-10-01T13:14:40.0902431Z Preconfiguring packages ...
2026-10-01T13:14:40.1662372Z Fetched 30.9 MB in 15s (2009 kB/s)
2026-10-01T13:14:40.1958671Z Selecting previously unselected package fonts-droid-fallback.
2026-10-01T13:14:40.2259874Z (Reading database ... 
2026-10-01T13:14:40.2262643Z (Reading database ... 5%
2026-10-01T13:14:40.2263341Z (Reading database ... 10%
2026-10-01T13:14:40.2263738Z (Reading database ... 15%
2026-10-01T13:14:40.2264137Z (Reading database ... 20%
2026-10-01T13:14:40.2264905Z (Reading database ... 25%
2026-10-01T13:14:40.2265718Z (Reading database ... 30%
2026-10-01T13:14:40.2266170Z (Reading database ... 35%
2026-10-01T13:14:40.2266578Z (Reading database ... 40%
2026-10-01T13:14:40.2266958Z (Reading database ... 45%
2026-10-01T13:14:40.2267352Z (Reading database ... 50%
2026-10-01T13:14:40.2303367Z (Reading database ... 55%
2026-10-01T13:14:40.3745505Z (Reading database ... 60%
2026-10-01T13:14:40.5826408Z (Reading database ... 65%
2026-10-01T13:14:40.7834792Z (Reading database ... 70%
2026-10-01T13:14:40.9332399Z (Reading database ... 75%
2026-10-01T13:14:41.0837987Z (Reading database ... 80%
2026-10-01T13:14:41.2269584Z (Reading database ... 85%
2026-10-01T13:14:41.3779308Z (Reading database ... 90%
2026-10-01T13:14:41.4912318Z (Reading database ... 95%
2026-10-01T13:14:41.4913293Z (Reading database ... 100%
2026-10-01T13:14:41.4931138Z (Reading database ... 202296 files and directories currently installed.)
2026-10-01T13:14:41.4965007Z Preparing to unpack .../000-fonts-droid-fallback_1%3a6.0.1r16-1.1build1_all.deb ...
2026-10-01T13:14:41.5189767Z Unpacking fonts-droid-fallback (1:6.0.1r16-1.1build1) ...
2026-10-01T13:14:41.6672710Z Selecting previously unselected package poppler-data.
2026-10-01T13:14:41.6805627Z Preparing to unpack .../001-poppler-data_0.4.12-1_all.deb ...
2026-10-01T13:14:41.6818758Z Unpacking poppler-data (0.4.12-1) ...
2026-10-01T13:14:41.8138891Z Selecting previously unselected package dctrl-tools.
2026-10-01T13:14:41.8275541Z Preparing to unpack .../002-dctrl-tools_2.24-3build3_amd64.deb ...
2026-10-01T13:14:41.8340138Z Unpacking dctrl-tools (2.24-3build3) ...
2026-10-01T13:14:41.8676337Z Selecting previously unselected package libfile-dirlist-perl.
2026-10-01T13:14:41.8808734Z Preparing to unpack .../003-libfile-dirlist-perl_0.05-3_all.deb ...
2026-10-01T13:14:41.8822083Z Unpacking libfile-dirlist-perl (0.05-3) ...
2026-10-01T13:14:41.9031854Z Selecting previously unselected package libfile-which-perl.
2026-10-01T13:14:41.9151979Z Preparing to unpack .../004-libfile-which-perl_1.27-2_all.deb ...
2026-10-01T13:14:41.9161426Z Unpacking libfile-which-perl (1.27-2) ...
2026-10-01T13:14:41.9371910Z Selecting previously unselected package libfile-homedir-perl.
2026-10-01T13:14:41.9497183Z Preparing to unpack .../005-libfile-homedir-perl_1.006-2_all.deb ...
2026-10-01T13:14:41.9505041Z Unpacking libfile-homedir-perl (1.006-2) ...
2026-10-01T13:14:41.9772203Z Selecting previously unselected package libfile-touch-perl.
2026-10-01T13:14:41.9898218Z Preparing to unpack .../006-libfile-touch-perl_0.12-2_all.deb ...
2026-10-01T13:14:41.9907162Z Unpacking libfile-touch-perl (0.12-2) ...
2026-10-01T13:14:42.0108348Z Selecting previously unselected package libio-pty-perl.
2026-10-01T13:14:42.0243260Z Preparing to unpack .../007-libio-pty-perl_1%3a1.20-1build2_amd64.deb ...
2026-10-01T13:14:42.0252519Z Unpacking libio-pty-perl (1:1.20-1build2) ...
2026-10-01T13:14:42.0467018Z Selecting previously unselected package libipc-run-perl.
2026-10-01T13:14:42.0600400Z Preparing to unpack .../008-libipc-run-perl_20231003.0-1_all.deb ...
2026-10-01T13:14:42.0611368Z Unpacking libipc-run-perl (20231003.0-1) ...
2026-10-01T13:14:42.0857014Z Selecting previously unselected package libclass-method-modifiers-perl.
2026-10-01T13:14:42.0992490Z Preparing to unpack .../009-libclass-method-modifiers-perl_2.15-1_all.deb ...
2026-10-01T13:14:42.1003505Z Unpacking libclass-method-modifiers-perl (2.15-1) ...
2026-10-01T13:14:42.1242204Z Selecting previously unselected package libclass-xsaccessor-perl.
2026-10-01T13:14:42.1366173Z Preparing to unpack .../010-libclass-xsaccessor-perl_1.19-4build4_amd64.deb ...
2026-10-01T13:14:42.1377380Z Unpacking libclass-xsaccessor-perl (1.19-4build4) ...
2026-10-01T13:14:42.1593454Z Selecting previously unselected package libb-hooks-op-check-perl:amd64.
2026-10-01T13:14:42.1719459Z Preparing to unpack .../011-libb-hooks-op-check-perl_0.22-3build1_amd64.deb ...
2026-10-01T13:14:42.1727726Z Unpacking libb-hooks-op-check-perl:amd64 (0.22-3build1) ...
2026-10-01T13:14:42.1952518Z Selecting previously unselected package libdynaloader-functions-perl.
2026-10-01T13:14:42.2064721Z Preparing to unpack .../012-libdynaloader-functions-perl_0.003-3_all.deb ...
2026-10-01T13:14:42.2073079Z Unpacking libdynaloader-functions-perl (0.003-3) ...
2026-10-01T13:14:42.2268558Z Selecting previously unselected package libdevel-callchecker-perl:amd64.
2026-10-01T13:14:42.2399938Z Preparing to unpack .../013-libdevel-callchecker-perl_0.008-2build3_amd64.deb ...
2026-10-01T13:14:42.2413650Z Unpacking libdevel-callchecker-perl:amd64 (0.008-2build3) ...
2026-10-01T13:14:42.2612288Z Selecting previously unselected package libparams-classify-perl:amd64.
2026-10-01T13:14:42.2745499Z Preparing to unpack .../014-libparams-classify-perl_0.015-2build5_amd64.deb ...
2026-10-01T13:14:42.2760057Z Unpacking libparams-classify-perl:amd64 (0.015-2build5) ...
2026-10-01T13:14:42.2981679Z Selecting previously unselected package libmodule-runtime-perl.
2026-10-01T13:14:42.3093426Z Preparing to unpack .../015-libmodule-runtime-perl_0.016-2_all.deb ...
2026-10-01T13:14:42.3101959Z Unpacking libmodule-runtime-perl (0.016-2) ...
2026-10-01T13:14:42.3296413Z Selecting previously unselected package libimport-into-perl.
2026-10-01T13:14:42.3427489Z Preparing to unpack .../016-libimport-into-perl_1.002005-2_all.deb ...
2026-10-01T13:14:42.3441538Z Unpacking libimport-into-perl (1.002005-2) ...
2026-10-01T13:14:42.3651992Z Selecting previously unselected package librole-tiny-perl.
2026-10-01T13:14:42.3765290Z Preparing to unpack .../017-librole-tiny-perl_2.002004-1_all.deb ...
2026-10-01T13:14:42.3771760Z Unpacking librole-tiny-perl (2.002004-1) ...
2026-10-01T13:14:42.3982734Z Selecting previously unselected package libsub-quote-perl.
2026-10-01T13:14:42.4112357Z Preparing to unpack .../018-libsub-quote-perl_2.006008-1ubuntu1_all.deb ...
2026-10-01T13:14:42.4122408Z Unpacking libsub-quote-perl (2.006008-1ubuntu1) ...
2026-10-01T13:14:42.4320528Z Selecting previously unselected package libmoo-perl.
2026-10-01T13:14:42.4455037Z Preparing to unpack .../019-libmoo-perl_2.005005-1_all.deb ...
2026-10-01T13:14:42.4465767Z Unpacking libmoo-perl (2.005005-1) ...
2026-10-01T13:14:42.4711821Z Selecting previously unselected package libfile-listing-perl.
2026-10-01T13:14:42.4827959Z Preparing to unpack .../020-libfile-listing-perl_6.16-1_all.deb ...
2026-10-01T13:14:42.4841749Z Unpacking libfile-listing-perl (6.16-1) ...
2026-10-01T13:14:42.5046421Z Selecting previously unselected package libhtml-tree-perl.
2026-10-01T13:14:42.5176908Z Preparing to unpack .../021-libhtml-tree-perl_5.07-3_all.deb ...
2026-10-01T13:14:42.5183350Z Unpacking libhtml-tree-perl (5.07-3) ...
2026-10-01T13:14:42.5503972Z Selecting previously unselected package libhttp-cookies-perl.
2026-10-01T13:14:42.5633387Z Preparing to unpack .../022-libhttp-cookies-perl_6.11-1_all.deb ...
2026-10-01T13:14:42.5641913Z Unpacking libhttp-cookies-perl (6.11-1) ...
2026-10-01T13:14:42.5842530Z Selecting previously unselected package libhttp-negotiate-perl.
2026-10-01T13:14:42.5971680Z Preparing to unpack .../023-libhttp-negotiate-perl_6.01-2_all.deb ...
2026-10-01T13:14:42.5982397Z Unpacking libhttp-negotiate-perl (6.01-2) ...
2026-10-01T13:14:42.6179764Z Selecting previously unselected package perl-openssl-defaults:amd64.
2026-10-01T13:14:42.6307329Z Preparing to unpack .../024-perl-openssl-defaults_7build3_amd64.deb ...
2026-10-01T13:14:42.6316632Z Unpacking perl-openssl-defaults:amd64 (7build3) ...
2026-10-01T13:14:42.6535357Z Selecting previously unselected package libnet-ssleay-perl:amd64.
2026-10-01T13:14:42.6664731Z Preparing to unpack .../025-libnet-ssleay-perl_1.94-1build4_amd64.deb ...
2026-10-01T13:14:42.6672996Z Unpacking libnet-ssleay-perl:amd64 (1.94-1build4) ...
2026-10-01T13:14:42.7112414Z Selecting previously unselected package libio-socket-ssl-perl.
2026-10-01T13:14:42.7226991Z Preparing to unpack .../026-libio-socket-ssl-perl_2.085-1_all.deb ...
2026-10-01T13:14:42.7246376Z Unpacking libio-socket-ssl-perl (2.085-1) ...
2026-10-01T13:14:42.7492554Z Selecting previously unselected package libnet-http-perl.
2026-10-01T13:14:42.7617065Z Preparing to unpack .../027-libnet-http-perl_6.23-1_all.deb ...
2026-10-01T13:14:42.7623828Z Unpacking libnet-http-perl (6.23-1) ...
2026-10-01T13:14:42.7882205Z Selecting previously unselected package liblwp-protocol-https-perl.
2026-10-01T13:14:42.8010044Z Preparing to unpack .../028-liblwp-protocol-https-perl_6.13-1_all.deb ...
2026-10-01T13:14:42.8021636Z Unpacking liblwp-protocol-https-perl (6.13-1) ...
2026-10-01T13:14:42.8886099Z Selecting previously unselected package libtry-tiny-perl.
2026-10-01T13:14:42.9000290Z Preparing to unpack .../029-libtry-tiny-perl_0.31-2_all.deb ...
2026-10-01T13:14:42.9011506Z Unpacking libtry-tiny-perl (0.31-2) ...
2026-10-01T13:14:42.9232131Z Selecting previously unselected package libwww-robotrules-perl.
2026-10-01T13:14:42.9357775Z Preparing to unpack .../030-libwww-robotrules-perl_6.02-1_all.deb ...
2026-10-01T13:14:42.9369342Z Unpacking libwww-robotrules-perl (6.02-1) ...
2026-10-01T13:14:42.9582191Z Selecting previously unselected package libwww-perl.
2026-10-01T13:14:42.9716561Z Preparing to unpack .../031-libwww-perl_6.76-1ubuntu0.1_all.deb ...
2026-10-01T13:14:42.9728673Z Unpacking libwww-perl (6.76-1ubuntu0.1) ...
2026-10-01T13:14:43.0092691Z Selecting previously unselected package patchutils.
2026-10-01T13:14:43.0196383Z Preparing to unpack .../032-patchutils_0.4.2-1build3_amd64.deb ...
2026-10-01T13:14:43.0207228Z Unpacking patchutils (0.4.2-1build3) ...
2026-10-01T13:14:43.0463335Z Selecting previously unselected package wdiff.
2026-10-01T13:14:43.0592204Z Preparing to unpack .../033-wdiff_1.2.2-6build1_amd64.deb ...
2026-10-01T13:14:43.0601415Z Unpacking wdiff (1.2.2-6build1) ...
2026-10-01T13:14:43.0839927Z Selecting previously unselected package devscripts.
2026-10-01T13:14:43.0970076Z Preparing to unpack .../034-devscripts_2.23.7ubuntu0.2_all.deb ...
2026-10-01T13:14:43.1171316Z Unpacking devscripts (2.23.7ubuntu0.2) ...
2026-10-01T13:14:43.2236065Z Selecting previously unselected package diffstat.
2026-10-01T13:14:43.2343900Z Preparing to unpack .../035-diffstat_1.66-1build1_amd64.deb ...
2026-10-01T13:14:43.2351657Z Unpacking diffstat (1.66-1build1) ...
2026-10-01T13:14:43.2565745Z Selecting previously unselected package python3-gpg.
2026-10-01T13:14:43.2699409Z Preparing to unpack .../036-python3-gpg_1.18.0-4.1ubuntu4_amd64.deb ...
2026-10-01T13:14:43.2713683Z Unpacking python3-gpg (1.18.0-4.1ubuntu4) ...
2026-10-01T13:14:43.3094238Z Selecting previously unselected package python3-xdg.
2026-10-01T13:14:43.3228912Z Preparing to unpack .../037-python3-xdg_0.28-2_all.deb ...
2026-10-01T13:14:43.3261542Z Unpacking python3-xdg (0.28-2) ...
2026-10-01T13:14:43.3507532Z Selecting previously unselected package dput.
2026-10-01T13:14:43.3639017Z Preparing to unpack .../038-dput_1.1.3ubuntu3_all.deb ...
2026-10-01T13:14:43.3703402Z Unpacking dput (1.1.3ubuntu3) ...
2026-10-01T13:14:43.3975982Z Selecting previously unselected package fonts-noto-mono.
2026-10-01T13:14:43.4105907Z Preparing to unpack .../039-fonts-noto-mono_20201225-2_all.deb ...
2026-10-01T13:14:43.4117176Z Unpacking fonts-noto-mono (20201225-2) ...
2026-10-01T13:14:43.4381862Z Selecting previously unselected package xfonts-encodings.
2026-10-01T13:14:43.4509416Z Preparing to unpack .../040-xfonts-encodings_1%3a1.0.5-0ubuntu2_all.deb ...
2026-10-01T13:14:43.4516228Z Unpacking xfonts-encodings (1:1.0.5-0ubuntu2) ...
2026-10-01T13:14:43.4845034Z Selecting previously unselected package xfonts-utils.
2026-10-01T13:14:43.4941248Z Preparing to unpack .../041-xfonts-utils_1%3a7.7+6build3_amd64.deb ...
2026-10-01T13:14:43.4954372Z Unpacking xfonts-utils (1:7.7+6build3) ...
2026-10-01T13:14:43.5267163Z Selecting previously unselected package fonts-urw-base35.
2026-10-01T13:14:43.5388363Z Preparing to unpack .../042-fonts-urw-base35_20200910-8_all.deb ...
2026-10-01T13:14:43.6070500Z Unpacking fonts-urw-base35 (20200910-8) ...
2026-10-01T13:14:43.7032264Z Selecting previously unselected package gdebi-core.
2026-10-01T13:14:43.7166986Z Preparing to unpack .../043-gdebi-core_0.9.5.7+nmu7_all.deb ...
2026-10-01T13:14:43.7174862Z Unpacking gdebi-core (0.9.5.7+nmu7) ...
2026-10-01T13:14:43.8865577Z Selecting previously unselected package gettext.
2026-10-01T13:14:43.8991474Z Preparing to unpack .../044-gettext_0.21-14ubuntu2_amd64.deb ...
2026-10-01T13:14:43.9007299Z Unpacking gettext (0.21-14ubuntu2) ...
2026-10-01T13:14:43.9452823Z Selecting previously unselected package libgs-common.
2026-10-01T13:14:43.9592074Z Preparing to unpack .../045-libgs-common_10.02.1~dfsg1-0ubuntu7.9_all.deb ...
2026-10-01T13:14:43.9596573Z Unpacking libgs-common (10.02.1~dfsg1-0ubuntu7.9) ...
2026-10-01T13:14:43.9873478Z Selecting previously unselected package libgs10-common.
2026-10-01T13:14:44.0007042Z Preparing to unpack .../046-libgs10-common_10.02.1~dfsg1-0ubuntu7.9_all.deb ...
2026-10-01T13:14:44.0014889Z Unpacking libgs10-common (10.02.1~dfsg1-0ubuntu7.9) ...
2026-10-01T13:14:44.0713491Z Selecting previously unselected package libidn12:amd64.
2026-10-01T13:14:44.0838276Z Preparing to unpack .../047-libidn12_1.42-1ubuntu0.1_amd64.deb ...
2026-10-01T13:14:44.0846572Z Unpacking libidn12:amd64 (1.42-1ubuntu0.1) ...
2026-10-01T13:14:44.1071679Z Selecting previously unselected package libijs-0.35:amd64.
2026-10-01T13:14:44.1190411Z Preparing to unpack .../048-libijs-0.35_0.35-15.1build1_amd64.deb ...
2026-10-01T13:14:44.1198789Z Unpacking libijs-0.35:amd64 (0.35-15.1build1) ...
2026-10-01T13:14:44.1398092Z Selecting previously unselected package libjbig2dec0:amd64.
2026-10-01T13:14:44.1531344Z Preparing to unpack .../049-libjbig2dec0_0.20-1ubuntu0.24.04.1_amd64.deb ...
2026-10-01T13:14:44.1539030Z Unpacking libjbig2dec0:amd64 (0.20-1ubuntu0.24.04.1) ...
2026-10-01T13:14:44.1764680Z Selecting previously unselected package libpaper1:amd64.
2026-10-01T13:14:44.1897380Z Preparing to unpack .../050-libpaper1_1.1.29build1_amd64.deb ...
2026-10-01T13:14:44.1905870Z Unpacking libpaper1:amd64 (1.1.29build1) ...
2026-10-01T13:14:44.2143083Z Selecting previously unselected package libgs10:amd64.
2026-10-01T13:14:44.2261855Z Preparing to unpack .../051-libgs10_10.02.1~dfsg1-0ubuntu7.9_amd64.deb ...
2026-10-01T13:14:44.2272214Z Unpacking libgs10:amd64 (10.02.1~dfsg1-0ubuntu7.9) ...
2026-10-01T13:14:44.3354206Z Selecting previously unselected package ghostscript.
2026-10-01T13:14:44.3471948Z Preparing to unpack .../052-ghostscript_10.02.1~dfsg1-0ubuntu7.9_amd64.deb ...
2026-10-01T13:14:44.3479605Z Unpacking ghostscript (10.02.1~dfsg1-0ubuntu7.9) ...
2026-10-01T13:14:44.3763612Z Selecting previously unselected package intltool-debian.
2026-10-01T13:14:44.3896940Z Preparing to unpack .../053-intltool-debian_0.35.0+20060710.6_all.deb ...
2026-10-01T13:14:44.3906072Z Unpacking intltool-debian (0.35.0+20060710.6) ...
2026-10-01T13:14:44.4133608Z Selecting previously unselected package libaliased-perl.
2026-10-01T13:14:44.4252281Z Preparing to unpack .../054-libaliased-perl_0.34-3_all.deb ...
2026-10-01T13:14:44.4261763Z Unpacking libaliased-perl (0.34-3) ...
2026-10-01T13:14:44.4483172Z Selecting previously unselected package libapt-pkg-perl.
2026-10-01T13:14:44.4597814Z Preparing to unpack .../055-libapt-pkg-perl_0.1.40build7_amd64.deb ...
2026-10-01T13:14:44.4609929Z Unpacking libapt-pkg-perl (0.1.40build7) ...
2026-10-01T13:14:44.4851649Z Selecting previously unselected package libarchive-zip-perl.
2026-10-01T13:14:44.4983399Z Preparing to unpack .../056-libarchive-zip-perl_1.68-1_all.deb ...
2026-10-01T13:14:44.4991675Z Unpacking libarchive-zip-perl (1.68-1) ...
2026-10-01T13:14:44.5281599Z Selecting previously unselected package libarray-intspan-perl.
2026-10-01T13:14:44.5412724Z Preparing to unpack .../057-libarray-intspan-perl_2.004-2_all.deb ...
2026-10-01T13:14:44.5421653Z Unpacking libarray-intspan-perl (2.004-2) ...
2026-10-01T13:14:44.5625859Z Selecting previously unselected package libmodule-implementation-perl.
2026-10-01T13:14:44.5755545Z Preparing to unpack .../058-libmodule-implementation-perl_0.09-2_all.deb ...
2026-10-01T13:14:44.5762870Z Unpacking libmodule-implementation-perl (0.09-2) ...
2026-10-01T13:14:44.5958444Z Selecting previously unselected package libsub-exporter-progressive-perl.
2026-10-01T13:14:44.6087992Z Preparing to unpack .../059-libsub-exporter-progressive-perl_0.001013-3_all.deb ...
2026-10-01T13:14:44.6097063Z Unpacking libsub-exporter-progressive-perl (0.001013-3) ...
2026-10-01T13:14:44.6291407Z Selecting previously unselected package libvariable-magic-perl.
2026-10-01T13:14:44.6425228Z Preparing to unpack .../060-libvariable-magic-perl_0.63-1build3_amd64.deb ...
2026-10-01T13:14:44.6471045Z Unpacking libvariable-magic-perl (0.63-1build3) ...
2026-10-01T13:14:44.6674987Z Selecting previously unselected package libb-hooks-endofscope-perl.
2026-10-01T13:14:44.6804101Z Preparing to unpack .../061-libb-hooks-endofscope-perl_0.28-1_all.deb ...
2026-10-01T13:14:44.6811540Z Unpacking libb-hooks-endofscope-perl (0.28-1) ...
2026-10-01T13:14:44.7021357Z Selecting previously unselected package libberkeleydb-perl:amd64.
2026-10-01T13:14:44.7154336Z Preparing to unpack .../062-libberkeleydb-perl_0.64-2build4_amd64.deb ...
2026-10-01T13:14:44.7163028Z Unpacking libberkeleydb-perl:amd64 (0.64-2build4) ...
2026-10-01T13:14:44.7386811Z Selecting previously unselected package libcapture-tiny-perl.
2026-10-01T13:14:44.7519088Z Preparing to unpack .../063-libcapture-tiny-perl_0.48-2_all.deb ...
2026-10-01T13:14:44.7527781Z Unpacking libcapture-tiny-perl (0.48-2) ...
2026-10-01T13:14:44.7733934Z Selecting previously unselected package libclass-data-inheritable-perl.
2026-10-01T13:14:44.7865651Z Preparing to unpack .../064-libclass-data-inheritable-perl_0.08-3_all.deb ...
2026-10-01T13:14:44.7873384Z Unpacking libclass-data-inheritable-perl (0.08-3) ...
2026-10-01T13:14:44.8084083Z Selecting previously unselected package libconfig-tiny-perl.
2026-10-01T13:14:44.8217486Z Preparing to unpack .../065-libconfig-tiny-perl_2.30-1_all.deb ...
2026-10-01T13:14:44.8228528Z Unpacking libconfig-tiny-perl (2.30-1) ...
2026-10-01T13:14:44.8424258Z Selecting previously unselected package libparams-util-perl.
2026-10-01T13:14:44.8556111Z Preparing to unpack .../066-libparams-util-perl_1.102-2build3_amd64.deb ...
2026-10-01T13:14:44.8567235Z Unpacking libparams-util-perl (1.102-2build3) ...
2026-10-01T13:14:44.8791689Z Selecting previously unselected package libsub-install-perl.
2026-10-01T13:14:44.8915359Z Preparing to unpack .../067-libsub-install-perl_0.929-1_all.deb ...
2026-10-01T13:14:44.8927281Z Unpacking libsub-install-perl (0.929-1) ...
2026-10-01T13:14:44.9131719Z Selecting previously unselected package libdata-optlist-perl.
2026-10-01T13:14:44.9247293Z Preparing to unpack .../068-libdata-optlist-perl_0.114-1_all.deb ...
2026-10-01T13:14:44.9255714Z Unpacking libdata-optlist-perl (0.114-1) ...
2026-10-01T13:14:44.9462238Z Selecting previously unselected package libsub-exporter-perl.
2026-10-01T13:14:44.9585743Z Preparing to unpack .../069-libsub-exporter-perl_0.990-1_all.deb ...
2026-10-01T13:14:44.9592536Z Unpacking libsub-exporter-perl (0.990-1) ...
2026-10-01T13:14:44.9841865Z Selecting previously unselected package libconst-fast-perl.
2026-10-01T13:14:44.9956414Z Preparing to unpack .../070-libconst-fast-perl_0.014-2_all.deb ...
2026-10-01T13:14:44.9969107Z Unpacking libconst-fast-perl (0.014-2) ...
2026-10-01T13:14:45.0169126Z Selecting previously unselected package libcpanel-json-xs-perl:amd64.
2026-10-01T13:14:45.0315714Z Preparing to unpack .../071-libcpanel-json-xs-perl_4.37-1ubuntu0.1_amd64.deb ...
2026-10-01T13:14:45.0328934Z Unpacking libcpanel-json-xs-perl:amd64 (4.37-1ubuntu0.1) ...
2026-10-01T13:14:45.0582525Z Selecting previously unselected package libdevel-stacktrace-perl.
2026-10-01T13:14:45.0709892Z Preparing to unpack .../072-libdevel-stacktrace-perl_2.0500-1_all.deb ...
2026-10-01T13:14:45.0721765Z Unpacking libdevel-stacktrace-perl (2.0500-1) ...
2026-10-01T13:14:45.0958202Z Selecting previously unselected package libexception-class-perl.
2026-10-01T13:14:45.1095775Z Preparing to unpack .../073-libexception-class-perl_1.45-1_all.deb ...
2026-10-01T13:14:45.1103262Z Unpacking libexception-class-perl (1.45-1) ...
2026-10-01T13:14:45.1308975Z Selecting previously unselected package libiterator-perl.
2026-10-01T13:14:45.1440487Z Preparing to unpack .../074-libiterator-perl_0.03+ds1-2_all.deb ...
2026-10-01T13:14:45.1452288Z Unpacking libiterator-perl (0.03+ds1-2) ...
2026-10-01T13:14:45.1662077Z Selecting previously unselected package libiterator-util-perl.
2026-10-01T13:14:45.1782561Z Preparing to unpack .../075-libiterator-util-perl_0.02+ds1-2_all.deb ...
2026-10-01T13:14:45.1803740Z Unpacking libiterator-util-perl (0.02+ds1-2) ...
2026-10-01T13:14:45.2003675Z Selecting previously unselected package libdata-dpath-perl.
2026-10-01T13:14:45.2137488Z Preparing to unpack .../076-libdata-dpath-perl_0.59-1_all.deb ...
2026-10-01T13:14:45.2144974Z Unpacking libdata-dpath-perl (0.59-1) ...
2026-10-01T13:14:45.2369258Z Selecting previously unselected package libdata-dump-perl.
2026-10-01T13:14:45.2496082Z Preparing to unpack .../077-libdata-dump-perl_1.25-1_all.deb ...
2026-10-01T13:14:45.2533756Z Unpacking libdata-dump-perl (1.25-1) ...
2026-10-01T13:14:45.2752743Z Selecting previously unselected package libdata-messagepack-perl.
2026-10-01T13:14:45.2875658Z Preparing to unpack .../078-libdata-messagepack-perl_1.02-1build4_amd64.deb ...
2026-10-01T13:14:45.2883143Z Unpacking libdata-messagepack-perl (1.02-1build4) ...
2026-10-01T13:14:45.3132666Z Selecting previously unselected package libnet-domain-tld-perl.
2026-10-01T13:14:45.3262586Z Preparing to unpack .../079-libnet-domain-tld-perl_1.75-3_all.deb ...
2026-10-01T13:14:45.3269379Z Unpacking libnet-domain-tld-perl (1.75-3) ...
2026-10-01T13:14:45.3477006Z Selecting previously unselected package libdata-validate-domain-perl.
2026-10-01T13:14:45.3612075Z Preparing to unpack .../080-libdata-validate-domain-perl_0.10-1.1_all.deb ...
2026-10-01T13:14:45.3627149Z Unpacking libdata-validate-domain-perl (0.10-1.1) ...
2026-10-01T13:14:45.3834005Z Selecting previously unselected package libnet-ipv6addr-perl.
2026-10-01T13:14:45.3962486Z Preparing to unpack .../081-libnet-ipv6addr-perl_1.02-1_all.deb ...
2026-10-01T13:14:45.3977681Z Unpacking libnet-ipv6addr-perl (1.02-1) ...
2026-10-01T13:14:45.4496368Z Selecting previously unselected package libnet-netmask-perl.
2026-10-01T13:14:45.4626591Z Preparing to unpack .../082-libnet-netmask-perl_2.0002-2_all.deb ...
2026-10-01T13:14:45.4637761Z Unpacking libnet-netmask-perl (2.0002-2) ...
2026-10-01T13:14:45.4838843Z Selecting previously unselected package libnetaddr-ip-perl.
2026-10-01T13:14:45.4974174Z Preparing to unpack .../083-libnetaddr-ip-perl_4.079+dfsg-2build4_amd64.deb ...
2026-10-01T13:14:45.4981416Z Unpacking libnetaddr-ip-perl (4.079+dfsg-2build4) ...
2026-10-01T13:14:45.5343717Z Selecting previously unselected package libdata-validate-ip-perl.
2026-10-01T13:14:45.5475171Z Preparing to unpack .../084-libdata-validate-ip-perl_0.31-1_all.deb ...
2026-10-01T13:14:45.5481697Z Unpacking libdata-validate-ip-perl (0.31-1) ...
2026-10-01T13:14:45.5676140Z Selecting previously unselected package libdata-validate-uri-perl.
2026-10-01T13:14:45.5811089Z Preparing to unpack .../085-libdata-validate-uri-perl_0.07-3_all.deb ...
2026-10-01T13:14:45.5851594Z Unpacking libdata-validate-uri-perl (0.07-3) ...
2026-10-01T13:14:45.6073507Z Selecting previously unselected package libdistro-info-perl.
2026-10-01T13:14:45.6208362Z Preparing to unpack .../086-libdistro-info-perl_1.7build1_all.deb ...
2026-10-01T13:14:45.6282243Z Unpacking libdistro-info-perl (1.7build1) ...
2026-10-01T13:14:45.6466627Z Selecting previously unselected package libemail-address-xs-perl.
2026-10-01T13:14:45.6598941Z Preparing to unpack .../087-libemail-address-xs-perl_1.05-1build4_amd64.deb ...
2026-10-01T13:14:45.6611478Z Unpacking libemail-address-xs-perl (1.05-1build4) ...
2026-10-01T13:14:45.6812036Z Selecting previously unselected package libexporter-tiny-perl.
2026-10-01T13:14:45.6941935Z Preparing to unpack .../088-libexporter-tiny-perl_1.006002-1_all.deb ...
2026-10-01T13:14:45.6951594Z Unpacking libexporter-tiny-perl (1.006002-1) ...
2026-10-01T13:14:45.7175922Z Selecting previously unselected package libipc-system-simple-perl.
2026-10-01T13:14:45.7306662Z Preparing to unpack .../089-libipc-system-simple-perl_1.30-2_all.deb ...
2026-10-01T13:14:45.7318528Z Unpacking libipc-system-simple-perl (1.30-2) ...
2026-10-01T13:14:45.7545058Z Selecting previously unselected package libfile-basedir-perl.
2026-10-01T13:14:45.7659850Z Preparing to unpack .../090-libfile-basedir-perl_0.09-2_all.deb ...
2026-10-01T13:14:45.7670548Z Unpacking libfile-basedir-perl (0.09-2) ...
2026-10-01T13:14:45.7881867Z Selecting previously unselected package libfile-chdir-perl.
2026-10-01T13:14:45.7999226Z Preparing to unpack .../091-libfile-chdir-perl_0.1008-1.1_all.deb ...
2026-10-01T13:14:45.8012192Z Unpacking libfile-chdir-perl (0.1008-1.1) ...
2026-10-01T13:14:45.8219429Z Selecting previously unselected package libnumber-compare-perl.
2026-10-01T13:14:45.8351138Z Preparing to unpack .../092-libnumber-compare-perl_0.03-3_all.deb ...
2026-10-01T13:14:45.8361922Z Unpacking libnumber-compare-perl (0.03-3) ...
2026-10-01T13:14:45.8562662Z Selecting previously unselected package libtext-glob-perl.
2026-10-01T13:14:45.8693012Z Preparing to unpack .../093-libtext-glob-perl_0.11-3_all.deb ...
2026-10-01T13:14:45.8701678Z Unpacking libtext-glob-perl (0.11-3) ...
2026-10-01T13:14:45.8897099Z Selecting previously unselected package libfile-find-rule-perl.
2026-10-01T13:14:45.9026475Z Preparing to unpack .../094-libfile-find-rule-perl_0.34-3ubuntu0.24.04.1_all.deb ...
2026-10-01T13:14:45.9040250Z Unpacking libfile-find-rule-perl (0.34-3ubuntu0.24.04.1) ...
2026-10-01T13:14:45.9251955Z Selecting previously unselected package libfont-afm-perl.
2026-10-01T13:14:45.9368230Z Preparing to unpack .../095-libfont-afm-perl_1.20-4_all.deb ...
2026-10-01T13:14:45.9378605Z Unpacking libfont-afm-perl (1.20-4) ...
2026-10-01T13:14:45.9611593Z Selecting previously unselected package libio-string-perl.
2026-10-01T13:14:45.9730927Z Preparing to unpack .../096-libio-string-perl_1.08-4_all.deb ...
2026-10-01T13:14:45.9741708Z Unpacking libio-string-perl (1.08-4) ...
2026-10-01T13:14:45.9932854Z Selecting previously unselected package libfont-ttf-perl.
2026-10-01T13:14:46.0059301Z Preparing to unpack .../097-libfont-ttf-perl_1.06-2_all.deb ...
2026-10-01T13:14:46.0072326Z Unpacking libfont-ttf-perl (1.06-2) ...
2026-10-01T13:14:46.0543891Z Selecting previously unselected package libfreezethaw-perl.
2026-10-01T13:14:46.0663266Z Preparing to unpack .../098-libfreezethaw-perl_0.5001-3_all.deb ...
2026-10-01T13:14:46.0688581Z Unpacking libfreezethaw-perl (0.5001-3) ...
2026-10-01T13:14:46.0886901Z Selecting previously unselected package libsort-versions-perl.
2026-10-01T13:14:46.1017394Z Preparing to unpack .../099-libsort-versions-perl_1.62-3_all.deb ...
2026-10-01T13:14:46.1023768Z Unpacking libsort-versions-perl (1.62-3) ...
2026-10-01T13:14:46.1215898Z Selecting previously unselected package libgit-wrapper-perl.
2026-10-01T13:14:46.1345439Z Preparing to unpack .../100-libgit-wrapper-perl_0.048-2_all.deb ...
2026-10-01T13:14:46.1351607Z Unpacking libgit-wrapper-perl (0.048-2) ...
2026-10-01T13:14:46.1571992Z Selecting previously unselected package libhtml-form-perl.
2026-10-01T13:14:46.1689321Z Preparing to unpack .../101-libhtml-form-perl_6.11-1_all.deb ...
2026-10-01T13:14:46.1700229Z Unpacking libhtml-form-perl (6.11-1) ...
2026-10-01T13:14:46.1972123Z Selecting previously unselected package libhtml-format-perl.
2026-10-01T13:14:46.2081496Z Preparing to unpack .../102-libhtml-format-perl_2.16-2_all.deb ...
2026-10-01T13:14:46.2092342Z Unpacking libhtml-format-perl (2.16-2) ...
2026-10-01T13:14:46.2297765Z Selecting previously unselected package libhtml-html5-entities-perl.
2026-10-01T13:14:46.2426403Z Preparing to unpack .../103-libhtml-html5-entities-perl_0.004-3_all.deb ...
2026-10-01T13:14:46.2437537Z Unpacking libhtml-html5-entities-perl (0.004-3) ...
2026-10-01T13:14:46.2636163Z Selecting previously unselected package libhtml-tokeparser-simple-perl.
2026-10-01T13:14:46.2765231Z Preparing to unpack .../104-libhtml-tokeparser-simple-perl_3.16-4_all.deb ...
2026-10-01T13:14:46.2772043Z Unpacking libhtml-tokeparser-simple-perl (3.16-4) ...
2026-10-01T13:14:46.3006591Z Selecting previously unselected package libhttp-daemon-perl.
2026-10-01T13:14:46.3135368Z Preparing to unpack .../105-libhttp-daemon-perl_6.16-1ubuntu0.24.04.1_all.deb ...
2026-10-01T13:14:46.3142349Z Unpacking libhttp-daemon-perl (6.16-1ubuntu0.24.04.1) ...
2026-10-01T13:14:46.3338408Z Selecting previously unselected package libindirect-perl.
2026-10-01T13:14:46.3466283Z Preparing to unpack .../106-libindirect-perl_0.39-2build4_amd64.deb ...
2026-10-01T13:14:46.3474241Z Unpacking libindirect-perl (0.39-2build4) ...
2026-10-01T13:14:46.3668276Z Selecting previously unselected package libio-interactive-perl.
2026-10-01T13:14:46.3794446Z Preparing to unpack .../107-libio-interactive-perl_1.025-1_all.deb ...
2026-10-01T13:14:46.3807217Z Unpacking libio-interactive-perl (1.025-1) ...
2026-10-01T13:14:46.4061560Z Selecting previously unselected package libjson-maybexs-perl.
2026-10-01T13:14:46.4171856Z Preparing to unpack .../108-libjson-maybexs-perl_1.004005-1_all.deb ...
2026-10-01T13:14:46.4177984Z Unpacking libjson-maybexs-perl (1.004005-1) ...
2026-10-01T13:14:46.4412667Z Selecting previously unselected package liblist-compare-perl.
2026-10-01T13:14:46.4541196Z Preparing to unpack .../109-liblist-compare-perl_0.55-2_all.deb ...
2026-10-01T13:14:46.4547130Z Unpacking liblist-compare-perl (0.55-2) ...
2026-10-01T13:14:46.4762412Z Selecting previously unselected package liblist-someutils-perl.
2026-10-01T13:14:46.4890579Z Preparing to unpack .../110-liblist-someutils-perl_0.59-1_all.deb ...
2026-10-01T13:14:46.4897370Z Unpacking liblist-someutils-perl (0.59-1) ...
2026-10-01T13:14:46.5132348Z Selecting previously unselected package liblist-someutils-xs-perl:amd64.
2026-10-01T13:14:46.5242954Z Preparing to unpack .../111-liblist-someutils-xs-perl_0.58-3build4_amd64.deb ...
2026-10-01T13:14:46.5251409Z Unpacking liblist-someutils-xs-perl:amd64 (0.58-3build4) ...
2026-10-01T13:14:46.5454019Z Selecting previously unselected package liblist-utilsby-perl.
2026-10-01T13:14:46.5581343Z Preparing to unpack .../112-liblist-utilsby-perl_0.12-2_all.deb ...
2026-10-01T13:14:46.5588018Z Unpacking liblist-utilsby-perl (0.12-2) ...
2026-10-01T13:14:46.5777921Z Selecting previously unselected package liblog-any-perl.
2026-10-01T13:14:46.5906668Z Preparing to unpack .../113-liblog-any-perl_1.717-1_all.deb ...
2026-10-01T13:14:46.5913253Z Unpacking liblog-any-perl (1.717-1) ...
2026-10-01T13:14:46.6172090Z Selecting previously unselected package liblog-any-adapter-screen-perl.
2026-10-01T13:14:46.6305232Z Preparing to unpack .../114-liblog-any-adapter-screen-perl_0.140-2_all.deb ...
2026-10-01T13:14:46.6316727Z Unpacking liblog-any-adapter-screen-perl (0.140-2) ...
2026-10-01T13:14:46.6505590Z Selecting previously unselected package libnet-smtp-ssl-perl.
2026-10-01T13:14:46.6634085Z Preparing to unpack .../115-libnet-smtp-ssl-perl_1.04-2_all.deb ...
2026-10-01T13:14:46.6641365Z Unpacking libnet-smtp-ssl-perl (1.04-2) ...
2026-10-01T13:14:46.6836820Z Selecting previously unselected package libmailtools-perl.
2026-10-01T13:14:46.6964418Z Preparing to unpack .../116-libmailtools-perl_2.21-2_all.deb ...
2026-10-01T13:14:46.6970505Z Unpacking libmailtools-perl (2.21-2) ...
2026-10-01T13:14:46.7267032Z Selecting previously unselected package libmarkdown2:amd64.
2026-10-01T13:14:46.7398067Z Preparing to unpack .../117-libmarkdown2_2.2.7-2build1_amd64.deb ...
2026-10-01T13:14:46.7413718Z Unpacking libmarkdown2:amd64 (2.2.7-2build1) ...
2026-10-01T13:14:46.7604554Z Selecting previously unselected package libmath-base85-perl.
2026-10-01T13:14:46.7734312Z Preparing to unpack .../118-libmath-base85-perl_0.5+dfsg-2_all.deb ...
2026-10-01T13:14:46.7741212Z Unpacking libmath-base85-perl (0.5+dfsg-2) ...
2026-10-01T13:14:46.7931436Z Selecting previously unselected package libmldbm-perl.
2026-10-01T13:14:46.8059179Z Preparing to unpack .../119-libmldbm-perl_2.05-4_all.deb ...
2026-10-01T13:14:46.8065609Z Unpacking libmldbm-perl (2.05-4) ...
2026-10-01T13:14:46.8282106Z Selecting previously unselected package libstrictures-perl.
2026-10-01T13:14:46.8394888Z Preparing to unpack .../120-libstrictures-perl_2.000006-1_all.deb ...
2026-10-01T13:14:46.8418882Z Unpacking libstrictures-perl (2.000006-1) ...
2026-10-01T13:14:46.8627958Z Selecting previously unselected package libmoox-aliases-perl.
2026-10-01T13:14:46.8754273Z Preparing to unpack .../121-libmoox-aliases-perl_0.001006-2_all.deb ...
2026-10-01T13:14:46.8762120Z Unpacking libmoox-aliases-perl (0.001006-2) ...
2026-10-01T13:14:46.8972188Z Selecting previously unselected package libmouse-perl.
2026-10-01T13:14:46.9085362Z Preparing to unpack .../122-libmouse-perl_2.5.10-1build8_amd64.deb ...
2026-10-01T13:14:46.9092186Z Unpacking libmouse-perl (2.5.10-1build8) ...
2026-10-01T13:14:46.9422501Z Selecting previously unselected package libpackage-stash-perl.
2026-10-01T13:14:46.9537410Z Preparing to unpack .../123-libpackage-stash-perl_0.40-1_all.deb ...
2026-10-01T13:14:46.9545079Z Unpacking libpackage-stash-perl (0.40-1) ...
2026-10-01T13:14:46.9752012Z Selecting previously unselected package libsub-identify-perl.
2026-10-01T13:14:46.9879147Z Preparing to unpack .../124-libsub-identify-perl_0.14-3build3_amd64.deb ...
2026-10-01T13:14:46.9885240Z Unpacking libsub-identify-perl (0.14-3build3) ...
2026-10-01T13:14:47.0101706Z Selecting previously unselected package libsub-name-perl:amd64.
2026-10-01T13:14:47.0222236Z Preparing to unpack .../125-libsub-name-perl_0.27-1build3_amd64.deb ...
2026-10-01T13:14:47.0230430Z Unpacking libsub-name-perl:amd64 (0.27-1build3) ...
2026-10-01T13:14:47.0423508Z Selecting previously unselected package libnamespace-clean-perl.
2026-10-01T13:14:47.0553284Z Preparing to unpack .../126-libnamespace-clean-perl_0.27-2_all.deb ...
2026-10-01T13:14:47.0561968Z Unpacking libnamespace-clean-perl (0.27-2) ...
2026-10-01T13:14:47.0782459Z Selecting previously unselected package libxs-parse-keyword-perl.
2026-10-01T13:14:47.0915875Z Preparing to unpack .../127-libxs-parse-keyword-perl_0.39-1build3_amd64.deb ...
2026-10-01T13:14:47.0941810Z Unpacking libxs-parse-keyword-perl (0.39-1build3) ...
2026-10-01T13:14:47.1157412Z Selecting previously unselected package libxs-parse-sublike-perl:amd64.
2026-10-01T13:14:47.1292522Z Preparing to unpack .../128-libxs-parse-sublike-perl_0.21-2build3_amd64.deb ...
2026-10-01T13:14:47.1304950Z Unpacking libxs-parse-sublike-perl:amd64 (0.21-2build3) ...
2026-10-01T13:14:47.1533991Z Selecting previously unselected package libobject-pad-perl.
2026-10-01T13:14:47.1658700Z Preparing to unpack .../129-libobject-pad-perl_0.808-1build3_amd64.deb ...
2026-10-01T13:14:47.1672011Z Unpacking libobject-pad-perl (0.808-1build3) ...
2026-10-01T13:14:47.1932529Z Selecting previously unselected package libpackage-stash-xs-perl:amd64.
2026-10-01T13:14:47.2051306Z Preparing to unpack .../130-libpackage-stash-xs-perl_0.30-1build4_amd64.deb ...
2026-10-01T13:14:47.2062459Z Unpacking libpackage-stash-xs-perl:amd64 (0.30-1build4) ...
2026-10-01T13:14:47.2272903Z Selecting previously unselected package libpaper-utils.
2026-10-01T13:14:47.2404769Z Preparing to unpack .../131-libpaper-utils_1.1.29build1_amd64.deb ...
2026-10-01T13:14:47.2409619Z Unpacking libpaper-utils (1.1.29build1) ...
2026-10-01T13:14:47.2623326Z Selecting previously unselected package libpath-iterator-rule-perl.
2026-10-01T13:14:47.2757008Z Preparing to unpack .../132-libpath-iterator-rule-perl_1.015-2_all.deb ...
2026-10-01T13:14:47.2765048Z Unpacking libpath-iterator-rule-perl (1.015-2) ...
2026-10-01T13:14:47.2995708Z Selecting previously unselected package libpath-tiny-perl.
2026-10-01T13:14:47.3129029Z Preparing to unpack .../133-libpath-tiny-perl_0.144-1_all.deb ...
2026-10-01T13:14:47.3137707Z Unpacking libpath-tiny-perl (0.144-1) ...
2026-10-01T13:14:47.3339874Z Selecting previously unselected package libperlio-gzip-perl.
2026-10-01T13:14:47.3475868Z Preparing to unpack .../134-libperlio-gzip-perl_0.20-1build4_amd64.deb ...
2026-10-01T13:14:47.3485733Z Unpacking libperlio-gzip-perl (0.20-1build4) ...
2026-10-01T13:14:47.3693364Z Selecting previously unselected package libperlio-utf8-strict-perl.
2026-10-01T13:14:47.3825509Z Preparing to unpack .../135-libperlio-utf8-strict-perl_0.010-1build3_amd64.deb ...
2026-10-01T13:14:47.3832303Z Unpacking libperlio-utf8-strict-perl (0.010-1build3) ...
2026-10-01T13:14:47.4069806Z Selecting previously unselected package libpod-parser-perl.
2026-10-01T13:14:47.4205099Z Preparing to unpack .../136-libpod-parser-perl_1.67-1_all.deb ...
2026-10-01T13:14:47.4355009Z Adding 'diversion of /usr/bin/podselect to /usr/bin/podselect.bundled by libpod-parser-perl'
2026-10-01T13:14:47.4484174Z Adding 'diversion of /usr/share/man/man1/podselect.1.gz to /usr/share/man/man1/podselect.bundled.1.gz by libpod-parser-perl'
2026-10-01T13:14:47.4501726Z Unpacking libpod-parser-perl (1.67-1) ...
2026-10-01T13:14:47.4760615Z Selecting previously unselected package libpod-constants-perl.
2026-10-01T13:14:47.4892292Z Preparing to unpack .../137-libpod-constants-perl_0.19-2_all.deb ...
2026-10-01T13:14:47.4902110Z Unpacking libpod-constants-perl (0.19-2) ...
2026-10-01T13:14:47.5152882Z Selecting previously unselected package libqpdf29t64:amd64.
2026-10-01T13:14:47.5284396Z Preparing to unpack .../138-libqpdf29t64_11.9.0-1.1ubuntu0.1_amd64.deb ...
2026-10-01T13:14:47.5296101Z Unpacking libqpdf29t64:amd64 (11.9.0-1.1ubuntu0.1) ...
2026-10-01T13:14:47.5597165Z Selecting previously unselected package libre-engine-re2-perl:amd64.
2026-10-01T13:14:47.5731559Z Preparing to unpack .../139-libre-engine-re2-perl_0.18+ds-1build3_amd64.deb ...
2026-10-01T13:14:47.5742151Z Unpacking libre-engine-re2-perl:amd64 (0.18+ds-1build3) ...
2026-10-01T13:14:47.5962131Z Selecting previously unselected package libregexp-pattern-license-perl.
2026-10-01T13:14:47.6074604Z Preparing to unpack .../140-libregexp-pattern-license-perl_3.11.0-1_all.deb ...
2026-10-01T13:14:47.6081643Z Unpacking libregexp-pattern-license-perl (3.11.0-1) ...
2026-10-01T13:14:47.6313688Z Selecting previously unselected package libregexp-pattern-perl.
2026-10-01T13:14:47.6443706Z Preparing to unpack .../141-libregexp-pattern-perl_0.2.14-2_all.deb ...
2026-10-01T13:14:47.6450082Z Unpacking libregexp-pattern-perl (0.2.14-2) ...
2026-10-01T13:14:47.6645557Z Selecting previously unselected package libregexp-wildcards-perl.
2026-10-01T13:14:47.6775160Z Preparing to unpack .../142-libregexp-wildcards-perl_1.05-3_all.deb ...
2026-10-01T13:14:47.6782051Z Unpacking libregexp-wildcards-perl (1.05-3) ...
2026-10-01T13:14:47.6978909Z Selecting previously unselected package libsereal-decoder-perl.
2026-10-01T13:14:47.7114153Z Preparing to unpack .../143-libsereal-decoder-perl_5.004+ds-1build3_amd64.deb ...
2026-10-01T13:14:47.7127598Z Unpacking libsereal-decoder-perl (5.004+ds-1build3) ...
2026-10-01T13:14:47.7365250Z Selecting previously unselected package libsereal-encoder-perl.
2026-10-01T13:14:47.7493871Z Preparing to unpack .../144-libsereal-encoder-perl_5.004+ds-1build3_amd64.deb ...
2026-10-01T13:14:47.7501434Z Unpacking libsereal-encoder-perl (5.004+ds-1build3) ...
2026-10-01T13:14:47.7712942Z Selecting previously unselected package libset-intspan-perl.
2026-10-01T13:14:47.7841004Z Preparing to unpack .../145-libset-intspan-perl_1.19-3_all.deb ...
2026-10-01T13:14:47.7847362Z Unpacking libset-intspan-perl (1.19-3) ...
2026-10-01T13:14:47.8039393Z Selecting previously unselected package libsocket6-perl.
2026-10-01T13:14:47.8168895Z Preparing to unpack .../146-libsocket6-perl_0.29-3build3_amd64.deb ...
2026-10-01T13:14:47.8184794Z Unpacking libsocket6-perl (0.29-3build3) ...
2026-10-01T13:14:47.8382312Z Selecting previously unselected package libstring-copyright-perl.
2026-10-01T13:14:47.8511635Z Preparing to unpack .../147-libstring-copyright-perl_0.003014-1_all.deb ...
2026-10-01T13:14:47.8519970Z Unpacking libstring-copyright-perl (0.003014-1) ...
2026-10-01T13:14:47.8711614Z Selecting previously unselected package libstring-escape-perl.
2026-10-01T13:14:47.8839195Z Preparing to unpack .../148-libstring-escape-perl_2010.002-3_all.deb ...
2026-10-01T13:14:47.8850762Z Unpacking libstring-escape-perl (2010.002-3) ...
2026-10-01T13:14:47.9061663Z Selecting previously unselected package libstring-license-perl.
2026-10-01T13:14:47.9180444Z Preparing to unpack .../149-libstring-license-perl_0.0.9-2ubuntu1_all.deb ...
2026-10-01T13:14:47.9193089Z Unpacking libstring-license-perl (0.0.9-2ubuntu1) ...
2026-10-01T13:14:47.9395444Z Selecting previously unselected package libstring-shellquote-perl.
2026-10-01T13:14:47.9525765Z Preparing to unpack .../150-libstring-shellquote-perl_1.04-3_all.deb ...
2026-10-01T13:14:47.9541268Z Unpacking libstring-shellquote-perl (1.04-3) ...
2026-10-01T13:14:47.9732311Z Selecting previously unselected package libsyntax-keyword-try-perl.
2026-10-01T13:14:47.9862330Z Preparing to unpack .../151-libsyntax-keyword-try-perl_0.29-1build3_amd64.deb ...
2026-10-01T13:14:47.9871764Z Unpacking libsyntax-keyword-try-perl (0.29-1build3) ...
2026-10-01T13:14:48.0082371Z Selecting previously unselected package libtext-levenshteinxs-perl.
2026-10-01T13:14:48.0214297Z Preparing to unpack .../152-libtext-levenshteinxs-perl_0.03-5build4_amd64.deb ...
2026-10-01T13:14:48.0223283Z Unpacking libtext-levenshteinxs-perl (0.03-5build4) ...
2026-10-01T13:14:48.0422582Z Selecting previously unselected package libtext-markdown-discount-perl.
2026-10-01T13:14:48.0540529Z Preparing to unpack .../153-libtext-markdown-discount-perl_0.16-1build3_amd64.deb ...
2026-10-01T13:14:48.0558002Z Unpacking libtext-markdown-discount-perl (0.16-1build3) ...
2026-10-01T13:14:48.0792518Z Selecting previously unselected package libtext-xslate-perl:amd64.
2026-10-01T13:14:48.0895632Z Preparing to unpack .../154-libtext-xslate-perl_3.5.9-1build5_amd64.deb ...
2026-10-01T13:14:48.0903105Z Unpacking libtext-xslate-perl:amd64 (3.5.9-1build5) ...
2026-10-01T13:14:48.1269946Z Selecting previously unselected package libtime-duration-perl.
2026-10-01T13:14:48.1401418Z Preparing to unpack .../155-libtime-duration-perl_1.21-2_all.deb ...
2026-10-01T13:14:48.1412190Z Unpacking libtime-duration-perl (1.21-2) ...
2026-10-01T13:14:48.1611807Z Selecting previously unselected package libtime-moment-perl.
2026-10-01T13:14:48.1739957Z Preparing to unpack .../156-libtime-moment-perl_0.44-2build4_amd64.deb ...
2026-10-01T13:14:48.1752360Z Unpacking libtime-moment-perl (0.44-2build4) ...
2026-10-01T13:14:48.1993164Z Selecting previously unselected package libunicode-utf8-perl.
2026-10-01T13:14:48.2124832Z Preparing to unpack .../157-libunicode-utf8-perl_0.62-2build3_amd64.deb ...
2026-10-01T13:14:48.2132101Z Unpacking libunicode-utf8-perl (0.62-2build3) ...
2026-10-01T13:14:48.2333140Z Selecting previously unselected package libwww-mechanize-perl.
2026-10-01T13:14:48.2462851Z Preparing to unpack .../158-libwww-mechanize-perl_2.18-1ubuntu1_all.deb ...
2026-10-01T13:14:48.2472131Z Unpacking libwww-mechanize-perl (2.18-1ubuntu1) ...
2026-10-01T13:14:48.2734387Z Selecting previously unselected package libyaml-libyaml-perl.
2026-10-01T13:14:48.2831006Z Preparing to unpack .../159-libyaml-libyaml-perl_0.89+ds-1ubuntu0.24.04.1_amd64.deb ...
2026-10-01T13:14:48.2839816Z Unpacking libyaml-libyaml-perl (0.89+ds-1ubuntu0.24.04.1) ...
2026-10-01T13:14:48.3052999Z Selecting previously unselected package licensecheck.
2026-10-01T13:14:48.3183379Z Preparing to unpack .../160-licensecheck_3.3.9-1ubuntu1_all.deb ...
2026-10-01T13:14:48.3197306Z Unpacking licensecheck (3.3.9-1ubuntu1) ...
2026-10-01T13:14:48.3393746Z Selecting previously unselected package libdevel-size-perl.
2026-10-01T13:14:48.3523921Z Preparing to unpack .../161-libdevel-size-perl_0.83-2build4_amd64.deb ...
2026-10-01T13:14:48.3536625Z Unpacking libdevel-size-perl (0.83-2build4) ...
2026-10-01T13:14:48.3751842Z Selecting previously unselected package libipc-run3-perl.
2026-10-01T13:14:48.3862432Z Preparing to unpack .../162-libipc-run3-perl_0.049-1_all.deb ...
2026-10-01T13:14:48.3876874Z Unpacking libipc-run3-perl (0.049-1) ...
2026-10-01T13:14:48.4087566Z Selecting previously unselected package lzip.
2026-10-01T13:14:48.4217185Z Preparing to unpack .../163-lzip_1.24.1-1build1_amd64.deb ...
2026-10-01T13:14:48.4224978Z Unpacking lzip (1.24.1-1build1) ...
2026-10-01T13:14:48.4436413Z Selecting previously unselected package lzop.
2026-10-01T13:14:48.4568861Z Preparing to unpack .../164-lzop_1.04-2build3_amd64.deb ...
2026-10-01T13:14:48.4581204Z Unpacking lzop (1.04-2build3) ...
2026-10-01T13:14:48.4798212Z Selecting previously unselected package t1utils.
2026-10-01T13:14:48.4928691Z Preparing to unpack .../165-t1utils_1.41-4build3_amd64.deb ...
2026-10-01T13:14:48.4978271Z Unpacking t1utils (1.41-4build3) ...
2026-10-01T13:14:48.5524832Z Selecting previously unselected package lintian.
2026-10-01T13:14:48.5614134Z Preparing to unpack .../166-lintian_2.117.0ubuntu1.5_all.deb ...
2026-10-01T13:14:48.5678340Z Unpacking lintian (2.117.0ubuntu1.5) ...
2026-10-01T13:14:49.0683572Z Selecting previously unselected package python3-nacl.
2026-10-01T13:14:49.0819790Z Preparing to unpack .../167-python3-nacl_1.5.0-4build1_amd64.deb ...
2026-10-01T13:14:49.0825669Z Unpacking python3-nacl (1.5.0-4build1) ...
2026-10-01T13:14:49.1114604Z Selecting previously unselected package python3-paramiko.
2026-10-01T13:14:49.1257953Z Preparing to unpack .../168-python3-paramiko_2.12.0-2ubuntu4.1_all.deb ...
2026-10-01T13:14:49.1268223Z Unpacking python3-paramiko (2.12.0-2ubuntu4.1) ...
2026-10-01T13:14:49.1575747Z Selecting previously unselected package python3-unidiff.
2026-10-01T13:14:49.1717859Z Preparing to unpack .../169-python3-unidiff_0.7.3-1_all.deb ...
2026-10-01T13:14:49.1725395Z Unpacking python3-unidiff (0.7.3-1) ...
2026-10-01T13:14:49.1932897Z Selecting previously unselected package qpdf.
2026-10-01T13:14:49.2065831Z Preparing to unpack .../170-qpdf_11.9.0-1.1ubuntu0.1_amd64.deb ...
2026-10-01T13:14:49.2073635Z Unpacking qpdf (11.9.0-1.1ubuntu0.1) ...
2026-10-01T13:14:49.2299642Z Selecting previously unselected package libauthen-sasl-perl.
2026-10-01T13:14:49.2432461Z Preparing to unpack .../171-libauthen-sasl-perl_2.1700-1ubuntu0.1_all.deb ...
2026-10-01T13:14:49.2442998Z Unpacking libauthen-sasl-perl (2.1700-1ubuntu0.1) ...
2026-10-01T13:14:49.2952876Z Setting up libapt-pkg-perl (0.1.40build7) ...
2026-10-01T13:14:49.2982842Z Setting up libstring-escape-perl (2010.002-3) ...
2026-10-01T13:14:49.3001696Z Setting up libberkeleydb-perl:amd64 (0.64-2build4) ...
2026-10-01T13:14:49.3024903Z Setting up wdiff (1.2.2-6build1) ...
2026-10-01T13:14:49.3046767Z Setting up libpaper1:amd64 (1.1.29build1) ...
2026-10-01T13:14:49.4354643Z 
2026-10-01T13:14:49.4362173Z Creating config file /etc/papersize with new version
2026-10-01T13:14:49.4799083Z Setting up libhttp-negotiate-perl (6.01-2) ...
2026-10-01T13:14:49.4845698Z Setting up libfile-which-perl (1.27-2) ...
2026-10-01T13:14:49.4869404Z Setting up gettext (0.21-14ubuntu2) ...
2026-10-01T13:14:49.4890310Z Setting up libunicode-utf8-perl (0.62-2build3) ...
2026-10-01T13:14:49.4913452Z Setting up libset-intspan-perl (1.19-3) ...
2026-10-01T13:14:49.4936288Z Setting up libmouse-perl (2.5.10-1build8) ...
2026-10-01T13:14:49.4955527Z Setting up libfile-listing-perl (6.16-1) ...
2026-10-01T13:14:49.4973376Z Setting up fonts-noto-mono (20201225-2) ...
2026-10-01T13:14:49.5001761Z Setting up gdebi-core (0.9.5.7+nmu7) ...
2026-10-01T13:14:49.6020717Z /usr/share/gdebi/GDebi/GDebiCli.py:159: SyntaxWarning: invalid escape sequence '\S'
2026-10-01T13:14:49.6022366Z   c = findall("[[(](\S+)/\S+[])]", msg)[0].lower()
2026-10-01T13:14:49.6168017Z Setting up libregexp-pattern-perl (0.2.14-2) ...
2026-10-01T13:14:49.6189694Z Setting up libdata-messagepack-perl (1.02-1build4) ...
2026-10-01T13:14:49.6208350Z Setting up libfont-afm-perl (1.20-4) ...
2026-10-01T13:14:49.6231852Z Setting up libdynaloader-functions-perl (0.003-3) ...
2026-10-01T13:14:49.6253546Z Setting up libtext-glob-perl (0.11-3) ...
2026-10-01T13:14:49.6273464Z Setting up libclass-method-modifiers-perl (2.15-1) ...
2026-10-01T13:14:49.6290621Z Setting up liblist-compare-perl (0.55-2) ...
2026-10-01T13:14:49.6313636Z Setting up libio-pty-perl (1:1.20-1build2) ...
2026-10-01T13:14:49.6330433Z Setting up libhttp-cookies-perl (6.11-1) ...
2026-10-01T13:14:49.6348073Z Setting up libarchive-zip-perl (1.68-1) ...
2026-10-01T13:14:49.6370451Z Setting up libsub-identify-perl (0.14-3build3) ...
2026-10-01T13:14:49.6389297Z Setting up libdistro-info-perl (1.7build1) ...
2026-10-01T13:14:49.6411535Z Setting up libcpanel-json-xs-perl:amd64 (4.37-1ubuntu0.1) ...
2026-10-01T13:14:49.6429792Z Setting up liblog-any-perl (1.717-1) ...
2026-10-01T13:14:49.6449728Z Setting up libijs-0.35:amd64 (0.35-15.1build1) ...
2026-10-01T13:14:49.6472890Z Setting up libauthen-sasl-perl (2.1700-1ubuntu0.1) ...
2026-10-01T13:14:49.6493371Z Setting up libhtml-tree-perl (5.07-3) ...
2026-10-01T13:14:49.6511722Z Setting up libdevel-size-perl (0.83-2build4) ...
2026-10-01T13:14:49.6527636Z Setting up libgs-common (10.02.1~dfsg1-0ubuntu7.9) ...
2026-10-01T13:14:49.6553325Z Setting up libregexp-pattern-license-perl (3.11.0-1) ...
2026-10-01T13:14:49.6573785Z Setting up libyaml-libyaml-perl (0.89+ds-1ubuntu0.24.04.1) ...
2026-10-01T13:14:49.6592182Z Setting up libio-interactive-perl (1.025-1) ...
2026-10-01T13:14:49.6611604Z Setting up libtry-tiny-perl (0.31-2) ...
2026-10-01T13:14:49.6632425Z Setting up perl-openssl-defaults:amd64 (7build3) ...
2026-10-01T13:14:49.6650365Z Setting up libmldbm-perl (2.05-4) ...
2026-10-01T13:14:49.6670179Z Setting up libqpdf29t64:amd64 (11.9.0-1.1ubuntu0.1) ...
2026-10-01T13:14:49.6693122Z Setting up libnet-http-perl (6.23-1) ...
2026-10-01T13:14:49.6713529Z Setting up libtime-moment-perl (0.44-2build4) ...
2026-10-01T13:14:49.6731743Z Setting up libhtml-format-perl (2.16-2) ...
2026-10-01T13:14:49.6751609Z Setting up libpaper-utils (1.1.29build1) ...
2026-10-01T13:14:49.6769610Z Setting up libmath-base85-perl (0.5+dfsg-2) ...
2026-10-01T13:14:49.6788826Z Setting up python3-xdg (0.28-2) ...
2026-10-01T13:14:49.8225045Z Setting up libconfig-tiny-perl (2.30-1) ...
2026-10-01T13:14:49.8243358Z Setting up libsereal-encoder-perl (5.004+ds-1build3) ...
2026-10-01T13:14:49.8264461Z Setting up liblist-utilsby-perl (0.12-2) ...
2026-10-01T13:14:49.8287080Z Setting up libstring-shellquote-perl (1.04-3) ...
2026-10-01T13:14:49.8307674Z Setting up libnet-netmask-perl (2.0002-2) ...
2026-10-01T13:14:49.8325781Z Setting up libsub-install-perl (0.929-1) ...
2026-10-01T13:14:49.8348569Z Setting up libindirect-perl (0.39-2build4) ...
2026-10-01T13:14:49.8370574Z Setting up poppler-data (0.4.12-1) ...
2026-10-01T13:14:49.8472203Z Setting up libxs-parse-sublike-perl:amd64 (0.21-2build3) ...
2026-10-01T13:14:49.8501682Z Setting up libnumber-compare-perl (0.03-3) ...
2026-10-01T13:14:49.8522841Z Setting up intltool-debian (0.35.0+20060710.6) ...
2026-10-01T13:14:49.8544728Z Setting up libfreezethaw-perl (0.5001-3) ...
2026-10-01T13:14:49.8567100Z Setting up patchutils (0.4.2-1build3) ...
2026-10-01T13:14:49.8587837Z Setting up libjson-maybexs-perl (1.004005-1) ...
2026-10-01T13:14:49.8606178Z Setting up libio-string-perl (1.08-4) ...
2026-10-01T13:14:49.8625486Z Setting up libnetaddr-ip-perl (4.079+dfsg-2build4) ...
2026-10-01T13:14:49.8647329Z Setting up libpackage-stash-xs-perl:amd64 (0.30-1build4) ...
2026-10-01T13:14:49.8664988Z Setting up libclass-data-inheritable-perl (0.08-3) ...
2026-10-01T13:14:49.8687191Z Setting up libxs-parse-keyword-perl (0.39-1build3) ...
2026-10-01T13:14:49.8706855Z Setting up python3-gpg (1.18.0-4.1ubuntu4) ...
2026-10-01T13:14:50.0280042Z Setting up libdata-dump-perl (1.25-1) ...
2026-10-01T13:14:50.0314022Z Setting up libfile-find-rule-perl (0.34-3ubuntu0.24.04.1) ...
2026-10-01T13:14:50.0356780Z Setting up libjbig2dec0:amd64 (0.20-1ubuntu0.24.04.1) ...
2026-10-01T13:14:50.0377633Z Setting up libipc-system-simple-perl (1.30-2) ...
2026-10-01T13:14:50.0397962Z Setting up libnet-domain-tld-perl (1.75-3) ...
2026-10-01T13:14:50.0416637Z Setting up libperlio-utf8-strict-perl (0.010-1build3) ...
2026-10-01T13:14:50.0438131Z Setting up libsocket6-perl (0.29-3build3) ...
2026-10-01T13:14:50.0459357Z Setting up lzip (1.24.1-1build1) ...
2026-10-01T13:14:50.0519631Z update-alternatives: using /usr/bin/lzip.lzip to provide /usr/bin/lzip (lzip) in auto mode
2026-10-01T13:14:50.0571802Z update-alternatives: using /usr/bin/lzip.lzip to provide /usr/bin/lzip-compressor (lzip-compressor) in auto mode
2026-10-01T13:14:50.0622325Z update-alternatives: using /usr/bin/lzip.lzip to provide /usr/bin/lzip-decompressor (lzip-decompressor) in auto mode
2026-10-01T13:14:50.0650220Z Setting up qpdf (11.9.0-1.1ubuntu0.1) ...
2026-10-01T13:14:50.0678252Z Setting up xfonts-encodings (1:1.0.5-0ubuntu2) ...
2026-10-01T13:14:50.0702304Z Setting up t1utils (1.41-4build3) ...
2026-10-01T13:14:50.0722531Z Setting up diffstat (1.66-1build1) ...
2026-10-01T13:14:50.0748042Z Setting up libvariable-magic-perl (0.63-1build3) ...
2026-10-01T13:14:50.0768004Z Setting up libidn12:amd64 (1.42-1ubuntu0.1) ...
2026-10-01T13:14:50.0790000Z Setting up libpod-parser-perl (1.67-1) ...
2026-10-01T13:14:50.0811705Z Setting up libb-hooks-op-check-perl:amd64 (0.22-3build1) ...
2026-10-01T13:14:50.1106884Z Setting up libipc-run-perl (20231003.0-1) ...
2026-10-01T13:14:50.1124796Z Setting up libparams-util-perl (1.102-2build3) ...
2026-10-01T13:14:50.1145655Z Setting up libtime-duration-perl (1.21-2) ...
2026-10-01T13:14:50.1164891Z Setting up libtext-xslate-perl:amd64 (3.5.9-1build5) ...
2026-10-01T13:14:50.1189047Z Setting up libsub-exporter-progressive-perl (0.001013-3) ...
2026-10-01T13:14:50.1210695Z Setting up libarray-intspan-perl (2.004-2) ...
2026-10-01T13:14:50.1231167Z Setting up libcapture-tiny-perl (0.48-2) ...
2026-10-01T13:14:50.1251806Z Setting up libsub-name-perl:amd64 (0.27-1build3) ...
2026-10-01T13:14:50.1271820Z Setting up libwww-robotrules-perl (6.02-1) ...
2026-10-01T13:14:50.1294729Z Setting up libsyntax-keyword-try-perl (0.29-1build3) ...
2026-10-01T13:14:50.1318189Z Setting up libdata-validate-domain-perl (0.10-1.1) ...
2026-10-01T13:14:50.1341734Z Setting up libhttp-daemon-perl (6.16-1ubuntu0.24.04.1) ...
2026-10-01T13:14:50.1363400Z Setting up libfile-chdir-perl (0.1008-1.1) ...
2026-10-01T13:14:50.1415735Z Setting up libpath-tiny-perl (0.144-1) ...
2026-10-01T13:14:50.1437403Z Setting up lzop (1.04-2build3) ...
2026-10-01T13:14:50.1459898Z Setting up liblog-any-adapter-screen-perl (0.140-2) ...
2026-10-01T13:14:50.1478283Z Setting up librole-tiny-perl (2.002004-1) ...
2026-10-01T13:14:50.1496752Z Setting up libipc-run3-perl (0.049-1) ...
2026-10-01T13:14:50.1523202Z Setting up libregexp-wildcards-perl (1.05-3) ...
2026-10-01T13:14:50.1547153Z Setting up libaliased-perl (0.34-3) ...
2026-10-01T13:14:50.1572746Z Setting up python3-unidiff (0.7.3-1) ...
2026-10-01T13:14:50.2772884Z Setting up libstrictures-perl (2.000006-1) ...
2026-10-01T13:14:50.2793607Z Setting up libsub-quote-perl (2.006008-1ubuntu1) ...
2026-10-01T13:14:50.2813394Z Setting up libdevel-stacktrace-perl (2.0500-1) ...
2026-10-01T13:14:50.2834380Z Setting up libclass-xsaccessor-perl (1.19-4build4) ...
2026-10-01T13:14:50.2859394Z Setting up fonts-droid-fallback (1:6.0.1r16-1.1build1) ...
2026-10-01T13:14:50.3064272Z Setting up libsort-versions-perl (1.62-3) ...
2026-10-01T13:14:50.3084956Z Setting up libexporter-tiny-perl (1.006002-1) ...
2026-10-01T13:14:50.3103585Z Setting up libre-engine-re2-perl:amd64 (0.18+ds-1build3) ...
2026-10-01T13:14:50.3122369Z Setting up libfile-dirlist-perl (0.05-3) ...
2026-10-01T13:14:50.3138931Z Setting up libfont-ttf-perl (1.06-2) ...
2026-10-01T13:14:50.3158574Z Setting up libfile-homedir-perl (1.006-2) ...
2026-10-01T13:14:50.3176496Z Setting up libtext-levenshteinxs-perl (0.03-5build4) ...
2026-10-01T13:14:50.3198507Z Setting up libperlio-gzip-perl (0.20-1build4) ...
2026-10-01T13:14:50.3217647Z Setting up libhtml-html5-entities-perl (0.004-3) ...
2026-10-01T13:14:50.3234854Z Setting up libsereal-decoder-perl (5.004+ds-1build3) ...
2026-10-01T13:14:50.3257047Z Setting up libmarkdown2:amd64 (2.2.7-2build1) ...
2026-10-01T13:14:50.3283115Z Setting up libnet-ipv6addr-perl (1.02-1) ...
2026-10-01T13:14:50.3304825Z Setting up libfile-touch-perl (0.12-2) ...
2026-10-01T13:14:50.3323866Z Setting up python3-nacl (1.5.0-4build1) ...
2026-10-01T13:14:50.4737305Z Setting up dctrl-tools (2.24-3build3) ...
2026-10-01T13:14:50.4806748Z Setting up libdata-validate-ip-perl (0.31-1) ...
2026-10-01T13:14:50.4825756Z Setting up libhtml-form-perl (6.11-1) ...
2026-10-01T13:14:50.4844847Z Setting up libemail-address-xs-perl (1.05-1build4) ...
2026-10-01T13:14:50.4865462Z Setting up libnet-ssleay-perl:amd64 (1.94-1build4) ...
2026-10-01T13:14:50.4883948Z Setting up libfile-basedir-perl (0.09-2) ...
2026-10-01T13:14:50.4903995Z Setting up libpod-constants-perl (0.19-2) ...
2026-10-01T13:14:50.4924349Z Setting up libpath-iterator-rule-perl (1.015-2) ...
2026-10-01T13:14:50.4946741Z Setting up libtext-markdown-discount-perl (0.16-1build3) ...
2026-10-01T13:14:50.4966656Z Setting up libexception-class-perl (1.45-1) ...
2026-10-01T13:14:50.4992482Z Setting up xfonts-utils (1:7.7+6build3) ...
2026-10-01T13:14:50.5031645Z Setting up libdevel-callchecker-perl:amd64 (0.008-2build3) ...
2026-10-01T13:14:50.5050227Z Setting up dput (1.1.3ubuntu3) ...
2026-10-01T13:14:50.6408796Z Setting up libobject-pad-perl (0.808-1build3) ...
2026-10-01T13:14:50.6430194Z Setting up libdata-validate-uri-perl (0.07-3) ...
2026-10-01T13:14:50.6451761Z Setting up libstring-copyright-perl (0.003014-1) ...
2026-10-01T13:14:50.6472733Z Setting up libdata-optlist-perl (0.114-1) ...
2026-10-01T13:14:50.6492230Z Setting up libgit-wrapper-perl (0.048-2) ...
2026-10-01T13:14:50.6511838Z Setting up python3-paramiko (2.12.0-2ubuntu4.1) ...
2026-10-01T13:14:50.8555189Z Setting up libio-socket-ssl-perl (2.085-1) ...
2026-10-01T13:14:50.8574731Z Setting up libsub-exporter-perl (0.990-1) ...
2026-10-01T13:14:50.8596936Z Setting up libiterator-perl (0.03+ds1-2) ...
2026-10-01T13:14:50.8617568Z Setting up libiterator-util-perl (0.02+ds1-2) ...
2026-10-01T13:14:50.8637842Z Setting up libparams-classify-perl:amd64 (0.015-2build5) ...
2026-10-01T13:14:50.8659618Z Setting up fonts-urw-base35 (20200910-8) ...
2026-10-01T13:14:51.0039171Z Setting up libnet-smtp-ssl-perl (1.04-2) ...
2026-10-01T13:14:51.0056940Z Setting up libmodule-runtime-perl (0.016-2) ...
2026-10-01T13:14:51.0079191Z Setting up libmailtools-perl (2.21-2) ...
2026-10-01T13:14:51.0101818Z Setting up libconst-fast-perl (0.014-2) ...
2026-10-01T13:14:51.0120439Z Setting up libdata-dpath-perl (0.59-1) ...
2026-10-01T13:14:51.0142517Z Setting up libgs10-common (10.02.1~dfsg1-0ubuntu7.9) ...
2026-10-01T13:14:51.0160489Z Setting up libmodule-implementation-perl (0.09-2) ...
2026-10-01T13:14:51.0210298Z Setting up libpackage-stash-perl (0.40-1) ...
2026-10-01T13:14:51.0235396Z Setting up libimport-into-perl (1.002005-2) ...
2026-10-01T13:14:51.0260756Z Setting up libmoo-perl (2.005005-1) ...
2026-10-01T13:14:51.0279039Z Setting up liblist-someutils-perl (0.59-1) ...
2026-10-01T13:14:51.0301265Z Setting up liblist-someutils-xs-perl:amd64 (0.58-3build4) ...
2026-10-01T13:14:51.0325834Z Setting up libmoox-aliases-perl (0.001006-2) ...
2026-10-01T13:14:51.0350128Z Setting up libb-hooks-endofscope-perl (0.28-1) ...
2026-10-01T13:14:51.0367987Z Setting up libgs10:amd64 (10.02.1~dfsg1-0ubuntu7.9) ...
2026-10-01T13:14:51.0393827Z Setting up ghostscript (10.02.1~dfsg1-0ubuntu7.9) ...
2026-10-01T13:14:51.0463717Z Setting up libnamespace-clean-perl (0.27-2) ...
2026-10-01T13:14:51.0781762Z Setting up libstring-license-perl (0.0.9-2ubuntu1) ...
2026-10-01T13:14:51.0802988Z Setting up licensecheck (3.3.9-1ubuntu1) ...
2026-10-01T13:14:51.0863317Z Setting up liblwp-protocol-https-perl (6.13-1) ...
2026-10-01T13:14:51.0885142Z Setting up libwww-perl (6.76-1ubuntu0.1) ...
2026-10-01T13:14:51.0925436Z Setting up libhtml-tokeparser-simple-perl (3.16-4) ...
2026-10-01T13:14:51.0947884Z Setting up libwww-mechanize-perl (2.18-1ubuntu1) ...
2026-10-01T13:14:51.0978915Z Setting up devscripts (2.23.7ubuntu0.2) ...
2026-10-01T13:14:51.2364654Z Setting up lintian (2.117.0ubuntu1.5) ...
2026-10-01T13:14:51.2448414Z Processing triggers for man-db (2.12.0-4build2) ...
2026-10-01T13:14:51.2469148Z Not building database; man-db/auto-update is not 'true'.
2026-10-01T13:14:51.2480491Z Processing triggers for install-info (7.1-3build2) ...
2026-10-01T13:14:51.3632900Z Processing triggers for fontconfig (2.15.0-1.1ubuntu2) ...
2026-10-01T13:14:51.5316940Z Processing triggers for libc-bin (2.39-0ubuntu8.9) ...
2026-10-01T13:14:52.2091497Z 
2026-10-01T13:14:52.2092228Z Running kernel seems to be up-to-date.
2026-10-01T13:14:52.2092639Z 
2026-10-01T13:14:52.2093312Z No services need to be restarted.
2026-10-01T13:14:52.2093623Z 
2026-10-01T13:14:52.2093813Z No containers need to be restarted.
2026-10-01T13:14:52.2111369Z 
2026-10-01T13:14:52.2112808Z No user sessions are running outdated binaries.
2026-10-01T13:14:52.2113368Z 
2026-10-01T13:14:52.2113836Z No VM guests are running outdated hypervisor (qemu) binaries on this host.
2026-10-01T13:14:53.1208839Z ##[endgroup]
2026-10-01T13:14:53.1209879Z ##[group]Installing R
2026-10-01T13:14:53.1224733Z [command]/usr/bin/sudo gdebi --non-interactive /home/runner/work/_temp/r-4.6.0_1_amd64.deb
2026-10-01T13:14:53.1501223Z /usr/bin/gdebi:113: SyntaxWarning: invalid escape sequence '\S'
2026-10-01T13:14:53.1502168Z   c = findall("[[(](\S+)/\S+[])]", msg)[0].lower()
2026-10-01T13:14:53.2142093Z 
2026-10-01T13:14:53.2233587Z Reading package lists... 0%
2026-10-01T13:14:53.2234265Z 
2026-10-01T13:14:53.2258234Z Reading package lists... 100%
2026-10-01T13:14:53.2259111Z 
2026-10-01T13:14:53.2259318Z 
2026-10-01T13:14:53.2259679Z Reading package lists... Done
2026-10-01T13:14:53.2260106Z 
2026-10-01T13:14:53.2260423Z Building dependency tree... 0%
2026-10-01T13:14:53.2261167Z 
2026-10-01T13:14:53.2620678Z Building dependency tree... 0%
2026-10-01T13:14:53.2622082Z 
2026-10-01T13:14:53.2622550Z Building dependency tree... 50%
2026-10-01T13:14:53.2623033Z 
2026-10-01T13:14:53.4122779Z Building dependency tree... 50%
2026-10-01T13:14:53.4124795Z 
2026-10-01T13:14:53.4125055Z 
2026-10-01T13:14:53.4125537Z Building dependency tree... Done
2026-10-01T13:14:53.4126074Z 
2026-10-01T13:14:53.4126430Z Reading state information... 0%
2026-10-01T13:14:53.4127140Z  
2026-10-01T13:14:53.4127684Z Reading state information... 0%
2026-10-01T13:14:53.5207734Z  
2026-10-01T13:14:53.5209189Z 
2026-10-01T13:14:53.5209614Z Reading state information... Done
2026-10-01T13:14:53.5210183Z 
2026-10-01T13:14:53.5210570Z Reading state information... 0%
2026-10-01T13:14:53.5246730Z   
2026-10-01T13:14:53.5247631Z Reading state information... 1%
2026-10-01T13:14:53.5285384Z   
2026-10-01T13:14:53.5286274Z Reading state information... 3%
2026-10-01T13:14:53.5324095Z   
2026-10-01T13:14:53.5324984Z Reading state information... 5%
2026-10-01T13:14:53.5359313Z   
2026-10-01T13:14:53.5360206Z Reading state information... 7%
2026-10-01T13:14:53.5395990Z   
2026-10-01T13:14:53.5396862Z Reading state information... 9%
2026-10-01T13:14:53.5432783Z   
2026-10-01T13:14:53.5433668Z Reading state information... 11%
2026-10-01T13:14:53.5467731Z  
2026-10-01T13:14:53.5468603Z Reading state information... 13%
2026-10-01T13:14:53.5502367Z  
2026-10-01T13:14:53.5503227Z Reading state information... 15%
2026-10-01T13:14:53.5539368Z  
2026-10-01T13:14:53.5540287Z Reading state information... 17%
2026-10-01T13:14:53.5575692Z  
2026-10-01T13:14:53.5576562Z Reading state information... 19%
2026-10-01T13:14:53.5611230Z  
2026-10-01T13:14:53.5612310Z Reading state information... 21%
2026-10-01T13:14:53.5650359Z  
2026-10-01T13:14:53.5651485Z Reading state information... 23%
2026-10-01T13:14:53.5689776Z  
2026-10-01T13:14:53.5690669Z Reading state information... 25%
2026-10-01T13:14:53.5728973Z  
2026-10-01T13:14:53.5729863Z Reading state information... 27%
2026-10-01T13:14:53.5768615Z  
2026-10-01T13:14:53.5769497Z Reading state information... 29%
2026-10-01T13:14:53.5805872Z  
2026-10-01T13:14:53.5806755Z Reading state information... 31%
2026-10-01T13:14:53.5846053Z  
2026-10-01T13:14:53.5846874Z Reading state information... 33%
2026-10-01T13:14:53.5882562Z  
2026-10-01T13:14:53.5883514Z Reading state information... 35%
2026-10-01T13:14:53.5922296Z  
2026-10-01T13:14:53.5922970Z Reading state information... 37%
2026-10-01T13:14:53.5960703Z  
2026-10-01T13:14:53.5962295Z Reading state information... 39%
2026-10-01T13:14:53.5999910Z  
2026-10-01T13:14:53.6001184Z Reading state information... 41%
2026-10-01T13:14:53.6040149Z  
2026-10-01T13:14:53.6041272Z Reading state information... 43%
2026-10-01T13:14:53.6081064Z  
2026-10-01T13:14:53.6082149Z Reading state information... 45%
2026-10-01T13:14:53.6120280Z  
2026-10-01T13:14:53.6121382Z Reading state information... 47%
2026-10-01T13:14:53.6159531Z  
2026-10-01T13:14:53.6160420Z Reading state information... 49%
2026-10-01T13:14:53.6205524Z  
2026-10-01T13:14:53.6206429Z Reading state information... 51%
2026-10-01T13:14:53.6246156Z  
2026-10-01T13:14:53.6247025Z Reading state information... 53%
2026-10-01T13:14:53.6289433Z  
2026-10-01T13:14:53.6290303Z Reading state information... 55%
2026-10-01T13:14:53.6326035Z  
2026-10-01T13:14:53.6326903Z Reading state information... 57%
2026-10-01T13:14:53.6362285Z  
2026-10-01T13:14:53.6363152Z Reading state information... 59%
2026-10-01T13:14:53.6398678Z  
2026-10-01T13:14:53.6399550Z Reading state information... 61%
2026-10-01T13:14:53.6434681Z  
2026-10-01T13:14:53.6435534Z Reading state information... 63%
2026-10-01T13:14:53.6470598Z  
2026-10-01T13:14:53.6481141Z Reading state information... 65%
2026-10-01T13:14:53.6511939Z  
2026-10-01T13:14:53.6512589Z Reading state information... 67%
2026-10-01T13:14:53.6546616Z  
2026-10-01T13:14:53.6547256Z Reading state information... 69%
2026-10-01T13:14:53.6584778Z  
2026-10-01T13:14:53.6585806Z Reading state information... 71%
2026-10-01T13:14:53.6623387Z  
2026-10-01T13:14:53.6624273Z Reading state information... 73%
2026-10-01T13:14:53.6661300Z  
2026-10-01T13:14:53.6662390Z Reading state information... 75%
2026-10-01T13:14:53.6697251Z  
2026-10-01T13:14:53.6698131Z Reading state information... 77%
2026-10-01T13:14:53.6736644Z  
2026-10-01T13:14:53.6737526Z Reading state information... 79%
2026-10-01T13:14:53.6779409Z  
2026-10-01T13:14:53.6780291Z Reading state information... 81%
2026-10-01T13:14:53.6817723Z  
2026-10-01T13:14:53.6818631Z Reading state information... 83%
2026-10-01T13:14:53.6858063Z  
2026-10-01T13:14:53.6858939Z Reading state information... 85%
2026-10-01T13:14:53.6897084Z  
2026-10-01T13:14:53.6897964Z Reading state information... 87%
2026-10-01T13:14:53.6932901Z  
2026-10-01T13:14:53.6933767Z Reading state information... 89%
2026-10-01T13:14:53.6969546Z  
2026-10-01T13:14:53.6970409Z Reading state information... 91%
2026-10-01T13:14:53.7007796Z  
2026-10-01T13:14:53.7008676Z Reading state information... 93%
2026-10-01T13:14:53.7049759Z  
2026-10-01T13:14:53.7050658Z Reading state information... 95%
2026-10-01T13:14:53.7090920Z  
2026-10-01T13:14:53.7091999Z Reading state information... 97%
2026-10-01T13:14:53.7128948Z  
2026-10-01T13:14:53.7129748Z Reading state information... 99%
2026-10-01T13:14:55.3546207Z  Selecting previously unselected package bzip2-doc.
2026-10-01T13:14:55.3607799Z (Reading database ... 
2026-10-01T13:14:55.3609108Z (Reading database ... 5%
2026-10-01T13:14:55.3610281Z (Reading database ... 10%
2026-10-01T13:14:55.3611407Z (Reading database ... 15%
2026-10-01T13:14:55.3612537Z (Reading database ... 20%
2026-10-01T13:14:55.3613462Z (Reading database ... 25%
2026-10-01T13:14:55.3614550Z (Reading database ... 30%
2026-10-01T13:14:55.3615296Z (Reading database ... 35%
2026-10-01T13:14:55.3616321Z (Reading database ... 40%
2026-10-01T13:14:55.3622682Z (Reading database ... 45%
2026-10-01T13:14:55.3623472Z (Reading database ... 50%
2026-10-01T13:14:55.3725711Z (Reading database ... 55%
2026-10-01T13:14:55.3745589Z (Reading database ... 60%
2026-10-01T13:14:55.3774163Z (Reading database ... 65%
2026-10-01T13:14:55.3793629Z (Reading database ... 70%
2026-10-01T13:14:55.3833360Z (Reading database ... 75%
2026-10-01T13:14:55.3866284Z (Reading database ... 80%
2026-10-01T13:14:55.3992660Z (Reading database ... 85%
2026-10-01T13:14:55.4072852Z (Reading database ... 90%
2026-10-01T13:14:55.4303467Z (Reading database ... 95%
2026-10-01T13:14:55.4304380Z (Reading database ... 100%
2026-10-01T13:14:55.4306213Z (Reading database ... 209467 files and directories currently installed.)
2026-10-01T13:14:55.4353236Z Preparing to unpack .../0-bzip2-doc_1.0.8-5.1ubuntu0.1_all.deb ...
2026-10-01T13:14:55.4364869Z Unpacking bzip2-doc (1.0.8-5.1ubuntu0.1) ...
2026-10-01T13:14:55.4612519Z Selecting previously unselected package libbz2-dev:amd64.
2026-10-01T13:14:55.4741605Z Preparing to unpack .../1-libbz2-dev_1.0.8-5.1ubuntu0.1_amd64.deb ...
2026-10-01T13:14:55.4750173Z Unpacking libbz2-dev:amd64 (1.0.8-5.1ubuntu0.1) ...
2026-10-01T13:14:55.4950226Z Selecting previously unselected package libdeflate-dev:amd64.
2026-10-01T13:14:55.5084758Z Preparing to unpack .../2-libdeflate-dev_1.19-1build1.1_amd64.deb ...
2026-10-01T13:14:55.5092970Z Unpacking libdeflate-dev:amd64 (1.19-1build1.1) ...
2026-10-01T13:14:55.5393005Z Selecting previously unselected package libopenblas0-pthread:amd64.
2026-10-01T13:14:55.5516375Z Preparing to unpack .../3-libopenblas0-pthread_0.3.26+ds-1ubuntu0.1_amd64.deb ...
2026-10-01T13:14:55.5530571Z Unpacking libopenblas0-pthread:amd64 (0.3.26+ds-1ubuntu0.1) ...
2026-10-01T13:14:55.7272148Z Selecting previously unselected package libopenblas0:amd64.
2026-10-01T13:14:55.7392100Z Preparing to unpack .../4-libopenblas0_0.3.26+ds-1ubuntu0.1_amd64.deb ...
2026-10-01T13:14:55.7411923Z Unpacking libopenblas0:amd64 (0.3.26+ds-1ubuntu0.1) ...
2026-10-01T13:14:55.7621967Z Selecting previously unselected package libopenblas-pthread-dev:amd64.
2026-10-01T13:14:55.7750000Z Preparing to unpack .../5-libopenblas-pthread-dev_0.3.26+ds-1ubuntu0.1_amd64.deb ...
2026-10-01T13:14:55.7758926Z Unpacking libopenblas-pthread-dev:amd64 (0.3.26+ds-1ubuntu0.1) ...
2026-10-01T13:14:55.9822462Z Selecting previously unselected package libopenblas-dev:amd64.
2026-10-01T13:14:55.9964846Z Preparing to unpack .../6-libopenblas-dev_0.3.26+ds-1ubuntu0.1_amd64.deb ...
2026-10-01T13:14:55.9981573Z Unpacking libopenblas-dev:amd64 (0.3.26+ds-1ubuntu0.1) ...
2026-10-01T13:14:56.0191685Z Selecting previously unselected package liblzma-dev:amd64.
2026-10-01T13:14:56.0312718Z Preparing to unpack .../7-liblzma-dev_5.6.1+really5.4.5-1ubuntu0.3_amd64.deb ...
2026-10-01T13:14:56.0331769Z Unpacking liblzma-dev:amd64 (5.6.1+really5.4.5-1ubuntu0.3) ...
2026-10-01T13:14:56.0581417Z Selecting previously unselected package libtirpc-dev:amd64.
2026-10-01T13:14:56.0717417Z Preparing to unpack .../8-libtirpc-dev_1.3.4+ds-1.1build1_amd64.deb ...
2026-10-01T13:14:56.0727437Z Unpacking libtirpc-dev:amd64 (1.3.4+ds-1.1build1) ...
2026-10-01T13:14:56.1310555Z Setting up bzip2-doc (1.0.8-5.1ubuntu0.1) ...
2026-10-01T13:14:56.1330383Z Setting up libopenblas0-pthread:amd64 (0.3.26+ds-1ubuntu0.1) ...
2026-10-01T13:14:56.1391529Z update-alternatives: using /usr/lib/x86_64-linux-gnu/openblas-pthread/libblas.so.3 to provide /usr/lib/x86_64-linux-gnu/libblas.so.3 (libblas.so.3-x86_64-linux-gnu) in auto mode
2026-10-01T13:14:56.1439308Z update-alternatives: using /usr/lib/x86_64-linux-gnu/openblas-pthread/liblapack.so.3 to provide /usr/lib/x86_64-linux-gnu/liblapack.so.3 (liblapack.so.3-x86_64-linux-gnu) in auto mode
2026-10-01T13:14:56.1488080Z update-alternatives: using /usr/lib/x86_64-linux-gnu/openblas-pthread/libopenblas.so.0 to provide /usr/lib/x86_64-linux-gnu/libopenblas.so.0 (libopenblas.so.0-x86_64-linux-gnu) in auto mode
2026-10-01T13:14:56.1502920Z Setting up libtirpc-dev:amd64 (1.3.4+ds-1.1build1) ...
2026-10-01T13:14:56.1522269Z Setting up liblzma-dev:amd64 (5.6.1+really5.4.5-1ubuntu0.3) ...
2026-10-01T13:14:56.1539216Z Setting up libopenblas0:amd64 (0.3.26+ds-1ubuntu0.1) ...
2026-10-01T13:14:56.1558728Z Setting up libdeflate-dev:amd64 (1.19-1build1.1) ...
2026-10-01T13:14:56.1579650Z Setting up libbz2-dev:amd64 (1.0.8-5.1ubuntu0.1) ...
2026-10-01T13:14:56.1596410Z Setting up libopenblas-pthread-dev:amd64 (0.3.26+ds-1ubuntu0.1) ...
2026-10-01T13:14:56.1662599Z update-alternatives: using /usr/lib/x86_64-linux-gnu/openblas-pthread/libblas.so to provide /usr/lib/x86_64-linux-gnu/libblas.so (libblas.so-x86_64-linux-gnu) in auto mode
2026-10-01T13:14:56.1717235Z update-alternatives: using /usr/lib/x86_64-linux-gnu/openblas-pthread/liblapack.so to provide /usr/lib/x86_64-linux-gnu/liblapack.so (liblapack.so-x86_64-linux-gnu) in auto mode
2026-10-01T13:14:56.1765461Z update-alternatives: using /usr/lib/x86_64-linux-gnu/openblas-pthread/libopenblas.so to provide /usr/lib/x86_64-linux-gnu/libopenblas.so (libopenblas.so-x86_64-linux-gnu) in auto mode
2026-10-01T13:14:56.1821499Z Setting up libopenblas-dev:amd64 (0.3.26+ds-1ubuntu0.1) ...
2026-10-01T13:14:56.1846755Z Processing triggers for libc-bin (2.39-0ubuntu8.9) ...
2026-10-01T13:14:56.1989106Z Processing triggers for man-db (2.12.0-4build2) ...
2026-10-01T13:14:56.2005433Z Not building database; man-db/auto-update is not 'true'.
2026-10-01T13:14:56.2017437Z Processing triggers for install-info (7.1-3build2) ...
2026-10-01T13:14:56.9410524Z 
2026-10-01T13:14:56.9420198Z Running kernel seems to be up-to-date.
2026-10-01T13:14:56.9421037Z 
2026-10-01T13:14:56.9421656Z No services need to be restarted.
2026-10-01T13:14:56.9422307Z 
2026-10-01T13:14:56.9422695Z No containers need to be restarted.
2026-10-01T13:14:56.9423188Z 
2026-10-01T13:14:56.9423562Z No user sessions are running outdated binaries.
2026-10-01T13:14:56.9424119Z 
2026-10-01T13:14:56.9424620Z No VM guests are running outdated hypervisor (qemu) binaries on this host.
2026-10-01T13:14:57.9088379Z Selecting previously unselected package r-4.6.0.
2026-10-01T13:14:57.9903006Z (Reading database ... 209657 files and directories currently installed.)
2026-10-01T13:14:57.9952892Z Preparing to unpack .../work/_temp/r-4.6.0_1_amd64.deb ...
2026-10-01T13:14:57.9961220Z Unpacking r-4.6.0 (1) ...
2026-10-01T13:14:58.7954438Z Setting up r-4.6.0 (1) ...
2026-10-01T13:14:58.8113713Z 
2026-10-01T13:14:58.8117866Z 
2026-10-01T13:14:58.8118414Z Reading state information... Done
2026-10-01T13:14:58.8119104Z 
2026-10-01T13:14:58.8119688Z Get:1 file:/etc/apt/apt-mirrors.txt Mirrorlist [144 B]                          
2026-10-01T13:14:58.8120408Z 
2026-10-01T13:14:58.8121480Z Get:2 http://azure.archive.ubuntu.com/ubuntu noble-updates/main amd64 bzip2-doc all 1.0.8-5.1ubuntu0.1 [499 kB]
2026-10-01T13:14:58.8122429Z 
2026-10-01T13:14:58.8123181Z Get:3 http://azure.archive.ubuntu.com/ubuntu noble-updates/main amd64 libbz2-dev amd64 1.0.8-5.1ubuntu0.1 [33.6 kB]
2026-10-01T13:14:58.8124110Z 
2026-10-01T13:14:58.8124866Z Get:4 http://azure.archive.ubuntu.com/ubuntu noble-updates/main amd64 libdeflate-dev amd64 1.19-1build1.1 [50.9 kB]
2026-10-01T13:14:58.8125788Z 
2026-10-01T13:14:58.8126634Z Get:5 http://azure.archive.ubuntu.com/ubuntu noble-updates/universe amd64 libopenblas0-pthread amd64 0.3.26+ds-1ubuntu0.1 [7183 kB]
2026-10-01T13:14:58.8127660Z 
2026-10-01T13:14:58.8128466Z Get:6 http://azure.archive.ubuntu.com/ubuntu noble-updates/universe amd64 libopenblas0 amd64 0.3.26+ds-1ubuntu0.1 [6190 B]
2026-10-01T13:14:58.8129427Z 
2026-10-01T13:14:58.8130301Z Get:7 http://azure.archive.ubuntu.com/ubuntu noble-updates/universe amd64 libopenblas-pthread-dev amd64 0.3.26+ds-1ubuntu0.1 [4899 kB]
2026-10-01T13:14:58.8131578Z 
2026-10-01T13:14:58.8132368Z Get:8 http://azure.archive.ubuntu.com/ubuntu noble-updates/universe amd64 libopenblas-dev amd64 0.3.26+ds-1ubuntu0.1 [19.6 kB]
2026-10-01T13:14:58.8133291Z 
2026-10-01T13:14:58.8134015Z Get:9 http://azure.archive.ubuntu.com/ubuntu noble-updates/main amd64 liblzma-dev amd64 5.6.1+really5.4.5-1ubuntu0.3 [176 kB]
2026-10-01T13:14:58.8134916Z 
2026-10-01T13:14:58.8135558Z Get:10 http://azure.archive.ubuntu.com/ubuntu noble/main amd64 libtirpc-dev amd64 1.3.4+ds-1.1build1 [193 kB]
2026-10-01T13:14:58.8136363Z 
2026-10-01T13:14:58.8136781Z Fetched 13.1 MB in 0s (0 B/s)                                                   
2026-10-01T13:14:58.8411796Z ##[endgroup]
2026-10-01T13:14:58.8425343Z [command]/usr/bin/sudo ln -sf /opt/R/4.6.0/bin/R /usr/local/bin/R
2026-10-01T13:14:58.8553222Z [command]/usr/bin/sudo ln -sf /opt/R/4.6.0/bin/Rscript /usr/local/bin/Rscript
2026-10-01T13:14:58.8720311Z [command]/usr/bin/lsb_release --short --codename
2026-10-01T13:14:58.8830563Z noble
2026-10-01T13:14:58.9024288Z ##[group]Run sudo apt-get update
2026-10-01T13:14:58.9024651Z [36;1msudo apt-get update[0m
2026-10-01T13:14:58.9025001Z [36;1msudo apt-get install -y --no-install-recommends \[0m
2026-10-01T13:14:58.9025500Z [36;1m  build-essential gfortran libcurl4-openssl-dev libssl-dev libxml2-dev \[0m
2026-10-01T13:14:58.9026229Z [36;1m  libgit2-dev libicu-dev libnlopt-dev libglpk-dev libuv1-dev \[0m
2026-10-01T13:14:58.9026730Z [36;1m  libfontconfig1-dev libfreetype6-dev libharfbuzz-dev libfribidi-dev \[0m
2026-10-01T13:14:58.9027150Z [36;1m  libpng-dev libjpeg-dev libtiff-dev[0m
2026-10-01T13:14:58.9292237Z shell: /usr/bin/bash -e {0}
2026-10-01T13:14:58.9292643Z env:
2026-10-01T13:14:58.9292994Z   R_LIBS_USER: /home/runner/work/_temp/Library
2026-10-01T13:14:58.9293451Z   TZ: UTC
2026-10-01T13:14:58.9293751Z   _R_CHECK_SYSTEM_CLOCK_: FALSE
2026-10-01T13:14:58.9294126Z   NOT_CRAN: true
2026-10-01T13:14:58.9294668Z   RSPM: https://packagemanager.posit.co/cran/__linux__/noble/latest
2026-10-01T13:14:58.9295489Z   RENV_CONFIG_REPOS_OVERRIDE: https://packagemanager.posit.co/cran/__linux__/noble/latest
2026-10-01T13:14:58.9296134Z ##[endgroup]
2026-10-01T13:14:59.0112496Z Get:1 file:/etc/apt/apt-mirrors.txt Mirrorlist [144 B]
2026-10-01T13:14:59.0663175Z Hit:2 http://azure.archive.ubuntu.com/ubuntu noble InRelease
2026-10-01T13:14:59.0682506Z Hit:6 https://packages.microsoft.com/ubuntu/24.04/prod noble InRelease
2026-10-01T13:14:59.0724446Z Hit:3 http://azure.archive.ubuntu.com/ubuntu noble-updates InRelease
2026-10-01T13:14:59.0761821Z Hit:4 http://azure.archive.ubuntu.com/ubuntu noble-backports InRelease
2026-10-01T13:14:59.0791787Z Hit:5 http://azure.archive.ubuntu.com/ubuntu noble-security InRelease
2026-10-01T13:15:01.4766563Z Reading package lists...
2026-10-01T13:15:01.5090558Z Reading package lists...
2026-10-01T13:15:01.7410985Z Building dependency tree...
2026-10-01T13:15:01.7420891Z Reading state information...
2026-10-01T13:15:01.9287610Z gfortran is already the newest version (4:13.2.0-7ubuntu1).
2026-10-01T13:15:01.9288750Z libxml2-dev is already the newest version (2.9.14+dfsg-1.3ubuntu3.9).
2026-10-01T13:15:01.9289610Z libxml2-dev set to manually installed.
2026-10-01T13:15:01.9290459Z libicu-dev is already the newest version (74.2-1ubuntu3.1).
2026-10-01T13:15:01.9291922Z The following additional packages will be installed:
2026-10-01T13:15:01.9293067Z   gir1.2-freedesktop gir1.2-freedesktop-dev gir1.2-glib-2.0-dev
2026-10-01T13:15:01.9294278Z   gir1.2-harfbuzz-0.0 libamd3 libblkid-dev libbrotli-dev libbtf2 libcamd3
2026-10-01T13:15:01.9311771Z   libccolamd3 libcholmod5 libcolamd3 libcxsparse4 libfontconfig-dev
2026-10-01T13:15:01.9313370Z   libgirepository-2.0-0 libgit2-1.7 libglib2.0-dev libglib2.0-dev-bin
2026-10-01T13:15:01.9314476Z   libglpk40 libgraphite2-dev libharfbuzz-cairo0 libharfbuzz-gobject0
2026-10-01T13:15:01.9315684Z   libharfbuzz-icu0 libharfbuzz-subset0 libhttp-parser-dev libhttp-parser2.9
2026-10-01T13:15:01.9316956Z   libjbig-dev libjpeg-turbo8-dev libjpeg8-dev libklu2 libldl3 liblerc-dev
2026-10-01T13:15:01.9318155Z   libmount-dev libnlopt0 libparu0 librbio4 libselinux1-dev libsepol-dev
2026-10-01T13:15:01.9319238Z   libsharpyuv-dev libspex2 libspqr4 libssh2-1-dev libssl3t64
2026-10-01T13:15:01.9320394Z   libsuitesparse-dev libsuitesparse-mongoose3 libsuitesparseconfig7 libtiffxx6
2026-10-01T13:15:01.9321857Z   libumfpack6 libwebp-dev libwebpdecoder3 openssl uuid-dev
2026-10-01T13:15:01.9322624Z Suggested packages:
2026-10-01T13:15:01.9323481Z   libcurl4-doc libidn-dev libkrb5-dev libldap2-dev librtmp-dev freetype2-doc
2026-10-01T13:15:01.9324605Z   libglib2.0-doc libgdk-pixbuf2.0-bin libxml2-utils libiodbc2-dev
2026-10-01T13:15:01.9325610Z   default-libmysqlclient-dev libgraphite2-utils libssl-doc
2026-10-01T13:15:01.9326378Z Recommended packages:
2026-10-01T13:15:01.9326980Z   libpng-tools libgraphblas-dev
2026-10-01T13:15:01.9708869Z The following NEW packages will be installed:
2026-10-01T13:15:01.9711316Z   build-essential gir1.2-freedesktop gir1.2-freedesktop-dev
2026-10-01T13:15:01.9712889Z   gir1.2-glib-2.0-dev gir1.2-harfbuzz-0.0 libamd3 libblkid-dev libbrotli-dev
2026-10-01T13:15:01.9714632Z   libbtf2 libcamd3 libccolamd3 libcholmod5 libcolamd3 libcurl4-openssl-dev
2026-10-01T13:15:01.9716208Z   libcxsparse4 libfontconfig-dev libfontconfig1-dev libfreetype-dev
2026-10-01T13:15:01.9718032Z   libfribidi-dev libgirepository-2.0-0 libgit2-1.7 libgit2-dev libglib2.0-dev
2026-10-01T13:15:01.9719466Z   libglib2.0-dev-bin libglpk-dev libglpk40 libgraphite2-dev libharfbuzz-cairo0
2026-10-01T13:15:01.9721087Z   libharfbuzz-dev libharfbuzz-gobject0 libharfbuzz-icu0 libharfbuzz-subset0
2026-10-01T13:15:01.9722417Z   libhttp-parser-dev libhttp-parser2.9 libjbig-dev libjpeg-dev
2026-10-01T13:15:01.9723646Z   libjpeg-turbo8-dev libjpeg8-dev libklu2 libldl3 liblerc-dev libmount-dev
2026-10-01T13:15:01.9724968Z   libnlopt-dev libnlopt0 libparu0 libpng-dev librbio4 libselinux1-dev
2026-10-01T13:15:01.9726125Z   libsepol-dev libsharpyuv-dev libspex2 libspqr4 libssh2-1-dev
2026-10-01T13:15:01.9727343Z   libsuitesparse-dev libsuitesparse-mongoose3 libsuitesparseconfig7
2026-10-01T13:15:01.9728626Z   libtiff-dev libtiffxx6 libumfpack6 libuv1-dev libwebp-dev libwebpdecoder3
2026-10-01T13:15:01.9729722Z   uuid-dev
2026-10-01T13:15:01.9731613Z The following packages will be upgraded:
2026-10-01T13:15:01.9735029Z   libssl-dev libssl3t64 openssl
2026-10-01T13:15:01.9941934Z 3 upgraded, 63 newly installed, 0 to remove and 21 not upgraded.
2026-10-01T13:15:01.9957767Z Need to get 19.0 MB of archives.
2026-10-01T13:15:01.9982146Z After this operation, 65.9 MB of additional disk space will be used.
2026-10-01T13:15:01.9983034Z Get:1 file:/etc/apt/apt-mirrors.txt Mirrorlist [144 B]
2026-10-01T13:15:02.0871270Z Get:2 http://azure.archive.ubuntu.com/ubuntu noble-updates/main amd64 libssl-dev amd64 3.0.13-0ubuntu3.16 [2409 kB]
2026-10-01T13:15:02.2127978Z Get:3 http://azure.archive.ubuntu.com/ubuntu noble-updates/main amd64 libssl3t64 amd64 3.0.13-0ubuntu3.16 [1945 kB]
2026-10-01T13:15:02.3294503Z Get:4 http://azure.archive.ubuntu.com/ubuntu noble-updates/main amd64 openssl amd64 3.0.13-0ubuntu3.16 [1004 kB]
2026-10-01T13:15:02.4227689Z Get:5 http://azure.archive.ubuntu.com/ubuntu noble/main amd64 build-essential amd64 12.10ubuntu1 [4928 B]
2026-10-01T13:15:02.4941740Z Get:6 http://azure.archive.ubuntu.com/ubuntu noble/main amd64 gir1.2-freedesktop amd64 1.80.1-1 [49.7 kB]
2026-10-01T13:15:02.5660499Z Get:7 http://azure.archive.ubuntu.com/ubuntu noble-updates/main amd64 gir1.2-glib-2.0-dev amd64 2.80.0-6ubuntu3.9 [848 kB]
2026-10-01T13:15:02.6560489Z Get:8 http://azure.archive.ubuntu.com/ubuntu noble/main amd64 gir1.2-freedesktop-dev amd64 1.80.1-1 [28.8 kB]
2026-10-01T13:15:02.7281411Z Get:9 http://azure.archive.ubuntu.com/ubuntu noble/main amd64 libharfbuzz-gobject0 amd64 8.3.0-2build2 [34.3 kB]
2026-10-01T13:15:02.7999130Z Get:10 http://azure.archive.ubuntu.com/ubuntu noble/main amd64 gir1.2-harfbuzz-0.0 amd64 8.3.0-2build2 [44.5 kB]
2026-10-01T13:15:02.8712729Z Get:11 http://azure.archive.ubuntu.com/ubuntu noble/main amd64 libsuitesparseconfig7 amd64 1:7.6.1+dfsg-1build1 [12.9 kB]
2026-10-01T13:15:02.9422641Z Get:12 http://azure.archive.ubuntu.com/ubuntu noble/universe amd64 libamd3 amd64 1:7.6.1+dfsg-1build1 [27.2 kB]
2026-10-01T13:15:03.0159907Z Get:13 http://azure.archive.ubuntu.com/ubuntu noble/main amd64 libbrotli-dev amd64 1.1.0-2build2 [353 kB]
2026-10-01T13:15:03.0945519Z Get:14 http://azure.archive.ubuntu.com/ubuntu noble/universe amd64 libbtf2 amd64 1:7.6.1+dfsg-1build1 [13.6 kB]
2026-10-01T13:15:03.1659976Z Get:15 http://azure.archive.ubuntu.com/ubuntu noble/universe amd64 libcamd3 amd64 1:7.6.1+dfsg-1build1 [23.8 kB]
2026-10-01T13:15:03.2368660Z Get:16 http://azure.archive.ubuntu.com/ubuntu noble/universe amd64 libccolamd3 amd64 1:7.6.1+dfsg-1build1 [25.9 kB]
2026-10-01T13:15:03.3083824Z Get:17 http://azure.archive.ubuntu.com/ubuntu noble/main amd64 libcolamd3 amd64 1:7.6.1+dfsg-1build1 [19.4 kB]
2026-10-01T13:15:03.3800693Z Get:18 http://azure.archive.ubuntu.com/ubuntu noble/universe amd64 libcholmod5 amd64 1:7.6.1+dfsg-1build1 [667 kB]
2026-10-01T13:15:03.4661474Z Get:19 http://azure.archive.ubuntu.com/ubuntu noble-updates/main amd64 libcurl4-openssl-dev amd64 8.5.0-2ubuntu10.15 [446 kB]
2026-10-01T13:15:03.5460473Z Get:20 http://azure.archive.ubuntu.com/ubuntu noble/universe amd64 libcxsparse4 amd64 1:7.6.1+dfsg-1build1 [75.1 kB]
2026-10-01T13:15:03.6197859Z Get:21 http://azure.archive.ubuntu.com/ubuntu noble-updates/main amd64 libpng-dev amd64 1.6.43-5ubuntu0.6 [265 kB]
2026-10-01T13:15:03.6958077Z Get:22 http://azure.archive.ubuntu.com/ubuntu noble-updates/main amd64 libfreetype-dev amd64 2.13.2+dfsg-1ubuntu0.1 [575 kB]
2026-10-01T13:15:03.7903248Z Get:23 http://azure.archive.ubuntu.com/ubuntu noble-updates/main amd64 uuid-dev amd64 2.39.3-9ubuntu6.6 [33.5 kB]
2026-10-01T13:15:03.8620614Z Get:24 http://azure.archive.ubuntu.com/ubuntu noble/main amd64 libfontconfig-dev amd64 2.15.0-1.1ubuntu2 [161 kB]
2026-10-01T13:15:03.9360478Z Get:25 http://azure.archive.ubuntu.com/ubuntu noble/main amd64 libfontconfig1-dev amd64 2.15.0-1.1ubuntu2 [1840 B]
2026-10-01T13:15:04.0077024Z Get:26 http://azure.archive.ubuntu.com/ubuntu noble/main amd64 libfribidi-dev amd64 1.0.13-3build1 [64.8 kB]
2026-10-01T13:15:04.0798986Z Get:27 http://azure.archive.ubuntu.com/ubuntu noble-updates/main amd64 libgirepository-2.0-0 amd64 2.80.0-6ubuntu3.9 [73.5 kB]
2026-10-01T13:15:04.1527107Z Get:28 http://azure.archive.ubuntu.com/ubuntu noble/main amd64 libhttp-parser2.9 amd64 2.9.4-6build1 [22.3 kB]
2026-10-01T13:15:04.2242919Z Get:29 http://azure.archive.ubuntu.com/ubuntu noble-updates/main amd64 libgit2-1.7 amd64 1.7.2+ds-1ubuntu3.2 [529 kB]
2026-10-01T13:15:04.3073165Z Get:30 http://azure.archive.ubuntu.com/ubuntu noble-updates/main amd64 libglib2.0-dev-bin amd64 2.80.0-6ubuntu3.9 [138 kB]
2026-10-01T13:15:04.3807582Z Get:31 http://azure.archive.ubuntu.com/ubuntu noble-updates/main amd64 libblkid-dev amd64 2.39.3-9ubuntu6.6 [205 kB]
2026-10-01T13:15:04.4620501Z Get:32 http://azure.archive.ubuntu.com/ubuntu noble/main amd64 libsepol-dev amd64 3.5-2build1 [384 kB]
2026-10-01T13:15:04.5738242Z Get:33 http://azure.archive.ubuntu.com/ubuntu noble-updates/main amd64 libselinux1-dev amd64 3.5-2ubuntu2.1 [164 kB]
2026-10-01T13:15:04.6487781Z Get:34 http://azure.archive.ubuntu.com/ubuntu noble-updates/main amd64 libmount-dev amd64 2.39.3-9ubuntu6.6 [14.9 kB]
2026-10-01T13:15:04.7235598Z Get:35 http://azure.archive.ubuntu.com/ubuntu noble-updates/main amd64 libglib2.0-dev amd64 2.80.0-6ubuntu3.9 [1860 kB]
2026-10-01T13:15:04.8359273Z Get:36 http://azure.archive.ubuntu.com/ubuntu noble/universe amd64 libglpk40 amd64 5.0-1build2 [369 kB]
2026-10-01T13:15:04.9148700Z Get:37 http://azure.archive.ubuntu.com/ubuntu noble/universe amd64 libklu2 amd64 1:7.6.1+dfsg-1build1 [79.0 kB]
2026-10-01T13:15:04.9871541Z Get:38 http://azure.archive.ubuntu.com/ubuntu noble/universe amd64 libldl3 amd64 1:7.6.1+dfsg-1build1 [13.3 kB]
2026-10-01T13:15:05.0580367Z Get:39 http://azure.archive.ubuntu.com/ubuntu noble/universe amd64 libsuitesparse-mongoose3 amd64 1:7.6.1+dfsg-1build1 [33.5 kB]
2026-10-01T13:15:05.1301003Z Get:40 http://azure.archive.ubuntu.com/ubuntu noble/universe amd64 libumfpack6 amd64 1:7.6.1+dfsg-1build1 [268 kB]
2026-10-01T13:15:05.2072605Z Get:41 http://azure.archive.ubuntu.com/ubuntu noble/universe amd64 librbio4 amd64 1:7.6.1+dfsg-1build1 [26.5 kB]
2026-10-01T13:15:05.2787660Z Get:42 http://azure.archive.ubuntu.com/ubuntu noble/universe amd64 libspqr4 amd64 1:7.6.1+dfsg-1build1 [135 kB]
2026-10-01T13:15:05.3520354Z Get:43 http://azure.archive.ubuntu.com/ubuntu noble/universe amd64 libspex2 amd64 1:7.6.1+dfsg-1build1 [35.0 kB]
2026-10-01T13:15:05.4239660Z Get:44 http://azure.archive.ubuntu.com/ubuntu noble/universe amd64 libparu0 amd64 1:7.6.1+dfsg-1build1 [50.0 kB]
2026-10-01T13:15:05.4961323Z Get:45 http://azure.archive.ubuntu.com/ubuntu noble/universe amd64 libsuitesparse-dev amd64 1:7.6.1+dfsg-1build1 [1535 kB]
2026-10-01T13:15:05.6004060Z Get:46 http://azure.archive.ubuntu.com/ubuntu noble/universe amd64 libglpk-dev amd64 5.0-1build2 [478 kB]
2026-10-01T13:15:05.6823021Z Get:47 http://azure.archive.ubuntu.com/ubuntu noble-updates/main amd64 libgraphite2-dev amd64 1.3.14-2ubuntu0.24.04.1 [14.7 kB]
2026-10-01T13:15:05.7536094Z Get:48 http://azure.archive.ubuntu.com/ubuntu noble/main amd64 libharfbuzz-cairo0 amd64 8.3.0-2build2 [26.2 kB]
2026-10-01T13:15:05.8288507Z Get:49 http://azure.archive.ubuntu.com/ubuntu noble/main amd64 libharfbuzz-icu0 amd64 8.3.0-2build2 [13.3 kB]
2026-10-01T13:15:05.9005499Z Get:50 http://azure.archive.ubuntu.com/ubuntu noble/main amd64 libharfbuzz-subset0 amd64 8.3.0-2build2 [448 kB]
2026-10-01T13:15:05.9813629Z Get:51 http://azure.archive.ubuntu.com/ubuntu noble/main amd64 libharfbuzz-dev amd64 8.3.0-2build2 [142 kB]
2026-10-01T13:15:06.0548027Z Get:52 http://azure.archive.ubuntu.com/ubuntu noble/main amd64 libjpeg-turbo8-dev amd64 2.1.5-2ubuntu2 [295 kB]
2026-10-01T13:15:06.1337383Z Get:53 http://azure.archive.ubuntu.com/ubuntu noble/main amd64 libjpeg8-dev amd64 8c-2ubuntu11 [1484 B]
2026-10-01T13:15:06.2049393Z Get:54 http://azure.archive.ubuntu.com/ubuntu noble/main amd64 libjpeg-dev amd64 8c-2ubuntu11 [1482 B]
2026-10-01T13:15:06.2766003Z Get:55 http://azure.archive.ubuntu.com/ubuntu noble/main amd64 liblerc-dev amd64 4.0.0+ds-4ubuntu2 [182 kB]
2026-10-01T13:15:06.3508814Z Get:56 http://azure.archive.ubuntu.com/ubuntu noble/main amd64 libsharpyuv-dev amd64 1.3.2-0.4build3 [16.0 kB]
2026-10-01T13:15:06.4225637Z Get:57 http://azure.archive.ubuntu.com/ubuntu noble-updates/main amd64 libssh2-1-dev amd64 1.11.0-4.1ubuntu0.24.04.4 [260 kB]
2026-10-01T13:15:06.4987670Z Get:58 http://azure.archive.ubuntu.com/ubuntu noble/main amd64 libjbig-dev amd64 2.1-6.1ubuntu2 [27.9 kB]
2026-10-01T13:15:06.5730101Z Get:59 http://azure.archive.ubuntu.com/ubuntu noble/main amd64 libwebpdecoder3 amd64 1.3.2-0.4build3 [114 kB]
2026-10-01T13:15:06.6491629Z Get:60 http://azure.archive.ubuntu.com/ubuntu noble/main amd64 libwebp-dev amd64 1.3.2-0.4build3 [367 kB]
2026-10-01T13:15:06.7311292Z Get:61 http://azure.archive.ubuntu.com/ubuntu noble-updates/main amd64 libtiffxx6 amd64 4.5.1+git230720-4ubuntu2.5 [5642 B]
2026-10-01T13:15:06.8064349Z Get:62 http://azure.archive.ubuntu.com/ubuntu noble-updates/main amd64 libtiff-dev amd64 4.5.1+git230720-4ubuntu2.5 [338 kB]
2026-10-01T13:15:06.8870191Z Get:63 http://azure.archive.ubuntu.com/ubuntu noble/main amd64 libuv1-dev amd64 1.48.0-1.1build1 [136 kB]
2026-10-01T13:15:06.9640248Z Get:64 http://azure.archive.ubuntu.com/ubuntu noble/main amd64 libhttp-parser-dev amd64 2.9.4-6build1 [21.5 kB]
2026-10-01T13:15:07.0382727Z Get:65 http://azure.archive.ubuntu.com/ubuntu noble-updates/main amd64 libgit2-dev amd64 1.7.2+ds-1ubuntu3.2 [814 kB]
2026-10-01T13:15:07.1185459Z Get:66 http://azure.archive.ubuntu.com/ubuntu noble/universe amd64 libnlopt0 amd64 2.7.1-5build2 [184 kB]
2026-10-01T13:15:07.1943996Z Get:67 http://azure.archive.ubuntu.com/ubuntu noble/universe amd64 libnlopt-dev amd64 2.7.1-5build2 [43.9 kB]
2026-10-01T13:15:07.5529077Z Fetched 19.0 MB in 5s (3644 kB/s)
2026-10-01T13:15:07.5816117Z (Reading database ... 
2026-10-01T13:15:07.5817462Z (Reading database ... 5%
2026-10-01T13:15:07.5818185Z (Reading database ... 10%
2026-10-01T13:15:07.5818936Z (Reading database ... 15%
2026-10-01T13:15:07.5819500Z (Reading database ... 20%
2026-10-01T13:15:07.5820039Z (Reading database ... 25%
2026-10-01T13:15:07.5820594Z (Reading database ... 30%
2026-10-01T13:15:07.5821399Z (Reading database ... 35%
2026-10-01T13:15:07.5821931Z (Reading database ... 40%
2026-10-01T13:15:07.5822461Z (Reading database ... 45%
2026-10-01T13:15:07.5822988Z (Reading database ... 50%
2026-10-01T13:15:07.5948392Z (Reading database ... 55%
2026-10-01T13:15:07.5974710Z (Reading database ... 60%
2026-10-01T13:15:07.6008660Z (Reading database ... 65%
2026-10-01T13:15:07.6031532Z (Reading database ... 70%
2026-10-01T13:15:07.6085767Z (Reading database ... 75%
2026-10-01T13:15:07.6132205Z (Reading database ... 80%
2026-10-01T13:15:07.6291294Z (Reading database ... 85%
2026-10-01T13:15:07.6583863Z (Reading database ... 90%
2026-10-01T13:15:07.6700471Z (Reading database ... 95%
2026-10-01T13:15:07.6701803Z (Reading database ... 100%
2026-10-01T13:15:07.6703572Z (Reading database ... 212106 files and directories currently installed.)
2026-10-01T13:15:07.6756204Z Preparing to unpack .../libssl-dev_3.0.13-0ubuntu3.16_amd64.deb ...
2026-10-01T13:15:07.6779184Z Unpacking libssl-dev:amd64 (3.0.13-0ubuntu3.16) over (3.0.13-0ubuntu3.15) ...
2026-10-01T13:15:07.8142273Z Preparing to unpack .../libssl3t64_3.0.13-0ubuntu3.16_amd64.deb ...
2026-10-01T13:15:07.8165992Z Unpacking libssl3t64:amd64 (3.0.13-0ubuntu3.16) over (3.0.13-0ubuntu3.15) ...
2026-10-01T13:15:07.8899964Z Setting up libssl3t64:amd64 (3.0.13-0ubuntu3.16) ...
2026-10-01T13:15:07.9312723Z (Reading database ... 
2026-10-01T13:15:07.9322241Z (Reading database ... 5%
2026-10-01T13:15:07.9324349Z (Reading database ... 10%
2026-10-01T13:15:07.9325390Z (Reading database ... 15%
2026-10-01T13:15:07.9328393Z (Reading database ... 20%
2026-10-01T13:15:07.9328955Z (Reading database ... 25%
2026-10-01T13:15:07.9329689Z (Reading database ... 30%
2026-10-01T13:15:07.9330373Z (Reading database ... 35%
2026-10-01T13:15:07.9331215Z (Reading database ... 40%
2026-10-01T13:15:07.9331831Z (Reading database ... 45%
2026-10-01T13:15:07.9332354Z (Reading database ... 50%
2026-10-01T13:15:07.9454932Z (Reading database ... 55%
2026-10-01T13:15:07.9482236Z (Reading database ... 60%
2026-10-01T13:15:07.9514994Z (Reading database ... 65%
2026-10-01T13:15:07.9537702Z (Reading database ... 70%
2026-10-01T13:15:07.9589290Z (Reading database ... 75%
2026-10-01T13:15:07.9627113Z (Reading database ... 80%
2026-10-01T13:15:07.9785223Z (Reading database ... 85%
2026-10-01T13:15:08.0051238Z (Reading database ... 90%
2026-10-01T13:15:08.0165789Z (Reading database ... 95%
2026-10-01T13:15:08.0166752Z (Reading database ... 100%
2026-10-01T13:15:08.0168101Z (Reading database ... 212106 files and directories currently installed.)
2026-10-01T13:15:08.0223106Z Preparing to unpack .../00-openssl_3.0.13-0ubuntu3.16_amd64.deb ...
2026-10-01T13:15:08.0243607Z Unpacking openssl (3.0.13-0ubuntu3.16) over (3.0.13-0ubuntu3.15) ...
2026-10-01T13:15:08.1252578Z Selecting previously unselected package build-essential.
2026-10-01T13:15:08.1395503Z Preparing to unpack .../01-build-essential_12.10ubuntu1_amd64.deb ...
2026-10-01T13:15:08.1402649Z Unpacking build-essential (12.10ubuntu1) ...
2026-10-01T13:15:08.1616950Z Selecting previously unselected package gir1.2-freedesktop:amd64.
2026-10-01T13:15:08.1759454Z Preparing to unpack .../02-gir1.2-freedesktop_1.80.1-1_amd64.deb ...
2026-10-01T13:15:08.1767320Z Unpacking gir1.2-freedesktop:amd64 (1.80.1-1) ...
2026-10-01T13:15:08.2002682Z Selecting previously unselected package gir1.2-glib-2.0-dev:amd64.
2026-10-01T13:15:08.2146778Z Preparing to unpack .../03-gir1.2-glib-2.0-dev_2.80.0-6ubuntu3.9_amd64.deb ...
2026-10-01T13:15:08.2161568Z Unpacking gir1.2-glib-2.0-dev:amd64 (2.80.0-6ubuntu3.9) ...
2026-10-01T13:15:08.2705171Z Selecting previously unselected package gir1.2-freedesktop-dev:amd64.
2026-10-01T13:15:08.2853448Z Preparing to unpack .../04-gir1.2-freedesktop-dev_1.80.1-1_amd64.deb ...
2026-10-01T13:15:08.2862346Z Unpacking gir1.2-freedesktop-dev:amd64 (1.80.1-1) ...
2026-10-01T13:15:08.3103843Z Selecting previously unselected package libharfbuzz-gobject0:amd64.
2026-10-01T13:15:08.3251649Z Preparing to unpack .../05-libharfbuzz-gobject0_8.3.0-2build2_amd64.deb ...
2026-10-01T13:15:08.3260645Z Unpacking libharfbuzz-gobject0:amd64 (8.3.0-2build2) ...
2026-10-01T13:15:08.3485849Z Selecting previously unselected package gir1.2-harfbuzz-0.0:amd64.
2026-10-01T13:15:08.3629383Z Preparing to unpack .../06-gir1.2-harfbuzz-0.0_8.3.0-2build2_amd64.deb ...
2026-10-01T13:15:08.3636772Z Unpacking gir1.2-harfbuzz-0.0:amd64 (8.3.0-2build2) ...
2026-10-01T13:15:08.3864228Z Selecting previously unselected package libsuitesparseconfig7:amd64.
2026-10-01T13:15:08.4009141Z Preparing to unpack .../07-libsuitesparseconfig7_1%3a7.6.1+dfsg-1build1_amd64.deb ...
2026-10-01T13:15:08.4015936Z Unpacking libsuitesparseconfig7:amd64 (1:7.6.1+dfsg-1build1) ...
2026-10-01T13:15:08.4247268Z Selecting previously unselected package libamd3:amd64.
2026-10-01T13:15:08.4390428Z Preparing to unpack .../08-libamd3_1%3a7.6.1+dfsg-1build1_amd64.deb ...
2026-10-01T13:15:08.4397931Z Unpacking libamd3:amd64 (1:7.6.1+dfsg-1build1) ...
2026-10-01T13:15:08.4625582Z Selecting previously unselected package libbrotli-dev:amd64.
2026-10-01T13:15:08.4770389Z Preparing to unpack .../09-libbrotli-dev_1.1.0-2build2_amd64.deb ...
2026-10-01T13:15:08.4778162Z Unpacking libbrotli-dev:amd64 (1.1.0-2build2) ...
2026-10-01T13:15:08.5071719Z Selecting previously unselected package libbtf2:amd64.
2026-10-01T13:15:08.5217625Z Preparing to unpack .../10-libbtf2_1%3a7.6.1+dfsg-1build1_amd64.deb ...
2026-10-01T13:15:08.5234681Z Unpacking libbtf2:amd64 (1:7.6.1+dfsg-1build1) ...
2026-10-01T13:15:08.5455814Z Selecting previously unselected package libcamd3:amd64.
2026-10-01T13:15:08.5603202Z Preparing to unpack .../11-libcamd3_1%3a7.6.1+dfsg-1build1_amd64.deb ...
2026-10-01T13:15:08.5612109Z Unpacking libcamd3:amd64 (1:7.6.1+dfsg-1build1) ...
2026-10-01T13:15:08.5864521Z Selecting previously unselected package libccolamd3:amd64.
2026-10-01T13:15:08.6004935Z Preparing to unpack .../12-libccolamd3_1%3a7.6.1+dfsg-1build1_amd64.deb ...
2026-10-01T13:15:08.6014039Z Unpacking libccolamd3:amd64 (1:7.6.1+dfsg-1build1) ...
2026-10-01T13:15:08.6242222Z Selecting previously unselected package libcolamd3:amd64.
2026-10-01T13:15:08.6385746Z Preparing to unpack .../13-libcolamd3_1%3a7.6.1+dfsg-1build1_amd64.deb ...
2026-10-01T13:15:08.6393298Z Unpacking libcolamd3:amd64 (1:7.6.1+dfsg-1build1) ...
2026-10-01T13:15:08.6632725Z Selecting previously unselected package libcholmod5:amd64.
2026-10-01T13:15:08.6769041Z Preparing to unpack .../14-libcholmod5_1%3a7.6.1+dfsg-1build1_amd64.deb ...
2026-10-01T13:15:08.6778240Z Unpacking libcholmod5:amd64 (1:7.6.1+dfsg-1build1) ...
2026-10-01T13:15:08.7083478Z Selecting previously unselected package libcurl4-openssl-dev:amd64.
2026-10-01T13:15:08.7224449Z Preparing to unpack .../15-libcurl4-openssl-dev_8.5.0-2ubuntu10.15_amd64.deb ...
2026-10-01T13:15:08.7231010Z Unpacking libcurl4-openssl-dev:amd64 (8.5.0-2ubuntu10.15) ...
2026-10-01T13:15:08.7551237Z Selecting previously unselected package libcxsparse4:amd64.
2026-10-01T13:15:08.7692594Z Preparing to unpack .../16-libcxsparse4_1%3a7.6.1+dfsg-1build1_amd64.deb ...
2026-10-01T13:15:08.7701977Z Unpacking libcxsparse4:amd64 (1:7.6.1+dfsg-1build1) ...
2026-10-01T13:15:08.7963995Z Selecting previously unselected package libpng-dev:amd64.
2026-10-01T13:15:08.8105654Z Preparing to unpack .../17-libpng-dev_1.6.43-5ubuntu0.6_amd64.deb ...
2026-10-01T13:15:08.8112851Z Unpacking libpng-dev:amd64 (1.6.43-5ubuntu0.6) ...
2026-10-01T13:15:08.8395518Z Selecting previously unselected package libfreetype-dev:amd64.
2026-10-01T13:15:08.8537123Z Preparing to unpack .../18-libfreetype-dev_2.13.2+dfsg-1ubuntu0.1_amd64.deb ...
2026-10-01T13:15:08.8551187Z Unpacking libfreetype-dev:amd64 (2.13.2+dfsg-1ubuntu0.1) ...
2026-10-01T13:15:08.8925146Z Selecting previously unselected package uuid-dev:amd64.
2026-10-01T13:15:08.9072717Z Preparing to unpack .../19-uuid-dev_2.39.3-9ubuntu6.6_amd64.deb ...
2026-10-01T13:15:08.9089011Z Unpacking uuid-dev:amd64 (2.39.3-9ubuntu6.6) ...
2026-10-01T13:15:08.9321408Z Selecting previously unselected package libfontconfig-dev:amd64.
2026-10-01T13:15:08.9468498Z Preparing to unpack .../20-libfontconfig-dev_2.15.0-1.1ubuntu2_amd64.deb ...
2026-10-01T13:15:08.9482626Z Unpacking libfontconfig-dev:amd64 (2.15.0-1.1ubuntu2) ...
2026-10-01T13:15:08.9732900Z Selecting previously unselected package libfontconfig1-dev:amd64.
2026-10-01T13:15:08.9874143Z Preparing to unpack .../21-libfontconfig1-dev_2.15.0-1.1ubuntu2_amd64.deb ...
2026-10-01T13:15:08.9882325Z Unpacking libfontconfig1-dev:amd64 (2.15.0-1.1ubuntu2) ...
2026-10-01T13:15:09.0091116Z Selecting previously unselected package libfribidi-dev:amd64.
2026-10-01T13:15:09.0238774Z Preparing to unpack .../22-libfribidi-dev_1.0.13-3build1_amd64.deb ...
2026-10-01T13:15:09.0252772Z Unpacking libfribidi-dev:amd64 (1.0.13-3build1) ...
2026-10-01T13:15:09.0573633Z Selecting previously unselected package libgirepository-2.0-0:amd64.
2026-10-01T13:15:09.0716615Z Preparing to unpack .../23-libgirepository-2.0-0_2.80.0-6ubuntu3.9_amd64.deb ...
2026-10-01T13:15:09.0726031Z Unpacking libgirepository-2.0-0:amd64 (2.80.0-6ubuntu3.9) ...
2026-10-01T13:15:09.0972794Z Selecting previously unselected package libhttp-parser2.9:amd64.
2026-10-01T13:15:09.1106257Z Preparing to unpack .../24-libhttp-parser2.9_2.9.4-6build1_amd64.deb ...
2026-10-01T13:15:09.1115221Z Unpacking libhttp-parser2.9:amd64 (2.9.4-6build1) ...
2026-10-01T13:15:09.1403696Z Selecting previously unselected package libgit2-1.7:amd64.
2026-10-01T13:15:09.1543099Z Preparing to unpack .../25-libgit2-1.7_1.7.2+ds-1ubuntu3.2_amd64.deb ...
2026-10-01T13:15:09.1550748Z Unpacking libgit2-1.7:amd64 (1.7.2+ds-1ubuntu3.2) ...
2026-10-01T13:15:09.1829323Z Selecting previously unselected package libglib2.0-dev-bin.
2026-10-01T13:15:09.1971241Z Preparing to unpack .../26-libglib2.0-dev-bin_2.80.0-6ubuntu3.9_amd64.deb ...
2026-10-01T13:15:09.1981895Z Unpacking libglib2.0-dev-bin (2.80.0-6ubuntu3.9) ...
2026-10-01T13:15:09.2295639Z Selecting previously unselected package libblkid-dev:amd64.
2026-10-01T13:15:09.2439956Z Preparing to unpack .../27-libblkid-dev_2.39.3-9ubuntu6.6_amd64.deb ...
2026-10-01T13:15:09.2448034Z Unpacking libblkid-dev:amd64 (2.39.3-9ubuntu6.6) ...
2026-10-01T13:15:09.2713709Z Selecting previously unselected package libsepol-dev:amd64.
2026-10-01T13:15:09.2858547Z Preparing to unpack .../28-libsepol-dev_3.5-2build1_amd64.deb ...
2026-10-01T13:15:09.2867026Z Unpacking libsepol-dev:amd64 (3.5-2build1) ...
2026-10-01T13:15:09.3219218Z Selecting previously unselected package libselinux1-dev:amd64.
2026-10-01T13:15:09.3359466Z Preparing to unpack .../29-libselinux1-dev_3.5-2ubuntu2.1_amd64.deb ...
2026-10-01T13:15:09.3367334Z Unpacking libselinux1-dev:amd64 (3.5-2ubuntu2.1) ...
2026-10-01T13:15:09.3859633Z Selecting previously unselected package libmount-dev:amd64.
2026-10-01T13:15:09.4000474Z Preparing to unpack .../30-libmount-dev_2.39.3-9ubuntu6.6_amd64.deb ...
2026-10-01T13:15:09.4008119Z Unpacking libmount-dev:amd64 (2.39.3-9ubuntu6.6) ...
2026-10-01T13:15:09.4232605Z Selecting previously unselected package libglib2.0-dev:amd64.
2026-10-01T13:15:09.4374724Z Preparing to unpack .../31-libglib2.0-dev_2.80.0-6ubuntu3.9_amd64.deb ...
2026-10-01T13:15:09.4381673Z Unpacking libglib2.0-dev:amd64 (2.80.0-6ubuntu3.9) ...
2026-10-01T13:15:09.5492318Z Selecting previously unselected package libglpk40:amd64.
2026-10-01T13:15:09.5637811Z Preparing to unpack .../32-libglpk40_5.0-1build2_amd64.deb ...
2026-10-01T13:15:09.5666684Z Unpacking libglpk40:amd64 (5.0-1build2) ...
2026-10-01T13:15:09.5932047Z Selecting previously unselected package libklu2:amd64.
2026-10-01T13:15:09.6074177Z Preparing to unpack .../33-libklu2_1%3a7.6.1+dfsg-1build1_amd64.deb ...
2026-10-01T13:15:09.6081964Z Unpacking libklu2:amd64 (1:7.6.1+dfsg-1build1) ...
2026-10-01T13:15:09.6342817Z Selecting previously unselected package libldl3:amd64.
2026-10-01T13:15:09.6474501Z Preparing to unpack .../34-libldl3_1%3a7.6.1+dfsg-1build1_amd64.deb ...
2026-10-01T13:15:09.6482496Z Unpacking libldl3:amd64 (1:7.6.1+dfsg-1build1) ...
2026-10-01T13:15:09.6722657Z Selecting previously unselected package libsuitesparse-mongoose3:amd64.
2026-10-01T13:15:09.6857327Z Preparing to unpack .../35-libsuitesparse-mongoose3_1%3a7.6.1+dfsg-1build1_amd64.deb ...
2026-10-01T13:15:09.6872025Z Unpacking libsuitesparse-mongoose3:amd64 (1:7.6.1+dfsg-1build1) ...
2026-10-01T13:15:09.7142548Z Selecting previously unselected package libumfpack6:amd64.
2026-10-01T13:15:09.7249326Z Preparing to unpack .../36-libumfpack6_1%3a7.6.1+dfsg-1build1_amd64.deb ...
2026-10-01T13:15:09.7261946Z Unpacking libumfpack6:amd64 (1:7.6.1+dfsg-1build1) ...
2026-10-01T13:15:09.7549935Z Selecting previously unselected package librbio4:amd64.
2026-10-01T13:15:09.7699315Z Preparing to unpack .../37-librbio4_1%3a7.6.1+dfsg-1build1_amd64.deb ...
2026-10-01T13:15:09.7708459Z Unpacking librbio4:amd64 (1:7.6.1+dfsg-1build1) ...
2026-10-01T13:15:09.7938350Z Selecting previously unselected package libspqr4:amd64.
2026-10-01T13:15:09.8080655Z Preparing to unpack .../38-libspqr4_1%3a7.6.1+dfsg-1build1_amd64.deb ...
2026-10-01T13:15:09.8092018Z Unpacking libspqr4:amd64 (1:7.6.1+dfsg-1build1) ...
2026-10-01T13:15:09.8344972Z Selecting previously unselected package libspex2:amd64.
2026-10-01T13:15:09.8488123Z Preparing to unpack .../39-libspex2_1%3a7.6.1+dfsg-1build1_amd64.deb ...
2026-10-01T13:15:09.8501969Z Unpacking libspex2:amd64 (1:7.6.1+dfsg-1build1) ...
2026-10-01T13:15:09.8733207Z Selecting previously unselected package libparu0:amd64.
2026-10-01T13:15:09.8877799Z Preparing to unpack .../40-libparu0_1%3a7.6.1+dfsg-1build1_amd64.deb ...
2026-10-01T13:15:09.8891917Z Unpacking libparu0:amd64 (1:7.6.1+dfsg-1build1) ...
2026-10-01T13:15:09.9125153Z Selecting previously unselected package libsuitesparse-dev:amd64.
2026-10-01T13:15:09.9269935Z Preparing to unpack .../41-libsuitesparse-dev_1%3a7.6.1+dfsg-1build1_amd64.deb ...
2026-10-01T13:15:09.9277436Z Unpacking libsuitesparse-dev:amd64 (1:7.6.1+dfsg-1build1) ...
2026-10-01T13:15:10.0009116Z Selecting previously unselected package libglpk-dev:amd64.
2026-10-01T13:15:10.0157699Z Preparing to unpack .../42-libglpk-dev_5.0-1build2_amd64.deb ...
2026-10-01T13:15:10.0171743Z Unpacking libglpk-dev:amd64 (5.0-1build2) ...
2026-10-01T13:15:10.0464783Z Selecting previously unselected package libgraphite2-dev:amd64.
2026-10-01T13:15:10.0604345Z Preparing to unpack .../43-libgraphite2-dev_1.3.14-2ubuntu0.24.04.1_amd64.deb ...
2026-10-01T13:15:10.0619827Z Unpacking libgraphite2-dev:amd64 (1.3.14-2ubuntu0.24.04.1) ...
2026-10-01T13:15:10.0862639Z Selecting previously unselected package libharfbuzz-cairo0:amd64.
2026-10-01T13:15:10.0989243Z Preparing to unpack .../44-libharfbuzz-cairo0_8.3.0-2build2_amd64.deb ...
2026-10-01T13:15:10.1000054Z Unpacking libharfbuzz-cairo0:amd64 (8.3.0-2build2) ...
2026-10-01T13:15:10.1264804Z Selecting previously unselected package libharfbuzz-icu0:amd64.
2026-10-01T13:15:10.1407667Z Preparing to unpack .../45-libharfbuzz-icu0_8.3.0-2build2_amd64.deb ...
2026-10-01T13:15:10.1421911Z Unpacking libharfbuzz-icu0:amd64 (8.3.0-2build2) ...
2026-10-01T13:15:10.1662452Z Selecting previously unselected package libharfbuzz-subset0:amd64.
2026-10-01T13:15:10.1797180Z Preparing to unpack .../46-libharfbuzz-subset0_8.3.0-2build2_amd64.deb ...
2026-10-01T13:15:10.1812169Z Unpacking libharfbuzz-subset0:amd64 (8.3.0-2build2) ...
2026-10-01T13:15:10.2102504Z Selecting previously unselected package libharfbuzz-dev:amd64.
2026-10-01T13:15:10.2230049Z Preparing to unpack .../47-libharfbuzz-dev_8.3.0-2build2_amd64.deb ...
2026-10-01T13:15:10.2242424Z Unpacking libharfbuzz-dev:amd64 (8.3.0-2build2) ...
2026-10-01T13:15:10.2587157Z Selecting previously unselected package libjpeg-turbo8-dev:amd64.
2026-10-01T13:15:10.2725170Z Preparing to unpack .../48-libjpeg-turbo8-dev_2.1.5-2ubuntu2_amd64.deb ...
2026-10-01T13:15:10.2736717Z Unpacking libjpeg-turbo8-dev:amd64 (2.1.5-2ubuntu2) ...
2026-10-01T13:15:10.3007274Z Selecting previously unselected package libjpeg8-dev:amd64.
2026-10-01T13:15:10.3152090Z Preparing to unpack .../49-libjpeg8-dev_8c-2ubuntu11_amd64.deb ...
2026-10-01T13:15:10.3157587Z Unpacking libjpeg8-dev:amd64 (8c-2ubuntu11) ...
2026-10-01T13:15:10.3374269Z Selecting previously unselected package libjpeg-dev:amd64.
2026-10-01T13:15:10.3515191Z Preparing to unpack .../50-libjpeg-dev_8c-2ubuntu11_amd64.deb ...
2026-10-01T13:15:10.3523251Z Unpacking libjpeg-dev:amd64 (8c-2ubuntu11) ...
2026-10-01T13:15:10.3720497Z Selecting previously unselected package liblerc-dev:amd64.
2026-10-01T13:15:10.3866349Z Preparing to unpack .../51-liblerc-dev_4.0.0+ds-4ubuntu2_amd64.deb ...
2026-10-01T13:15:10.3880094Z Unpacking liblerc-dev:amd64 (4.0.0+ds-4ubuntu2) ...
2026-10-01T13:15:10.4142393Z Selecting previously unselected package libsharpyuv-dev:amd64.
2026-10-01T13:15:10.4273498Z Preparing to unpack .../52-libsharpyuv-dev_1.3.2-0.4build3_amd64.deb ...
2026-10-01T13:15:10.4292770Z Unpacking libsharpyuv-dev:amd64 (1.3.2-0.4build3) ...
2026-10-01T13:15:10.4527671Z Selecting previously unselected package libssh2-1-dev:amd64.
2026-10-01T13:15:10.4671596Z Preparing to unpack .../53-libssh2-1-dev_1.11.0-4.1ubuntu0.24.04.4_amd64.deb ...
2026-10-01T13:15:10.4678292Z Unpacking libssh2-1-dev:amd64 (1.11.0-4.1ubuntu0.24.04.4) ...
2026-10-01T13:15:10.5278845Z Selecting previously unselected package libjbig-dev:amd64.
2026-10-01T13:15:10.5418651Z Preparing to unpack .../54-libjbig-dev_2.1-6.1ubuntu2_amd64.deb ...
2026-10-01T13:15:10.5431513Z Unpacking libjbig-dev:amd64 (2.1-6.1ubuntu2) ...
2026-10-01T13:15:10.5669688Z Selecting previously unselected package libwebpdecoder3:amd64.
2026-10-01T13:15:10.5812403Z Preparing to unpack .../55-libwebpdecoder3_1.3.2-0.4build3_amd64.deb ...
2026-10-01T13:15:10.5820418Z Unpacking libwebpdecoder3:amd64 (1.3.2-0.4build3) ...
2026-10-01T13:15:10.6062642Z Selecting previously unselected package libwebp-dev:amd64.
2026-10-01T13:15:10.6203699Z Preparing to unpack .../56-libwebp-dev_1.3.2-0.4build3_amd64.deb ...
2026-10-01T13:15:10.6219079Z Unpacking libwebp-dev:amd64 (1.3.2-0.4build3) ...
2026-10-01T13:15:10.6542569Z Selecting previously unselected package libtiffxx6:amd64.
2026-10-01T13:15:10.6680899Z Preparing to unpack .../57-libtiffxx6_4.5.1+git230720-4ubuntu2.5_amd64.deb ...
2026-10-01T13:15:10.6691899Z Unpacking libtiffxx6:amd64 (4.5.1+git230720-4ubuntu2.5) ...
2026-10-01T13:15:10.6902987Z Selecting previously unselected package libtiff-dev:amd64.
2026-10-01T13:15:10.7043658Z Preparing to unpack .../58-libtiff-dev_4.5.1+git230720-4ubuntu2.5_amd64.deb ...
2026-10-01T13:15:10.7057556Z Unpacking libtiff-dev:amd64 (4.5.1+git230720-4ubuntu2.5) ...
2026-10-01T13:15:10.7432442Z Selecting previously unselected package libuv1-dev:amd64.
2026-10-01T13:15:10.7561846Z Preparing to unpack .../59-libuv1-dev_1.48.0-1.1build1_amd64.deb ...
2026-10-01T13:15:10.7571965Z Unpacking libuv1-dev:amd64 (1.48.0-1.1build1) ...
2026-10-01T13:15:10.7859285Z Selecting previously unselected package libhttp-parser-dev:amd64.
2026-10-01T13:15:10.8006033Z Preparing to unpack .../60-libhttp-parser-dev_2.9.4-6build1_amd64.deb ...
2026-10-01T13:15:10.8019599Z Unpacking libhttp-parser-dev:amd64 (2.9.4-6build1) ...
2026-10-01T13:15:10.8252199Z Selecting previously unselected package libgit2-dev:amd64.
2026-10-01T13:15:10.8379376Z Preparing to unpack .../61-libgit2-dev_1.7.2+ds-1ubuntu3.2_amd64.deb ...
2026-10-01T13:15:10.8387407Z Unpacking libgit2-dev:amd64 (1.7.2+ds-1ubuntu3.2) ...
2026-10-01T13:15:10.8972542Z Selecting previously unselected package libnlopt0:amd64.
2026-10-01T13:15:10.9116497Z Preparing to unpack .../62-libnlopt0_2.7.1-5build2_amd64.deb ...
2026-10-01T13:15:10.9151858Z Unpacking libnlopt0:amd64 (2.7.1-5build2) ...
2026-10-01T13:15:10.9425092Z Selecting previously unselected package libnlopt-dev:amd64.
2026-10-01T13:15:10.9571156Z Preparing to unpack .../63-libnlopt-dev_2.7.1-5build2_amd64.deb ...
2026-10-01T13:15:10.9652066Z Unpacking libnlopt-dev:amd64 (2.7.1-5build2) ...
2026-10-01T13:15:11.0341557Z Setting up libuv1-dev:amd64 (1.48.0-1.1build1) ...
2026-10-01T13:15:11.0374981Z Setting up libglib2.0-dev-bin (2.80.0-6ubuntu3.9) ...
2026-10-01T13:15:11.1902452Z Setting up libjpeg-turbo8-dev:amd64 (2.1.5-2ubuntu2) ...
2026-10-01T13:15:11.1953457Z Setting up gir1.2-freedesktop:amd64 (1.80.1-1) ...
2026-10-01T13:15:11.1971277Z Setting up libharfbuzz-icu0:amd64 (8.3.0-2build2) ...
2026-10-01T13:15:11.1988410Z Setting up libgirepository-2.0-0:amd64 (2.80.0-6ubuntu3.9) ...
2026-10-01T13:15:11.2006227Z Setting up libfribidi-dev:amd64 (1.0.13-3build1) ...
2026-10-01T13:15:11.2025310Z Setting up libpng-dev:amd64 (1.6.43-5ubuntu0.6) ...
2026-10-01T13:15:11.2043323Z Setting up libcxsparse4:amd64 (1:7.6.1+dfsg-1build1) ...
2026-10-01T13:15:11.2060150Z Setting up libjbig-dev:amd64 (2.1-6.1ubuntu2) ...
2026-10-01T13:15:11.2078225Z Setting up libwebpdecoder3:amd64 (1.3.2-0.4build3) ...
2026-10-01T13:15:11.2095506Z Setting up libnlopt0:amd64 (2.7.1-5build2) ...
2026-10-01T13:15:11.2139160Z Setting up libharfbuzz-gobject0:amd64 (8.3.0-2build2) ...
2026-10-01T13:15:11.2161091Z Setting up libldl3:amd64 (1:7.6.1+dfsg-1build1) ...
2026-10-01T13:15:11.2179965Z Setting up gir1.2-harfbuzz-0.0:amd64 (8.3.0-2build2) ...
2026-10-01T13:15:11.2199385Z Setting up libbtf2:amd64 (1:7.6.1+dfsg-1build1) ...
2026-10-01T13:15:11.2224024Z Setting up libgraphite2-dev:amd64 (1.3.14-2ubuntu0.24.04.1) ...
2026-10-01T13:15:11.2322378Z Setting up libharfbuzz-cairo0:amd64 (8.3.0-2build2) ...
2026-10-01T13:15:11.2744133Z Setting up libcurl4-openssl-dev:amd64 (8.5.0-2ubuntu10.15) ...
2026-10-01T13:15:11.2762584Z Setting up uuid-dev:amd64 (2.39.3-9ubuntu6.6) ...
2026-10-01T13:15:11.2782090Z Setting up libssl-dev:amd64 (3.0.13-0ubuntu3.16) ...
2026-10-01T13:15:11.2798710Z Setting up libsepol-dev:amd64 (3.5-2build1) ...
2026-10-01T13:15:11.2818431Z Setting up liblerc-dev:amd64 (4.0.0+ds-4ubuntu2) ...
2026-10-01T13:15:11.2836100Z Setting up libssh2-1-dev:amd64 (1.11.0-4.1ubuntu0.24.04.4) ...
2026-10-01T13:15:11.2856349Z Setting up gir1.2-glib-2.0-dev:amd64 (2.80.0-6ubuntu3.9) ...
2026-10-01T13:15:11.2874381Z Setting up libharfbuzz-subset0:amd64 (8.3.0-2build2) ...
2026-10-01T13:15:11.2895065Z Setting up build-essential (12.10ubuntu1) ...
2026-10-01T13:15:11.2915800Z Setting up libsuitesparseconfig7:amd64 (1:7.6.1+dfsg-1build1) ...
2026-10-01T13:15:11.2934398Z Setting up libjpeg8-dev:amd64 (8c-2ubuntu11) ...
2026-10-01T13:15:11.2953227Z Setting up libnlopt-dev:amd64 (2.7.1-5build2) ...
2026-10-01T13:15:11.3022065Z Setting up libsharpyuv-dev:amd64 (1.3.2-0.4build3) ...
2026-10-01T13:15:11.3062681Z Setting up openssl (3.0.13-0ubuntu3.16) ...
2026-10-01T13:15:11.3098346Z Setting up libtiffxx6:amd64 (4.5.1+git230720-4ubuntu2.5) ...
2026-10-01T13:15:11.3118196Z Setting up libbrotli-dev:amd64 (1.1.0-2build2) ...
2026-10-01T13:15:11.3135931Z Setting up libhttp-parser2.9:amd64 (2.9.4-6build1) ...
2026-10-01T13:15:11.3155998Z Setting up libblkid-dev:amd64 (2.39.3-9ubuntu6.6) ...
2026-10-01T13:15:11.3229982Z Setting up libhttp-parser-dev:amd64 (2.9.4-6build1) ...
2026-10-01T13:15:11.3261548Z Setting up libamd3:amd64 (1:7.6.1+dfsg-1build1) ...
2026-10-01T13:15:11.3281717Z Setting up libcolamd3:amd64 (1:7.6.1+dfsg-1build1) ...
2026-10-01T13:15:11.3304717Z Setting up libselinux1-dev:amd64 (3.5-2ubuntu2.1) ...
2026-10-01T13:15:11.3326923Z Setting up libsuitesparse-mongoose3:amd64 (1:7.6.1+dfsg-1build1) ...
2026-10-01T13:15:11.3345720Z Setting up libjpeg-dev:amd64 (8c-2ubuntu11) ...
2026-10-01T13:15:11.3367575Z Setting up libcamd3:amd64 (1:7.6.1+dfsg-1build1) ...
2026-10-01T13:15:11.3388477Z Setting up libfreetype-dev:amd64 (2.13.2+dfsg-1ubuntu0.1) ...
2026-10-01T13:15:11.3411078Z Setting up libwebp-dev:amd64 (1.3.2-0.4build3) ...
2026-10-01T13:15:11.3433778Z Setting up libtiff-dev:amd64 (4.5.1+git230720-4ubuntu2.5) ...
2026-10-01T13:15:11.3457243Z Setting up libglpk40:amd64 (5.0-1build2) ...
2026-10-01T13:15:11.3476949Z Setting up librbio4:amd64 (1:7.6.1+dfsg-1build1) ...
2026-10-01T13:15:11.3507190Z Setting up gir1.2-freedesktop-dev:amd64 (1.80.1-1) ...
2026-10-01T13:15:11.3529448Z Setting up libccolamd3:amd64 (1:7.6.1+dfsg-1build1) ...
2026-10-01T13:15:11.3553148Z Setting up libgit2-1.7:amd64 (1.7.2+ds-1ubuntu3.2) ...
2026-10-01T13:15:11.3578066Z Setting up libmount-dev:amd64 (2.39.3-9ubuntu6.6) ...
2026-10-01T13:15:11.3599672Z Setting up libgit2-dev:amd64 (1.7.2+ds-1ubuntu3.2) ...
2026-10-01T13:15:11.3622900Z Setting up libcholmod5:amd64 (1:7.6.1+dfsg-1build1) ...
2026-10-01T13:15:11.3648332Z Setting up libspex2:amd64 (1:7.6.1+dfsg-1build1) ...
2026-10-01T13:15:11.3676618Z Setting up libspqr4:amd64 (1:7.6.1+dfsg-1build1) ...
2026-10-01T13:15:11.3700063Z Setting up libfontconfig-dev:amd64 (2.15.0-1.1ubuntu2) ...
2026-10-01T13:15:11.3722379Z Setting up libglib2.0-dev:amd64 (2.80.0-6ubuntu3.9) ...
2026-10-01T13:15:11.3744371Z Setting up libklu2:amd64 (1:7.6.1+dfsg-1build1) ...
2026-10-01T13:15:11.3774754Z Setting up libumfpack6:amd64 (1:7.6.1+dfsg-1build1) ...
2026-10-01T13:15:11.3797532Z Setting up libfontconfig1-dev:amd64 (2.15.0-1.1ubuntu2) ...
2026-10-01T13:15:11.3818778Z Setting up libparu0:amd64 (1:7.6.1+dfsg-1build1) ...
2026-10-01T13:15:11.3845446Z Setting up libsuitesparse-dev:amd64 (1:7.6.1+dfsg-1build1) ...
2026-10-01T13:15:11.3868171Z Setting up libglpk-dev:amd64 (5.0-1build2) ...
2026-10-01T13:15:11.3918952Z Processing triggers for libc-bin (2.39-0ubuntu8.9) ...
2026-10-01T13:15:11.4104054Z Processing triggers for man-db (2.12.0-4build2) ...
2026-10-01T13:15:11.4125040Z Not building database; man-db/auto-update is not 'true'.
2026-10-01T13:15:11.4142181Z Processing triggers for libglib2.0-0t64:amd64 (2.80.0-6ubuntu3.9) ...
2026-10-01T13:15:11.4238566Z Setting up libharfbuzz-dev:amd64 (8.3.0-2build2) ...
2026-10-01T13:15:11.9001815Z 
2026-10-01T13:15:11.9002678Z Running kernel seems to be up-to-date.
2026-10-01T13:15:11.9003348Z 
2026-10-01T13:15:11.9003793Z Restarting services...
2026-10-01T13:15:11.9503442Z  /etc/needrestart/restart.d/systemd-manager
2026-10-01T13:15:12.3413426Z  systemctl restart packagekit.service php8.3-fpm.service systemd-journald.service systemd-networkd.service systemd-resolved.service systemd-udevd.service udisks2.service
2026-10-01T13:15:12.7114713Z 
2026-10-01T13:15:12.7115957Z Service restarts being deferred:
2026-10-01T13:15:12.7116407Z  systemctl restart hosted-compute-agent.service
2026-10-01T13:15:12.7116833Z  systemctl restart systemd-logind.service
2026-10-01T13:15:12.7117202Z  systemctl restart walinuxagent.service
2026-10-01T13:15:12.7117398Z 
2026-10-01T13:15:12.7117549Z No containers need to be restarted.
2026-10-01T13:15:12.7117727Z 
2026-10-01T13:15:12.7117887Z User sessions running outdated binaries:
2026-10-01T13:15:12.7118676Z  runner @ user manager service: systemd[1045]
2026-10-01T13:15:12.7211966Z 
2026-10-01T13:15:12.7212953Z No VM guests are running outdated hypervisor (qemu) binaries on this host.
2026-10-01T13:15:13.9296038Z ##[group]Run r-lib/actions/setup-renv@v2
2026-10-01T13:15:13.9296344Z with:
2026-10-01T13:15:13.9296542Z   cache-version: v1
2026-10-01T13:15:13.9296755Z   bypass-cache: false
2026-10-01T13:15:13.9296981Z   working-directory: .
2026-10-01T13:15:13.9297191Z env:
2026-10-01T13:15:13.9297409Z   R_LIBS_USER: /home/runner/work/_temp/Library
2026-10-01T13:15:13.9297691Z   TZ: UTC
2026-10-01T13:15:13.9297886Z   _R_CHECK_SYSTEM_CLOCK_: FALSE
2026-10-01T13:15:13.9298146Z   NOT_CRAN: true
2026-10-01T13:15:13.9298465Z   RSPM: https://packagemanager.posit.co/cran/__linux__/noble/latest
2026-10-01T13:15:13.9299000Z   RENV_CONFIG_REPOS_OVERRIDE: https://packagemanager.posit.co/cran/__linux__/noble/latest
2026-10-01T13:15:13.9299451Z   LMPLOT_EXPLICIT_BOOTSTRAP: 1
2026-10-01T13:15:13.9299690Z ##[endgroup]
2026-10-01T13:15:13.9368713Z ##[start-action display=Set RENV_PATHS_ROOT;id=__r-lib_actions_2.__run]
2026-10-01T13:15:13.9413956Z ##[group]Run echo "RENV_PATHS_ROOT=/home/runner/work/_temp/renv" >> $GITHUB_ENV
2026-10-01T13:15:13.9414502Z [36;1mecho "RENV_PATHS_ROOT=/home/runner/work/_temp/renv" >> $GITHUB_ENV[0m
2026-10-01T13:15:13.9483218Z shell: /usr/bin/bash --noprofile --norc -e -o pipefail {0}
2026-10-01T13:15:13.9483601Z env:
2026-10-01T13:15:13.9483845Z   R_LIBS_USER: /home/runner/work/_temp/Library
2026-10-01T13:15:13.9484159Z   TZ: UTC
2026-10-01T13:15:13.9484377Z   _R_CHECK_SYSTEM_CLOCK_: FALSE
2026-10-01T13:15:13.9484646Z   NOT_CRAN: true
2026-10-01T13:15:13.9485017Z   RSPM: https://packagemanager.posit.co/cran/__linux__/noble/latest
2026-10-01T13:15:13.9485660Z   RENV_CONFIG_REPOS_OVERRIDE: https://packagemanager.posit.co/cran/__linux__/noble/latest
2026-10-01T13:15:13.9486198Z   LMPLOT_EXPLICIT_BOOTSTRAP: 1
2026-10-01T13:15:13.9486484Z ##[endgroup]
2026-10-01T13:15:13.9596926Z ##[end-action id=__r-lib_actions_2.__run;outcome=success;conclusion=success;duration_ms=22]
2026-10-01T13:15:13.9599540Z ##[start-action display=Install and activate renv;id=__r-lib_actions_2.__run_2]
2026-10-01T13:15:13.9636562Z ##[group]Run if (!requireNamespace("renv", quietly=TRUE)) install.packages("renv")
2026-10-01T13:15:13.9637130Z [36;1mif (!requireNamespace("renv", quietly=TRUE)) install.packages("renv")[0m
2026-10-01T13:15:13.9637540Z [36;1mrenv::activate(profile = )[0m
2026-10-01T13:15:13.9644333Z shell: /usr/local/bin/Rscript {0}
2026-10-01T13:15:13.9644592Z env:
2026-10-01T13:15:13.9644816Z   R_LIBS_USER: /home/runner/work/_temp/Library
2026-10-01T13:15:13.9645283Z   TZ: UTC
2026-10-01T13:15:13.9645492Z   _R_CHECK_SYSTEM_CLOCK_: FALSE
2026-10-01T13:15:13.9645756Z   NOT_CRAN: true
2026-10-01T13:15:13.9646083Z   RSPM: https://packagemanager.posit.co/cran/__linux__/noble/latest
2026-10-01T13:15:13.9646649Z   RENV_CONFIG_REPOS_OVERRIDE: https://packagemanager.posit.co/cran/__linux__/noble/latest
2026-10-01T13:15:13.9647168Z   RENV_PATHS_ROOT: /home/runner/work/_temp/renv
2026-10-01T13:15:13.9647486Z   LMPLOT_EXPLICIT_BOOTSTRAP: 1
2026-10-01T13:15:13.9647744Z ##[endgroup]
2026-10-01T13:15:14.1762528Z # Bootstrapping renv 1.2.3 ---------------------------------------------------
2026-10-01T13:15:15.8492931Z - Downloading renv ... OK
2026-10-01T13:15:16.2305479Z - Installing renv  ... OK
2026-10-01T13:15:16.2306169Z 
2026-10-01T13:15:16.7923298Z - One or more packages recorded in the lockfile are not installed.
2026-10-01T13:15:16.7927448Z - Use `renv::status()` for more details.
2026-10-01T13:15:16.9739072Z ##[end-action id=__r-lib_actions_2.__run_2;outcome=success;conclusion=success;duration_ms=3013]
2026-10-01T13:15:16.9743537Z ##[start-action display=Get R and OS version;id=__r-lib_actions_2.get-version]
2026-10-01T13:15:16.9765430Z ##[group]Run cat("os-version=", sessionInfo()$running, "\n", file = Sys.getenv("GITHUB_OUTPUT"), sep = "", append = TRUE)
2026-10-01T13:15:16.9766225Z [36;1mcat("os-version=", sessionInfo()$running, "\n", file = Sys.getenv("GITHUB_OUTPUT"), sep = "", append = TRUE)[0m
2026-10-01T13:15:16.9767177Z [36;1mcat("r-version=", R.Version()$version.string, "\n", file = Sys.getenv("GITHUB_OUTPUT"), sep = "", append = TRUE)[0m
2026-10-01T13:15:16.9774231Z shell: /usr/local/bin/Rscript {0}
2026-10-01T13:15:16.9774489Z env:
2026-10-01T13:15:16.9774718Z   R_LIBS_USER: /home/runner/work/_temp/Library
2026-10-01T13:15:16.9774996Z   TZ: UTC
2026-10-01T13:15:16.9775187Z   _R_CHECK_SYSTEM_CLOCK_: FALSE
2026-10-01T13:15:16.9775419Z   NOT_CRAN: true
2026-10-01T13:15:16.9775731Z   RSPM: https://packagemanager.posit.co/cran/__linux__/noble/latest
2026-10-01T13:15:16.9776267Z   RENV_CONFIG_REPOS_OVERRIDE: https://packagemanager.posit.co/cran/__linux__/noble/latest
2026-10-01T13:15:16.9776727Z   RENV_PATHS_ROOT: /home/runner/work/_temp/renv
2026-10-01T13:15:16.9777022Z   LMPLOT_EXPLICIT_BOOTSTRAP: 1
2026-10-01T13:15:16.9777257Z ##[endgroup]
2026-10-01T13:15:17.6413109Z - One or more packages recorded in the lockfile are not installed.
2026-10-01T13:15:17.6414119Z - Use `renv::status()` for more details.
2026-10-01T13:15:17.7064062Z ##[end-action id=__r-lib_actions_2.get-version;outcome=success;conclusion=success;duration_ms=731]
2026-10-01T13:15:17.7069193Z ##[start-action display=Restore Renv package cache;id=__r-lib_actions_2.__actions_cache]
2026-10-01T13:15:17.7705153Z ##[group]Run actions/cache@27d5ce7f107fe9357f9df03efb73ab90386fccae
2026-10-01T13:15:17.7705524Z with:
2026-10-01T13:15:17.7705759Z   path: /home/runner/work/_temp/renv
renv/library

2026-10-01T13:15:17.7706354Z   key: Ubuntu 24.04.5 LTS-R version 4.6.0 (2026-04-24)-v1-3fcb548257f1c23be87b868f678c6375696cdf3b21c1adf73aff867969a41470
2026-10-01T13:15:17.7706990Z   restore-keys: Ubuntu 24.04.5 LTS-R version 4.6.0 (2026-04-24)-v1-
2026-10-01T13:15:17.7707359Z   enableCrossOsArchive: false
2026-10-01T13:15:17.7707616Z   fail-on-cache-miss: false
2026-10-01T13:15:17.7707847Z   lookup-only: false
2026-10-01T13:15:17.7708054Z   save-always: false
2026-10-01T13:15:17.7708252Z env:
2026-10-01T13:15:17.7708466Z   R_LIBS_USER: /home/runner/work/_temp/Library
2026-10-01T13:15:17.7708748Z   TZ: UTC
2026-10-01T13:15:17.7708949Z   _R_CHECK_SYSTEM_CLOCK_: FALSE
2026-10-01T13:15:17.7709187Z   NOT_CRAN: true
2026-10-01T13:15:17.7709501Z   RSPM: https://packagemanager.posit.co/cran/__linux__/noble/latest
2026-10-01T13:15:17.7710030Z   RENV_CONFIG_REPOS_OVERRIDE: https://packagemanager.posit.co/cran/__linux__/noble/latest
2026-10-01T13:15:17.7710513Z   RENV_PATHS_ROOT: /home/runner/work/_temp/renv
2026-10-01T13:15:17.7711515Z   LMPLOT_EXPLICIT_BOOTSTRAP: 1
2026-10-01T13:15:17.7711786Z ##[endgroup]
2026-10-01T13:15:18.2310538Z Cache hit for: Ubuntu 24.04.5 LTS-R version 4.6.0 (2026-04-24)-v1-3fcb548257f1c23be87b868f678c6375696cdf3b21c1adf73aff867969a41470
2026-10-01T13:15:19.5132670Z Received 0 of 205076071 (0.0%), 0.0 MBs/sec
2026-10-01T13:15:20.5132162Z Received 130023424 of 205076071 (63.4%), 62.0 MBs/sec
2026-10-01T13:15:21.4442360Z Received 205076071 of 205076071 (100.0%), 66.7 MBs/sec
2026-10-01T13:15:21.4444950Z Cache Size: ~196 MB (205076071 B)
2026-10-01T13:15:21.4512162Z [command]/usr/bin/tar -xf /home/runner/work/_temp/222b8d94-3908-4a56-81e2-2e9a0f93db9d/cache.tzst -P -C /home/runner/work/lmplot/lmplot --use-compress-program unzstd
2026-10-01T13:15:22.4598980Z Cache restored successfully
2026-10-01T13:15:22.4776554Z Cache restored from key: Ubuntu 24.04.5 LTS-R version 4.6.0 (2026-04-24)-v1-3fcb548257f1c23be87b868f678c6375696cdf3b21c1adf73aff867969a41470
2026-10-01T13:15:22.4902991Z ##[end-action id=__r-lib_actions_2.__actions_cache;outcome=success;conclusion=success;duration_ms=4783]
2026-10-01T13:15:22.4905748Z ##[start-action display=Restore Renv package cache;id=__r-lib_actions_2.cache-packages-restore]
2026-10-01T13:15:22.4921669Z ##[end-action id=__r-lib_actions_2.cache-packages-restore;outcome=skipped;conclusion=skipped;duration_ms=0]
2026-10-01T13:15:22.4924028Z ##[start-action display=Install renv dependencies;id=__r-lib_actions_2.__run_3]
2026-10-01T13:15:22.4955324Z ##[group]Run renv::restore()
2026-10-01T13:15:22.4955616Z [36;1mrenv::restore()[0m
2026-10-01T13:15:22.4962368Z shell: /usr/local/bin/Rscript {0}
2026-10-01T13:15:22.4962861Z env:
2026-10-01T13:15:22.4963107Z   R_LIBS_USER: /home/runner/work/_temp/Library
2026-10-01T13:15:22.4963414Z   TZ: UTC
2026-10-01T13:15:22.4963636Z   _R_CHECK_SYSTEM_CLOCK_: FALSE
2026-10-01T13:15:22.4963901Z   NOT_CRAN: true
2026-10-01T13:15:22.4964246Z   RSPM: https://packagemanager.posit.co/cran/__linux__/noble/latest
2026-10-01T13:15:22.4964825Z   RENV_CONFIG_REPOS_OVERRIDE: https://packagemanager.posit.co/cran/__linux__/noble/latest
2026-10-01T13:15:22.4965343Z   RENV_PATHS_ROOT: /home/runner/work/_temp/renv
2026-10-01T13:15:22.4965665Z   LMPLOT_EXPLICIT_BOOTSTRAP: 1
2026-10-01T13:15:22.4965924Z ##[endgroup]
2026-10-01T13:15:25.5147066Z The following required system packages are not installed:
2026-10-01T13:15:25.5149184Z - chromium  [required by chromote]
2026-10-01T13:15:25.5150173Z - cmake     [required by fs, nloptr]
2026-10-01T13:15:25.5151334Z - pandoc    [required by knitr, rmarkdown]
2026-10-01T13:15:25.5152543Z The R packages depending on these system packages may fail to install.
2026-10-01T13:15:25.5153349Z 
2026-10-01T13:15:25.5168622Z An administrator can install these packages with:
2026-10-01T13:15:25.5169491Z - sudo apt install chromium cmake pandoc
2026-10-01T13:15:25.5170075Z 
2026-10-01T13:15:25.8352934Z - The library is already synchronized with the lockfile.
2026-10-01T13:15:25.9571774Z ##[end-action id=__r-lib_actions_2.__run_3;outcome=success;conclusion=success;duration_ms=3464]
2026-10-01T13:15:25.9576184Z ##[start-action display=Don't use tar 1.30 from Rtools35 to store the cache;id=__r-lib_actions_2.__run_4]
2026-10-01T13:15:25.9604387Z ##[group]Run if command -v /c/Rtools/bin/tar && /c/Rtools/bin/tar --version | grep -q 'tar (GNU tar) 1.30'
2026-10-01T13:15:25.9605647Z [36;1mif command -v /c/Rtools/bin/tar && /c/Rtools/bin/tar --version | grep -q 'tar (GNU tar) 1.30'[0m
2026-10-01T13:15:25.9606634Z [36;1m  then echo 'C:/Program Files/Git/usr/bin' >> $GITHUB_PATH[0m
2026-10-01T13:15:25.9607261Z [36;1mfi[0m
2026-10-01T13:15:25.9693622Z shell: /usr/bin/bash --noprofile --norc -e -o pipefail {0}
2026-10-01T13:15:25.9694247Z env:
2026-10-01T13:15:25.9694646Z   R_LIBS_USER: /home/runner/work/_temp/Library
2026-10-01T13:15:25.9695142Z   TZ: UTC
2026-10-01T13:15:25.9695482Z   _R_CHECK_SYSTEM_CLOCK_: FALSE
2026-10-01T13:15:25.9695908Z   NOT_CRAN: true
2026-10-01T13:15:25.9696447Z   RSPM: https://packagemanager.posit.co/cran/__linux__/noble/latest
2026-10-01T13:15:25.9697118Z   RENV_CONFIG_REPOS_OVERRIDE: https://packagemanager.posit.co/cran/__linux__/noble/latest
2026-10-01T13:15:25.9697955Z   RENV_PATHS_ROOT: /home/runner/work/_temp/renv
2026-10-01T13:15:25.9698277Z   LMPLOT_EXPLICIT_BOOTSTRAP: 1
2026-10-01T13:15:25.9698525Z ##[endgroup]
2026-10-01T13:15:25.9817646Z ##[end-action id=__r-lib_actions_2.__run_4;outcome=success;conclusion=success;duration_ms=24]
2026-10-01T13:15:25.9821938Z ##[start-action display=Save Renv package cache;id=__r-lib_actions_2.__actions_cache_2]
2026-10-01T13:15:25.9850142Z ##[end-action id=__r-lib_actions_2.__actions_cache_2;outcome=skipped;conclusion=skipped;duration_ms=0]
2026-10-01T13:15:25.9885848Z ##[group]Run if ($env:RUNNER_OS -eq 'Windows') {
2026-10-01T13:15:25.9886266Z [36;1mif ($env:RUNNER_OS -eq 'Windows') {[0m
2026-10-01T13:15:25.9886735Z [36;1m  $chrome = Join-Path $env:ProgramFiles 'Google\Chrome\Application\chrome.exe'[0m
2026-10-01T13:15:25.9887330Z [36;1m  if (!(Test-Path -LiteralPath $chrome)) { throw "Chrome was not found: $chrome" }[0m
2026-10-01T13:15:25.9887764Z [36;1m} else {[0m
2026-10-01T13:15:25.9888097Z [36;1m  $chrome = (Get-Command google-chrome -ErrorAction Stop).Source[0m
2026-10-01T13:15:25.9888469Z [36;1m}[0m
2026-10-01T13:15:25.9888841Z [36;1m"CHROMOTE_CHROME=$chrome" | Out-File -FilePath $env:GITHUB_ENV -Encoding utf8 -Append[0m
2026-10-01T13:15:25.9913664Z shell: /usr/bin/pwsh -command ". '{0}'"
2026-10-01T13:15:25.9913987Z env:
2026-10-01T13:15:25.9914248Z   R_LIBS_USER: /home/runner/work/_temp/Library
2026-10-01T13:15:25.9914580Z   TZ: UTC
2026-10-01T13:15:25.9914798Z   _R_CHECK_SYSTEM_CLOCK_: FALSE
2026-10-01T13:15:25.9915106Z   NOT_CRAN: true
2026-10-01T13:15:25.9915471Z   RSPM: https://packagemanager.posit.co/cran/__linux__/noble/latest
2026-10-01T13:15:25.9916075Z   RENV_CONFIG_REPOS_OVERRIDE: https://packagemanager.posit.co/cran/__linux__/noble/latest
2026-10-01T13:15:25.9916622Z   RENV_PATHS_ROOT: /home/runner/work/_temp/renv
2026-10-01T13:15:25.9916951Z ##[endgroup]
2026-10-01T13:15:31.2103786Z ##[group]Run $checks = @'
2026-10-01T13:15:31.2104335Z [36;1m$checks = @'[0m
2026-10-01T13:15:31.2104834Z [36;1mstopifnot(getRversion() == "4.6.0")[0m
2026-10-01T13:15:31.2105493Z [36;1mstopifnot(isTRUE(renv::status()$synchronized))[0m
2026-10-01T13:15:31.2106291Z [36;1mrequired <- c("renv", "shiny", "plotly", "bslib", "DT", "ggplot2",[0m
2026-10-01T13:15:31.2107160Z [36;1m  "ggfortify", "lme4", "jsonlite", "shinyWidgets", "shinyAce",[0m
2026-10-01T13:15:31.2107903Z [36;1m  "testthat", "shinytest2", "chromote", "yaml")[0m
2026-10-01T13:15:31.2108773Z [36;1mstopifnot(all(vapply(required, requireNamespace, logical(1), quietly = TRUE)))[0m
2026-10-01T13:15:31.2109623Z [36;1mpackages <- installed.packages()[0m
2026-10-01T13:15:31.2110490Z [36;1mprint(packages[intersect(required, rownames(packages)), c("Package", "Version", "Built"), drop = FALSE])[0m
2026-10-01T13:15:31.2111802Z [36;1mstopifnot(file.exists(Sys.getenv("CHROMOTE_CHROME")))[0m
2026-10-01T13:15:31.2112458Z [36;1mlocal({[0m
2026-10-01T13:15:31.2112885Z [36;1m  browser <- chromote::ChromoteSession$new()[0m
2026-10-01T13:15:31.2113463Z [36;1m  on.exit(browser$close())[0m
2026-10-01T13:15:31.2113999Z [36;1m  print(browser$Browser$getVersion())[0m
2026-10-01T13:15:31.2114502Z [36;1m})[0m
2026-10-01T13:15:31.2114832Z [36;1m'@[0m
2026-10-01T13:15:31.2115422Z [36;1m# The Windows bin/Rscript.exe dispatcher truncates multiline -e input.[0m
2026-10-01T13:15:31.2116326Z [36;1m$checksPath = Join-Path $env:RUNNER_TEMP 'lmplot-ci-checks.R'[0m
2026-10-01T13:15:31.2117154Z [36;1m$checks | Set-Content -LiteralPath $checksPath -Encoding utf8[0m
2026-10-01T13:15:31.2117834Z [36;1mRscript $checksPath[0m
2026-10-01T13:15:31.2118369Z [36;1mif ($LASTEXITCODE -ne 0) { exit $LASTEXITCODE }[0m
2026-10-01T13:15:31.2152356Z shell: /usr/bin/pwsh -command ". '{0}'"
2026-10-01T13:15:31.2152653Z env:
2026-10-01T13:15:31.2152888Z   R_LIBS_USER: /home/runner/work/_temp/Library
2026-10-01T13:15:31.2153185Z   TZ: UTC
2026-10-01T13:15:31.2153408Z   _R_CHECK_SYSTEM_CLOCK_: FALSE
2026-10-01T13:15:31.2153653Z   NOT_CRAN: true
2026-10-01T13:15:31.2154201Z   RSPM: https://packagemanager.posit.co/cran/__linux__/noble/latest
2026-10-01T13:15:31.2154770Z   RENV_CONFIG_REPOS_OVERRIDE: https://packagemanager.posit.co/cran/__linux__/noble/latest
2026-10-01T13:15:31.2155260Z   RENV_PATHS_ROOT: /home/runner/work/_temp/renv
2026-10-01T13:15:31.2155579Z   CHROMOTE_CHROME: /usr/bin/google-chrome
2026-10-01T13:15:31.2155855Z ##[endgroup]
2026-10-01T13:15:36.0057285Z No issues found -- the project is in a consistent state.
2026-10-01T13:15:38.1383969Z              Package        Version 
2026-10-01T13:15:38.1385024Z renv         "renv"         "1.2.3" 
2026-10-01T13:15:38.1386189Z shiny        "shiny"        "1.14.0"
2026-10-01T13:15:38.1387314Z plotly       "plotly"       "4.12.0"
2026-10-01T13:15:38.1388281Z bslib        "bslib"        "0.11.0"
2026-10-01T13:15:38.1389192Z DT           "DT"           "0.34.0"
2026-10-01T13:15:38.1390044Z ggplot2      "ggplot2"      "4.0.3" 
2026-10-01T13:15:38.1391214Z ggfortify    "ggfortify"    "0.4.19"
2026-10-01T13:15:38.1392166Z lme4         "lme4"         "2.0-6" 
2026-10-01T13:15:38.1393020Z jsonlite     "jsonlite"     "2.0.0" 
2026-10-01T13:15:38.1393920Z shinyWidgets "shinyWidgets" "0.9.1" 
2026-10-01T13:15:38.1394768Z shinyAce     "shinyAce"     "0.4.4" 
2026-10-01T13:15:38.1395599Z testthat     "testthat"     "3.3.2" 
2026-10-01T13:15:38.1396431Z shinytest2   "shinytest2"   "0.5.1" 
2026-10-01T13:15:38.1397261Z chromote     "chromote"     "0.5.1" 
2026-10-01T13:15:38.1398019Z yaml         "yaml"         "2.3.12"
2026-10-01T13:15:38.1398855Z              Built                                                        
2026-10-01T13:15:38.1399862Z renv         "R 4.6.0; ; 2026-05-17 05:14:32 UTC; unix"                   
2026-10-01T13:15:38.1401098Z shiny        "R 4.6.0; ; 2026-08-12 20:24:30 UTC; unix"                   
2026-10-01T13:15:38.1402501Z plotly       "R 4.6.0; ; 2026-04-24 03:50:41 UTC; unix"                   
2026-10-01T13:15:38.1403586Z bslib        "R 4.6.0; ; 2026-05-17 05:14:55 UTC; unix"                   
2026-10-01T13:15:38.1404602Z DT           "R 4.6.0; ; 2026-08-12 20:25:47 UTC; unix"                   
2026-10-01T13:15:38.1405611Z ggplot2      "R 4.6.0; ; 2026-08-12 20:22:35 UTC; unix"                   
2026-10-01T13:15:38.1406687Z ggfortify    "R 4.6.0; ; 2026-04-24 23:46:40 UTC; unix"                   
2026-10-01T13:15:38.1407726Z lme4         "R 4.6.0; x86_64-pc-linux-gnu; 2026-08-12 20:24:11 UTC; unix"
2026-10-01T13:15:38.1408771Z jsonlite     "R 4.6.0; x86_64-pc-linux-gnu; 2026-08-12 20:21:31 UTC; unix"
2026-10-01T13:15:38.1409832Z shinyWidgets "R 4.6.0; ; 2026-08-12 20:25:33 UTC; unix"                   
2026-10-01T13:15:38.1411094Z shinyAce     "R 4.6.0; ; 2026-04-24 22:48:50 UTC; unix"                   
2026-10-01T13:15:38.1412175Z testthat     "R 4.6.0; x86_64-pc-linux-gnu; 2026-09-26 06:36:19 UTC; unix"
2026-10-01T13:15:38.1413248Z shinytest2   "R 4.6.0; x86_64-pc-linux-gnu; 2026-05-07 06:49:00 UTC; unix"
2026-10-01T13:15:38.1414307Z chromote     "R 4.6.0; ; 2026-04-24 02:21:53 UTC; unix"                   
2026-10-01T13:15:38.1415340Z yaml         "R 4.6.0; x86_64-pc-linux-gnu; 2026-08-12 20:21:42 UTC; unix"
2026-10-01T13:15:47.8262133Z $protocolVersion
2026-10-01T13:15:47.8262928Z [1] "1.3"
2026-10-01T13:15:47.8281300Z 
2026-10-01T13:15:47.8301637Z $product
2026-10-01T13:15:47.8321269Z [1] "Chrome/154.0.8037.57"
2026-10-01T13:15:47.8331320Z 
2026-10-01T13:15:47.8341524Z $revision
2026-10-01T13:15:47.8672104Z [1] "@73c14f6228d7cd537c855007e8f88678969cc0eb"
2026-10-01T13:15:47.8691504Z 
2026-10-01T13:15:47.8754522Z $userAgent
2026-10-01T13:15:47.8777001Z [1] "Mozilla/5.0 (X11; Linux x86_64) AppleWebKit/537.36 (KHTML, like Gecko) HeadlessChrome/154.0.0.0 Safari/537.36"
2026-10-01T13:15:47.8811591Z 
2026-10-01T13:15:47.8822752Z $jsVersion
2026-10-01T13:15:47.8853524Z [1] "15.4.80.11"
2026-10-01T13:15:47.8895316Z 
2026-10-01T13:15:48.0144194Z ##[group]Run $tests = @'
2026-10-01T13:15:48.0144703Z [36;1m$tests = @'[0m
2026-10-01T13:15:48.0145269Z [36;1mresults <- testthat::test_dir('tests', reporter='summary')[0m
2026-10-01T13:15:48.0146260Z [36;1mevidence <- as.data.frame(results)[0m
2026-10-01T13:15:48.0147066Z [36;1mprint(evidence[c("file", "test", "failed", "error", "warning", "skipped", "passed")])[0m
2026-10-01T13:15:48.0148115Z [36;1mstopifnot(!any(evidence$failed > 0L | evidence$error | evidence$skipped))[0m
2026-10-01T13:15:48.0148545Z [36;1m'@[0m
2026-10-01T13:15:48.0148848Z [36;1m$testsPath = Join-Path $env:RUNNER_TEMP 'lmplot-ci-tests.R'[0m
2026-10-01T13:15:48.0149300Z [36;1m$tests | Set-Content -LiteralPath $testsPath -Encoding utf8[0m
2026-10-01T13:15:48.0149667Z [36;1mRscript $testsPath[0m
2026-10-01T13:15:48.0149969Z [36;1mif ($LASTEXITCODE -ne 0) { exit $LASTEXITCODE }[0m
2026-10-01T13:15:48.0175164Z shell: /usr/bin/pwsh -command ". '{0}'"
2026-10-01T13:15:48.0175461Z env:
2026-10-01T13:15:48.0175729Z   R_LIBS_USER: /home/runner/work/_temp/Library
2026-10-01T13:15:48.0176023Z   TZ: UTC
2026-10-01T13:15:48.0176218Z   _R_CHECK_SYSTEM_CLOCK_: FALSE
2026-10-01T13:15:48.0176468Z   NOT_CRAN: true
2026-10-01T13:15:48.0176804Z   RSPM: https://packagemanager.posit.co/cran/__linux__/noble/latest
2026-10-01T13:15:48.0177368Z   RENV_CONFIG_REPOS_OVERRIDE: https://packagemanager.posit.co/cran/__linux__/noble/latest
2026-10-01T13:15:48.0177839Z   RENV_PATHS_ROOT: /home/runner/work/_temp/renv
2026-10-01T13:15:48.0178159Z   CHROMOTE_CHROME: /usr/bin/google-chrome
2026-10-01T13:15:48.0178435Z   LMPLOT_TRUSTED_LOCAL: 
2026-10-01T13:15:48.0178660Z ##[endgroup]
2026-10-01T13:15:53.8723757Z acceptance: .........................................................................................................................
2026-10-01T13:15:55.0426420Z accessibility: .................................
2026-10-01T13:15:56.0052211Z analysis_request: ..............................................................................................................................................................................................................
2026-10-01T13:15:56.2328234Z app_structure: ............
2026-10-01T13:17:21.7399190Z app: .........................................................
2026-10-01T13:17:21.7718451Z ci_scripts: .........
2026-10-01T13:17:43.0492778Z cli_contract: ....................................................................................................................................................................................................
2026-10-01T13:17:43.0581957Z config: ..
2026-10-01T13:17:43.1878620Z deployment: ...............................................................................
2026-10-01T13:17:43.6322796Z eli5: ....................................................................................................
2026-10-01T13:17:43.6639206Z example_manifest: ............
2026-10-01T13:17:43.7251736Z example_sources: ............
2026-10-01T13:17:45.3324831Z examples: ................................................................................................
2026-10-01T13:18:01.6880701Z link_browser: ..
2026-10-01T13:18:17.6030543Z model_brain_contract: .........................................................................................................................................................................................................................................................................................................................................................................................................................................................................................................................................................................................................................................................................................................................................................................................................................................................................................................................................................................................................................................................................................................................................................................................................................................................................................................................................................................................................................................................................................................................................................................................................................................................................................................................................................................................................................................................................................................................................................................................................................................................................................................................................................................................................................................................................................................................................................................................................................................................................................................................................................................................................................................................................................................................................................................................................................................................................................................................................................................................................................................................................................................................................................................................................................................................................................................................................................................................................................................................................................................................................................................................................................................................................................................................................................................................................................................................................................................................................................................................................................................................................................................................................................................................................................................................................................................................................................................................................................................................................................................................................................................................................................................................................................................................................................................................................................................................................................................................................................................................................................................................................................................................................................................................................................................................................................................................................................................................................................................................................................................................................................................................................................................................................................................................................................................................................................................................................................................................................................................................................................................................................................................................................................................................................................................................................................................................................................................................................................................................................................................................................................................................................................................................................................................................................................................................................................................................................................................................................................................................................................................................................................................................................................................................................................................................................................................................................................................................................................................................................................................................................................................................................................................................................................................................................................................................................................................................................................................................................................................................................................................................................................................................................................................................................................................................................................................................................................................................................................................................................................................................................................................................................................................................................................................................................................................................................................................................................................................................................................................................................................................................................................................................................................................................................................................................................
2026-10-01T13:18:17.6062249Z MODEL_BRAIN_BUDGET elapsed=0.350 seconds bytes=33598128
2026-10-01T13:18:19.2521575Z .....
2026-10-01T13:18:31.6717601Z model_brain_ui: .........................................................................................................................................................................................
2026-10-01T13:18:32.9694524Z model_brain: ....................................................................................................................................................................................................................................................................
2026-10-01T13:18:33.2382776Z model_diagnostics: .......................................................................
2026-10-01T13:18:33.2774288Z model_fitting: ....
2026-10-01T13:18:33.7167159Z model: ....................................................................................................................................................
2026-10-01T13:18:38.8423820Z pipeline: .........................................................................................................................................................
2026-10-01T13:18:40.0339495Z production_entrypoints: .........
2026-10-01T13:18:40.3612458Z real_data_acceptance: ..................................................
2026-10-01T13:18:47.3565125Z release: .....................................................................................................................................
2026-10-01T13:18:48.6440647Z scientific_copy_tables: ................
2026-10-01T13:19:15.0902197Z scientific_copy: .....................................................................................................................
2026-10-01T13:19:47.4050093Z scientific_metadata: ...............................................................................................................................................................................................................
2026-10-01T13:20:45.5039135Z server: .....................................................................................................................................................
2026-10-01T13:20:48.8153356Z shiny_modules: .................................................
2026-10-01T13:20:49.1783419Z simulation: ..............................................................................................
2026-10-01T13:20:50.7864796Z visualization: ........................................................................................................................
2026-10-01T13:20:50.7867167Z 
2026-10-01T13:20:50.7966371Z ══ DONE ════════════════════════════════════════════════════════════════════════
2026-10-01T13:20:52.4809042Z                              file
2026-10-01T13:20:52.4809865Z 1               test_acceptance.R
2026-10-01T13:20:52.4810533Z 2            test_accessibility.R
2026-10-01T13:20:52.4811446Z 3            test_accessibility.R
2026-10-01T13:20:52.4812065Z 4            test_accessibility.R
2026-10-01T13:20:52.4812678Z 5         test_analysis_request.R
2026-10-01T13:20:52.4813348Z 6         test_analysis_request.R
2026-10-01T13:20:52.4814027Z 7         test_analysis_request.R
2026-10-01T13:20:52.4814649Z 8         test_analysis_request.R
2026-10-01T13:20:52.4815301Z 9         test_analysis_request.R
2026-10-01T13:20:52.4815938Z 10           test_app_structure.R
2026-10-01T13:20:52.4816558Z 11                     test_app.R
2026-10-01T13:20:52.4817159Z 12                     test_app.R
2026-10-01T13:20:52.4817766Z 13                     test_app.R
2026-10-01T13:20:52.4818379Z 14                     test_app.R
2026-10-01T13:20:52.4818987Z 15              test_ci_scripts.R
2026-10-01T13:20:52.4819605Z 16            test_cli_contract.R
2026-10-01T13:20:52.4820234Z 17            test_cli_contract.R
2026-10-01T13:20:52.4821029Z 18            test_cli_contract.R
2026-10-01T13:20:52.4821664Z 19            test_cli_contract.R
2026-10-01T13:20:52.4822273Z 20            test_cli_contract.R
2026-10-01T13:20:52.4822854Z 21            test_cli_contract.R
2026-10-01T13:20:52.4823878Z 22            test_cli_contract.R
2026-10-01T13:20:52.4824489Z 23            test_cli_contract.R
2026-10-01T13:20:52.4825084Z 24            test_cli_contract.R
2026-10-01T13:20:52.4825665Z 25            test_cli_contract.R
2026-10-01T13:20:52.4826474Z 26            test_cli_contract.R
2026-10-01T13:20:52.4827071Z 27            test_cli_contract.R
2026-10-01T13:20:52.4827655Z 28            test_cli_contract.R
2026-10-01T13:20:52.4828245Z 29            test_cli_contract.R
2026-10-01T13:20:52.4828833Z 30            test_cli_contract.R
2026-10-01T13:20:52.4829428Z 31            test_cli_contract.R
2026-10-01T13:20:52.4830015Z 32            test_cli_contract.R
2026-10-01T13:20:52.4830602Z 33                  test_config.R
2026-10-01T13:20:52.4831398Z 34              test_deployment.R
2026-10-01T13:20:52.4831999Z 35              test_deployment.R
2026-10-01T13:20:52.4832594Z 36              test_deployment.R
2026-10-01T13:20:52.4833193Z 37              test_deployment.R
2026-10-01T13:20:52.4833785Z 38                    test_eli5.R
2026-10-01T13:20:52.4834368Z 39                    test_eli5.R
2026-10-01T13:20:52.4834943Z 40                    test_eli5.R
2026-10-01T13:20:52.4835534Z 41        test_example_manifest.R
2026-10-01T13:20:52.4836141Z 42        test_example_manifest.R
2026-10-01T13:20:52.4836741Z 43         test_example_sources.R
2026-10-01T13:20:52.4837335Z 44         test_example_sources.R
2026-10-01T13:20:52.4837928Z 45                test_examples.R
2026-10-01T13:20:52.4838515Z 46                test_examples.R
2026-10-01T13:20:52.4839098Z 47                test_examples.R
2026-10-01T13:20:52.4839688Z 48                test_examples.R
2026-10-01T13:20:52.4840277Z 49                test_examples.R
2026-10-01T13:20:52.4841035Z 50                test_examples.R
2026-10-01T13:20:52.4841670Z 51                test_examples.R
2026-10-01T13:20:52.4842318Z 52                test_examples.R
2026-10-01T13:20:52.4842960Z 53            test_link_browser.R
2026-10-01T13:20:52.4843611Z 54    test_model_brain_contract.R
2026-10-01T13:20:52.4844269Z 55    test_model_brain_contract.R
2026-10-01T13:20:52.4844919Z 56    test_model_brain_contract.R
2026-10-01T13:20:52.4845589Z 57    test_model_brain_contract.R
2026-10-01T13:20:52.4846236Z 58    test_model_brain_contract.R
2026-10-01T13:20:52.4846900Z 59    test_model_brain_contract.R
2026-10-01T13:20:52.4847574Z 60    test_model_brain_contract.R
2026-10-01T13:20:52.4848236Z 61    test_model_brain_contract.R
2026-10-01T13:20:52.4848894Z 62    test_model_brain_contract.R
2026-10-01T13:20:52.4849556Z 63    test_model_brain_contract.R
2026-10-01T13:20:52.4850167Z 64    test_model_brain_contract.R
2026-10-01T13:20:52.4850666Z 65    test_model_brain_contract.R
2026-10-01T13:20:52.4851556Z 66          test_model_brain_ui.R
2026-10-01T13:20:52.4852060Z 67          test_model_brain_ui.R
2026-10-01T13:20:52.4852559Z 68          test_model_brain_ui.R
2026-10-01T13:20:52.4853068Z 69          test_model_brain_ui.R
2026-10-01T13:20:52.4853581Z 70          test_model_brain_ui.R
2026-10-01T13:20:52.4854086Z 71          test_model_brain_ui.R
2026-10-01T13:20:52.4854626Z 72             test_model_brain.R
2026-10-01T13:20:52.4855157Z 73             test_model_brain.R
2026-10-01T13:20:52.4855702Z 74             test_model_brain.R
2026-10-01T13:20:52.4856237Z 75             test_model_brain.R
2026-10-01T13:20:52.4856770Z 76             test_model_brain.R
2026-10-01T13:20:52.4857311Z 77             test_model_brain.R
2026-10-01T13:20:52.4857873Z 78             test_model_brain.R
2026-10-01T13:20:52.4858476Z 79       test_model_diagnostics.R
2026-10-01T13:20:52.4859117Z 80       test_model_diagnostics.R
2026-10-01T13:20:52.4859721Z 81       test_model_diagnostics.R
2026-10-01T13:20:52.4860325Z 82       test_model_diagnostics.R
2026-10-01T13:20:52.4861147Z 83       test_model_diagnostics.R
2026-10-01T13:20:52.4861870Z 84       test_model_diagnostics.R
2026-10-01T13:20:52.4862470Z 85       test_model_diagnostics.R
2026-10-01T13:20:52.4863119Z 86       test_model_diagnostics.R
2026-10-01T13:20:52.4863918Z 87           test_model_fitting.R
2026-10-01T13:20:52.4864569Z 88           test_model_fitting.R
2026-10-01T13:20:52.4865192Z 89           test_model_fitting.R
2026-10-01T13:20:52.4865855Z 90           test_model_fitting.R
2026-10-01T13:20:52.4866898Z 91                   test_model.R
2026-10-01T13:20:52.4867563Z 92                   test_model.R
2026-10-01T13:20:52.4868180Z 93                   test_model.R
2026-10-01T13:20:52.4868856Z 94                   test_model.R
2026-10-01T13:20:52.4869501Z 95                   test_model.R
2026-10-01T13:20:52.4870157Z 96                   test_model.R
2026-10-01T13:20:52.4871046Z 97                   test_model.R
2026-10-01T13:20:52.4871693Z 98                   test_model.R
2026-10-01T13:20:52.4872266Z 99                   test_model.R
2026-10-01T13:20:52.4872828Z 100               test_pipeline.R
2026-10-01T13:20:52.4873506Z 101               test_pipeline.R
2026-10-01T13:20:52.4874077Z 102               test_pipeline.R
2026-10-01T13:20:52.4874659Z 103               test_pipeline.R
2026-10-01T13:20:52.4875271Z 104               test_pipeline.R
2026-10-01T13:20:52.4875886Z 105               test_pipeline.R
2026-10-01T13:20:52.4876510Z 106               test_pipeline.R
2026-10-01T13:20:52.4877158Z 107               test_pipeline.R
2026-10-01T13:20:52.4919256Z 108 test_production_entrypoints.R
2026-10-01T13:20:52.4947590Z 109   test_real_data_acceptance.R
2026-10-01T13:20:52.4948336Z 110                test_release.R
2026-10-01T13:20:52.4971733Z 111                test_release.R
2026-10-01T13:20:52.4978552Z 112                test_release.R
2026-10-01T13:20:52.4980708Z 113                test_release.R
2026-10-01T13:20:52.4984050Z 114                test_release.R
2026-10-01T13:20:52.4984664Z 115                test_release.R
2026-10-01T13:20:52.4985260Z 116                test_release.R
2026-10-01T13:20:52.4986398Z 117                test_release.R
2026-10-01T13:20:52.4987056Z 118                test_release.R
2026-10-01T13:20:52.4987709Z 119                test_release.R
2026-10-01T13:20:52.4988332Z 120                test_release.R
2026-10-01T13:20:52.4988936Z 121                test_release.R
2026-10-01T13:20:52.4989546Z 122                test_release.R
2026-10-01T13:20:52.4990156Z 123                test_release.R
2026-10-01T13:20:52.4990966Z 124                test_release.R
2026-10-01T13:20:52.4991730Z 125 test_scientific_copy_tables.R
2026-10-01T13:20:52.4992374Z 126 test_scientific_copy_tables.R
2026-10-01T13:20:52.4992976Z 127        test_scientific_copy.R
2026-10-01T13:20:52.4993656Z 128        test_scientific_copy.R
2026-10-01T13:20:52.4994479Z 129        test_scientific_copy.R
2026-10-01T13:20:52.4995099Z 130        test_scientific_copy.R
2026-10-01T13:20:52.4995727Z 131    test_scientific_metadata.R
2026-10-01T13:20:52.4996377Z 132    test_scientific_metadata.R
2026-10-01T13:20:52.4997025Z 133    test_scientific_metadata.R
2026-10-01T13:20:52.4997674Z 134    test_scientific_metadata.R
2026-10-01T13:20:52.4998328Z 135    test_scientific_metadata.R
2026-10-01T13:20:52.4998975Z 136                 test_server.R
2026-10-01T13:20:52.4999597Z 137                 test_server.R
2026-10-01T13:20:52.5000234Z 138                 test_server.R
2026-10-01T13:20:52.5001061Z 139                 test_server.R
2026-10-01T13:20:52.5001712Z 140                 test_server.R
2026-10-01T13:20:52.5002296Z 141                 test_server.R
2026-10-01T13:20:52.5002890Z 142          test_shiny_modules.R
2026-10-01T13:20:52.5003480Z 143          test_shiny_modules.R
2026-10-01T13:20:52.5004075Z 144          test_shiny_modules.R
2026-10-01T13:20:52.5004674Z 145          test_shiny_modules.R
2026-10-01T13:20:52.5005271Z 146          test_shiny_modules.R
2026-10-01T13:20:52.5005857Z 147          test_shiny_modules.R
2026-10-01T13:20:52.5006446Z 148          test_shiny_modules.R
2026-10-01T13:20:52.5007047Z 149          test_shiny_modules.R
2026-10-01T13:20:52.5007638Z 150             test_simulation.R
2026-10-01T13:20:52.5008221Z 151             test_simulation.R
2026-10-01T13:20:52.5008809Z 152             test_simulation.R
2026-10-01T13:20:52.5009623Z 153             test_simulation.R
2026-10-01T13:20:52.5010249Z 154             test_simulation.R
2026-10-01T13:20:52.5011153Z 155             test_simulation.R
2026-10-01T13:20:52.5012028Z 156             test_simulation.R
2026-10-01T13:20:52.5012635Z 157             test_simulation.R
2026-10-01T13:20:52.5013241Z 158             test_simulation.R
2026-10-01T13:20:52.5013860Z 159          test_visualization.R
2026-10-01T13:20:52.5014473Z 160          test_visualization.R
2026-10-01T13:20:52.5015082Z 161          test_visualization.R
2026-10-01T13:20:52.5015688Z 162          test_visualization.R
2026-10-01T13:20:52.5016309Z 163          test_visualization.R
2026-10-01T13:20:52.5016919Z 164          test_visualization.R
2026-10-01T13:20:52.5017526Z 165          test_visualization.R
2026-10-01T13:20:52.5018153Z 166          test_visualization.R
2026-10-01T13:20:52.5018792Z 167          test_visualization.R
2026-10-01T13:20:52.5019442Z 168          test_visualization.R
2026-10-01T13:20:52.5020089Z 169          test_visualization.R
2026-10-01T13:20:52.5020742Z 170          test_visualization.R
2026-10-01T13:20:52.5021629Z 171          test_visualization.R
2026-10-01T13:20:52.5022295Z 172          test_visualization.R
2026-10-01T13:20:52.5022936Z 173          test_visualization.R
2026-10-01T13:20:52.5023777Z                                                                                        test
2026-10-01T13:20:52.5024797Z 1                                              the complete beta matrix executes end to end
2026-10-01T13:20:52.5026019Z 2                    semantic shell and Brain chart alternatives resolve their descriptions
2026-10-01T13:20:52.5027302Z 3         large chart alternatives explicitly preview rows and keep the table data separate
2026-10-01T13:20:52.5028605Z 4            local typography and selected scientific colors meet declared contrast targets
2026-10-01T13:20:52.5029861Z 5                            request defaults are normalized without accepting extra fields
2026-10-01T13:20:52.5031209Z 6                               request rejects malformed objects and required scalar types
2026-10-01T13:20:52.5032376Z 7                                      link grid and source presence are strictly validated
2026-10-01T13:20:52.5033489Z 8                             simulation validates nested keys types and every public bound
2026-10-01T13:20:52.5034597Z 9                           Expert requires the exact schema and a trusted local capability
2026-10-01T13:20:52.5035795Z 10          public shell exposes four workflows, semantic landmarks and namespaced controls
2026-10-01T13:20:52.5037004Z 11                          browser log classification uses strict levels and warning pairs
2026-10-01T13:20:52.5038200Z 12                              the public modular app completes its browser smoke workflow
2026-10-01T13:20:52.5039426Z 13                          browser service failure retains plot and download then recovers
2026-10-01T13:20:52.5040586Z 14                   keyboard workflow and observed Plotly clicks share the Brain selection
2026-10-01T13:20:52.5042293Z 15               both CI R steps execute later lines and propagate their failure on Windows
2026-10-01T13:20:52.5043446Z 16                     CLI returns the versioned complete result from any working directory
2026-10-01T13:20:52.5044586Z 17                          serialized Brain contributions retain reconstructible precision
2026-10-01T13:20:52.5045694Z 18                            CLI exports out-of-domain grid predictions as explained nulls
2026-10-01T13:20:52.5046812Z 19                                   CLI classifies malformed and forbidden public requests
2026-10-01T13:20:52.5047937Z 20                                CLI requires exactly two arguments and keeps stdout empty
2026-10-01T13:20:52.5049119Z 21                       extra CLI arguments write an error to the identifiable second path
2026-10-01T13:20:52.5050586Z 22          sourced CLI classifies dependency and analysis failures without leaking details
2026-10-01T13:20:52.5052027Z 23                   CLI handles unavailable jsonlite and lme4 without runtime installation
2026-10-01T13:20:52.5053214Z 24                       serialization and mapping failures produce a fixed exit-4 envelope
2026-10-01T13:20:52.5054562Z 25                               CLI leaves absent output parents absent and reports exit 4
2026-10-01T13:20:52.5055624Z 26                                      CLI handles dependency errors during module loading
2026-10-01T13:20:52.5056838Z 27                 headless CLI works with Shiny present and optional UI addons unavailable
2026-10-01T13:20:52.5058084Z 28                     CLI handles request I/O and keeps original serialization diagnostics
2026-10-01T13:20:52.5059283Z 29                            CLI exports real-data identity and GLMM unavailable intervals
2026-10-01T13:20:52.5060496Z 30                 CLI validates the Brain once and retains one-item arrays and factor text
2026-10-01T13:20:52.5062135Z 31                     JSON sanitizer preserves row and array positions with explicit nulls
2026-10-01T13:20:52.5063382Z 32                  atomic writer uses one replacement and never moves the old output aside
2026-10-01T13:20:52.5064570Z 33                                                                    beta version is exact
2026-10-01T13:20:52.5065667Z 34                       the shipped runtime contains only the maintained Shiny application
2026-10-01T13:20:52.5066830Z 35                                ignore configuration retires Python deployment exclusions
2026-10-01T13:20:52.5067992Z 36            the image builds locked dependencies and starts Shiny without privileged init
2026-10-01T13:20:52.5069210Z 37                      Compose bounds an immutable non-root service on an internal network
2026-10-01T13:20:52.5070491Z 38                coefficient copy uses link-specific associations and conditional p-values
2026-10-01T13:20:52.5071986Z 39                           Guided interpretation is deterministic for all 15 combinations
2026-10-01T13:20:52.5073112Z 40                                   Guided interpretation renders an English public module
2026-10-01T13:20:52.5074203Z 41                                       real-data manifest covers the seven models exactly
2026-10-01T13:20:52.5075302Z 42                         real-data manifest records deterministic preprocessing summaries
2026-10-01T13:20:52.5076404Z 43                                                         SHA-256 helper hashes file bytes
2026-10-01T13:20:52.5077452Z 44                                        all reviewed sources exist and match the manifest
2026-10-01T13:20:52.5078519Z 45                                                prepared examples load, validate, and fit
2026-10-01T13:20:52.5079591Z 46                                            prepared examples satisfy their exact domains
2026-10-01T13:20:52.5080743Z 47                                   each model resolves to its assigned scientific example
2026-10-01T13:20:52.5082089Z 48                               prepared examples retain exact source-role display columns
2026-10-01T13:20:52.5083265Z 49                               example metadata retains exact scientific labels and units
2026-10-01T13:20:52.5084497Z 50                           real examples expose scientific plots and enriched diagnostics
2026-10-01T13:20:52.5085606Z 51                                       GLMM example omits the unreadable 65-school legend
2026-10-01T13:20:52.5086688Z 52                                 all source hashes pass before any builder or writer runs
2026-10-01T13:20:52.5087837Z 53                          same-default model switch fits the link selected in the browser
2026-10-01T13:20:52.5089083Z 54                  all registry cases produce complete valid contracts and exact intervals
2026-10-01T13:20:52.5090309Z 55                          schema and arithmetic mutations cannot be accepted or sanitized
2026-10-01T13:20:52.5091863Z 56       selection is a strict pure lookup and default is the median conditional prediction
2026-10-01T13:20:52.5093150Z 57      record collections cannot become keyed objects and scalar values cannot be matrices
2026-10-01T13:20:52.5094557Z 58                   builder rejects changed fitted rows and invalid label or mode requests
2026-10-01T13:20:52.5095765Z 59              schema records contain only their names attribute before JSON serialization
2026-10-01T13:20:52.5097015Z 60                      link curve values must remain plain numeric vectors for JSON arrays
2026-10-01T13:20:52.5098236Z 61                      GLMM source groups match fitted rows independently of factor levels
2026-10-01T13:20:52.5099454Z 62                         GLMM group summary ordering is independent of factor level order
2026-10-01T13:20:52.5100701Z 63              GLMM always contains both modes and rejects legacy fits and malformed pairs
2026-10-01T13:20:52.5102288Z 64                   analysis builds and validates exactly once and navigation never refits
2026-10-01T13:20:52.5103597Z 65               warnings are ordered records and the 5000-row contract stays within budget
2026-10-01T13:20:52.5104860Z 66                   chart CSV retains double precision and explicit missing numeric values
2026-10-01T13:20:52.5106133Z 67               Brain renderers preserve stored contributions, intervals and curve samples
2026-10-01T13:20:52.5107412Z 68          GLMM group alternatives retain every group and mark population effects inactive
2026-10-01T13:20:52.5108660Z 69                           all supported Brain renderers need no scientific recomputation
2026-10-01T13:20:52.5109968Z 70         selection is shared, generation guarded and navigation never recomputes analysis
2026-10-01T13:20:52.5111423Z 71                 GLMM mode changes preserve source identity and select stored mode values
2026-10-01T13:20:52.5112569Z 72                                          all 15 model/link cases reproduce R predictions
2026-10-01T13:20:52.5113612Z 73                               observation records preserve residuals and term arithmetic
2026-10-01T13:20:52.5114726Z 74                 observation IDs prefer a valid business ID and otherwise use row numbers
2026-10-01T13:20:52.5115857Z 75                                 tolerance is scaled without weakening its absolute floor
2026-10-01T13:20:52.5116929Z 76                                             labels are normalized without inferred units
2026-10-01T13:20:52.5118020Z 77                                  lme4 GLMM modes use the fitted random intercept exactly
2026-10-01T13:20:52.5119128Z 78                                      legacy nlme and fixed-factor GLMM fits are rejected
2026-10-01T13:20:52.5120217Z 79                                      LM metrics retain neutral numeric comparison values
2026-10-01T13:20:52.5121680Z 80                         GLM metrics use Pearson dispersion and preserve undefined values
2026-10-01T13:20:52.5122915Z 81                       coefficient intervals use LM t limits and GLM labelled Wald limits
2026-10-01T13:20:52.5124109Z 82                             LM and GLM intervals target mean responses and preserve rows
2026-10-01T13:20:52.5125385Z 83         inverse and sqrt link intervals cannot reverse bounds or cross a branch silently
2026-10-01T13:20:52.5126642Z 84                        GLMM correlations separate population and conditional predictions
2026-10-01T13:20:52.5127865Z 85                family diagnostic strategies return information without validity verdicts
2026-10-01T13:20:52.5129161Z 86                 GLMM diagnostics expose optimizer messages singularity and unknown codes
2026-10-01T13:20:52.5130363Z 87                                       every registry entry resolves a named fit strategy
2026-10-01T13:20:52.5131623Z 88                                 GLMM reports a dependency error when lme4 is unavailable
2026-10-01T13:20:52.5132662Z 89                                                 GLMM never returns an lm or lme fallback
2026-10-01T13:20:52.5133806Z 90                                                          lm_2d ignores an extra Y column
2026-10-01T13:20:52.5134824Z 91                                              registry exposes the beta acceptance matrix
2026-10-01T13:20:52.5136027Z 92                                                 invalid models and links fail explicitly
2026-10-01T13:20:52.5137137Z 93                            every beta combination fits and returns response-scale values
2026-10-01T13:20:52.5138331Z 94                               Poisson identity fits the documented acceptance simulation
2026-10-01T13:20:52.5139491Z 95                            fit_model validates GLMM groups without relying on simulation
2026-10-01T13:20:52.5140714Z 96               extract_model_kpis and extract_coefficient_table return structured metrics
2026-10-01T13:20:52.5142316Z 97             model_latex_formula returns LaTeX formula for all 15 model/link combinations
2026-10-01T13:20:52.5143550Z 98                             format_pval and get_pval_sig_class return significance tiers
2026-10-01T13:20:52.5144771Z 99                            residual diagnostics flag curvature without claiming adequacy
2026-10-01T13:20:52.5145889Z 100                                     service factory validates every injected dependency
2026-10-01T13:20:52.5147005Z 101                              validated simulation returns canonical assessment and grid
2026-10-01T13:20:52.5148154Z 102                                  nonlinear diagnostics and custom grid reach the result
2026-10-01T13:20:52.5149333Z 103                              real examples resolve lazily and match the requested model
2026-10-01T13:20:52.5150543Z 104                  default real requests use injected resolution without a local manifest
2026-10-01T13:20:52.5151913Z 105                           service outputs warnings and errors are faithfully propagated
2026-10-01T13:20:52.5153083Z 106                          Expert execution enforces trust and the four argument contract
2026-10-01T13:20:52.5154321Z 107                 use case rejects legacy and mutated boundaries before service execution
2026-10-01T13:20:52.5155520Z 108                               run_analysis production entry point fits an lm_2d request
2026-10-01T13:20:52.5156641Z 109                                            all examples have complete offline artifacts
2026-10-01T13:20:52.5157768Z 110                            release retains the locked Shiny runtime and launch contract
2026-10-01T13:20:52.5158889Z 111                                         a fresh R process activates the project library
2026-10-01T13:20:52.5160037Z 112                      README documents the exact beta matrix and trusted expert boundary
2026-10-01T13:20:52.5161559Z 113                  launcher validates an explicitly restored library before running Shiny
2026-10-01T13:20:52.5162907Z 114                  Windows launcher fails without bootstrapping an absent project library
2026-10-01T13:20:52.5164213Z 115         direct R and CLI startup refuse a missing project library without bootstrapping
2026-10-01T13:20:52.5165537Z 116                           explicit bootstrap command restores an already locked project
2026-10-01T13:20:52.5166664Z 117                                      renv lockfile covers runtime and test dependencies
2026-10-01T13:20:52.5167906Z 118                    ignore rules exclude transient state without hiding release evidence
2026-10-01T13:20:52.5169041Z 119                                      TODO records completed automated beta verification
2026-10-01T13:20:52.5170162Z 120                         release identity agrees across runtime, image, docs and license
2026-10-01T13:20:52.5171570Z 121              public release guidance documents CLI and the isolated deployment boundary
2026-10-01T13:20:52.5172810Z 122                          CI requires both locked R platforms and isolated Docker health
2026-10-01T13:20:52.5173967Z 123                            image and CI restoration explicitly opt in to renv bootstrap
2026-10-01T13:20:52.5175269Z 124                                            runtime R sources never install dependencies
2026-10-01T13:20:52.5176379Z 125                      Overview coefficients and enriched CSV include each predictor unit
2026-10-01T13:20:52.5177823Z 126         unit validation rejects empty supplied metadata and names the actual link scale
2026-10-01T13:20:52.5179083Z 127                    documented real units reach the strict Brain and exported chart data
2026-10-01T13:20:52.5180433Z 128          observations and fitted means use distinct scientifically correct chart labels
2026-10-01T13:20:52.5182026Z 129               coefficient units distinguish predictor units and transformed link scales
2026-10-01T13:20:52.5183412Z 130 GLMM diagnostic and enriched exports identify conditional predictions without refitting
2026-10-01T13:20:52.5184686Z 131                           out-of-domain grid rows are explained in the committed result
2026-10-01T13:20:52.5185822Z 132                              all real Plotly traces use literal scientific hover labels
2026-10-01T13:20:52.5186982Z 133                        real plot titles include exact model family labels and citations
2026-10-01T13:20:52.5188199Z 134                           simulation plots retain generic canonical axes without labels
2026-10-01T13:20:52.5189412Z 135                          every real provenance card defines variables and preprocessing
2026-10-01T13:20:52.5190952Z 136              coordinator retains success, logs details, sanitizes failures and recovers
2026-10-01T13:20:52.5192234Z 137                service and logger failure preserves results; first failure is not stale
2026-10-01T13:20:52.5193457Z 138                          app generates only on submission and drafts preserve downloads
2026-10-01T13:20:52.5194630Z 139                      all registered models and real examples use the canonical workflow
2026-10-01T13:20:52.5195938Z 140              trusted Expert runs only through the boundary and invalid GLMM retains CSV
2026-10-01T13:20:52.5197217Z 141                separate sessions start empty and only literal trust flag enables Expert
2026-10-01T13:20:52.5198390Z 142             configuration validates source-exclusive requests and rejects forged Expert
2026-10-01T13:20:52.5199555Z 143                  configuration resets shared links and ignores delayed prior selections
2026-10-01T13:20:52.5201057Z 144                     a same-default model switch accepts the next visible link selection
2026-10-01T13:20:52.5202257Z 145                          views render committed values without scientific recomputation
2026-10-01T13:20:52.5203465Z 146           public and trusted configuration controls are capability-gated and namespaced
2026-10-01T13:20:52.5204801Z 147               Overview selection uses stable identities and rejects stale result events
2026-10-01T13:20:52.5206035Z 148                  diagnostic guidance exposes known advice without raw optimizer details
2026-10-01T13:20:52.5207200Z 149                                       configuration instances keep disjoint draft state
2026-10-01T13:20:52.5208336Z 150                 simulation collector returns parameters and code without executing them
2026-10-01T13:20:52.5209589Z 151                    generated reproducible code preserves patterns and random draw order
2026-10-01T13:20:52.5210743Z 152                                        all beta combinations simulate deterministically
2026-10-01T13:20:52.5211997Z 153                                               simulated responses respect their domains
2026-10-01T13:20:52.5213123Z 154                     square-root count simulation rejects negative generating predictors
2026-10-01T13:20:52.5214304Z 155                              standard GLMM simulation enforces the group-count contract
2026-10-01T13:20:52.5215504Z 156               GLMM simulation data requires complete membership in five observed groups
2026-10-01T13:20:52.5216634Z 157                                                expert evaluation rejects invalid output
2026-10-01T13:20:52.5217965Z 158         simulate_data supports non-linear patterns (quadratic, cosine, heteroscedastic)
2026-10-01T13:20:52.5219122Z 159                                     prediction grids contain finite response-scale fits
2026-10-01T13:20:52.5220395Z 160                                    GLMM prediction grids represent a population surface
2026-10-01T13:20:52.5221716Z 161                                               GLMM surfaces accept character group data
2026-10-01T13:20:52.5222764Z 162                            enrichment adds exactly fitted values and response residuals
2026-10-01T13:20:52.5223835Z 163                              valid GLMM fitting and enrichment preserve every input row
2026-10-01T13:20:52.5224894Z 164                           2D LM plot contains observations and an X-ordered fitted line
2026-10-01T13:20:52.5226022Z 165                            3D plots contain point clouds and optional response surfaces
2026-10-01T13:20:52.5227154Z 166                                       surface matrix rows map to Y and columns map to X
2026-10-01T13:20:52.5228191Z 167                                            GLMM observations retain group color mapping
2026-10-01T13:20:52.5229340Z 168                                          diagnostic plots use supported representations
2026-10-01T13:20:52.5230449Z 169                           diagnostic warning filtering preserves non-lifecycle warnings
2026-10-01T13:20:52.5231915Z 170                               prediction_grid expands bounds according to pad parameter
2026-10-01T13:20:52.5233029Z 171                                            3D plots include initial camera eye position
2026-10-01T13:20:52.5234123Z 172                             padded count and Gamma grids mark invalid means unavailable
2026-10-01T13:20:52.5235321Z 173                committed chart alternatives retain exact prediction and interval values
2026-10-01T13:20:52.5236300Z     failed error warning skipped passed
2026-10-01T13:20:52.5237010Z 1        0 FALSE       0   FALSE    121
2026-10-01T13:20:52.5237696Z 2        0 FALSE       0   FALSE     22
2026-10-01T13:20:52.5238363Z 3        0 FALSE       0   FALSE      3
2026-10-01T13:20:52.5239029Z 4        0 FALSE       0   FALSE      8
2026-10-01T13:20:52.5239700Z 5        0 FALSE       0   FALSE      8
2026-10-01T13:20:52.5240369Z 6        0 FALSE       0   FALSE     36
2026-10-01T13:20:52.5241221Z 7        0 FALSE       0   FALSE     28
2026-10-01T13:20:52.5241914Z 8        0 FALSE       0   FALSE    111
2026-10-01T13:20:52.5242596Z 9        0 FALSE       0   FALSE     23
2026-10-01T13:20:52.5243277Z 10       0 FALSE       0   FALSE     12
2026-10-01T13:20:52.5243957Z 11       0 FALSE       0   FALSE      7
2026-10-01T13:20:52.5244633Z 12       0 FALSE       0   FALSE     18
2026-10-01T13:20:52.5245315Z 13       0 FALSE       0   FALSE      8
2026-10-01T13:20:52.5246004Z 14       0 FALSE       0   FALSE     24
2026-10-01T13:20:52.5246691Z 15       0 FALSE       0   FALSE      9
2026-10-01T13:20:52.5247362Z 16       0 FALSE       0   FALSE     16
2026-10-01T13:20:52.5248044Z 17       0 FALSE       0   FALSE      4
2026-10-01T13:20:52.5248723Z 18       0 FALSE       0   FALSE      5
2026-10-01T13:20:52.5249408Z 19       0 FALSE       0   FALSE     35
2026-10-01T13:20:52.5250085Z 20       0 FALSE       0   FALSE      8
2026-10-01T13:20:52.5250925Z 21       0 FALSE       0   FALSE     13
2026-10-01T13:20:52.5254340Z 22       0 FALSE       0   FALSE     24
2026-10-01T13:20:52.5255049Z 23       0 FALSE       0   FALSE     10
2026-10-01T13:20:52.5255720Z 24       0 FALSE       0   FALSE     10
2026-10-01T13:20:52.5256394Z 25       0 FALSE       0   FALSE      5
2026-10-01T13:20:52.5257069Z 26       0 FALSE       0   FALSE     10
2026-10-01T13:20:52.5257739Z 27       0 FALSE       0   FALSE      4
2026-10-01T13:20:52.5258392Z 28       0 FALSE       0   FALSE     12
2026-10-01T13:20:52.5259057Z 29       0 FALSE       0   FALSE     14
2026-10-01T13:20:52.5259723Z 30       0 FALSE       0   FALSE      3
2026-10-01T13:20:52.5260580Z 31       0 FALSE       0   FALSE     11
2026-10-01T13:20:52.5261635Z 32       0 FALSE       0   FALSE     12
2026-10-01T13:20:52.5262302Z 33       0 FALSE       0   FALSE      2
2026-10-01T13:20:52.5263167Z 34       0 FALSE       0   FALSE     43
2026-10-01T13:20:52.5263818Z 35       0 FALSE       0   FALSE      2
2026-10-01T13:20:52.5264470Z 36       0 FALSE       0   FALSE     14
2026-10-01T13:20:52.5265196Z 37       0 FALSE       0   FALSE     20
2026-10-01T13:20:52.5265870Z 38       0 FALSE       0   FALSE     21
2026-10-01T13:20:52.5266584Z 39       0 FALSE       0   FALSE     77
2026-10-01T13:20:52.5267272Z 40       0 FALSE       0   FALSE      2
2026-10-01T13:20:52.5267947Z 41       0 FALSE       0   FALSE     11
2026-10-01T13:20:52.5268624Z 42       0 FALSE       0   FALSE      1
2026-10-01T13:20:52.5269305Z 43       0 FALSE       0   FALSE      1
2026-10-01T13:20:52.5269988Z 44       0 FALSE       0   FALSE     11
2026-10-01T13:20:52.5270669Z 45       0 FALSE       0   FALSE     36
2026-10-01T13:20:52.5271626Z 46       0 FALSE       0   FALSE      6
2026-10-01T13:20:52.5272292Z 47       0 FALSE       0   FALSE      1
2026-10-01T13:20:52.5272999Z 48       0 FALSE       0   FALSE      6
2026-10-01T13:20:52.5273715Z 49       0 FALSE       0   FALSE      6
2026-10-01T13:20:52.5274412Z 50       0 FALSE       0   FALSE     35
2026-10-01T13:20:52.5275102Z 51       0 FALSE       0   FALSE      2
2026-10-01T13:20:52.5275732Z 52       0 FALSE       0   FALSE      4
2026-10-01T13:20:52.5276366Z 53       0 FALSE       0   FALSE      2
2026-10-01T13:20:52.5276984Z 54       0 FALSE       0   FALSE   8102
2026-10-01T13:20:52.5277603Z 55       0 FALSE       0   FALSE     75
2026-10-01T13:20:52.5278318Z 56       0 FALSE       0   FALSE     12
2026-10-01T13:20:52.5278978Z 57       0 FALSE       0   FALSE      9
2026-10-01T13:20:52.5279642Z 58       0 FALSE       0   FALSE      9
2026-10-01T13:20:52.5280407Z 59       0 FALSE       0   FALSE     55
2026-10-01T13:20:52.5281637Z 60       0 FALSE       0   FALSE      8
2026-10-01T13:20:52.5282341Z 61       0 FALSE       0   FALSE      3
2026-10-01T13:20:52.5283022Z 62       0 FALSE       0   FALSE      2
2026-10-01T13:20:52.5283699Z 63       0 FALSE       0   FALSE    565
2026-10-01T13:20:52.5284388Z 64       0 FALSE       0   FALSE     65
2026-10-01T13:20:52.5285064Z 65       0 FALSE       0   FALSE      5
2026-10-01T13:20:52.5285742Z 66       0 FALSE       0   FALSE      3
2026-10-01T13:20:52.5286425Z 67       0 FALSE       0   FALSE     28
2026-10-01T13:20:52.5287100Z 68       0 FALSE       0   FALSE      9
2026-10-01T13:20:52.5287775Z 69       0 FALSE       0   FALSE    121
2026-10-01T13:20:52.5288447Z 70       0 FALSE       0   FALSE     19
2026-10-01T13:20:52.5289124Z 71       0 FALSE       0   FALSE      5
2026-10-01T13:20:52.5289810Z 72       0 FALSE       0   FALSE     79
2026-10-01T13:20:52.5290603Z 73       0 FALSE       0   FALSE    161
2026-10-01T13:20:52.5291511Z 74       0 FALSE       0   FALSE      5
2026-10-01T13:20:52.5292210Z 75       0 FALSE       0   FALSE      1
2026-10-01T13:20:52.5292890Z 76       0 FALSE       0   FALSE      4
2026-10-01T13:20:52.5293555Z 77       0 FALSE       0   FALSE      8
2026-10-01T13:20:52.5294227Z 78       0 FALSE       0   FALSE      2
2026-10-01T13:20:52.5294894Z 79       0 FALSE       0   FALSE      6
2026-10-01T13:20:52.5295567Z 80       0 FALSE       0   FALSE      5
2026-10-01T13:20:52.5296243Z 81       0 FALSE       0   FALSE      8
2026-10-01T13:20:52.5296898Z 82       0 FALSE       0   FALSE     22
2026-10-01T13:20:52.5297551Z 83       0 FALSE       0   FALSE      4
2026-10-01T13:20:52.5298212Z 84       0 FALSE       0   FALSE      6
2026-10-01T13:20:52.5298869Z 85       0 FALSE       0   FALSE     13
2026-10-01T13:20:52.5299533Z 86       0 FALSE       0   FALSE      7
2026-10-01T13:20:52.5300203Z 87       0 FALSE       0   FALSE      1
2026-10-01T13:20:52.5301040Z 88       0 FALSE       0   FALSE      1
2026-10-01T13:20:52.5301732Z 89       0 FALSE       0   FALSE      1
2026-10-01T13:20:52.5302407Z 90       0 FALSE       0   FALSE      1
2026-10-01T13:20:52.5303273Z 91       0 FALSE       0   FALSE      4
2026-10-01T13:20:52.5303978Z 92       0 FALSE       0   FALSE      2
2026-10-01T13:20:52.5304652Z 93       0 FALSE       0   FALSE     87
2026-10-01T13:20:52.5305548Z 94       0 FALSE       0   FALSE      4
2026-10-01T13:20:52.5306230Z 95       0 FALSE       0   FALSE     11
2026-10-01T13:20:52.5306907Z 96       0 FALSE       0   FALSE     11
2026-10-01T13:20:52.5307580Z 97       0 FALSE       0   FALSE     20
2026-10-01T13:20:52.5308275Z 98       0 FALSE       0   FALSE      5
2026-10-01T13:20:52.5308944Z 99       0 FALSE       0   FALSE      4
2026-10-01T13:20:52.5309606Z 100      0 FALSE       0   FALSE    101
2026-10-01T13:20:52.5310341Z 101      0 FALSE       0   FALSE     11
2026-10-01T13:20:52.5311330Z 102      0 FALSE       0   FALSE      3
2026-10-01T13:20:52.5312042Z 103      0 FALSE       0   FALSE      9
2026-10-01T13:20:52.5312715Z 104      0 FALSE       0   FALSE      6
2026-10-01T13:20:52.5313383Z 105      0 FALSE       0   FALSE      4
2026-10-01T13:20:52.5314060Z 106      0 FALSE       0   FALSE      6
2026-10-01T13:20:52.5314748Z 107      0 FALSE       0   FALSE     13
2026-10-01T13:20:52.5315423Z 108      0 FALSE       0   FALSE      9
2026-10-01T13:20:52.5316100Z 109      0 FALSE       0   FALSE     50
2026-10-01T13:20:52.5316767Z 110      0 FALSE       0   FALSE      4
2026-10-01T13:20:52.5317424Z 111      0 FALSE       0   FALSE      1
2026-10-01T13:20:52.5318089Z 112      0 FALSE       0   FALSE     21
2026-10-01T13:20:52.5318745Z 113      0 FALSE       0   FALSE      9
2026-10-01T13:20:52.5319403Z 114      0 FALSE       0   FALSE      1
2026-10-01T13:20:52.5320066Z 115      0 FALSE       0   FALSE     10
2026-10-01T13:20:52.5320733Z 116      0 FALSE       0   FALSE      2
2026-10-01T13:20:52.5321662Z 117      0 FALSE       0   FALSE      2
2026-10-01T13:20:52.5322357Z 118      0 FALSE       0   FALSE      2
2026-10-01T13:20:52.5323038Z 119      0 FALSE       0   FALSE      2
2026-10-01T13:20:52.5323731Z 120      0 FALSE       0   FALSE     14
2026-10-01T13:20:52.5324408Z 121      0 FALSE       0   FALSE     11
2026-10-01T13:20:52.5325096Z 122      0 FALSE       0   FALSE     29
2026-10-01T13:20:52.5325798Z 123      0 FALSE       0   FALSE      3
2026-10-01T13:20:52.5326476Z 124      0 FALSE       0   FALSE     22
2026-10-01T13:20:52.5327151Z 125      0 FALSE       0   FALSE      4
2026-10-01T13:20:52.5327827Z 126      0 FALSE       0   FALSE     12
2026-10-01T13:20:52.5328505Z 127      0 FALSE       0   FALSE     61
2026-10-01T13:20:52.5329262Z 128      0 FALSE       0   FALSE     32
2026-10-01T13:20:52.5329975Z 129      0 FALSE       0   FALSE      6
2026-10-01T13:20:52.5330686Z 130      0 FALSE       0   FALSE     18
2026-10-01T13:20:52.5331692Z 131      0 FALSE       0   FALSE      5
2026-10-01T13:20:52.5332379Z 132      0 FALSE       0   FALSE     77
2026-10-01T13:20:52.5333057Z 133      0 FALSE       0   FALSE     18
2026-10-01T13:20:52.5333734Z 134      0 FALSE       0   FALSE      5
2026-10-01T13:20:52.5334417Z 135      0 FALSE       0   FALSE    102
2026-10-01T13:20:52.5335086Z 136      0 FALSE       0   FALSE     16
2026-10-01T13:20:52.5335753Z 137      0 FALSE       0   FALSE      8
2026-10-01T13:20:52.5336418Z 138      0 FALSE       0   FALSE      6
2026-10-01T13:20:52.5337080Z 139      0 FALSE       0   FALSE     98
2026-10-01T13:20:52.5337748Z 140      0 FALSE       0   FALSE      6
2026-10-01T13:20:52.5338407Z 141      0 FALSE       0   FALSE     15
2026-10-01T13:20:52.5339069Z 142      0 FALSE       0   FALSE      6
2026-10-01T13:20:52.5339742Z 143      0 FALSE       0   FALSE      6
2026-10-01T13:20:52.5340416Z 144      0 FALSE       0   FALSE      3
2026-10-01T13:20:52.5341266Z 145      0 FALSE       0   FALSE     17
2026-10-01T13:20:52.5341949Z 146      0 FALSE       0   FALSE      4
2026-10-01T13:20:52.5342634Z 147      0 FALSE       0   FALSE      7
2026-10-01T13:20:52.5343313Z 148      0 FALSE       0   FALSE      2
2026-10-01T13:20:52.5343989Z 149      0 FALSE       0   FALSE      4
2026-10-01T13:20:52.5344847Z 150      0 FALSE       0   FALSE     19
2026-10-01T13:20:52.5345556Z 151      0 FALSE       0   FALSE     12
2026-10-01T13:20:52.5346233Z 152      0 FALSE       0   FALSE     46
2026-10-01T13:20:52.5347329Z 153      0 FALSE       0   FALSE      4
2026-10-01T13:20:52.5348021Z 154      0 FALSE       0   FALSE      1
2026-10-01T13:20:52.5348707Z 155      0 FALSE       0   FALSE      3
2026-10-01T13:20:52.5349434Z 156      0 FALSE       0   FALSE      2
2026-10-01T13:20:52.5350157Z 157      0 FALSE       0   FALSE      2
2026-10-01T13:20:52.5351048Z 158      0 FALSE       0   FALSE      5
2026-10-01T13:20:52.5351748Z 159      0 FALSE       0   FALSE     21
2026-10-01T13:20:52.5352430Z 160      0 FALSE       0   FALSE      4
2026-10-01T13:20:52.5353117Z 161      0 FALSE       0   FALSE      4
2026-10-01T13:20:52.5353785Z 162      0 FALSE       0   FALSE     28
2026-10-01T13:20:52.5354453Z 163      0 FALSE       0   FALSE      4
2026-10-01T13:20:52.5355109Z 164      0 FALSE       0   FALSE      6
2026-10-01T13:20:52.5355788Z 165      0 FALSE       0   FALSE     15
2026-10-01T13:20:52.5356459Z 166      0 FALSE       0   FALSE      2
2026-10-01T13:20:52.5357119Z 167      0 FALSE       0   FALSE      2
2026-10-01T13:20:52.5357802Z 168      0 FALSE       0   FALSE      4
2026-10-01T13:20:52.5358466Z 169      0 FALSE       0   FALSE      2
2026-10-01T13:20:52.5359139Z 170      0 FALSE       0   FALSE      4
2026-10-01T13:20:52.5359811Z 171      0 FALSE       0   FALSE      3
2026-10-01T13:20:52.5360495Z 172      0 FALSE       0   FALSE     14
2026-10-01T13:20:52.5361339Z 173      0 FALSE       0   FALSE      7
2026-10-01T13:20:52.6983111Z Post job cleanup.
2026-10-01T13:20:52.6986607Z ##[start-action display=Restore Renv package cache;id=__5dc79bb7-c78f-4747-86d2-b9b2bc57f1a2.__actions_cache]
2026-10-01T13:20:52.7612425Z Post job cleanup.
2026-10-01T13:20:52.9136911Z Cache hit occurred on the primary key Ubuntu 24.04.5 LTS-R version 4.6.0 (2026-04-24)-v1-3fcb548257f1c23be87b868f678c6375696cdf3b21c1adf73aff867969a41470, not saving cache.
2026-10-01T13:20:52.9230149Z ##[end-action id=__5dc79bb7-c78f-4747-86d2-b9b2bc57f1a2.__actions_cache;outcome=success;conclusion=success;duration_ms=224]
2026-10-01T13:20:52.9347401Z Post job cleanup.
2026-10-01T13:20:53.0359987Z [command]/usr/bin/git version
2026-10-01T13:20:53.0435068Z git version 2.55.0
2026-10-01T13:20:53.0511037Z Temporarily overriding HOME='/home/runner/work/_temp/82963617-f402-4f1c-9369-b3a95ad87d38' before making global git config changes
2026-10-01T13:20:53.0512642Z Adding repository directory to the temporary git global config as a safe directory
2026-10-01T13:20:53.0514066Z [command]/usr/bin/git config --global --add safe.directory /home/runner/work/lmplot/lmplot
2026-10-01T13:20:53.0576758Z [command]/usr/bin/git config --local --name-only --get-regexp core\.sshCommand
2026-10-01T13:20:53.0631702Z [command]/usr/bin/git submodule foreach --recursive sh -c "git config --local --name-only --get-regexp 'core\.sshCommand' && git config --local --unset-all 'core.sshCommand' || :"
2026-10-01T13:20:53.0966941Z [command]/usr/bin/git config --local --name-only --get-regexp http\.https\:\/\/github\.com\/\.extraheader
2026-10-01T13:20:53.1035296Z http.https://github.com/.extraheader
2026-10-01T13:20:53.1068621Z [command]/usr/bin/git config --local --unset-all http.https://github.com/.extraheader
2026-10-01T13:20:53.1111722Z [command]/usr/bin/git submodule foreach --recursive sh -c "git config --local --name-only --get-regexp 'http\.https\:\/\/github\.com\/\.extraheader' && git config --local --unset-all 'http.https://github.com/.extraheader' || :"
2026-10-01T13:20:53.1542105Z [command]/usr/bin/git config --local --name-only --get-regexp ^includeIf\.gitdir:
2026-10-01T13:20:53.1607530Z [command]/usr/bin/git submodule foreach --recursive git config --local --show-origin --name-only --get-regexp remote.origin.url
2026-10-01T13:20:53.2353011Z Cleaning up orphan processes
2026-10-01T13:20:53.2714624Z ##[warning]Node.js 20 is deprecated. The following actions target Node.js 20 but are being forced to run on Node.js 24: actions/checkout@v4. For more information see: https://github.blog/changelog/2025-09-19-deprecation-of-node-20-on-github-actions-runners/
